,,,,,,,,,,,,,,,,
,,,,,MINISTÉRIO DA EDUCAÇÃO,,,,,,,,,, função ignoraN/D,#NAME?
,,,,,UNIVERSIDADE FEDERAL DO CARIRI,,,,,,,,,,,"Ao final, verificar se esse valor é o mesmo que aparece no MC"
,,,,,DIRETORIA DE INFRAESTRUTURA,,,,,,,,,,,
,,,,,,,,,,,,,,,,
,,Obra:,"Hospital Veterinário Universitário do Cariri – HVUCariri com a urbanização do entorno, estacionamento, guarita de acesso, castelo d´agua, rede de média tensão, lanchonete e área de convivência, casa de gerador, baía de resíduos e estação de tratamento de esgoto no campus da Crato da UFCA.",,,,,,,,"Leis Sociais: 115,02%(HORA) 71,66%(MÊS)",,,,,#NAME?
,,Local:,"Rua Ícaro de Sousa Moreira, 126 - Muriti - Crato/CE, CEP 63130-025",,,,,,,,BDI:,,"21,45%",,,#NAME?
,,Tipo:,Construção,,,,,,,,BDI DIFERENCIADO:,,"13,51%",,,#NAME?
,,Data:,11/25/2024,,,,,,,,Referência de custos,,,,,#NAME?
,,,,,,,,,,,Sinapi – Ceará – 10/2024 - Não Desonerada,,,,,
,,,,,,,,,,,Composições UFCA,,,,,
,,,,,,,,,,,,,,,,
,,,,,,,,,,,,,,,,
,,PLANILHA ORÇAMENTÁRIA,,,,,,,,,,,,,,
,,,,,,,,,,,,,,,,
Bloco,,ITEM,FONTE,CÓDIGO,DISCRIMINAÇÃO DO SERVIÇO,UN,VALOR UNITÁRIO,QUANT.,VALOR TOTAL,VALOR COM BDI,VALOR COM BDI DIFERENCIADO,VALOR TOTAL POR GRUPO SEM BDI,VALOR TOTAL POR GRUPO COM BDI,,,não apagar essa coluna
,,,,,,,,,,,,,,,,
HEAD1,,1.0,,,SERVIÇOS PRELIMINARES/TÉCNICOS,,,,,,,"R$ 1.123.778,91","R$ 1.364.829,38",,,1.
HEAD3,,1.1,CREA,,ART OBRA (EXECUÇÃO),UN,"R$ 262,64","2,00","R$ 525,28","R$ 637,95",,,,,,
HEAD3,,1.2,CREA,,ART DA FISCALIZAÇÃO ,UN,"R$ 99,64","2,00","R$ 199,28","R$ 242,02",,,,,,
HEAD3,,1.3,CAU,,RRT DA FISCALIZAÇÃO,UN,"R$ 119,61","1,00","R$ 119,61","R$ 145,26",,,,," R$  12.444.003,41 ",
HEAD3,,1.4,UFCA,B0033,ALVARÁ DE CONSTRUÇÃO,UN ,"R$ 1.764,59","1,00","R$ 1.764,59","R$ 2.143,09",,,,,,
HEAD3,,1.5,UFCA,B0022,"ADMINISTRAÇÃO DA OBRA (ENGENHEIRO CIVIL, MESTRE, ALMOXARIFE E VIGIA), ENCARGOS = 115,02% e 71,66%",%,"R$ 882.360,48",100%,"R$ 882.360,48","R$ 1.071.626,80",,,,,"8,67%",
HEAD3,,1.6,UFCA,B0016,SONDAGEM À PERCUSSÃO P/RECONHECIMENTO DO SUBSOLO,M,"R$ 69,56","240,00","R$ 16.694,40","R$ 20.275,34",,,,,,
HEAD3,,1.7,UFCA,B0049,RELATÓRIO FINAL DE SONDAGEM DO SOLO,H,"R$ 1.582,56","1,00","R$ 1.582,56","R$ 1.922,01",,,,,,
HEAD3,,1.8,UFCA,B0045,"EXECUÇÃO DE ESCRITÓRIO EM CANTEIRO DE OBRA EM CHAPA DE MADEIRA COMPENSADA, ÁREA DE 40M2",UN ,"R$ 11.990,36","1,00","R$ 11.990,36","R$ 14.562,29",,,,,,
HEAD3,,1.9,UFCA,B0046,"EXECUÇÃO DE ALMOXARIFADO EM CANTEIRO DE OBRA EM CHAPA DE MADEIRA COMPENSADA, ÁREA DE 66M2",UN ,"R$ 18.143,75","1,00","R$ 18.143,75","R$ 22.035,58",,,,,,
HEAD3,,1.10,UFCA,B0047,EXECUÇÃO DE REFEITÓRIO EM CANTEIRO DE OBRA EM CHAPA DE MADEIRA COMPENSADA,M2,"R$ 376,11","24,00","R$ 9.026,64","R$ 10.962,85",,,,,,
HEAD3,,1.11,UFCA,B0048,EXECUÇÃO DE SANITÁRIO E VESTIÁRIO EM CANTEIRO DE OBRA EM CHAPA DE MADEIRA COMPENSADA,M2,"R$ 279,78","28,00","R$ 7.833,84","R$ 9.514,19",,,,,,
HEAD3,,1.12,UFCA,B0030,PLACA DE OBRA EM CHAPA DE AÇO GALVANIZADO,M2,"R$ 530,01","20,02","R$ 10.610,80","R$ 12.886,81",,,,,,
HEAD3,,1.13,UFCA,B0031,LOCAÇÃO DA OBRA COM AUXÍLIO TOPOGRÁFICO,M2,"R$ 0,26","14103,56","R$ 3.666,92","R$ 4.453,47",,,,,,
HEAD3,,1.14,SINAPI,99059,"LOCAÇÃO CONVENCIONAL DE OBRA, UTILIZANDO GABARITO DE TÁBUAS CORRIDAS PONTALETADAS A CADA 2,00M -  2 UTILIZAÇÕES. AF_03/2024",M,"65,98","499,80","R$ 32.976,80","R$ 40.050,32",,,,,,
HEAD3,,1.15,SINAPI,99059,"LOCAÇÃO CONVENCIONAL DE OBRA, UTILIZANDO GABARITO DE TÁBUAS CORRIDAS PONTALETADAS A CADA 2,00M -  2 UTILIZAÇÕES. AF_03/2024",M,"65,98","360,00","R$ 23.752,80","R$ 28.847,77",,,,,,
HEAD3,,1.16,SINAPI,99060,"LOCAÇÃO COM CAVALETE COM ALTURA DE 1,00 M - 2 UTILIZAÇÕES. AF_03/2024",UN,"193,92","12,00","R$ 2.327,04","R$ 2.826,19",,,,,,
HEAD3,,1.17,SINAPI,99061,"LOCAÇÃO COM CAVALETE COM ALTURA DE 0,50 M - 2 UTILIZAÇÕES. AF_03/2024",UN,"120,73","4,00","R$ 482,92","R$ 586,50",,,,,,
HEAD3,,1.18,SINAPI,98525,"LIMPEZA MECANIZADA DE CAMADA VEGETAL, VEGETAÇÃO E PEQUENAS ÁRVORES (DIÂMETRO DE TRONCO MENOR QUE 0,20 M), COM TRATOR DE ESTEIRAS. AF_03/2024",M2,"0,68","100093,00","R$ 68.063,24","R$ 82.662,80",,,,,,
HEAD3,,1.19,SINAPI,98524,LIMPEZA MANUAL DE VEGETAÇÃO EM TERRENO COM ENXADA. AF_03/2024,M2,"4,71","400,00","R$ 1.884,00","R$ 2.288,11",,,,,,
HEAD3,,1.20,SINAPI,100981,"CARGA, MANOBRA E DESCARGA DE ENTULHO EM CAMINHÃO BASCULANTE 6 M³ - CARGA COM ESCAVADEIRA HIDRÁULICA  (CAÇAMBA DE 0,80 M³ / 111 HP) E DESCARGA LIVRE (UNIDADE: M3). AF_07/2020",M3,"9,72","2280,00","R$ 22.161,60","R$ 26.915,26",,,,,,
HEAD3,,1.21,UFCA,B0037,REMOÇÃO DE CERCAS,M2,"R$ 0,55","1100,00","R$ 605,00","R$ 734,77",,,,,,
HEAD3,,1.22,SINAPI,95967,SERVIÇOS TÉCNICOS ESPECIALIZADOS PARA ACOMPANHAMENTO DE EXECUÇÃO DE FUNDAÇÕES PROFUNDAS E ESTRUTURAS DE CONTENÇÃO,H,"159,25","44,00","R$ 7.007,00","R$ 8.510,00",,,,,,
,,,,,,,,,,,,,,,,
HEAD1,,2.0,,,MOVIMENTO DE TERRA,,,,,,,"R$ 718.534,91","R$ 872.660,62",,,2.
HEAD3,,2.1,SINAPI,101136,"ESCAVAÇÃO HORIZONTAL, INCLUINDO CARGA, DESCARGA E TRANSPORTE EM SOLO DE 1A CATEGORIA COM TRATOR DE ESTEIRAS (170HP/LÂMINA: 5,20M3) E CAMINHÃO BASCULANTE DE 10M3, DMT ATÉ 200M. AF_07/2020",M3,"14,22","3047,25","R$ 43.331,89","R$ 52.626,58",,,,,,
HEAD3,,2.2,UFCA,C0001,EXECUÇÃO E COMPACTAÇÃO DE ATERRO COM SOLO PREDOMINANTEMENTE ARGILOSO - INCLUSIVE SOLO.,M3,"R$ 60,86","10853,66","R$ 660.553,74","R$ 802.242,51",,,,,,
HEAD3,,2.3,SINAPI,101116,"ESCAVAÇÃO HORIZONTAL EM SOLO DE 1A CATEGORIA COM TRATOR DE ESTEIRAS (170HP/LÂMINA: 5,20M3). AF_07/2020",M3,"2,41","177,57","R$ 427,94","R$ 519,73",,,,,,
HEAD3,,2.4,SINAPI,90106,"ESCAVAÇÃO MECANIZADA DE VALA COM PROFUNDIDADE ATÉ 1,5 M (MÉDIA MONTANTE E JUSANTE/UMA COMPOSIÇÃO POR TRECHO), RETROESCAV. (0,26 M3), LARGURA DE 0,8 M A 1,5 M, EM SOLO DE 1A CATEGORIA, LOCAIS COM BAIXO NÍVEL DE INTERFERÊNCIA. AF_09/2024",M3,"8,32","771,82","R$ 6.421,54","R$ 7.798,96",,,,,,
HEAD3,,2.5,SINAPI,104735,"REATERRO MECANIZADO DE VALA COM RETROESCAVADEIRA (CAPACIDADE   DA   CAÇAMBA   DA RETRO: 0,26 M³/POTÊNCIA: 88 HP), LARGURA ATÉ 0,8 M, PROFUNDIDADE DE 1,5 A 3,0 M, COM SOLO (SEM SUBSTITUIÇÃO) DE 1ª CATEGORIA, COM PLACA VIBRATÓRIA. AF_08/2023",M3,"11,65","486,92","R$ 5.672,61","R$ 6.889,38",,,,,,
HEAD3,,2.6,SINAPI,93358,ESCAVAÇÃO MANUAL DE VALA. AF_09/2024,M3,"87,42","20,01","R$ 1.749,27","R$ 2.124,48",,,,,,
HEAD3,,2.7,SINAPI,93382,"REATERRO MANUAL DE VALAS, COM COMPACTADOR DE SOLOS DE PERCUSSÃO. AF_08/2023",M3,"27,13","13,93","R$ 377,92","R$ 458,98",,,,,,
,,,,,,,,,,,,,,,,
HEAD1,,3.0,,,INFRA-ESTRUTURA/FUNDAÇÕES SIMPLES,,,,,,,"R$ 1.147.472,28","R$ 1.393.604,96",,,3.
HEAD3,,3.1,UFCA,D0001,"ALVENARIA DE CONTENÇÃO EM PEDRA RACHÃO OU PEDRA DE MÃO, ASSENTADA COM ARGAMASSA TRAÇO 1:4 (CIMENTO E AREIA)",M3,"R$ 463,32","351,35","R$ 162.787,48","R$ 197.705,39",,,,,,
HEAD3,,3.2,UFCA,D0002,"ALVENARIA DE CONTENÇÃO EM PEDRA RACHÃO OU PEDRA DE MÃO ARRUMADA, ASSENTADA COM ARGAMASSA TRAÇO 1:4 (CIMENTO E AREIA)",M3,"R$ 524,08","222,87","R$ 116.801,70","R$ 141.855,66",,,,,,
HEAD3,,3.3,SINAPI,101165,"ALVENARIA DE EMBASAMENTO COM BLOCO ESTRUTURAL DE CONCRETO, DE 14X19X29CM E ARGAMASSA DE ASSENTAMENTO COM PREPARO EM BETONEIRA. AF_05/2020",M3,"1.037,31","28,07","R$ 29.117,29","R$ 35.362,94",,,,,,
HEAD3,,3.4,SINAPI,102722,"DRENO EM MURO DE CONTENÇÃO, EXECUTADO NO PÉ DO MURO, COM TUBO DE PEAD CORRUGADO FLEXÍVEL PERFURADO, ENCHIMENTO COM BRITA, ENVOLVIDO COM MANTA GEOTÊXTIL. AF_07/2021",M,"57,95",50,"R$ 2.897,50","R$ 3.519,01",,,,,,
HEAD3,,3.5,SINAPI,103685,"CONCRETAGEM DE MURETAS, FCK=25 MPA, COM USO DE BOMBA - LANÇAMENTO, ADENSAMENTO E ACABAMENTO. AF_02/2022_PS",M3,"644,39","21,72","R$ 13.996,15","R$ 16.998,32",,,,,,
HEAD3,,3.6,SINAPI,94962,"CONCRETO MAGRO PARA LASTRO, TRAÇO 1:4,5:4,5 (EM MASSA SECA DE CIMENTO/ AREIA MÉDIA/ BRITA 1) - PREPARO MECÂNICO COM BETONEIRA 400 L. AF_05/2021",M3,"424,58","1,45","R$ 615,64","R$ 747,69",,,,,,
HEAD3,,3.7,SINAPI,94965,"CONCRETO FCK = 25MPA, TRAÇO 1:2,3:2,7 (EM MASSA SECA DE CIMENTO/ AREIA MÉDIA/ BRITA 1) - PREPARO MECÂNICO COM BETONEIRA 400 L. AF_05/2021",M3,"523,12","5,11","R$ 2.673,14","R$ 3.246,52",,,,,,
HEAD3,,3.8,SINAPI,103670,"LANÇAMENTO COM USO DE BALDES, ADENSAMENTO E ACABAMENTO DE CONCRETO EM ESTRUTURAS. AF_02/2022",M3,"306,36","4,71","R$ 1.442,95","R$ 1.752,46",,,,,,
HEAD3,,3.9,SINAPI,96543,ARMAÇÃO DE BLOCO UTILIZANDO AÇO CA-60 DE 5 MM - MONTAGEM. AF_01/2024,KG,"21,54","633,91","R$ 13.654,42","R$ 16.583,29",,,,,,
HEAD3,,3.10,SINAPI,96544,"ARMAÇÃO DE BLOCO UTILIZANDO AÇO CA-50 DE 6,3 MM - MONTAGEM. AF_01/2024",KG,"19,58","66,84","R$ 1.308,72","R$ 1.589,44",,,,,,
HEAD3,,3.11,SINAPI,96545,ARMAÇÃO DE BLOCO UTILIZANDO AÇO CA-50 DE 8 MM - MONTAGEM. AF_01/2024,KG,"17,75","1004,58","R$ 17.831,29","R$ 21.656,10",,,,,,
HEAD3,,3.12,SINAPI,96546,ARMAÇÃO DE BLOCO UTILIZANDO AÇO CA-50 DE 10 MM - MONTAGEM. AF_01/2024,KG,"15,58","152,80","R$ 2.380,62","R$ 2.891,26",,,,,,
HEAD3,,3.13,SINAPI,104920,"ARMAÇÃO DE BLOCO, SAPATA ISOLADA, VIGA BALDRAME E SAPATA CORRIDA UTILIZANDO AÇO CA-50 DE 12,5 MM - MONTAGEM. AF_01/2024",KG,"12,06","1433,82","R$ 17.291,86","R$ 21.000,96",,,,,,
HEAD3,,3.14,UFCA,B0029,CONTROLE TECNOLÓGICO DE CONCRETO C/ ROMPIMENTO DE CORPO DE PROVA À COMPRESSÃO,UN ,"R$ 114,56",102,"R$ 11.724,64","R$ 14.239,57",,,,,,
HEAD3,,3.15,SINAPI,96525,ESCAVAÇÃO MECANIZADA PARA VIGA BALDRAME OU SAPATA CORRIDA COM MINI-ESCAVADEIRA (INCLUINDO ESCAVAÇÃO PARA COLOCAÇÃO DE FÔRMAS). AF_01/2024,M3,"54,97","372,93","R$ 20.499,96","R$ 24.897,20",,,,,,
HEAD3,,3.16,SINAPI,96521,ESCAVAÇÃO MECANIZADA PARA BLOCO DE COROAMENTO OU SAPATA COM RETROESCAVADEIRA (INCLUINDO ESCAVAÇÃO PARA COLOCAÇÃO DE FÔRMAS). AF_01/2024,M3,"41,90","676,72","R$ 28.354,56","R$ 34.436,61",,,,,,
HEAD3,,3.17,SINAPI,96557,"CONCRETAGEM DE BLOCO DE COROAMENTO OU VIGA BALDRAME, FCK 30 MPA, COM USO DE BOMBA - LANÇAMENTO, ADENSAMENTO E ACABAMENTO. AF_01/2024",M3,"705,77","170,36","R$ 120.234,97","R$ 146.025,37",,,,,,
HEAD3,,3.18,SINAPI,96558,"CONCRETAGEM DE SAPATA, FCK 30 MPA, COM USO DE BOMBA - LANÇAMENTO, ADENSAMENTO E ACABAMENTO. AF_01/2024",M3,"738,32","10,74","R$ 7.929,55","R$ 9.630,43",,,,,,
HEAD3,,3.19,SINAPI,104918,"ARMAÇÃO DE SAPATA ISOLADA, VIGA BALDRAME E SAPATA CORRIDA UTILIZANDO AÇO CA-50 DE 8 MM - MONTAGEM. AF_01/2024",KG,"15,94","2933,74","R$ 46.763,81","R$ 56.794,64",,,,,,
HEAD3,,3.20,SINAPI,104916,"ARMAÇÃO DE SAPATA ISOLADA, VIGA BALDRAME E SAPATA CORRIDA UTILIZANDO AÇO CA-60 DE 5 MM - MONTAGEM. AF_01/2024",KG,"18,23","326,60","R$ 5.953,91","R$ 7.231,02",,,,,,
HEAD3,,3.21,SINAPI,104917,"ARMAÇÃO DE SAPATA ISOLADA, VIGA BALDRAME E SAPATA CORRIDA UTILIZANDO AÇO CA-50 DE 6,3 MM - MONTAGEM. AF_01/2024",KG,"17,09","1492,50","R$ 25.506,82","R$ 30.978,03",,,,,,
HEAD3,,3.22,SINAPI,96541,"FABRICAÇÃO, MONTAGEM E DESMONTAGEM DE FÔRMA PARA SAPATA, EM CHAPA DE MADEIRA COMPENSADA RESINADA, E=17 MM, 4 UTILIZAÇÕES. AF_01/2024",M2,"190,41","18,70","R$ 3.560,66","R$ 4.324,42",,,,,,
HEAD3,,3.23,SINAPI,96536,"FABRICAÇÃO, MONTAGEM E DESMONTAGEM DE FÔRMA PARA VIGA BALDRAME, EM MADEIRA SERRADA, E=25 MM, 4 UTILIZAÇÕES. AF_01/2024",M2,"75,14","1458,45","R$ 109.587,93","R$ 133.094,54",,,,,,
HEAD3,,3.24,SINAPI,96619,"LASTRO DE CONCRETO MAGRO, APLICADO EM BLOCOS DE COROAMENTO OU SAPATAS, ESPESSURA DE 5 CM. AF_01/2024",M2,"41,51","199,10","R$ 8.264,64","R$ 10.037,40",,,,,,
HEAD3,,3.25,SINAPI,95601,"ARRASAMENTO MECANICO DE ESTACA DE CONCRETO ARMADO, DIAMETROS DE ATÉ 40 CM. AF_05/2021",UN,"18,48","450,00","R$ 8.316,00","R$ 10.099,78",,,,,,
HEAD3,,3.26,SINAPI,95967,SERVIÇOS TÉCNICOS ESPECIALIZADOS PARA ACOMPANHAMENTO DE EXECUÇÃO DE FUNDAÇÕES PROFUNDAS E ESTRUTURAS DE CONTENÇÃO,H,"159,25",132,"R$ 21.021,00","R$ 25.530,00",,,,,,
HEAD3,,3.27,SINAPI,96534,"FABRICAÇÃO, MONTAGEM E DESMONTAGEM DE FÔRMA PARA BLOCO DE COROAMENTO, EM MADEIRA SERRADA, E=25 MM, 4 UTILIZAÇÕES. AF_01/2024",M2,"86,39","415,76","R$ 35.917,50","R$ 43.621,80",,,,,,
HEAD3,,3.28,SINAPI,92759,"ARMAÇÃO DE PILAR OU VIGA DE ESTRUTURA CONVENCIONAL DE CONCRETO ARMADO UTILIZANDO AÇO CA-60 DE 5,0 MM - MONTAGEM. AF_06/2022",KG,"15,54","1449,02","R$ 22.517,77","R$ 27.347,83",,,,,,
HEAD3,,3.29,SINAPI,104919,"ARMAÇÃO DE SAPATA ISOLADA, VIGA BALDRAME E SAPATA CORRIDA UTILIZANDO AÇO CA-50 DE 10 MM - MONTAGEM. AF_01/2024",KG,"14,24","101,70","R$ 1.448,20","R$ 1.758,83",,,,,,
HEAD3,,3.30,SINAPI,100896,"ESTACA ESCAVADA MECANICAMENTE, SEM FLUIDO ESTABILIZANTE, COM 25CM DE DIÂMETRO, CONCRETO LANÇADO POR CAMINHÃO BETONEIRA (EXCLUSIVE MOBILIZAÇÃO E DESMOBILIZAÇÃO). AF_01/2020_PA",M,"62,10","4616,00","R$ 286.653,60","R$ 348.140,79",,,,,,
HEAD3,,3.31,SINAPI,92762,"ARMAÇÃO DE PILAR OU VIGA DE ESTRUTURA CONVENCIONAL DE CONCRETO ARMADO UTILIZANDO AÇO CA-50 DE 10,0 MM - MONTAGEM. AF_06/2022",KG,"12,50","33,44","R$ 418,00","R$ 507,66",,,,,,
,,,,,,,,,,,,,,,,
HEAD1,,4.0,,,FUNDAÇÕES ESPECIAIS,,,,,,,"R$ 4.960,00","R$ 6.023,92",,,4.
HEAD3,,4.1,UFCA,B0027,MOBILIZAÇÃO DE PERFURATRIZ DE ALGUMA CAPITAL DO NORDESTE,KM,"R$ 4,96","500,00","R$ 2.480,00","R$ 3.011,96",,,,,,
HEAD3,,4.2,UFCA,B0028,DESMOBILIZAÇÃO DE PERFURATRIZ DE ALGUMA CAPITAL DO NORDESTE,KM,"R$ 4,96","500,00","R$ 2.480,00","R$ 3.011,96",,,,,,
,,,,,,,,,,,,,,,,
HEAD1,,5.0,,,SUPERESTRUTURA,,,,,,,"R$ 1.294.191,87","R$ 1.571.795,84",,,5.
HEAD2,,5.1,,,ESTRUTURAS METÁLICAS,,,,,,,,,,,
HEAD3,,5.1.1,SINAPI,100775,"ESTRUTURA TRELIÇADA DE COBERTURA, TIPO FINK, COM LIGAÇÕES SOLDADAS, INCLUSOS PERFIS METÁLICOS, CHAPAS METÁLICAS, MÃO DE OBRA E TRANSPORTE COM GUINDASTE - FORNECIMENTO E INSTALAÇÃO. AF_01/2020_PSA",KG,"12,86","18231,38","R$ 234.455,54","R$ 284.746,25",,,,,,
HEAD3,,5.1.2,UFCA,i0001,"TELHAMENTO COM TELHA METÁLICA TERMOISOLANTE REVESTIDA EM ACO GALVALUME, FACE SUPERIOR TRAPEZOIDAL, NÚCLEO EM POLIISOCIANURATO (PIR), E = 50 MM, COM ATÉ 2 ÁGUAS, INCLUSO IÇAMENTO, ACESSÓRIOS E FIXAÇÃO",M2,"R$ 211,98","116,67","R$ 24.731,70","R$ 30.036,64",,,,,,
HEAD3,,5.1.3,SINAPI,94213,"TELHAMENTO COM TELHA DE AÇO/ALUMÍNIO E = 0,5 MM, COM ATÉ 2 ÁGUAS, INCLUSO IÇAMENTO. AF_07/2019",M2,"65,63","404,39","R$ 26.540,11","R$ 32.232,96",,,,,,
HEAD3,,5.1.4,SINAPI,94229,"CALHA EM CHAPA DE AÇO GALVANIZADO NÚMERO 24, DESENVOLVIMENTO DE 100 CM, INCLUSO TRANSPORTE VERTICAL. AF_07/2019",M,"169,55","168,91","R$ 28.638,69","R$ 34.781,68",,,,,,
HEAD3,,5.1.5,SINAPI,92606,"FABRICAÇÃO E INSTALAÇÃO DE TESOURA INTEIRA EM AÇO, VÃO DE 5 M, PARA TELHA ONDULADA DE FIBROCIMENTO, METÁLICA, PLÁSTICA OU TERMOACÚSTICA, INCLUSO IÇAMENTO. AF_07/2019",UN,"908,33",5,"R$ 4.541,65","R$ 5.515,83",,,,,,
HEAD2,,5.2,,,ESTRUTURAS DE CONCRETO ARMADO,,,,,,,,,,,
HEAD3,,5.2.1,SINAPI,94965,"CONCRETO FCK = 25MPA, TRAÇO 1:2,3:2,7 (EM MASSA SECA DE CIMENTO/ AREIA MÉDIA/ BRITA 1) - PREPARO MECÂNICO COM BETONEIRA 400 L. AF_05/2021",M3,"523,12","36,86","R$ 19.282,20","R$ 23.418,23",,,,,,
HEAD3,,5.2.2,SINAPI,103670,"LANÇAMENTO COM USO DE BALDES, ADENSAMENTO E ACABAMENTO DE CONCRETO EM ESTRUTURAS. AF_02/2022",M3,"306,36","35,51","R$ 10.878,84","R$ 13.212,35",,,,,,
HEAD3,,5.2.3,SINAPI,92443,"MONTAGEM E DESMONTAGEM DE FÔRMA DE PILARES RETANGULARES E ESTRUTURAS SIMILARES, PÉ-DIREITO SIMPLES, EM CHAPA DE MADEIRA COMPENSADA PLASTIFICADA, 18 UTILIZAÇÕES. AF_09/2020",M2,"54,84","820,87","R$ 45.016,51","R$ 54.672,55",,,,,,
HEAD3,,5.2.4,SINAPI,92480,"MONTAGEM E DESMONTAGEM DE FÔRMA DE VIGA, ESCORAMENTO METÁLICO, PÉ-DIREITO SIMPLES, EM CHAPA DE MADEIRA PLASTIFICADA, 18 UTILIZAÇÕES. AF_09/2020",M2,"99,69","1683,09","R$ 167.787,24","R$ 203.777,60",,,,,,
HEAD3,,5.2.5,SINAPI,92522,"MONTAGEM E DESMONTAGEM DE FÔRMA DE LAJE MACIÇA, PÉ-DIREITO SIMPLES, EM CHAPA DE MADEIRA COMPENSADA RESINADA, 8 UTILIZAÇÕES. AF_09/2020",M2,"43,86","115,67","R$ 5.073,28","R$ 6.161,49",,,,,,
HEAD3,,5.2.6,SINAPI,92526,"MONTAGEM E DESMONTAGEM DE FÔRMA DE LAJE MACIÇA, PÉ-DIREITO SIMPLES, EM CHAPA DE MADEIRA COMPENSADA PLASTIFICADA, 10 UTILIZAÇÕES. AF_09/2020",M2,"44,57","54,27","R$ 2.418,81","R$ 2.937,64",,,,,,
HEAD3,,5.2.7,SINAPI,103672,"CONCRETAGEM DE PILARES, FCK = 25 MPA, COM USO DE BOMBA - LANÇAMENTO, ADENSAMENTO E ACABAMENTO. AF_02/2022_PS",M3,"638,61","3,23","R$ 2.062,71","R$ 2.505,16",,,,,,
HEAD3,,5.2.8,SINAPI,103675,"CONCRETAGEM DE VIGAS E LAJES, FCK=25 MPA, PARA LAJES MACIÇAS OU NERVURADAS COM USO DE BOMBA - LANÇAMENTO, ADENSAMENTO E ACABAMENTO. AF_02/2022_PS",M3,"639,63","5,07","R$ 3.242,92","R$ 3.938,52",,,,,,
HEAD3,,5.2.9,SINAPI,92759,"ARMAÇÃO DE PILAR OU VIGA DE ESTRUTURA CONVENCIONAL DE CONCRETO ARMADO UTILIZANDO AÇO CA-60 DE 5,0 MM - MONTAGEM. AF_06/2022",KG,"15,54","2298,24","R$ 35.714,64","R$ 43.375,43",,,,,,
HEAD3,,5.2.10,SINAPI,92760,"ARMAÇÃO DE PILAR OU VIGA DE ESTRUTURA CONVENCIONAL DE CONCRETO ARMADO UTILIZANDO AÇO CA-50 DE 6,3 MM - MONTAGEM. AF_06/2022",KG,"14,79","2209,33","R$ 32.675,99","R$ 39.684,98",,,,,,
HEAD3,,5.2.11,SINAPI,92761,"ARMAÇÃO DE PILAR OU VIGA DE ESTRUTURA CONVENCIONAL DE CONCRETO ARMADO UTILIZANDO AÇO CA-50 DE 8,0 MM - MONTAGEM. AF_06/2022",KG,"13,98","2802,89","R$ 39.184,40","R$ 47.589,45",,,,,,
HEAD3,,5.2.12,SINAPI,92762,"ARMAÇÃO DE PILAR OU VIGA DE ESTRUTURA CONVENCIONAL DE CONCRETO ARMADO UTILIZANDO AÇO CA-50 DE 10,0 MM - MONTAGEM. AF_06/2022",KG,"12,50","5347,13","R$ 66.839,12","R$ 81.176,11",,,,,,
HEAD3,,5.2.13,SINAPI,92763,"ARMAÇÃO DE PILAR OU VIGA DE ESTRUTURA CONVENCIONAL DE CONCRETO ARMADO UTILIZANDO AÇO CA-50 DE 12,5 MM - MONTAGEM. AF_06/2022",KG,"10,49","1990,84","R$ 20.883,91","R$ 25.363,50",,,,,,
HEAD3,,5.2.14,SINAPI,92764,"ARMAÇÃO DE PILAR OU VIGA DE ESTRUTURA CONVENCIONAL DE CONCRETO ARMADO UTILIZANDO AÇO CA-50 DE 16,0 MM - MONTAGEM. AF_06/2022",KG,"10,18","684,49","R$ 6.968,10","R$ 8.462,75",,,,,,
HEAD3,,5.2.15,SINAPI,92765,"ARMAÇÃO DE PILAR OU VIGA DE ESTRUTURA CONVENCIONAL DE CONCRETO ARMADO UTILIZANDO AÇO CA-50 DE 20,0 MM - MONTAGEM. AF_06/2022",KG,"11,65","47,30","R$ 551,04","R$ 669,23",,,,,,
HEAD3,,5.2.16,SINAPI,92768,"ARMAÇÃO DE LAJE DE ESTRUTURA CONVENCIONAL DE CONCRETO ARMADO UTILIZANDO AÇO CA-60 DE 5,0 MM - MONTAGEM. AF_06/2022",KG,"14,98","977,72","R$ 14.646,24","R$ 17.787,85",,,,,,
HEAD3,,5.2.17,SINAPI,92769,"ARMAÇÃO DE LAJE DE ESTRUTURA CONVENCIONAL DE CONCRETO ARMADO UTILIZANDO AÇO CA-50 DE 6,3 MM - MONTAGEM. AF_06/2022",KG,"14,25","698,85","R$ 9.958,61","R$ 12.094,73",,,,,,
HEAD3,,5.2.18,SINAPI,92770,"ARMAÇÃO DE LAJE DE ESTRUTURA CONVENCIONAL DE CONCRETO ARMADO UTILIZANDO AÇO CA-50 DE 8,0 MM - MONTAGEM. AF_06/2022",KG,"13,46","970,56","R$ 13.063,73","R$ 15.865,90",,,,,,
HEAD3,,5.2.19,UFCA,B0029,CONTROLE TECNOLÓGICO DE CONCRETO C/ ROMPIMENTO DE CORPO DE PROVA À COMPRESSÃO,UN ,"R$ 114,56","96,00","R$ 10.997,76","R$ 13.356,77",,,,,,
HEAD3,,5.2.20,SINAPI,101963,"LAJE PRÉ-MOLDADA UNIDIRECIONAL, BIAPOIADA, PARA PISO, ENCHIMENTO EM CERÂMICA, VIGOTA CONVENCIONAL, ALTURA TOTAL DA LAJE (ENCHIMENTO+CAPA) = (8+4). AF_11/2020_PA",M2,"186,31","11,22","R$ 2.090,39","R$ 2.538,77",,,,,,
HEAD3,,5.2.21,SINAPI,92514,"MONTAGEM E DESMONTAGEM DE FÔRMA DE LAJE MACIÇA, PÉ-DIREITO SIMPLES, EM CHAPA DE MADEIRA COMPENSADA RESINADA, 4 UTILIZAÇÕES. AF_09/2020",M2,"55,95","176,97","R$ 9.901,47","R$ 12.025,33",,,,,,
HEAD3,,5.2.22,SINAPI,92771,"ARMAÇÃO DE LAJE DE ESTRUTURA CONVENCIONAL DE CONCRETO ARMADO UTILIZANDO AÇO CA-50 DE 10,0 MM - MONTAGEM. AF_06/2022",KG,"12,03","510,2","R$ 6.137,70","R$ 7.454,23",,,,,,
HEAD3,,5.2.23,SINAPI,92772,"ARMAÇÃO DE LAJE DE ESTRUTURA CONVENCIONAL DE CONCRETO ARMADO UTILIZANDO AÇO CA-50 DE 12,5 MM - MONTAGEM. AF_06/2022",KG,"10,08","731,7","R$ 7.375,53","R$ 8.957,58",,,,,,
HEAD3,,5.2.24,SINAPI,92773,"ARMAÇÃO DE LAJE DE ESTRUTURA CONVENCIONAL DE CONCRETO ARMADO UTILIZANDO AÇO CA-50 DE 16,0 MM - MONTAGEM. AF_06/2022",KG,"9,90","53,9","R$ 533,61","R$ 648,06",,,,,,
HEAD3,,5.2.25,SINAPI,94966,"CONCRETO FCK = 30MPA, TRAÇO 1:2,1:2,5 (EM MASSA SECA DE CIMENTO/ AREIA MÉDIA/ BRITA 1) - PREPARO MECÂNICO COM BETONEIRA 400 L. AF_05/2021",M3,"539,32","230,14","R$ 124.119,10","R$ 150.742,64",,,,,,
HEAD3,,5.2.26,SINAPI,103673,"LANÇAMENTO COM USO DE BOMBA, ADENSAMENTO E ACABAMENTO DE CONCRETO EM ESTRUTURAS. AF_02/2022",M3,"42,75","203,48","R$ 8.698,77","R$ 10.564,65",,,,,,
HEAD3,,5.2.27,UFCA,F0001,"LAJE PRÉ-MOLDADA UNIDIRECIONAL, BIAPOIADA, ENCHIMENTO EM BLOCO CERÂMICO, VIGOTA TRELIÇADA, ALTURA TOTAL DA LAJE (ENCHIMENTO+CAPA) = (8+4)",M2,"R$ 155,91","654,79","R$ 102.088,30","R$ 123.986,24",,,,,,
HEAD3,,5.2.28,UFCA,F0002,"LAJE PRÉ-MOLDADA UNIDIRECIONAL, BIAPOIADA, ENCHIMENTO EM BLOCO CERÂMICO, VIGOTA TRELIÇADA, ALTURA TOTAL DA LAJE (ENCHIMENTO+CAPA) = (12+4)",M2,"R$ 200,56","345,28","R$ 69.249,35","R$ 84.103,33",,,,,,
HEAD3,,5.2.29,UFCA,F0003,"LAJE PRÉ-MOLDADA UNIDIRECIONAL, BIAPOIADA, ENCHIMENTO EM EPS, VIGOTA TRELIÇADA, ALTURA TOTAL DA LAJE (ENCHIMENTO+CAPA) = (20+5)",M2,"R$ 278,85","361,22","R$ 100.726,19","R$ 122.331,95",,,,,,
HEAD3,,5.2.30,UFCA,F0004,"LAJE PRÉ-MOLDADA UNIDIRECIONAL, BIAPOIADA, ENCHIMENTO EM EPS, VIGOTA TRELIÇADA, ALTURA TOTAL DA LAJE (ENCHIMENTO+CAPA) = (16+4)",M2,"R$ 225,40","161,41","R$ 36.381,81","R$ 44.185,70",,,,,,
HEAD3,,5.2.31,SINAPI,92524,"MONTAGEM E DESMONTAGEM DE FÔRMA DE LAJE MACIÇA, PÉ-DIREITO DUPLO, EM CHAPA DE MADEIRA COMPENSADA PLASTIFICADA, 10 UTILIZAÇÕES. AF_09/2020",M2,"80,34","9,16","R$ 735,91","R$ 893,76",,,,,,
,,,,,,,,,,,,,,,,
HEAD1,,6.0,,,ALVENARIA/VEDAÇÃO/DIVISÓRIA,,,,,,,"R$ 431.887,78","R$ 524.527,67",,,6.
HEAD3,,6.1,SINAPI,103328,ALVENARIA DE VEDAÇÃO DE BLOCOS CERÂMICOS FURADOS NA HORIZONTAL DE 9X19X19 CM (ESPESSURA 9 CM) E ARGAMASSA DE ASSENTAMENTO COM PREPARO EM BETONEIRA. AF_12/2021,M2,"91,01","2945,40","R$ 268.060,85","R$ 325.559,90",,,,,,
HEAD3,,6.2,SINAPI,103326,ALVENARIA DE VEDAÇÃO DE BLOCOS CERÂMICOS FURADOS NA VERTICAL DE 19X19X39 CM (ESPESSURA 19 CM) E ARGAMASSA DE ASSENTAMENTO COM PREPARO EM BETONEIRA. AF_12/2021,M2,"90,16","323,67","R$ 29.182,08","R$ 35.441,63",,,,,,
HEAD3,,6.3,SINAPI,105024,"VERGA MOLDADA IN LOCO EM CONCRETO, ESPESSURA DE *10* CM. AF_03/2024",M,"55,67","355,04","R$ 19.765,07","R$ 24.004,67",,,,,,
HEAD3,,6.4,SINAPI,93187,"VERGA MOLDADA IN LOCO EM CONCRETO, ESPESSURA DE *20* CM. AF_03/2024",M,"79,24","41,40","R$ 3.280,53","R$ 3.984,20",,,,,,
HEAD3,,6.5,SINAPI,105030,"CONTRAVERGA MOLDADA IN LOCO EM CONCRETO, ESPESSURA DE *10* CM. AF_03/2024",M,"43,18","274,70","R$ 11.861,54","R$ 14.405,84",,,,,,
HEAD3,,6.6,UFCA,G0001,"ALVENARIA DE VEDAÇÃO COM ELEMENTO VAZADO DE CONCRETO, QUADRICULADO, 16 FUROS *40 X 40 X 7* CM E ARGAMASSA DE ASSENTAMENTO COM PREPARO EM BETONEIRA",M2,"R$ 268,68","325,92","R$ 87.568,18","R$ 106.351,55",,,,,,
HEAD3,,6.7,SINAPI,93200,FIXAÇÃO (ENCUNHAMENTO) DE ALVENARIA DE VEDAÇÃO COM ARGAMASSA APLICADA COM BISNAGA. AF_03/2024,M,"11,97","569,83","R$ 6.820,86","R$ 8.283,93",,,,,,
HEAD3,,6.8,UFCA,G0002,"FIXAÇÃO (ENCUNHAMENTO) DE ALVENARIA DE VEDAÇÃO COM ARGAMASSA, COM ADITIVO IMPERMEABILIZANTE, APLICADA COM BISNAGA",M,"R$ 12,28","435,56","R$ 5.348,67","R$ 6.495,95",,,,,,
,,,,,,,,,,,,,,,,
HEAD1,,7.0,,,ESQUADRIAS,,,,,,,"R$ 496.501,91","R$ 603.001,37",,,7.
HEAD3,,7.1,UFCA,H0004,"CERCA/GRADIL NYLOFOR H=2,03M, MALHA 5 X 20CM - FIO 5,00MM, COM FIXADORES DE POLIAMIDA EM POSTE 40 x 60 MM CHUMBADOS EM BASE DE CONCRETO (EXCLUSIVE ESTA) , REVESTIDOS EM POLIESTER POR PROCESSO DE PINTURA ELETROSTÁTICA (GRADIL E POSTE), NAS CORES PRETO OU BRANCA - FORNECIMENTO E INSTALAÇÃO",M,"R$ 438,23","200,36","R$ 87.803,76","R$ 106.637,66",,,,,,
HEAD3,,7.2,UFCA,H0005,"CERCA/GRADIL NYLOFOR H=1,03M, MALHA 5 X 20CM - FIO 5,00MM, COM FIXADORES DE POLIAMIDA EM POSTE 40 x 60 MM CHUMBADOS EM BASE DE CONCRETO (EXCLUSIVE ESTA) , REVESTIDOS EM POLIESTER POR PROCESSO DE PINTURA ELETROSTÁTICA (GRADIL E POSTE), NAS CORES PRETO OU BRANCA - FORNECIMENTO E INSTALAÇÃO",M,"R$ 220,06","26,16","R$ 5.756,76","R$ 6.991,58",,,,,,
HEAD3,,7.3,UFCA,H0006,"PORTÃO PIVOTANTE NYLOFOR, COMPOSTO DE QUADRO, PAINÉIS E ACESSÓRIOS COM PINTURA ELETROSTÁTICA COM TINTA POLIESTER, NAS CORES VERDE OU BRANCA, COM POSTE EM AÇO REVESTIDO, COR VERDE OU BRANCA - FORNECIMENTO E MONTAGEM",M2,"R$ 630,91","43,04","R$ 27.154,36","R$ 32.978,97",,,,,,
HEAD3,,7.4,UFCA,H0025,"PORTA DE METALON COM DOBRADIÇA, FERROLHO E CADEADO",M2,"R$ 353,30","6,3","R$ 2.225,79","R$ 2.703,22",,,,,,
HEAD3,,7.5,UFCA,H0024,"GRADIL DE  TELA 5 X 5 CM, COM MOLDURA EM CANTONEIRA E BARRA CHATA, SEM PINTURA",M2,"R$ 126,43","33,43","R$ 4.226,55","R$ 5.133,14",,,,,,
HEAD3,,7.6,UFCA,H0023,"GUARDA-CORPO DE AÇO GALVANIZADO DE 1,10M COM MONTANTES A CADA 1M, COM ESPERA CHUMBADA EM PISO DURANTE A CONCRETAGEM",M,"R$ 319,54","35,67","R$ 11.397,99","R$ 13.842,85",,,,,,
HEAD3,,7.7,SINAPI,99855,"CORRIMÃO SIMPLES, DIÂMETRO EXTERNO = 1 1/2"", EM AÇO GALVANIZADO. AF_04/2019_PS",M,"110,68","140,75","R$ 15.578,21","R$ 18.919,73",,,,,,
HEAD3,,7.8,UFCA,H0052,"TELA PENEIRA EM AÇO GALVANIZADO, MALHA 8, FIO 26 E ESQUADRO EM MADEIRA",M2,"R$ 287,42","28,79","R$ 8.274,82","R$ 10.049,76",,,,,,
HEAD3,,7.9,UFCA,H0008,INSTALAÇÃO DE PELÍCULA ESPELHADA SOBRE VIDRO,M2,"R$ 48,55","26,64","R$ 1.293,37","R$ 1.570,79",,,,,,
HEAD3,,7.10,SINAPI,94570,"JANELA DE ALUMÍNIO DE CORRER COM 2 FOLHAS PARA VIDROS, COM VIDROS, BATENTE, ACABAMENTO COM ACETATO OU BRILHANTE E FERRAGENS. EXCLUSIVE ALIZAR E CONTRAMARCO. FORNECIMENTO E INSTALAÇÃO. AF_12/2019",M2,"384,40","86,64","R$ 33.304,41","R$ 40.448,20",,,,,,
HEAD3,,7.11,SINAPI,94569,"JANELA DE ALUMÍNIO TIPO MAXIM-AR, COM VIDROS, BATENTE E FERRAGENS. EXCLUSIVE ALIZAR, ACABAMENTO E CONTRAMARCO. FORNECIMENTO E INSTALAÇÃO. AF_12/2019",M2,"741,93","83,94","R$ 62.277,60","R$ 75.636,14",,,,,,
HEAD3,,7.12,SINAPI,100674,"JANELA FIXA DE ALUMÍNIO PARA VIDRO, COM VIDRO, BATENTE E FERRAGENS. EXCLUSIVE ACABAMENTO, ALIZAR E CONTRAMARCO. FORNECIMENTO E INSTALAÇÃO. AF_12/2019",M2,"800,17","19,58","R$ 15.667,32","R$ 19.027,96",,,,,,
HEAD3,,7.13,SINAPI,94589,"CONTRAMARCO DE ALUMÍNIO, FIXAÇÃO COM ARGAMASSA - FORNECIMENTO E INSTALAÇÃO. AF_12/2019",M,"23,21","656,00","R$ 15.225,76","R$ 18.491,68",,,,,,
HEAD3,,7.14,UFCA,H0050,PRENDEDOR METÁLICO PARA PORTA,UN,"R$ 46,65",67,"R$ 3.125,55","R$ 3.795,98",,,,,,
HEAD3,,7.15,UFCA,H0011,"PORTA EM ALUMÍNIO DE ABRIR TIPO VENEZIANA, FIXAÇÃO COM PARAFUSOS, EXCLUSIVE GUARNIÇÃO  - FORNECIMENTO E INSTALAÇÃO. AF_12/2019",M2,"R$ 409,53","39,15","R$ 16.033,09","R$ 19.472,18",,,,,,
HEAD3,,7.16,UFCA,H0058,"PORTA EM ALUMÍNIO DE CORRER TIPO VENEZIANA, INCLUSIVE DOBRADIÇAS, PERFIS, ROLDANA E FECHADURA",M2,"R$ 333,81","1,61","R$ 537,43","R$ 652,70",,,,,,
HEAD3,,7.17,UFCA,H0054,FERROLHO PARA PORTAS DAS CABINES DOS BANHEIROS,UN,"R$ 38,20",39,"R$ 1.489,80","R$ 1.809,36",,,,,,
HEAD3,,7.18,SINAPI,100703,PUXADOR CENTRAL PARA ESQUADRIA DE MADEIRA. AF_12/2019,UN,"34,85",19,"R$ 662,15","R$ 804,18",,,,,,
HEAD3,,7.19,UFCA,H0026,"ESCADA MARINHEIRO EM BARRA CHATA DE FERRO 2"" X 5/16""",M,"R$ 405,92","53,6","R$ 21.757,31","R$ 26.424,25",,,,,,
HEAD3,,7.20,UFCA,H0027,"GUARDA-CORPO PARA ESCADA MARINHEIRO, COM 05 (CINCO) BARRAS CHATAS VERTICAIS 1 1/4"" X 3/16"" E ARCO A CADA 30CM DE 1 1/4"" X 3/16"", FIXADA COM PARABOLT - FORNECIMENTO E INSTALAÇÃO",M,"R$ 110,98","37,05","R$ 4.111,80","R$ 4.993,78",,,,,,
HEAD3,,7.21,SINAPI,90793,"KIT DE PORTA-PRONTA DE MADEIRA EM ACABAMENTO MELAMÍNICO BRANCO, FOLHA PESADA OU SUPERPESADA, 90X210CM, FIXAÇÃO COM PREENCHIMENTO TOTAL DE ESPUMA EXPANSIVA - FORNECIMENTO E INSTALAÇÃO. AF_12/2019",UN,"1.077,71","73,00","R$ 78.672,83","R$ 95.548,15",,,,,,
HEAD3,,7.22,SINAPI,90791,"KIT DE PORTA-PRONTA DE MADEIRA EM ACABAMENTO MELAMÍNICO BRANCO, FOLHA PESADA OU SUPERPESADA, 80X210CM, FIXAÇÃO COM PREENCHIMENTO PARCIAL DE ESPUMA EXPANSIVA - FORNECIMENTO E INSTALAÇÃO. AF_12/2019",UN,"1.015,02","4,00","R$ 4.060,08","R$ 4.930,96",,,,,,
HEAD3,,7.23,UFCA,H0029,VISOR COM VIDRO LISO INCOLOR E=4mm E MOLDURA DE MADEIRA REVESTIDA COM LAMINADO MELAMÍNICO,M2,"R$ 328,93","10,98","R$ 3.611,65","R$ 4.386,34",,,,,,
HEAD3,,7.24,UFCA,H0014,"PORTA DE MADEIRA, MACIÇA (PESADA OU SUPERPESADA), 2 FOLHAS, 180X210CM, ESPESSURA DE 4,5CM, CAIXÃO DE 14CM. ACABAMENTO EM LAMINADO MELAMÍNICO BRANCO. INCLUSO , ALIZAR - FORNECIMENTO E INSTALAÇÃO, EXCLUSIVE FECHADURA E DOBRADIÇAS",UN,"R$ 2.348,52","4,00","R$ 9.394,08","R$ 11.409,11",,,,,,
HEAD3,,7.25,UFCA,H0015,"DOBRADICA EM ACO/FERRO, 3 1/2"" X 3"", E= 1,9 A 2 MM, COM ANEL, CROMADO OU ZINCADO, TAMPA BOLA, COM PARAFUSOS                                                                                                                                                                                                                                                                                                                                                                                               ",UN,"R$ 33,74","18,00","R$ 607,32","R$ 737,59",,,,,,
HEAD3,,7.26,SINAPI,100710,"DOBRADIÇA TIPO VAI E VEM EM LATÃO POLIDO 3"". AF_12/2019",UN,"151,24","6,00","R$ 907,44","R$ 1.102,08",,,,,,
HEAD3,,7.27,UFCA,H0056,"BARRA ANTIPANICO SIMPLES, COM FECHADURA LADO OPOSTO, COR CINZA                                                                                                                                                                                                                                                                                                                                                                                                                                            ",UN,"R$ 812,78","1,00","R$ 812,78","R$ 987,12",,,,,,
HEAD3,,7.28,SINAPI,90830,"FECHADURA DE EMBUTIR COM CILINDRO, EXTERNA, COMPLETA, ACABAMENTO PADRÃO MÉDIO, INCLUSO EXECUÇÃO DE FURO - FORNECIMENTO E INSTALAÇÃO. AF_12/2019",UN,"168,23","3,00","R$ 504,69","R$ 612,94",,,,,,
HEAD3,,7.29,UFCA,H0013,"PORTA RADIOLÓGICA EM MAD/MAD DE LEI, P/PINTURA, DIM: 0,92X2,12M, LAMINADO DE CHUMBO EMBUTIDO, E=2MM, DOBRADIÇAS REFORÇADAS, FECHADURA AUTOBLOCANTE, MARCA AROUCA, REF.: 108449/40-Z-ZCE OU SIMILAR, MAÇANETA TIPO ALAVANCA, INCLUSIVE BATENTES DE MADEIRA.",UN,"R$ 6.568,95","1,00","R$ 6.568,95","R$ 7.977,98",,,,,,
HEAD3,,7.30,UFCA,H0017,REVESTIMENTO C/LAMINADO MELAMÍNICO COLADO,M2,"R$ 77,32","4,05","R$ 313,14","R$ 380,30",,,,,,
HEAD3,,7.31,SINAPI,100327,"RUFO EXTERNO/INTERNO EM CHAPA DE AÇO GALVANIZADO NÚMERO 26, CORTE DE 33 CM, INCLUSO IÇAMENTO. AF_07/2019",M,"59,86","15,30","R$ 915,85","R$ 1.112,29",,,,,,
HEAD3,,7.32,UFCA,H0007,"PORTA EM AÇO DE ABRIR PARA VIDRO SEM GUARNIÇÃO, FIXAÇÃO COM PARAFUSOS, VIDRO TEMPERADO DE 10 MM - FORNECIMENTO E INSTALAÇÃO",M2,"R$ 952,21","5,20","R$ 4.951,49","R$ 6.013,58",,,,,,
HEAD3,,7.33,UFCA,H0053,"BARRA DE APOIO, RETA, FIXA, EM AÇO INOX, L=40CM, D=1 1/4”, JACKWAL OU SIMILAR",UN,"R$ 113,56","78,00","R$ 8.857,68","R$ 10.757,65",,,,,,
HEAD3,,7.34,UFCA,H0018,"PEITORIL GRANITO CINZA POLIDO, ESPESSURA 2CM, ASSENTADO COM ARGAMASSA 1:6 COM ADITIVO",M2,"R$ 325,85","43,29","R$ 14.106,04","R$ 17.131,78",,,,,,
HEAD3,,7.35,UFCA,H0055,ALÇAPÃO EM CHAPA DE AÇO 70X70 CM,UN,"R$ 187,64","1,00","R$ 187,64","R$ 227,88",,,,,,
HEAD3,,7.36,UFCA,H0010,"PORTA EM AÇO, EM CHAPA GALVANIZADA Nº24, RAIADA, DE ENROLAR",M2,"R$ 224,09","8,47","R$ 1.898,04","R$ 2.305,16",,,,,,
HEAD3,,7.37,UFCA,H0028,"VISOR PLUMBÍFERO COM MOLDURA, ESP=80MM (NACIONAL)",M2,"R$ 6.942,47","0,25","R$ 1.735,61","R$ 2.107,89",,,,,,
HEAD3,,7.38,UFCA,R0010,PINGADOR METÁLICO/ALUMÍNIO ( 1 X 1) CM  P/ FACHADAS,M,"R$ 42,09","486,88","R$ 20.492,77","R$ 24.888,46",,,,,,
,,,,,,,,,,,,,,,,
HEAD1,,8.0,,,COBERTURA,,,,,,,"R$ 123.873,12","R$ 150.443,88",,,8.
HEAD3,,8.1,SINAPI,94207,"TELHAMENTO COM TELHA ONDULADA DE FIBROCIMENTO E = 6 MM, COM RECOBRIMENTO LATERAL DE 1/4 DE ONDA PARA TELHADO COM INCLINAÇÃO MAIOR QUE 10°, COM ATÉ 2 ÁGUAS, INCLUSO IÇAMENTO. AF_07/2019",M2,"57,83","114,27","R$ 6.608,23","R$ 8.025,69",,,,,,
HEAD3,,8.2,SINAPI,92580,"TRAMA DE AÇO COMPOSTA POR TERÇAS PARA TELHADOS DE ATÉ 2 ÁGUAS PARA TELHA ONDULADA DE FIBROCIMENTO, METÁLICA, PLÁSTICA OU TERMOACÚSTICA, INCLUSO TRANSPORTE VERTICAL. AF_07/2019",M2,"47,15","114,27","R$ 5.387,83","R$ 6.543,51",,,,,,
HEAD3,,8.3,UFCA,O0003,"REVESTIMENTO EM ALUMÍNIO TIPO ALUCOBOND, E=0,3MM, EM ESTRUTURA METÁLICA AUXILIAR DE PERFIL ""U"" 2"", COM FORNECIMENTO E MONTAGEM, INCLUSIVE PINTURA KAYNAR 500 COM SEIS CAMADAS",M2,"R$ 505,25","199,19","R$ 100.640,74","R$ 122.228,17",,,,,,
HEAD3,,8.4,SINAPI,100327,"RUFO EXTERNO/INTERNO EM CHAPA DE AÇO GALVANIZADO NÚMERO 26, CORTE DE 33 CM, INCLUSO IÇAMENTO. AF_07/2019",M,"59,86","187,71","R$ 11.236,32","R$ 13.646,51",,,,,,
,,,,,,,,,,,,,,,,
HEAD1,,9.0,,,INSTALAÇÕES ELÉTRICAS,,,,,,,"R$ 1.004.054,20","R$ 1.219.422,21",,,9.
HEAD2,,9.1,,,ALIMENTADORES ELÉTRICOS,,,,,,,,,,,
HEAD2,,9.1.1,,,CABOS E TERMINAIS DOS CABOS,,,,,,,,,,,
HEAD3,,9.1.1.1,SINAPI,91931,"CABO DE COBRE FLEXÍVEL ISOLADO, 6 MM², ANTI-CHAMA 0,6/1,0 KV, PARA CIRCUITOS TERMINAIS - FORNECIMENTO E INSTALAÇÃO. AF_03/2023",M,"9,96","2206,25","R$ 21.974,25","R$ 26.687,72",,,,,,
HEAD3,,9.1.1.2,SINAPI,92980,"CABO DE COBRE FLEXÍVEL ISOLADO, 10 MM², ANTI-CHAMA 0,6/1,0 KV, PARA DISTRIBUIÇÃO - FORNECIMENTO E INSTALAÇÃO. AF_10/2020",M,"10,31","739,75","R$ 7.626,82","R$ 9.262,77",,,,,,
HEAD3,,9.1.1.3,SINAPI,92982,"CABO DE COBRE FLEXÍVEL ISOLADO, 16 MM², ANTI-CHAMA 0,6/1,0 KV, PARA DISTRIBUIÇÃO - FORNECIMENTO E INSTALAÇÃO. AF_10/2020",M,"16,34","925,55","R$ 15.123,48","R$ 18.367,46",,,,,,
HEAD3,,9.1.1.4,SINAPI,101889,"CABO DE COBRE ISOLADO, 25 MM², ANTI-CHAMA 0,6/1 KV, INSTALADO EM ELETROCALHA OU PERFILADO - FORNECIMENTO E INSTALAÇÃO. AF_10/2020",M,"24,89","660,70","R$ 16.444,82","R$ 19.972,23",,,,,,
HEAD3,,9.1.1.5,UFCA,J0134,"CABO DE COBRE ISOLADO, 50 MM², ANTI-CHAMA 0,6/1 KV, INSTALADO EM ELETROCALHA OU PERFILADO - FORNECIMENTO E INSTALAÇÃO",M,"R$ 49,98","396,00","R$ 19.792,08","R$ 24.037,48",,,,,,
HEAD3,,9.1.1.6,UFCA,J0135,"TERMINAL OLHAL PARA CABO DE 4,00MM2 À 6,00MM2",UN,"R$ 9,59","10,00","R$ 95,90","R$ 116,47",,,,,,
HEAD3,,9.1.1.7,UFCA,J0136,TERMINAL A COMPRESSÃO PARA CABO DE 10 mm² A 16mm²,UN,"R$ 7,28","60,00","R$ 436,80","R$ 530,49",,,,,,
HEAD3,,9.1.1.8,UFCA,J0137,TERMINAL A COMPRESSÃO PARA CABO DE 25 mm² A 35mm²,UN,"R$ 8,40","28,00","R$ 235,20","R$ 285,65",,,,,,
HEAD3,,9.1.1.9,UFCA,J0138,TERMINAL A COMPRESSÃO PARA CABO DE 50 mm² A 120mm²,UN,"R$ 16,98","32,00","R$ 543,36","R$ 659,91",,,,,,
HEAD2,,9.1.2,,,ELETROCALHA E ACESSÓRIOS,,,,,,,,,,,
HEAD3,,9.1.2.1,UFCA,J0125,ELETROCALHA PERFURADA 50x200mm - FORNECIMENTO E INSTALAÇÃO,M,"R$ 94,88","50,30","R$ 4.772,46","R$ 5.796,15",,,,,,
HEAD3,,9.1.2.2,UFCA,J0128,EMENDA INTERNA PARA ELETROCALHA PERFURADA 50x200mm - FORNECIMENTO E INSTALAÇÃO,UN,"R$ 14,61","16,00","R$ 233,76","R$ 283,90",,,,,,
HEAD3,,9.1.2.3,UFCA,J0140,TÊ VERTICAL PARA DERIVAÇÃO EM ELETROCALHA 50x200mm - FORNECIMENTO E INSTALAÇÃO,UN,"R$ 87,81","8,00","R$ 702,48","R$ 853,16",,,,,,
HEAD3,,9.1.2.4,UFCA,J0129,TÊ HORIZONTAL PARA ELETROCALHA PERFURADA 50x200mm - FORNECIMENTO E INSTALAÇÃO,UN,"R$ 43,53","1,00","R$ 43,53","R$ 52,86",,,,,,
HEAD3,,9.1.2.5,UFCA,J0142,CURVA VERTICAL PARA ELETROCALHA 50x200mm - FORNECIMENTO E INSTALAÇÃO,UN,"R$ 58,91","1,00","R$ 58,91","R$ 71,54",,,,,,
HEAD3,,9.1.2.6,UFCA,J0132,CURVA HORIZONTAL 90° PARA ELETROCALHA 50x200mm - FORNECIMENTO E INSTALAÇÃO,UN,"R$ 37,59","2,00","R$ 75,18","R$ 91,30",,,,,,
HEAD3,,9.1.2.7,UFCA,J0144,CRUZETA PARA ELETROCALHA PERFURADA 50x200mm - FORNECIMENTO E INSTALAÇÃO,UN,"R$ 115,07","1,00","R$ 115,07","R$ 139,75",,,,,,
HEAD3,,9.1.2.8,UFCA,J0130,REDUÇÃO CONCÊNTRICA DA ELETROCALHA PERFURADA 50x200mm / 50x100mm - FORNECIMENTO E INSTALAÇÃO,UN,"R$ 49,07","3,00","R$ 147,21","R$ 178,78",,,,,,
HEAD3,,9.1.2.9,UFCA,J0147,"SUPORTE TIRANTE PARA ELETROCALHA 50x200mm COM VERGALHÃO, PORCAS, ARRUELAS E PARABOLTS - FORNECIMENTO E INSTALAÇÃO",UN,"R$ 23,59","32,00","R$ 754,88","R$ 916,80",,,,,,
HEAD3,,9.1.2.10,SINAPI,104772,"FURO MECANIZADO EM ALVENARIA, PARA INSTALAÇÕES ELÉTRICAS, DIÂMETROS MAIORES QUE 75 MM E MENORES OU IGUAIS A 100 MM. AF_09/2023",UN,"2,59","9,00","R$ 23,31","R$ 28,30",,,,,,
HEAD3,,9.1.2.11,UFCA,J0124,ELETROCALHA PERFURADA 50x100mm - FORNECIMENTO E INSTALAÇÃO,M,"R$ 66,42","8,00","R$ 531,36","R$ 645,33",,,,,,
HEAD3,,9.1.2.12,UFCA,J0188,TÊ HORIZONTAL PARA ELETROCALHA PERFURADA 50x100mm - FORNECIMENTO E INSTALAÇÃO,UN,"R$ 44,49","2,00","R$ 88,98","R$ 108,06",,,,,,
HEAD2,,9.1.3,,,ELETRODUTOS E ACESSÓRIOS,,,,,,,,,,,
HEAD3,,9.1.3.1,SINAPI,97667,"ELETRODUTO FLEXÍVEL CORRUGADO, PEAD, DN 50 (1 1/2""), PARA REDE ENTERRADA DE DISTRIBUIÇÃO DE ENERGIA ELÉTRICA - FORNECIMENTO E INSTALAÇÃO. AF_12/2021",M,"9,52","228,75","R$ 2.177,70","R$ 2.644,81",,,,,,
HEAD3,,9.1.3.2,SINAPI,93008,"ELETRODUTO RÍGIDO ROSCÁVEL, PVC, DN 50 MM (1 1/2""), PARA REDE ENTERRADA DE DISTRIBUIÇÃO DE ENERGIA ELÉTRICA - FORNECIMENTO E INSTALAÇÃO. AF_12/2021",M,"18,98","10,70","R$ 203,08","R$ 246,64",,,,,,
HEAD3,,9.1.3.3,SINAPI,93018,"CURVA 90 GRAUS PARA ELETRODUTO, PVC, ROSCÁVEL, DN 50 MM (1 1/2""), PARA REDE ENTERRADA DE DISTRIBUIÇÃO DE ENERGIA ELÉTRICA - FORNECIMENTO E INSTALAÇÃO. AF_12/2021",UN,"22,70","4,00","R$ 90,80","R$ 110,27",,,,,,
HEAD3,,9.1.3.4,SINAPI,93013,"LUVA PARA ELETRODUTO, PVC, ROSCÁVEL, DN 50 MM (1 1/2""), PARA REDE ENTERRADA DE DISTRIBUIÇÃO DE ENERGIA ELÉTRICA - FORNECIMENTO E INSTALAÇÃO. AF_12/2021",UN,"14,92","12,00","R$ 179,04","R$ 217,44",,,,,,
HEAD3,,9.1.3.5,SINAPI,91869,"ELETRODUTO RÍGIDO ROSCÁVEL, PVC, DN 40 MM (1 1/4""), PARA CIRCUITOS TERMINAIS, INSTALADO EM LAJE - FORNECIMENTO E INSTALAÇÃO. AF_03/2023",M,"18,19","6,85","R$ 124,60","R$ 151,32",,,,,,
HEAD3,,9.1.3.6,SINAPI,91873,"ELETRODUTO RÍGIDO ROSCÁVEL, PVC, DN 40 MM (1 1/4""), PARA CIRCUITOS TERMINAIS, INSTALADO EM PAREDE - FORNECIMENTO E INSTALAÇÃO. AF_03/2023",M,"22,55","6,00","R$ 135,30","R$ 164,32",,,,,,
HEAD3,,9.1.3.7,SINAPI,91908,"CURVA 90 GRAUS PARA ELETRODUTO, PVC, ROSCÁVEL, DN 40 MM (1 1/4""), PARA CIRCUITOS TERMINAIS, INSTALADA EM LAJE - FORNECIMENTO E INSTALAÇÃO. AF_03/2023",UN,"16,47","6,00","R$ 98,82","R$ 120,01",,,,,,
HEAD3,,9.1.3.8,SINAPI,91881,"LUVA PARA ELETRODUTO, PVC, ROSCÁVEL, DN 40 MM (1 1/4""), PARA CIRCUITOS TERMINAIS, INSTALADA EM LAJE - FORNECIMENTO E INSTALAÇÃO. AF_03/2023",UN,"10,53","15,00","R$ 157,95","R$ 191,83",,,,,,
HEAD3,,9.1.3.9,SINAPI,91886,"LUVA PARA ELETRODUTO, PVC, ROSCÁVEL, DN 40 MM (1 1/4""), PARA CIRCUITOS TERMINAIS, INSTALADA EM PAREDE - FORNECIMENTO E INSTALAÇÃO. AF_03/2023",UN,"15,13","2,00","R$ 30,26","R$ 36,75",,,,,,
HEAD3,,9.1.3.10,SINAPI,91872,"ELETRODUTO RÍGIDO ROSCÁVEL, PVC, DN 32 MM (1""), PARA CIRCUITOS TERMINAIS, INSTALADO EM PAREDE - FORNECIMENTO E INSTALAÇÃO. AF_03/2023",M,"18,65","22,50","R$ 419,62","R$ 509,62",,,,,,
HEAD3,,9.1.3.11,SINAPI,91917,"CURVA 90 GRAUS PARA ELETRODUTO, PVC, ROSCÁVEL, DN 32 MM (1""), PARA CIRCUITOS TERMINAIS, INSTALADA EM PAREDE - FORNECIMENTO E INSTALAÇÃO. AF_03/2023",UN,"20,93","3,00","R$ 62,79","R$ 76,25",,,,,,
HEAD3,,9.1.3.12,SINAPI,91885,"LUVA PARA ELETRODUTO, PVC, ROSCÁVEL, DN 32 MM (1""), PARA CIRCUITOS TERMINAIS, INSTALADA EM PAREDE - FORNECIMENTO E INSTALAÇÃO. AF_03/2023",UN,"13,00","14,00","R$ 182,00","R$ 221,03",,,,,,
HEAD3,,9.1.3.13,SINAPI,104785,"FIXAÇÃO DE ELETRODUTOS, DIÂMETROS MENORES OU IGUAIS A 40 MM, COM ABRAÇADEIRA METÁLICA RÍGIDA TIPO D COM PARAFUSO DE FIXAÇÃO 1 1/4"", FIXADA DIRETAMENTE NA LAJE OU PAREDE. AF_09/2023",M,"14,86","22,00","R$ 326,92","R$ 397,04",,,,,,
HEAD3,,9.1.3.14,SINAPI,104768,"FURO MECANIZADO EM ALVENARIA, PARA INSTALAÇÕES ELÉTRICAS, DIÂMETROS MENORES OU IGUAIS A 40 MM. AF_09/2023",UN,"0,66","4,00","R$ 2,64","R$ 3,20",,,,,,
HEAD3,,9.1.3.15,SINAPI,91944,"CAIXA RETANGULAR 4"" X 4"" BAIXA (0,30 M DO PISO), PVC, INSTALADA EM PAREDE - FORNECIMENTO E INSTALAÇÃO. AF_03/2023",UN,"13,81","1,00","R$ 13,81","R$ 16,77",,,,,,
HEAD3,,9.1.3.16,SINAPI,97888,"CAIXA ENTERRADA ELÉTRICA RETANGULAR, EM ALVENARIA COM TIJOLOS CERÂMICOS MACIÇOS, FUNDO COM BRITA, DIMENSÕES INTERNAS: 0,6X0,6X0,6 M. AF_12/2020",UN,"515,38","10,00","R$ 5.153,80","R$ 6.259,29",,,,,,
HEAD3,,9.1.3.17,SINAPI,93358,ESCAVAÇÃO MANUAL DE VALA. AF_09/2024,M3,"87,42","41,77","R$ 3.651,86","R$ 4.435,18",,,,,,
HEAD3,,9.1.3.18,SINAPI,104737,"REATERRO MANUAL DE VALAS, COM PLACA VIBRATÓRIA. AF_08/2023",M3,"22,21","36,65","R$ 814,07","R$ 988,68",,,,,,
HEAD2,,9.2,,,ILUMINAÇÃO EXTERNA,,,,,,,,,,,
HEAD2,,9.2.1,,,"POSTES, LUMINÁRIAS, CAIXAS, CABOS E ACESSÓRIOS",,,,,,,,,,,
HEAD3,,9.2.1.1,UFCA,J0170,"POSTE CONICO CONTINUO EM ACO GALVANIZADO, RETO, ENGASTADO, H = 6 M",UN,"R$ 1.539,16","1,00","R$ 1.539,16","R$ 1.869,30",,,,,,
HEAD3,,9.2.1.2,UFCA,J0171,POSTE CONCRETO SEÇÃO CIRCULAR COMPRIMENTO=12M CARGA NOMINAL MENOR OU IGUAL A 1000 DN,UN,"R$ 1.884,68","12,00","R$ 22.616,16","R$ 27.467,32",,,,,,
HEAD3,,9.2.1.3,UFCA,J0172,"BRACO P/ LUMINARIA PUBLICA (DUPLO) 2 X 1,50 M, EM TUBO ACO GALV 3/4, P/ FIXACAO EM POSTE OU PAREDE - FORNECIMENTO E INSTALACAO",UN,"R$ 182,61","12,00","R$ 2.191,32","R$ 2.661,35",,,,,,
HEAD3,,9.2.1.4,UFCA,J0173,"BRACO P/ LUMINARIA PUBLICA (TRIPLO) 3 X 1,50 M, EM TUBO ACO GALV 3/4, P/ FIXACAO EM POSTE OU PAREDE - FORNECIMENTO E INSTALACAO",UN,"R$ 221,61","1,00","R$ 221,61","R$ 269,14",,,,,,
HEAD3,,9.2.1.5,SINAPI,97667,"ELETRODUTO FLEXÍVEL CORRUGADO, PEAD, DN 50 (1 1/2""), PARA REDE ENTERRADA DE DISTRIBUIÇÃO DE ENERGIA ELÉTRICA - FORNECIMENTO E INSTALAÇÃO. AF_12/2021",M,"9,52","450,00","R$ 4.284,00","R$ 5.202,91",,,,,,
HEAD3,,9.2.1.6,UFCA,J0121,FITA DE ADVERTÊNCIA DE REDE ELÉTRICA ENTERRADA,M,"R$ 2,53","450,00","R$ 1.138,50","R$ 1.382,70",,,,,,
HEAD3,,9.2.1.7,SINAPI,97883,"CAIXA ENTERRADA ELÉTRICA RETANGULAR, EM CONCRETO PRÉ-MOLDADO, FUNDO COM BRITA, DIMENSÕES INTERNAS: 0,6X0,6X0,5 M. AF_12/2020",UN,"434,89","30,00","R$ 13.046,70","R$ 15.845,21",,,,,,
HEAD3,,9.2.1.8,SINAPI,95565,"TUBO DE CONCRETO PARA REDES COLETORAS DE ÁGUAS PLUVIAIS, DIÂMETRO DE 300MM, JUNTA RÍGIDA, INSTALADO EM LOCAL COM BAIXO NÍVEL DE INTERFERÊNCIAS - FORNECIMENTO E ASSENTAMENTO. AF_03/2024",M,"139,70","46,00","R$ 6.426,20","R$ 7.804,61",,,,,,
HEAD3,,9.2.1.9,SINAPI,90105,"ESCAVAÇÃO MECANIZADA DE VALA COM PROFUNDIDADE ATÉ 1,5 M (MÉDIA MONTANTE E JUSANTE/UMA COMPOSIÇÃO POR TRECHO), RETROESCAV. (0,26 M3), LARGURA MENOR QUE 0,8 M, EM SOLO DE 1A CATEGORIA, LOCAIS COM BAIXO NÍVEL DE INTERFERÊNCIA. AF_09/2024",M3,"9,12","310,80","R$ 2.834,49","R$ 3.442,48",,,,,,
HEAD3,,9.2.1.10,SINAPI,93378,"REATERRO MECANIZADO DE VALA COM RETROESCAVADEIRA (CAPACIDADE DA CAÇAMBA   DA RETRO: 0,26 M³/POTÊNCIA: 88 HP), LARGURA ATÉ 0,8 M, PROFUNDIDADE ATÉ 1,5 M, COM SOLO (SEM SUBSTITUIÇÃO) DE 1ª CATEGORIA, COM COMPACTADOR DE SOLOS DE PERCUSSÃO. AF_08/2023",M3,"24,54","310,80","R$ 7.627,03","R$ 9.263,02",,,,,,
HEAD3,,9.2.1.11,SINAPI,101658,"LUMINÁRIA DE LED PARA ILUMINAÇÃO PÚBLICA, DE 138 W ATÉ 180 W - FORNECIMENTO E INSTALAÇÃO. AF_08/2020",UN,"544,70","25,00","R$ 13.617,50","R$ 16.538,45",,,,,,
HEAD3,,9.2.1.12,SINAPI,101657,"LUMINÁRIA DE LED PARA ILUMINAÇÃO PÚBLICA, DE 98 W ATÉ 137 W - FORNECIMENTO E INSTALAÇÃO. AF_08/2020",UN,"424,41","2,00","R$ 848,82","R$ 1.030,89",,,,,,
HEAD3,,9.2.1.13,UFCA,J0175,REFLETOR DE LED EM ALUMÍNIO COM DRIVE INTERNO. LUZ BRANCA. POTÊNCIA ATÉ 150W.,UN,"R$ 79,29","8,00","R$ 634,32","R$ 770,38",,,,,,
HEAD3,,9.2.1.14,SINAPI,91863,"ELETRODUTO RÍGIDO ROSCÁVEL, PVC, DN 25 MM (3/4""), PARA CIRCUITOS TERMINAIS, INSTALADO EM FORRO - FORNECIMENTO E INSTALAÇÃO. AF_03/2023",M,"11,56","24,00","R$ 277,44","R$ 336,95",,,,,,
HEAD3,,9.2.1.15,SINAPI,92982,"CABO DE COBRE FLEXÍVEL ISOLADO, 16 MM², ANTI-CHAMA 0,6/1,0 KV, PARA DISTRIBUIÇÃO - FORNECIMENTO E INSTALAÇÃO. AF_10/2020",M,"16,34","2175,00","R$ 35.539,50","R$ 43.162,72",,,,,,
HEAD3,,9.2.1.16,SINAPI,91929,"CABO DE COBRE FLEXÍVEL ISOLADO, 4 MM², ANTI-CHAMA 0,6/1,0 KV, PARA CIRCUITOS TERMINAIS - FORNECIMENTO E INSTALAÇÃO. AF_03/2023",M,"7,07","675,00","R$ 4.772,25","R$ 5.795,89",,,,,,
HEAD3,,9.2.1.17,SINAPI,91927,"CABO DE COBRE FLEXÍVEL ISOLADO, 2,5 MM², ANTI-CHAMA 0,6/1,0 KV, PARA CIRCUITOS TERMINAIS - FORNECIMENTO E INSTALAÇÃO. AF_03/2023",M,"4,79","580,00","R$ 2.778,20","R$ 3.374,12",,,,,,
HEAD2,,9.3,,,INSTALAÇÃO ELÉTRICA DE MÉDIA TENSÃO COM GERADOR E ALIMENTADORES GERAIS ,,,,,,,,,,,
HEAD2,,9.3.1,,,RAMAIS DE ALIMENTAÇÃO,,,,,,,,,,,
HEAD2,,9.3.1.1,,,RAMAL DE ALIMENTAÇÃO DO QGBT,,,,,,,,,,,
HEAD3,,9.3.1.1.1,SINAPI,93012,"ELETRODUTO RÍGIDO ROSCÁVEL, PVC, DN 110 MM (4""), PARA REDE ENTERRADA DE DISTRIBUIÇÃO DE ENERGIA ELÉTRICA - FORNECIMENTO E INSTALAÇÃO. AF_12/2021",M,"72,79","2,00","R$ 145,58","R$ 176,80",,,,,,
HEAD3,,9.3.1.1.2,SINAPI,93026,"CURVA 90 GRAUS PARA ELETRODUTO, PVC, ROSCÁVEL, DN 110 MM (4""), PARA REDE ENTERRADA DE DISTRIBUIÇÃO DE ENERGIA ELÉTRICA - FORNECIMENTO E INSTALAÇÃO. AF_12/2021",UN,"74,73","2,00","R$ 149,46","R$ 181,51",,,,,,
HEAD3,,9.3.1.1.3,SINAPI,93017,"LUVA PARA ELETRODUTO, PVC, ROSCÁVEL, DN 110 MM (4""), PARA REDE ENTERRADA DE DISTRIBUIÇÃO DE ENERGIA ELÉTRICA - FORNECIMENTO E INSTALAÇÃO. AF_12/2021",UN,"45,79","5,00","R$ 228,95","R$ 278,05",,,,,,
HEAD3,,9.3.1.1.4,SINAPI,97670,"ELETRODUTO FLEXÍVEL CORRUGADO, PEAD, DN 100 (4""), PARA REDE ENTERRADA DE DISTRIBUIÇÃO DE ENERGIA ELÉTRICA - FORNECIMENTO E INSTALAÇÃO. AF_12/2021",M,"25,89","109,20","R$ 2.827,18","R$ 3.433,61",,,,,,
HEAD3,,9.3.1.1.5,SINAPI,104166,"TUBO PVC, SÉRIE R, ÁGUA PLUVIAL, DN 150 MM, FORNECIDO E INSTALADO EM RAMAL DE ENCAMINHAMENTO. AF_06/2022",M,"62,98","5,60","R$ 352,68","R$ 428,32",,,,,,
HEAD3,,9.3.1.1.6,SINAPI,97888,"CAIXA ENTERRADA ELÉTRICA RETANGULAR, EM ALVENARIA COM TIJOLOS CERÂMICOS MACIÇOS, FUNDO COM BRITA, DIMENSÕES INTERNAS: 0,6X0,6X0,6 M. AF_12/2020",UN,"515,38","6,00","R$ 3.092,28","R$ 3.755,57",,,,,,
HEAD3,,9.3.1.1.7,SINAPI,93358,ESCAVAÇÃO MANUAL DE VALA. AF_09/2024,M3,"87,42","22,53","R$ 1.969,74","R$ 2.392,24",,,,,,
HEAD3,,9.3.1.1.8,SINAPI,104737,"REATERRO MANUAL DE VALAS, COM PLACA VIBRATÓRIA. AF_08/2023",M3,"22,21","19,46","R$ 432,20","R$ 524,90",,,,,,
HEAD3,,9.3.1.1.9,SINAPI,92998,"CABO DE COBRE FLEXÍVEL ISOLADO, 185 MM², ANTI-CHAMA 0,6/1,0 KV, PARA REDE ENTERRADA DE DISTRIBUIÇÃO DE ENERGIA ELÉTRICA - FORNECIMENTO E INSTALAÇÃO. AF_12/2021",M,"187,71","495,00","R$ 92.916,45","R$ 112.847,02",,,,,,
HEAD3,,9.3.1.1.10,UFCA,J0148,TERMINAL A COMPRESSÃO PARA CABO DE 150 mm² A 240mm²,UN,"R$ 48,56","18,00","R$ 874,08","R$ 1.061,57",,,,,,
HEAD2,,9.3.1.2,,,RAMAL DE ALIMENTAÇÃO DO QGBTE,,,,,,,,,,,
HEAD3,,9.3.1.2.1,SINAPI,93012,"ELETRODUTO RÍGIDO ROSCÁVEL, PVC, DN 110 MM (4""), PARA REDE ENTERRADA DE DISTRIBUIÇÃO DE ENERGIA ELÉTRICA - FORNECIMENTO E INSTALAÇÃO. AF_12/2021",M,"72,79","18,00","R$ 1.310,22","R$ 1.591,26",,,,,,
HEAD3,,9.3.1.2.2,SINAPI,93026,"CURVA 90 GRAUS PARA ELETRODUTO, PVC, ROSCÁVEL, DN 110 MM (4""), PARA REDE ENTERRADA DE DISTRIBUIÇÃO DE ENERGIA ELÉTRICA - FORNECIMENTO E INSTALAÇÃO. AF_12/2021",UN,"74,73","8,00","R$ 597,84","R$ 726,07",,,,,,
HEAD3,,9.3.1.2.3,SINAPI,93017,"LUVA PARA ELETRODUTO, PVC, ROSCÁVEL, DN 110 MM (4""), PARA REDE ENTERRADA DE DISTRIBUIÇÃO DE ENERGIA ELÉTRICA - FORNECIMENTO E INSTALAÇÃO. AF_12/2021",UN,"45,79","22,00","R$ 1.007,38","R$ 1.223,46",,,,,,
HEAD3,,9.3.1.2.4,SINAPI,97670,"ELETRODUTO FLEXÍVEL CORRUGADO, PEAD, DN 100 (4""), PARA REDE ENTERRADA DE DISTRIBUIÇÃO DE ENERGIA ELÉTRICA - FORNECIMENTO E INSTALAÇÃO. AF_12/2021",M,"25,89","40,00","R$ 1.035,60","R$ 1.257,73",,,,,,
HEAD3,,9.3.1.2.5,SINAPI,97888,"CAIXA ENTERRADA ELÉTRICA RETANGULAR, EM ALVENARIA COM TIJOLOS CERÂMICOS MACIÇOS, FUNDO COM BRITA, DIMENSÕES INTERNAS: 0,6X0,6X0,6 M. AF_12/2020",UN,"515,38","1,00","R$ 515,38","R$ 625,92",,,,,,
HEAD3,,9.3.1.2.6,SINAPI,93358,ESCAVAÇÃO MANUAL DE VALA. AF_09/2024,M3,"87,42","7,51","R$ 656,69","R$ 797,55",,,,,,
HEAD3,,9.3.1.2.7,SINAPI,104737,"REATERRO MANUAL DE VALAS, COM PLACA VIBRATÓRIA. AF_08/2023",M3,"22,21","7,00","R$ 155,47","R$ 188,81",,,,,,
HEAD3,,9.3.1.2.8,SINAPI,92996,"CABO DE COBRE FLEXÍVEL ISOLADO, 150 MM², ANTI-CHAMA 0,6/1,0 KV, PARA REDE ENTERRADA DE DISTRIBUIÇÃO DE ENERGIA ELÉTRICA - FORNECIMENTO E INSTALAÇÃO. AF_12/2021",M,"153,17","211,20","R$ 32.349,50","R$ 39.288,46",,,,,,
HEAD3,,9.3.1.2.9,SINAPI,92992,"CABO DE COBRE FLEXÍVEL ISOLADO, 95 MM², ANTI-CHAMA 0,6/1,0 KV, PARA REDE ENTERRADA DE DISTRIBUIÇÃO DE ENERGIA ELÉTRICA - FORNECIMENTO E INSTALAÇÃO. AF_12/2021",M,"97,46","26,40","R$ 2.572,94","R$ 3.124,83",,,,,,
HEAD3,,9.3.1.2.10,UFCA,J0148,TERMINAL A COMPRESSÃO PARA CABO DE 150 mm² A 240mm²,UN,"R$ 48,56","17,00","R$ 825,52","R$ 1.002,59",,,,,,
HEAD2,,9.3.2,,,GRUPO MOTOR GERADOR,,,,,,,,,,,
HEAD2,,9.3.2.1,,,MALHA DE ATERRAMENTO,,,,,,,,,,,
HEAD3,,9.3.2.1.1,SINAPI,96977,"CORDOALHA DE COBRE NU 50 MM², ENTERRADA - FORNECIMENTO E INSTALAÇÃO. AF_08/2023",M,"56,20","32,90","R$ 1.848,98","R$ 2.245,58",,,,,,
HEAD3,,9.3.2.1.2,SINAPI,96985,"HASTE DE ATERRAMENTO, DIÂMETRO 5/8"", COM 3 METROS - FORNECIMENTO E INSTALAÇÃO. AF_08/2023",UN,"77,24","6,00","R$ 463,44","R$ 562,84",,,,,,
HEAD3,,9.3.2.1.3,UFCA,J0032,SOLDA EXOTÉRMICA,UN,"R$ 40,42","6,00","R$ 242,52","R$ 294,54",,,,,,
HEAD3,,9.3.2.1.4,SINAPI,97886,"CAIXA ENTERRADA ELÉTRICA RETANGULAR, EM ALVENARIA COM TIJOLOS CERÂMICOS MACIÇOS, FUNDO COM BRITA, DIMENSÕES INTERNAS: 0,3X0,3X0,3 M. AF_12/2020",UN,"169,97","4,00","R$ 679,88","R$ 825,71",,,,,,
HEAD3,,9.3.2.1.5,SINAPI,93358,ESCAVAÇÃO MANUAL DE VALA. AF_09/2024,M3,"87,42","3,91","R$ 341,37","R$ 414,59",,,,,,
HEAD3,,9.3.2.1.6,SINAPI,104737,"REATERRO MANUAL DE VALAS, COM PLACA VIBRATÓRIA. AF_08/2023",M3,"22,21","3,41","R$ 75,62","R$ 91,84",,,,,,
HEAD2,,9.3.3,,,SUBESTAÇÃO DE ENERGIA ELÉTRICA,,,,,,,,,,,
HEAD2,,9.3.3.1,,, SUBESTAÇÕES ELÉTRICAS AÉREAS DE 300 KVA,,,,,,,,,,,
HEAD3,,9.3.3.1.1,UFCA,J0169,CAIXA DE PROTEÇÃO SECUNDÁRIA EM CHAPA DE AÇO ZINCADA (420X270X200)MM PARA DISJUNTOR TRIFÁSICO DE 100A À 630A. INCLUSO CONEXÕES E SUPORTE PARA FIXAÇÃO NO POSTE - FORNECIMENTO E INSTALAÇÃO,UN,"R$ 262,52","1,00","R$ 262,52","R$ 318,83",,,,,,
HEAD3,,9.3.3.1.2,SINAPI,101899,"DISJUNTOR TERMOMAGNÉTICO TRIPOLAR , CORRENTE NOMINAL DE 600A - FORNECIMENTO E INSTALAÇÃO. AF_10/2020",UN,"2.067,60","1,00","R$ 2.067,60","R$ 2.511,10",,,,,,
HEAD3,,9.3.3.1.3,SINAPI,92998,"CABO DE COBRE FLEXÍVEL ISOLADO, 185 MM², ANTI-CHAMA 0,6/1,0 KV, PARA REDE ENTERRADA DE DISTRIBUIÇÃO DE ENERGIA ELÉTRICA - FORNECIMENTO E INSTALAÇÃO. AF_12/2021",M,"187,71","108,00","R$ 20.272,68","R$ 24.621,16",,,,,,
HEAD3,,9.3.3.1.4,UFCA,J0148,TERMINAL A COMPRESSÃO PARA CABO DE 150 mm² A 240mm²,UN,"R$ 48,56","9,00","R$ 437,04","R$ 530,78",,,,,,
HEAD3,,9.3.3.1.5,SINAPI,93012,"ELETRODUTO RÍGIDO ROSCÁVEL, PVC, DN 110 MM (4""), PARA REDE ENTERRADA DE DISTRIBUIÇÃO DE ENERGIA ELÉTRICA - FORNECIMENTO E INSTALAÇÃO. AF_12/2021",M,"72,79","18,00","R$ 1.310,22","R$ 1.591,26",,,,,,
HEAD3,,9.3.3.1.6,SINAPI,93026,"CURVA 90 GRAUS PARA ELETRODUTO, PVC, ROSCÁVEL, DN 110 MM (4""), PARA REDE ENTERRADA DE DISTRIBUIÇÃO DE ENERGIA ELÉTRICA - FORNECIMENTO E INSTALAÇÃO. AF_12/2021",UN,"74,73","6,00","R$ 448,38","R$ 544,55",,,,,,
HEAD3,,9.3.3.1.7,SINAPI,93017,"LUVA PARA ELETRODUTO, PVC, ROSCÁVEL, DN 110 MM (4""), PARA REDE ENTERRADA DE DISTRIBUIÇÃO DE ENERGIA ELÉTRICA - FORNECIMENTO E INSTALAÇÃO. AF_12/2021",UN,"45,79","18,00","R$ 824,22","R$ 1.001,01",,,,,,
HEAD3,,9.3.3.1.8,UFCA,J0182,"POSTE DE CONCRETO ARMADO DE SECAO DUPLO T, EXTENSAO DE 12,00 M, RESISTENCIA DE 1000 DAN, TIPO B-1,5 ",UN,"R$ 3.033,49","1,00","R$ 3.033,49","R$ 3.684,17",,,,,,
HEAD3,,9.3.3.1.9,UFCA,J0153,PARA RAIO DE DISTRIBUIÇÃO 15 KV TIPO POLIMÉRICO - FORNECIMENTO E INSTALAÇÃO,UN,"R$ 285,45","3,00","R$ 856,35","R$ 1.040,03",,,,,,
HEAD3,,9.3.3.1.10,UFCA,J0154,FITA DE INOX P/ FIXAÇÃO DE ELETRODUTO - FORNECIMENTO E INSTALAÇÃO,M,"R$ 10,15","4,00","R$ 40,60","R$ 49,30",,,,,,
HEAD3,,9.3.3.1.11,UFCA,J0158,"CABO DE ALUMÍNIO SIMPLES, TIPO CAA, BITOLA 4 AWG - FORNECIMENTO E INSTALAÇÃO",M,"R$ 4,29","12,00","R$ 51,48","R$ 62,52",,,,,,
HEAD3,,9.3.3.1.12,UFCA,J0155,CONECTOR CUNHA - FORNECIMENTO E INSTALAÇÃO,UN,"R$ 24,71","3,00","R$ 74,13","R$ 90,03",,,,,,
HEAD3,,9.3.3.1.13,UFCA,J0156,ESTRUTURA TIPO CFR (CONJUNTO TRIFÁSICO DE CHAVE FUSÍVEIS EM CRUZETA REBAIXADA),UN,"R$ 1.512,89","1,00","R$ 1.512,89","R$ 1.837,40",,,,,,
HEAD3,,9.3.3.1.14,UFCA,J0157,ESTRUTURA DE REDE DE DISTRIBUIÇÃO PADRÃO ENEL/CE TIPO N3 - FORNECIMENTO E INSTALAÇÃO,UN,"R$ 813,37","1,00","R$ 813,37","R$ 987,83",,,,,,
HEAD3,,9.3.3.1.15,SINAPI,102108,"TRANSFORMADOR DE DISTRIBUIÇÃO, 300 KVA, TRIFÁSICO, 60 HZ, CLASSE 15 KV, IMERSO EM ÓLEO MINERAL, INSTALAÇÃO EM POSTE (NÃO INCLUSO SUPORTE) - FORNECIMENTO E INSTALAÇÃO. AF_12/2020",UN,"39.273,92","1,00","R$ 39.273,92","R$ 47.698,17",,,,,,
HEAD3,,9.3.3.1.16,SINAPI,102110,SUPORTE PARA TRANSFORMADOR EM POSTE DE CONCRETO DUPLO T - FORNECIMENTO E INSTALAÇÃO. AF_12/2020,UN,"173,00","1,00","R$ 173,00","R$ 210,10",,,,,,
HEAD2,,9.3.3.2,,,MALHA DE ATERRAMENTO,,,,,,,,,,,
HEAD3,,9.3.3.2.1,SINAPI,96977,"CORDOALHA DE COBRE NU 50 MM², ENTERRADA - FORNECIMENTO E INSTALAÇÃO. AF_08/2023",M,"56,20","38,10","R$ 2.141,22","R$ 2.600,51",,,,,,
HEAD3,,9.3.3.2.2,SINAPI,96985,"HASTE DE ATERRAMENTO, DIÂMETRO 5/8"", COM 3 METROS - FORNECIMENTO E INSTALAÇÃO. AF_08/2023",UN,"77,24","6,00","R$ 463,44","R$ 562,84",,,,,,
HEAD3,,9.3.3.2.3,UFCA,J0032,SOLDA EXOTÉRMICA,UN,"R$ 40,42","6,00","R$ 242,52","R$ 294,54",,,,,,
HEAD3,,9.3.3.2.4,SINAPI,97886,"CAIXA ENTERRADA ELÉTRICA RETANGULAR, EM ALVENARIA COM TIJOLOS CERÂMICOS MACIÇOS, FUNDO COM BRITA, DIMENSÕES INTERNAS: 0,3X0,3X0,3 M. AF_12/2020",UN,"169,97","3,00","R$ 509,91","R$ 619,28",,,,,,
HEAD3,,9.3.3.2.5,SINAPI,93358,ESCAVAÇÃO MANUAL DE VALA. AF_09/2024,M3,"87,42","3,08","R$ 268,81","R$ 326,46",,,,,,
HEAD3,,9.3.3.2.6,SINAPI,104737,"REATERRO MANUAL DE VALAS, COM PLACA VIBRATÓRIA. AF_08/2023",M3,"22,21","2,70","R$ 59,96","R$ 72,82",,,,,,
HEAD2,,9.3.4,,,REDE DE DISTRIBUIÇÃO AÉREA,,,,,,,,,,,
HEAD2,,9.3.4.1,,,AMPLIAÇÃO DA REDE DE DISTRIBUIÇÃO EM MÉDIA TENSÃO,,,,,,,,,,,
HEAD3,,9.3.4.1.1,UFCA,J0158,"CABO DE ALUMÍNIO SIMPLES, TIPO CAA, BITOLA 4 AWG - FORNECIMENTO E INSTALAÇÃO",M,"R$ 4,29","1008,00","R$ 4.324,32","R$ 5.251,88",,,,,,
HEAD3,,9.3.4.1.2,UFCA,J0183,"POSTE DE CONCRETO ARMADO DE SECAO DUPLO T, EXTENSAO DE 12,00 M, RESISTENCIA DE 300 A 400 DAN, TIPO B OU D",UN,"R$ 1.547,17","5,00","R$ 7.735,85","R$ 9.395,18",,,,,,
HEAD3,,9.3.4.1.3,UFCA,J0184,"POSTE DE CONCRETO ARMADO DE SECAO DUPLO T, EXTENSAO DE 12,00 M, RESISTENCIA DE 600 DAN, TIPO B",UN,"R$ 2.051,45","5,00","R$ 10.257,25","R$ 12.457,43",,,,,,
HEAD3,,9.3.4.1.4,UFCA,J0159,"REMOÇÃO DE POSTE 12 M, CARGA NOMINAL MENOR OU IGUAL A 1000 DAN, ENGASTAMENTO SIMPLES COM 1,8 M",UN,"R$ 205,57","1,00","R$ 205,57","R$ 249,66",,,,,,
HEAD3,,9.3.4.1.5,UFCA,J0160,"ESTRUTURA DE REDE DE DISTRIBUIÇÃO PADRÃO ENEL/CE TIPO N1, M1 OU B1 - FORNECIMENTO E INSTALAÇÃO",UN,"R$ 395,41","2,00","R$ 790,82","R$ 960,45",,,,,,
HEAD3,,9.3.4.1.6,UFCA,J0161,"ESTRUTURA DE REDE DE DISTRIBUIÇÃO PADRÃO ENEL/CE TIPO N2, M2 OU B2 - FORNECIMENTO E INSTALAÇÃO",UN,"R$ 717,73","3,00","R$ 2.153,19","R$ 2.615,04",,,,,,
HEAD3,,9.3.4.1.7,UFCA,J0162,ESTRUTURA DE REDE DE DISTRIBUIÇÃO PADRÃO ENEL/CE TIPO N4 - FORNECIMENTO E INSTALAÇÃO,UN,"R$ 1.441,09","3,00","R$ 4.323,27","R$ 5.250,61",,,,,,
HEAD3,,9.3.4.1.8,UFCA,J0163,ESTRUTURA DE REDE DE DISTRIBUIÇÃO PADRÃO ENEL/CE TIPO N3.M3 OU N3.B3 - FORNECIMENTO E INSTALAÇÃO,UN,"R$ 1.693,28","1,00","R$ 1.693,28","R$ 2.056,48",,,,,,
HEAD3,,9.3.4.1.9,UFCA,J0164,TRANSFORMAÇÃO DE ESTRUTURA DE REDE DE DISTRIBUIÇÃO PADRÃO ENEL/CE N3 EM N4 - FORNECIMENTO E INSTALAÇÃO,UN,"R$ 945,57","1,00","R$ 945,57","R$ 1.148,39",,,,,,
HEAD3,,9.3.4.1.10,UFCA,J0165,"DESMONTAGEM E REMONTAGEM DE ESTRUTURA N3.M3CF, REUTILIZANDO TODO MATERIAL EXISTENTE (CRUZETAS, FERRAGENS, CHAVES FUSÍVEL, CABOS, ISOLADORES, ETC)",UN,"R$ 209,25","1,00","R$ 209,25","R$ 254,13",,,,,,
HEAD2,,9.3.4.2,,,AJUSTE NO CIRCUITO DE ILUMINAÇÃO VIÁRIA,,,,,,,,,,,
HEAD3,,9.3.4.2.1,UFCA,J0159,"REMOÇÃO DE POSTE 12 M, CARGA NOMINAL MENOR OU IGUAL A 1000 DAN, ENGASTAMENTO SIMPLES COM 1,8 M",UN,"R$ 205,57","4,00","R$ 822,28","R$ 998,65",,,,,,
HEAD3,,9.3.4.2.2,SINAPI,101636,"BRAÇO PARA ILUMINAÇÃO PÚBLICA, EM TUBO DE AÇO GALVANIZADO, COMPRIMENTO DE 1,50 M, PARA FIXAÇÃO EM POSTE DE CONCRETO - FORNECIMENTO E INSTALAÇÃO. AF_08/2020",UN,"156,66","8,00","R$ 1.253,28","R$ 1.522,10",,,,,,
HEAD3,,9.3.4.2.3,UFCA,J0168,REMOÇÃO E REINSTALAÇÃO DE LUMINÁRIA LED DE ALUMÍNIO POTÊNCIA 150 A 200W EM POSTE REUTILIZANDO OS CABOS INSTALADOS,UN,"R$ 162,49","8,00","R$ 1.299,92","R$ 1.578,75",,,,,,
HEAD3,,9.3.4.2.4,SINAPI,93008,"ELETRODUTO RÍGIDO ROSCÁVEL, PVC, DN 50 MM (1 1/2""), PARA REDE ENTERRADA DE DISTRIBUIÇÃO DE ENERGIA ELÉTRICA - FORNECIMENTO E INSTALAÇÃO. AF_12/2021",M,"18,98","11,00","R$ 208,78","R$ 253,56",,,,,,
HEAD3,,9.3.4.2.5,SINAPI,93013,"LUVA PARA ELETRODUTO, PVC, ROSCÁVEL, DN 50 MM (1 1/2""), PARA REDE ENTERRADA DE DISTRIBUIÇÃO DE ENERGIA ELÉTRICA - FORNECIMENTO E INSTALAÇÃO. AF_12/2021",UN,"14,92","4,00","R$ 59,68","R$ 72,48",,,,,,
HEAD3,,9.3.4.2.6,SINAPI,97888,"CAIXA ENTERRADA ELÉTRICA RETANGULAR, EM ALVENARIA COM TIJOLOS CERÂMICOS MACIÇOS, FUNDO COM BRITA, DIMENSÕES INTERNAS: 0,6X0,6X0,6 M. AF_12/2020",UN,"515,38","2,00","R$ 1.030,76","R$ 1.251,85",,,,,,
HEAD3,,9.3.4.2.7,SINAPI,93358,ESCAVAÇÃO MANUAL DE VALA. AF_09/2024,M3,"87,42","2,95","R$ 257,80","R$ 313,09",,,,,,
HEAD3,,9.3.4.2.8,SINAPI,104737,"REATERRO MANUAL DE VALAS, COM PLACA VIBRATÓRIA. AF_08/2023",M3,"22,21","1,93","R$ 42,75","R$ 51,91",,,,,,
HEAD3,,9.3.4.2.9,SINAPI,91935,"CABO DE COBRE FLEXÍVEL ISOLADO, 16 MM², ANTI-CHAMA 0,6/1,0 KV, PARA CIRCUITOS TERMINAIS - FORNECIMENTO E INSTALAÇÃO. AF_03/2023",M,"24,97","33,00","R$ 824,01","R$ 1.000,76",,,,,,
HEAD2,,9.4,,,SISTEMA DE PROTEÇÃO CONTRA DESCARGAS ATMOSFÉRICAS (SPDA),,,,,,,,,,,
HEAD2,,9.4.1,,,"CAIXAS, CABOS E ACESSÓRIOS",,,,,,,,,,,
HEAD3,,9.4.1.1,SINAPI,97881,"CAIXA ENTERRADA ELÉTRICA RETANGULAR, EM CONCRETO PRÉ-MOLDADO, FUNDO COM BRITA, DIMENSÕES INTERNAS: 0,3X0,3X0,3 M. AF_12/2020",UN,"142,41","32,00","R$ 4.557,12","R$ 5.534,62",,,,,,
HEAD3,,9.4.1.2,SINAPI,96985,"HASTE DE ATERRAMENTO, DIÂMETRO 5/8"", COM 3 METROS - FORNECIMENTO E INSTALAÇÃO. AF_08/2023",UN,"77,24","51,00","R$ 3.939,24","R$ 4.784,20",,,,,,
HEAD3,,9.4.1.3,SINAPI,96977,"CORDOALHA DE COBRE NU 50 MM², ENTERRADA - FORNECIMENTO E INSTALAÇÃO. AF_08/2023",M,"56,20","558,00","R$ 31.359,60","R$ 38.086,23",,,,,,
HEAD3,,9.4.1.4,SINAPI,90105,"ESCAVAÇÃO MECANIZADA DE VALA COM PROFUNDIDADE ATÉ 1,5 M (MÉDIA MONTANTE E JUSANTE/UMA COMPOSIÇÃO POR TRECHO), RETROESCAV. (0,26 M3), LARGURA MENOR QUE 0,8 M, EM SOLO DE 1A CATEGORIA, LOCAIS COM BAIXO NÍVEL DE INTERFERÊNCIA. AF_09/2024",M3,"9,12","143,40","R$ 1.307,80","R$ 1.588,32",,,,,,
HEAD3,,9.4.1.5,SINAPI,93378,"REATERRO MECANIZADO DE VALA COM RETROESCAVADEIRA (CAPACIDADE DA CAÇAMBA   DA RETRO: 0,26 M³/POTÊNCIA: 88 HP), LARGURA ATÉ 0,8 M, PROFUNDIDADE ATÉ 1,5 M, COM SOLO (SEM SUBSTITUIÇÃO) DE 1ª CATEGORIA, COM COMPACTADOR DE SOLOS DE PERCUSSÃO. AF_08/2023",M3,"24,54","143,40","R$ 3.519,03","R$ 4.273,86",,,,,,
HEAD3,,9.4.1.6,UFCA,J0032,SOLDA EXOTÉRMICA,UN,"R$ 40,42","51,00","R$ 2.061,42","R$ 2.503,59",,,,,,
HEAD3,,9.4.1.7,UFCA,J0101,"BARRA DE AÇO REDONDA RE-BAR 3/8” x 3,00m",UN,"R$ 56,25","101,00","R$ 5.681,25","R$ 6.899,87",,,,,,
HEAD3,,9.4.1.8,UFCA,J0085,"CAIXA DE EQUIPOTENCIALIZAÇÃO EM  AÇO, COM 9 TERMINAIS",UN,"R$ 363,87","2,00","R$ 727,74","R$ 883,84",,,,,,
HEAD3,,9.4.1.9,UFCA,J0097,BARRA CHATA DE ALUMÍNIO 7/8”x 1/8”,M,"R$ 16,29","808,00","R$ 13.162,32","R$ 15.985,63",,,,,,
HEAD3,,9.4.1.10,UFCA,J0120,PARAFUSO INOX COM PORCA DE ¼”,UN,"R$ 5,88","808,00","R$ 4.751,04","R$ 5.770,13",,,,,,
HEAD3,,9.4.1.11,UFCA,J0123,SUPORTE ISOLADOR COLÁVEL/PARAFUSÁVEL PARA BARRA CHATA DE ALUMÍNIO,UN,"R$ 14,56","808,00","R$ 11.764,48","R$ 14.287,96",,,,,,
HEAD3,,9.4.1.12,SINAPI,96988,"MASTRO 1 ½"", COM 3 METROS, PARA SPDA - FORNECIMENTO E INSTALAÇÃO. AF_08/2023",UN,"172,04","2,00","R$ 344,08","R$ 417,88",,,,,,
HEAD3,,9.4.1.13,SINAPI,96987,"BASE METÁLICA PARA MASTRO 1 ½""  PARA SPDA - FORNECIMENTO E INSTALAÇÃO. AF_08/2023",UN,"127,11","2,00","R$ 254,22","R$ 308,75",,,,,,
HEAD3,,9.4.1.14,SINAPI,96973,"CORDOALHA DE COBRE NU 35 MM², NÃO ENTERRADA, COM ISOLADOR - FORNECIMENTO E INSTALAÇÃO. AF_08/2023",M,"69,19","70,00","R$ 4.843,30","R$ 5.882,18",,,,,,
HEAD3,,9.4.1.15,UFCA,J0031,APARELHO SINALIZADOR DE OBSTÁCULOS C/CÉLULA FOTOELÉTRICA,UN,"R$ 166,28","2,00","R$ 332,56","R$ 403,89",,,,,,
HEAD3,,9.4.1.16,UFCA,J0098,"CONECTOR METÁLICO TIPO PARAFUSO FENDIDO (SPLIT BOLT), PARA CABOS ATE 50 MM2",UN,"R$ 19,64","60,00","R$ 1.178,40","R$ 1.431,16",,,,,,
HEAD3,,9.4.1.17,UFCA,J0205,SUPORTE GUIA SIMPLES PARA CORDOALHA DE COBRE,UN,"R$ 10,67","15,00","R$ 160,05","R$ 194,38",,,,,,
HEAD2,,9.5,,,QUADROS,,,,,,,,,,,
HEAD2,,9.5.1,,,QUADRO GERAL DE BAIXA TENSÃO – QGBT,,,,,,,,,,,
HEAD3,,9.5.1.1,UFCA,J0176,"QUADRO DE DISTRIBUIÇÃO GERAL BAIXA TENSÃO, C/ACESSÓRIOS- 1UN DE MEDIÇÃO - FORNECIMENTO E INSTALAÇÃO",UN,"R$ 1.803,64","1,00","R$ 1.803,64","R$ 2.190,52",,,,,,
HEAD3,,9.5.1.2,SINAPI,101899,"DISJUNTOR TERMOMAGNÉTICO TRIPOLAR , CORRENTE NOMINAL DE 600A - FORNECIMENTO E INSTALAÇÃO. AF_10/2020",UN,"2.067,60","1,00","R$ 2.067,60","R$ 2.511,10",,,,,,
HEAD3,,9.5.1.3,SINAPI,101898,"DISJUNTOR TERMOMAGNÉTICO TRIPOLAR , CORRENTE NOMINAL DE 400A - FORNECIMENTO E INSTALAÇÃO. AF_10/2020",UN,"1.296,66","1,00","R$ 1.296,66","R$ 1.574,79",,,,,,
HEAD3,,9.5.1.4,SINAPI,101895,"DISJUNTOR TERMOMAGNÉTICO TRIPOLAR , CORRENTE NOMINAL DE 125A - FORNECIMENTO E INSTALAÇÃO. AF_10/2020",UN,"411,60","1,00","R$ 411,60","R$ 499,88",,,,,,
HEAD3,,9.5.1.5,SINAPI,101894,"DISJUNTOR TRIPOLAR TIPO NEMA, CORRENTE NOMINAL DE 60 ATÉ 100A - FORNECIMENTO E INSTALAÇÃO. AF_10/2020",UN,"153,75","6,00","R$ 922,50","R$ 1.120,37",,,,,,
HEAD3,,9.5.1.6,SINAPI,101893,"DISJUNTOR TRIPOLAR TIPO NEMA, CORRENTE NOMINAL DE 10 ATÉ 50A - FORNECIMENTO E INSTALAÇÃO. AF_10/2020",UN,"88,28","1,00","R$ 88,28","R$ 107,21",,,,,,
HEAD3,,9.5.1.7,UFCA,J0177,DISPOSITIVO DE PROTEÇÃO CONTRA SURTOS DE TENSÃO (DPS) - 40 KA/275V - FORNECIMENTO E INSTALAÇÃO,UN,"R$ 115,18","4,00","R$ 460,72","R$ 559,54",,,,,,
HEAD3,,9.5.1.8,UFCA,J0152,TRANSFORMADOR DE CORRENTE EM QD - FAIXA 400 A 500/5A - FORNECIMENTO E INSTALAÇÃO,UN,"R$ 188,01","3,00","R$ 564,03","R$ 685,01",,,,,,
HEAD3,,9.5.1.9,UFCA,J0178,MULTIMEDIDOR DE GRANDEZAS ELÉTRICAS - FORNECIMENTO E INSTALAÇÃO,UN,"R$ 2.846,33","1,00","R$ 2.846,33","R$ 3.456,86",,,,,,
HEAD3,,9.5.1.10,UFCA,J0148,TERMINAL A COMPRESSÃO PARA CABO DE 150 mm² A 240mm²,UN,"R$ 48,56","9,00","R$ 437,04","R$ 530,78",,,,,,
HEAD2,,9.5.2,,,QUADRO GERAL DE BAIXA TENSÃO ESSENCIAL – QGBTE,,,,,,,,,,,
HEAD3,,9.5.2.1,UFCA,J0176,"QUADRO DE DISTRIBUIÇÃO GERAL BAIXA TENSÃO, C/ACESSÓRIOS- 1UN DE MEDIÇÃO - FORNECIMENTO E INSTALAÇÃO",UN,"R$ 1.803,64","1,00","R$ 1.803,64","R$ 2.190,52",,,,,,
HEAD3,,9.5.2.2,SINAPI,101898,"DISJUNTOR TERMOMAGNÉTICO TRIPOLAR , CORRENTE NOMINAL DE 400A - FORNECIMENTO E INSTALAÇÃO. AF_10/2020",UN,"1.296,66","1,00","R$ 1.296,66","R$ 1.574,79",,,,,,
HEAD3,,9.5.2.3,SINAPI,101894,"DISJUNTOR TRIPOLAR TIPO NEMA, CORRENTE NOMINAL DE 60 ATÉ 100A - FORNECIMENTO E INSTALAÇÃO. AF_10/2020",UN,"153,75","2,00","R$ 307,50","R$ 373,45",,,,,,
HEAD3,,9.5.2.4,SINAPI,101895,"DISJUNTOR TERMOMAGNÉTICO TRIPOLAR , CORRENTE NOMINAL DE 125A - FORNECIMENTO E INSTALAÇÃO. AF_10/2020",UN,"411,60","5,00","R$ 2.058,00","R$ 2.499,44",,,,,,
HEAD3,,9.5.2.5,UFCA,J0177,DISPOSITIVO DE PROTEÇÃO CONTRA SURTOS DE TENSÃO (DPS) - 40 KA/275V - FORNECIMENTO E INSTALAÇÃO,UN,"R$ 115,18","4,00","R$ 460,72","R$ 559,54",,,,,,
HEAD3,,9.5.2.6,UFCA,J0180,TRANSFORMADOR DE CORRENTE EM QD - FAIXA 200 A 400/5A - FORNECIMENTO E INSTALAÇÃO,UN,"R$ 178,45","3,00","R$ 535,35","R$ 650,18",,,,,,
HEAD3,,9.5.2.7,UFCA,J0178,MULTIMEDIDOR DE GRANDEZAS ELÉTRICAS - FORNECIMENTO E INSTALAÇÃO,UN,"R$ 2.846,33","1,00","R$ 2.846,33","R$ 3.456,86",,,,,,
HEAD3,,9.5.2.8,UFCA,J0138,TERMINAL A COMPRESSÃO PARA CABO DE 50 mm² A 120mm²,UN,"R$ 16,98","9,00","R$ 152,82","R$ 185,59",,,,,,
HEAD2,,9.5.3,,,QLF1,,,,,,,,,,,
HEAD3,,9.5.3.1,SINAPI,101881,"QUADRO DE DISTRIBUIÇÃO DE ENERGIA EM CHAPA DE AÇO GALVANIZADO, DE EMBUTIR, COM BARRAMENTO TRIFÁSICO, PARA 40 DISJUNTORES DIN 100A - FORNECIMENTO E INSTALAÇÃO. AF_10/2020",UN,"882,72","1,00","R$ 882,72","R$ 1.072,06",,,,,,
HEAD3,,9.5.3.2,SINAPI,93654,"DISJUNTOR MONOPOLAR TIPO DIN, CORRENTE NOMINAL DE 16A - FORNECIMENTO E INSTALAÇÃO. AF_10/2020",UN,"12,00","3,00","R$ 36,00","R$ 43,72",,,,,,
HEAD3,,9.5.3.3,SINAPI,93655,"DISJUNTOR MONOPOLAR TIPO DIN, CORRENTE NOMINAL DE 20A - FORNECIMENTO E INSTALAÇÃO. AF_10/2020",UN,"13,29","19,00","R$ 252,51","R$ 306,67",,,,,,
HEAD3,,9.5.3.4,SINAPI,101894,"DISJUNTOR TRIPOLAR TIPO NEMA, CORRENTE NOMINAL DE 60 ATÉ 100A - FORNECIMENTO E INSTALAÇÃO. AF_10/2020",UN,"153,75","2,00","R$ 307,50","R$ 373,45",,,,,,
HEAD3,,9.5.3.5,UFCA,J0177,DISPOSITIVO DE PROTEÇÃO CONTRA SURTOS DE TENSÃO (DPS) - 40 KA/275V - FORNECIMENTO E INSTALAÇÃO,UN,"R$ 115,18","4,00","R$ 460,72","R$ 559,54",,,,,,
HEAD3,,9.5.3.6,UFCA,J0136,TERMINAL A COMPRESSÃO PARA CABO DE 10 mm² A 16mm²,UN,"R$ 7,28","2,00","R$ 14,56","R$ 17,68",,,,,,
HEAD3,,9.5.3.7,UFCA,J0137,TERMINAL A COMPRESSÃO PARA CABO DE 25 mm² A 35mm²,UN,"R$ 8,40","8,00","R$ 67,20","R$ 81,61",,,,,,
HEAD2,,9.5.4,,,QLF2,,,,,,,,,,,
HEAD3,,9.5.4.1,SINAPI,101881,"QUADRO DE DISTRIBUIÇÃO DE ENERGIA EM CHAPA DE AÇO GALVANIZADO, DE EMBUTIR, COM BARRAMENTO TRIFÁSICO, PARA 40 DISJUNTORES DIN 100A - FORNECIMENTO E INSTALAÇÃO. AF_10/2020",UN,"882,72","1,00","R$ 882,72","R$ 1.072,06",,,,,,
HEAD3,,9.5.4.2,SINAPI,93654,"DISJUNTOR MONOPOLAR TIPO DIN, CORRENTE NOMINAL DE 16A - FORNECIMENTO E INSTALAÇÃO. AF_10/2020",UN,"12,00","4,00","R$ 48,00","R$ 58,29",,,,,,
HEAD3,,9.5.4.3,SINAPI,93655,"DISJUNTOR MONOPOLAR TIPO DIN, CORRENTE NOMINAL DE 20A - FORNECIMENTO E INSTALAÇÃO. AF_10/2020",UN,"13,29","25,00","R$ 332,25","R$ 403,51",,,,,,
HEAD3,,9.5.4.4,SINAPI,101895,"DISJUNTOR TERMOMAGNÉTICO TRIPOLAR , CORRENTE NOMINAL DE 125A - FORNECIMENTO E INSTALAÇÃO. AF_10/2020",UN,"411,60","1,00","R$ 411,60","R$ 499,88",,,,,,
HEAD3,,9.5.4.5,SINAPI,101894,"DISJUNTOR TRIPOLAR TIPO NEMA, CORRENTE NOMINAL DE 60 ATÉ 100A - FORNECIMENTO E INSTALAÇÃO. AF_10/2020",UN,"153,75","1,00","R$ 153,75","R$ 186,72",,,,,,
HEAD3,,9.5.4.6,UFCA,J0177,DISPOSITIVO DE PROTEÇÃO CONTRA SURTOS DE TENSÃO (DPS) - 40 KA/275V - FORNECIMENTO E INSTALAÇÃO,UN,"R$ 115,18","4,00","R$ 460,72","R$ 559,54",,,,,,
HEAD3,,9.5.4.7,UFCA,J0137,TERMINAL A COMPRESSÃO PARA CABO DE 25 mm² A 35mm²,UN,"R$ 8,40","2,00","R$ 16,80","R$ 20,40",,,,,,
HEAD3,,9.5.4.8,UFCA,J0138,TERMINAL A COMPRESSÃO PARA CABO DE 50 mm² A 120mm²,UN,"R$ 16,98","8,00","R$ 135,84","R$ 164,97",,,,,,
HEAD2,,9.5.5,,,QLAB1,,,,,,,,,,,
HEAD3,,9.5.5.1,SINAPI,101881,"QUADRO DE DISTRIBUIÇÃO DE ENERGIA EM CHAPA DE AÇO GALVANIZADO, DE EMBUTIR, COM BARRAMENTO TRIFÁSICO, PARA 40 DISJUNTORES DIN 100A - FORNECIMENTO E INSTALAÇÃO. AF_10/2020",UN,"882,72","1,00","R$ 882,72","R$ 1.072,06",,,,,,
HEAD3,,9.5.5.2,SINAPI,93654,"DISJUNTOR MONOPOLAR TIPO DIN, CORRENTE NOMINAL DE 16A - FORNECIMENTO E INSTALAÇÃO. AF_10/2020",UN,"12,00","1,00","R$ 12,00","R$ 14,57",,,,,,
HEAD3,,9.5.5.3,SINAPI,93655,"DISJUNTOR MONOPOLAR TIPO DIN, CORRENTE NOMINAL DE 20A - FORNECIMENTO E INSTALAÇÃO. AF_10/2020",UN,"13,29","14,00","R$ 186,06","R$ 225,96",,,,,,
HEAD3,,9.5.5.4,SINAPI,101893,"DISJUNTOR TRIPOLAR TIPO NEMA, CORRENTE NOMINAL DE 10 ATÉ 50A - FORNECIMENTO E INSTALAÇÃO. AF_10/2020",UN,"88,28","1,00","R$ 88,28","R$ 107,21",,,,,,
HEAD3,,9.5.5.5,SINAPI,101894,"DISJUNTOR TRIPOLAR TIPO NEMA, CORRENTE NOMINAL DE 60 ATÉ 100A - FORNECIMENTO E INSTALAÇÃO. AF_10/2020",UN,"153,75","1,00","R$ 153,75","R$ 186,72",,,,,,
HEAD3,,9.5.5.6,UFCA,J0177,DISPOSITIVO DE PROTEÇÃO CONTRA SURTOS DE TENSÃO (DPS) - 40 KA/275V - FORNECIMENTO E INSTALAÇÃO,UN,"R$ 115,18","4,00","R$ 460,72","R$ 559,54",,,,,,
HEAD3,,9.5.5.7,UFCA,J0136,TERMINAL A COMPRESSÃO PARA CABO DE 10 mm² A 16mm²,UN,"R$ 7,28","10,00","R$ 72,80","R$ 88,41",,,,,,
HEAD2,,9.5.6,,,QLAB2,,,,,,,,,,,
HEAD3,,9.5.6.1,SINAPI,101881,"QUADRO DE DISTRIBUIÇÃO DE ENERGIA EM CHAPA DE AÇO GALVANIZADO, DE EMBUTIR, COM BARRAMENTO TRIFÁSICO, PARA 40 DISJUNTORES DIN 100A - FORNECIMENTO E INSTALAÇÃO. AF_10/2020",UN,"882,72","1,00","R$ 882,72","R$ 1.072,06",,,,,,
HEAD3,,9.5.6.2,SINAPI,93654,"DISJUNTOR MONOPOLAR TIPO DIN, CORRENTE NOMINAL DE 16A - FORNECIMENTO E INSTALAÇÃO. AF_10/2020",UN,"12,00","1,00","R$ 12,00","R$ 14,57",,,,,,
HEAD3,,9.5.6.3,SINAPI,93655,"DISJUNTOR MONOPOLAR TIPO DIN, CORRENTE NOMINAL DE 20A - FORNECIMENTO E INSTALAÇÃO. AF_10/2020",UN,"13,29","12,00","R$ 159,48","R$ 193,68",,,,,,
HEAD3,,9.5.6.4,SINAPI,101893,"DISJUNTOR TRIPOLAR TIPO NEMA, CORRENTE NOMINAL DE 10 ATÉ 50A - FORNECIMENTO E INSTALAÇÃO. AF_10/2020",UN,"88,28","1,00","R$ 88,28","R$ 107,21",,,,,,
HEAD3,,9.5.6.5,SINAPI,101894,"DISJUNTOR TRIPOLAR TIPO NEMA, CORRENTE NOMINAL DE 60 ATÉ 100A - FORNECIMENTO E INSTALAÇÃO. AF_10/2020",UN,"153,75","1,00","R$ 153,75","R$ 186,72",,,,,,
HEAD3,,9.5.6.6,UFCA,J0177,DISPOSITIVO DE PROTEÇÃO CONTRA SURTOS DE TENSÃO (DPS) - 40 KA/275V - FORNECIMENTO E INSTALAÇÃO,UN,"R$ 115,18","4,00","R$ 460,72","R$ 559,54",,,,,,
HEAD3,,9.5.6.7,UFCA,J0136,TERMINAL A COMPRESSÃO PARA CABO DE 10 mm² A 16mm²,UN,"R$ 7,28","10,00","R$ 72,80","R$ 88,41",,,,,,
HEAD2,,9.5.7,,,QLAB3,,,,,,,,,,,
HEAD3,,9.5.7.1,SINAPI,101881,"QUADRO DE DISTRIBUIÇÃO DE ENERGIA EM CHAPA DE AÇO GALVANIZADO, DE EMBUTIR, COM BARRAMENTO TRIFÁSICO, PARA 40 DISJUNTORES DIN 100A - FORNECIMENTO E INSTALAÇÃO. AF_10/2020",UN,"882,72","1,00","R$ 882,72","R$ 1.072,06",,,,,,
HEAD3,,9.5.7.2,SINAPI,93654,"DISJUNTOR MONOPOLAR TIPO DIN, CORRENTE NOMINAL DE 16A - FORNECIMENTO E INSTALAÇÃO. AF_10/2020",UN,"12,00","1,00","R$ 12,00","R$ 14,57",,,,,,
HEAD3,,9.5.7.3,SINAPI,93655,"DISJUNTOR MONOPOLAR TIPO DIN, CORRENTE NOMINAL DE 20A - FORNECIMENTO E INSTALAÇÃO. AF_10/2020",UN,"13,29","12,00","R$ 159,48","R$ 193,68",,,,,,
HEAD3,,9.5.7.4,SINAPI,101893,"DISJUNTOR TRIPOLAR TIPO NEMA, CORRENTE NOMINAL DE 10 ATÉ 50A - FORNECIMENTO E INSTALAÇÃO. AF_10/2020",UN,"88,28","1,00","R$ 88,28","R$ 107,21",,,,,,
HEAD3,,9.5.7.5,SINAPI,101894,"DISJUNTOR TRIPOLAR TIPO NEMA, CORRENTE NOMINAL DE 60 ATÉ 100A - FORNECIMENTO E INSTALAÇÃO. AF_10/2020",UN,"153,75","1,00","R$ 153,75","R$ 186,72",,,,,,
HEAD3,,9.5.7.6,UFCA,J0177,DISPOSITIVO DE PROTEÇÃO CONTRA SURTOS DE TENSÃO (DPS) - 40 KA/275V - FORNECIMENTO E INSTALAÇÃO,UN,"R$ 115,18","4,00","R$ 460,72","R$ 559,54",,,,,,
HEAD3,,9.5.7.7,UFCA,J0136,TERMINAL A COMPRESSÃO PARA CABO DE 10 mm² A 16mm²,UN,"R$ 7,28","10,00","R$ 72,80","R$ 88,41",,,,,,
HEAD2,,9.5.8,,,QLAB4,,,,,,,,,,,
HEAD3,,9.5.8.1,SINAPI,101881,"QUADRO DE DISTRIBUIÇÃO DE ENERGIA EM CHAPA DE AÇO GALVANIZADO, DE EMBUTIR, COM BARRAMENTO TRIFÁSICO, PARA 40 DISJUNTORES DIN 100A - FORNECIMENTO E INSTALAÇÃO. AF_10/2020",UN,"882,72","1,00","R$ 882,72","R$ 1.072,06",,,,,,
HEAD3,,9.5.8.2,SINAPI,93654,"DISJUNTOR MONOPOLAR TIPO DIN, CORRENTE NOMINAL DE 16A - FORNECIMENTO E INSTALAÇÃO. AF_10/2020",UN,"12,00","1,00","R$ 12,00","R$ 14,57",,,,,,
HEAD3,,9.5.8.3,SINAPI,93655,"DISJUNTOR MONOPOLAR TIPO DIN, CORRENTE NOMINAL DE 20A - FORNECIMENTO E INSTALAÇÃO. AF_10/2020",UN,"13,29","13,00","R$ 172,77","R$ 209,82",,,,,,
HEAD3,,9.5.8.4,SINAPI,101893,"DISJUNTOR TRIPOLAR TIPO NEMA, CORRENTE NOMINAL DE 10 ATÉ 50A - FORNECIMENTO E INSTALAÇÃO. AF_10/2020",UN,"88,28","1,00","R$ 88,28","R$ 107,21",,,,,,
HEAD3,,9.5.8.5,SINAPI,101894,"DISJUNTOR TRIPOLAR TIPO NEMA, CORRENTE NOMINAL DE 60 ATÉ 100A - FORNECIMENTO E INSTALAÇÃO. AF_10/2020",UN,"153,75","1,00","R$ 153,75","R$ 186,72",,,,,,
HEAD3,,9.5.8.6,UFCA,J0177,DISPOSITIVO DE PROTEÇÃO CONTRA SURTOS DE TENSÃO (DPS) - 40 KA/275V - FORNECIMENTO E INSTALAÇÃO,UN,"R$ 115,18","4,00","R$ 460,72","R$ 559,54",,,,,,
HEAD3,,9.5.8.7,UFCA,J0136,TERMINAL A COMPRESSÃO PARA CABO DE 10 mm² A 16mm²,UN,"R$ 7,28","10,00","R$ 72,80","R$ 88,41",,,,,,
HEAD2,,9.5.9,,,QDLAB,,,,,,,,,,,
HEAD3,,9.5.9.1,SINAPI,101881,"QUADRO DE DISTRIBUIÇÃO DE ENERGIA EM CHAPA DE AÇO GALVANIZADO, DE EMBUTIR, COM BARRAMENTO TRIFÁSICO, PARA 40 DISJUNTORES DIN 100A - FORNECIMENTO E INSTALAÇÃO. AF_10/2020",UN,"882,72","1,00","R$ 882,72","R$ 1.072,06",,,,,,
HEAD3,,9.5.9.2,SINAPI,101893,"DISJUNTOR TRIPOLAR TIPO NEMA, CORRENTE NOMINAL DE 10 ATÉ 50A - FORNECIMENTO E INSTALAÇÃO. AF_10/2020",UN,"88,28","4,00","R$ 353,12","R$ 428,86",,,,,,
HEAD3,,9.5.9.3,SINAPI,101894,"DISJUNTOR TRIPOLAR TIPO NEMA, CORRENTE NOMINAL DE 60 ATÉ 100A - FORNECIMENTO E INSTALAÇÃO. AF_10/2020",UN,"153,75","1,00","R$ 153,75","R$ 186,72",,,,,,
HEAD3,,9.5.9.4,SINAPI,101895,"DISJUNTOR TERMOMAGNÉTICO TRIPOLAR , CORRENTE NOMINAL DE 125A - FORNECIMENTO E INSTALAÇÃO. AF_10/2020",UN,"411,60","1,00","R$ 411,60","R$ 499,88",,,,,,
HEAD3,,9.5.9.5,UFCA,J0177,DISPOSITIVO DE PROTEÇÃO CONTRA SURTOS DE TENSÃO (DPS) - 40 KA/275V - FORNECIMENTO E INSTALAÇÃO,UN,"R$ 115,18","4,00","R$ 460,72","R$ 559,54",,,,,,
HEAD3,,9.5.9.6,UFCA,J0137,TERMINAL A COMPRESSÃO PARA CABO DE 25 mm² A 35mm²,UN,"R$ 8,40","2,00","R$ 16,80","R$ 20,40",,,,,,
HEAD3,,9.5.9.7,UFCA,J0138,TERMINAL A COMPRESSÃO PARA CABO DE 50 mm² A 120mm²,UN,"R$ 16,98","8,00","R$ 135,84","R$ 164,97",,,,,,
HEAD2,,9.5.10,,,QB RECALQUE,,,,,,,,,,,
HEAD3,,9.5.10.1,UFCA,J0108,"QUADRO DE BOMBA DE RECALQUE, COMPLETO - PARA 1 BOMBA",UN,"R$ 1.021,07","3,00","R$ 3.063,21","R$ 3.720,26",,,,,,
HEAD2,,9.5.11,,,QB INCÊNDIO ,,,,,,,,,,,
HEAD3,,9.5.11.1,UFCA,J0110,"QUADRO DE BOMBA DE INCÊNDIO, COMPLETO - PARA 1 BOMBA",UN,"R$ 894,30","1,00","R$ 894,30","R$ 1.086,12",,,,,,
HEAD2,,9.5.12,,,QD-GUA,,,,,,,,,,,
HEAD3,,9.5.12.1,SINAPI,101881,"QUADRO DE DISTRIBUIÇÃO DE ENERGIA EM CHAPA DE AÇO GALVANIZADO, DE EMBUTIR, COM BARRAMENTO TRIFÁSICO, PARA 40 DISJUNTORES DIN 100A - FORNECIMENTO E INSTALAÇÃO. AF_10/2020",UN,"882,72","1,00","R$ 882,72","R$ 1.072,06",,,,,,
HEAD3,,9.5.12.2,SINAPI,93654,"DISJUNTOR MONOPOLAR TIPO DIN, CORRENTE NOMINAL DE 16A - FORNECIMENTO E INSTALAÇÃO. AF_10/2020",UN,"12,00","6,00","R$ 72,00","R$ 87,44",,,,,,
HEAD3,,9.5.12.3,SINAPI,93655,"DISJUNTOR MONOPOLAR TIPO DIN, CORRENTE NOMINAL DE 20A - FORNECIMENTO E INSTALAÇÃO. AF_10/2020",UN,"13,29","5,00","R$ 66,45","R$ 80,70",,,,,,
HEAD3,,9.5.12.4,SINAPI,101894,"DISJUNTOR TRIPOLAR TIPO NEMA, CORRENTE NOMINAL DE 60 ATÉ 100A - FORNECIMENTO E INSTALAÇÃO. AF_10/2020",UN,"153,75","2,00","R$ 307,50","R$ 373,45",,,,,,
HEAD3,,9.5.12.5,UFCA,J0177,DISPOSITIVO DE PROTEÇÃO CONTRA SURTOS DE TENSÃO (DPS) - 40 KA/275V - FORNECIMENTO E INSTALAÇÃO,UN,"R$ 115,18","4,00","R$ 460,72","R$ 559,54",,,,,,
HEAD3,,9.5.12.6,UFCA,J0136,TERMINAL A COMPRESSÃO PARA CABO DE 10 mm² A 16mm²,UN,"R$ 7,28","10,00","R$ 72,80","R$ 88,41",,,,,,
HEAD3,,9.5.12.7,UFCA,J0043,"DISJUNTOR DIFERENCIAL DR – 16A – 40A, 30mA",UN,"R$ 165,93","15,00","R$ 2.488,95","R$ 3.022,82",,,,,,
HEAD3,,9.5.12.8,UFCA,J0207,TIMER DIGITAL 220V,UN,"R$ 237,94","2,00","R$ 475,88","R$ 577,95",,,,,,
HEAD3,,9.5.12.9,SINAPI,101902,CONTATOR TRIPOLAR I NOMINAL 22A - FORNECIMENTO E INSTALAÇÃO. AF_10/2020,UN,"202,23","2,00","R$ 404,46","R$ 491,21",,,,,,
HEAD2,,9.5.13,,,QD-GER,,,,,,,,,,,
HEAD3,,9.5.13.1,SINAPI,101883,"QUADRO DE DISTRIBUIÇÃO DE ENERGIA EM CHAPA DE AÇO GALVANIZADO, DE EMBUTIR, COM BARRAMENTO TRIFÁSICO, PARA 18 DISJUNTORES DIN 100A - FORNECIMENTO E INSTALAÇÃO. AF_10/2020",UN,"510,25","1,00","R$ 510,25","R$ 619,69",,,,,,
HEAD3,,9.5.13.2,SINAPI,93654,"DISJUNTOR MONOPOLAR TIPO DIN, CORRENTE NOMINAL DE 16A - FORNECIMENTO E INSTALAÇÃO. AF_10/2020",UN,"12,00","1,00","R$ 12,00","R$ 14,57",,,,,,
HEAD3,,9.5.13.3,SINAPI,93655,"DISJUNTOR MONOPOLAR TIPO DIN, CORRENTE NOMINAL DE 20A - FORNECIMENTO E INSTALAÇÃO. AF_10/2020",UN,"13,29","5,00","R$ 66,45","R$ 80,70",,,,,,
HEAD3,,9.5.13.4,SINAPI,101894,"DISJUNTOR TRIPOLAR TIPO NEMA, CORRENTE NOMINAL DE 60 ATÉ 100A - FORNECIMENTO E INSTALAÇÃO. AF_10/2020",UN,"153,75","1,00","R$ 153,75","R$ 186,72",,,,,,
HEAD3,,9.5.13.5,UFCA,J0177,DISPOSITIVO DE PROTEÇÃO CONTRA SURTOS DE TENSÃO (DPS) - 40 KA/275V - FORNECIMENTO E INSTALAÇÃO,UN,"R$ 115,18","4,00","R$ 460,72","R$ 559,54",,,,,,
HEAD3,,9.5.13.6,UFCA,J0136,TERMINAL A COMPRESSÃO PARA CABO DE 10 mm² A 16mm²,UN,"R$ 7,28","10,00","R$ 72,80","R$ 88,41",,,,,,
HEAD3,,9.5.13.7,SINAPI,101893,"DISJUNTOR TRIPOLAR TIPO NEMA, CORRENTE NOMINAL DE 10 ATÉ 50A - FORNECIMENTO E INSTALAÇÃO. AF_10/2020",UN,"88,28","3,00","R$ 264,84","R$ 321,64",,,,,,
HEAD2,,9.5.14,,,QD-LANC,,,,,,,,,,,
HEAD3,,9.5.14.1,SINAPI,101883,"QUADRO DE DISTRIBUIÇÃO DE ENERGIA EM CHAPA DE AÇO GALVANIZADO, DE EMBUTIR, COM BARRAMENTO TRIFÁSICO, PARA 18 DISJUNTORES DIN 100A - FORNECIMENTO E INSTALAÇÃO. AF_10/2020",UN,"510,25","1,00","R$ 510,25","R$ 619,69",,,,,,
HEAD3,,9.5.14.2,SINAPI,93654,"DISJUNTOR MONOPOLAR TIPO DIN, CORRENTE NOMINAL DE 16A - FORNECIMENTO E INSTALAÇÃO. AF_10/2020",UN,"12,00","1,00","R$ 12,00","R$ 14,57",,,,,,
HEAD3,,9.5.14.3,SINAPI,93655,"DISJUNTOR MONOPOLAR TIPO DIN, CORRENTE NOMINAL DE 20A - FORNECIMENTO E INSTALAÇÃO. AF_10/2020",UN,"13,29","9,00","R$ 119,61","R$ 145,26",,,,,,
HEAD3,,9.5.14.4,SINAPI,101894,"DISJUNTOR TRIPOLAR TIPO NEMA, CORRENTE NOMINAL DE 60 ATÉ 100A - FORNECIMENTO E INSTALAÇÃO. AF_10/2020",UN,"153,75","2,00","R$ 307,50","R$ 373,45",,,,,,
HEAD3,,9.5.14.5,UFCA,J0177,DISPOSITIVO DE PROTEÇÃO CONTRA SURTOS DE TENSÃO (DPS) - 40 KA/275V - FORNECIMENTO E INSTALAÇÃO,UN,"R$ 115,18","4,00","R$ 460,72","R$ 559,54",,,,,,
HEAD3,,9.5.14.6,UFCA,J0136,TERMINAL A COMPRESSÃO PARA CABO DE 10 mm² A 16mm²,UN,"R$ 7,28","10,00","R$ 72,80","R$ 88,41",,,,,,
HEAD2,,9.6,,,ILUMINAÇÃO E TOMADAS,,,,,,,,,,,
HEAD2,,9.6.1,,,"CONDUTOS, CAIXAS, CABOS E ACESSÓRIOS",,,,,,,,,,,
HEAD3,,9.6.1.1,SINAPI,92000,"TOMADA BAIXA DE EMBUTIR (1 MÓDULO), 2P+T 10 A, INCLUINDO SUPORTE E PLACA - FORNECIMENTO E INSTALAÇÃO. AF_03/2023",UN,"32,13","65,00","R$ 2.088,45","R$ 2.536,42",,,,,,
HEAD3,,9.6.1.2,SINAPI,91996,"TOMADA MÉDIA DE EMBUTIR (1 MÓDULO), 2P+T 10 A, INCLUINDO SUPORTE E PLACA - FORNECIMENTO E INSTALAÇÃO. AF_03/2023",UN,"36,10","108,00","R$ 3.898,80","R$ 4.735,09",,,,,,
HEAD3,,9.6.1.3,SINAPI,92008,"TOMADA BAIXA DE EMBUTIR (2 MÓDULOS), 2P+T 10 A, INCLUINDO SUPORTE E PLACA - FORNECIMENTO E INSTALAÇÃO. AF_03/2023",UN,"49,64","51,00","R$ 2.531,64","R$ 3.074,67",,,,,,
HEAD3,,9.6.1.4,SINAPI,91992,"TOMADA ALTA DE EMBUTIR (1 MÓDULO), 2P+T 10 A, INCLUINDO SUPORTE E PLACA - FORNECIMENTO E INSTALAÇÃO. AF_03/2023",UN,"46,36","53,00","R$ 2.457,08","R$ 2.984,12",,,,,,
HEAD3,,9.6.1.5,SINAPI,91997,"TOMADA MÉDIA DE EMBUTIR (1 MÓDULO), 2P+T 20 A, INCLUINDO SUPORTE E PLACA - FORNECIMENTO E INSTALAÇÃO. AF_03/2023",UN,"38,35","27,00","R$ 1.035,45","R$ 1.257,55",,,,,,
HEAD3,,9.6.1.6,SINAPI,92004,"TOMADA MÉDIA DE EMBUTIR (2 MÓDULOS), 2P+T 10 A, INCLUINDO SUPORTE E PLACA - FORNECIMENTO E INSTALAÇÃO. AF_03/2023",UN,"57,63","24,00","R$ 1.383,12","R$ 1.679,79",,,,,,
HEAD3,,9.6.1.7,SINAPI,91955,"INTERRUPTOR PARALELO (1 MÓDULO), 10A/250V, INCLUINDO SUPORTE E PLACA - FORNECIMENTO E INSTALAÇÃO. AF_03/2023",UN,"37,26","10,00","R$ 372,60","R$ 452,52",,,,,,
HEAD3,,9.6.1.8,SINAPI,91961,"INTERRUPTOR PARALELO (2 MÓDULOS), 10A/250V, INCLUINDO SUPORTE E PLACA - FORNECIMENTO E INSTALAÇÃO. AF_03/2023",UN,"59,95","14,00","R$ 839,30","R$ 1.019,32",,,,,,
HEAD3,,9.6.1.9,SINAPI,91953,"INTERRUPTOR SIMPLES (1 MÓDULO), 10A/250V, INCLUINDO SUPORTE E PLACA - FORNECIMENTO E INSTALAÇÃO. AF_03/2023",UN,"30,62","75,00","R$ 2.296,50","R$ 2.789,09",,,,,,
HEAD3,,9.6.1.10,SINAPI,91959,"INTERRUPTOR SIMPLES (2 MÓDULOS), 10A/250V, INCLUINDO SUPORTE E PLACA - FORNECIMENTO E INSTALAÇÃO. AF_03/2023",UN,"46,67","24,00","R$ 1.120,08","R$ 1.360,33",,,,,,
HEAD3,,9.6.1.11,SINAPI,91967,"INTERRUPTOR SIMPLES (3 MÓDULOS), 10A/250V, INCLUINDO SUPORTE E PLACA - FORNECIMENTO E INSTALAÇÃO. AF_03/2023",UN,"62,73","3,00","R$ 188,19","R$ 228,55",,,,,,
HEAD3,,9.6.1.12,SINAPI,97599,"LUMINÁRIA DE EMERGÊNCIA, COM 30 LÂMPADAS LED DE 2 W, SEM REATOR - FORNECIMENTO E INSTALAÇÃO. AF_09/2024",UN,"20,02","38,00","R$ 760,76","R$ 923,94",,,,,,
HEAD3,,9.6.1.13,SINAPI,91926,"CABO DE COBRE FLEXÍVEL ISOLADO, 2,5 MM², ANTI-CHAMA 450/750 V, PARA CIRCUITOS TERMINAIS - FORNECIMENTO E INSTALAÇÃO. AF_03/2023",M,"4,28","17022,00","R$ 72.854,16","R$ 88.481,37",,,,,,
HEAD3,,9.6.1.14,SINAPI,91928,"CABO DE COBRE FLEXÍVEL ISOLADO, 4 MM², ANTI-CHAMA 450/750 V, PARA CIRCUITOS TERMINAIS - FORNECIMENTO E INSTALAÇÃO. AF_03/2023",M,"6,62","1244,00","R$ 8.235,28","R$ 10.001,74",,,,,,
HEAD3,,9.6.1.15,SINAPI,91930,"CABO DE COBRE FLEXÍVEL ISOLADO, 6 MM², ANTI-CHAMA 450/750 V, PARA CIRCUITOS TERMINAIS - FORNECIMENTO E INSTALAÇÃO. AF_03/2023",M,"9,24","500,00","R$ 4.620,00","R$ 5.610,99",,,,,,
HEAD3,,9.6.1.16,SINAPI,91890,"CURVA 90 GRAUS PARA ELETRODUTO, PVC, ROSCÁVEL, DN 25 MM (3/4""), PARA CIRCUITOS TERMINAIS, INSTALADA EM FORRO - FORNECIMENTO E INSTALAÇÃO. AF_03/2023",UN,"13,26","253,00","R$ 3.354,78","R$ 4.074,38",,,,,,
HEAD3,,9.6.1.17,SINAPI,91875,"LUVA PARA ELETRODUTO, PVC, ROSCÁVEL, DN 25 MM (3/4""), PARA CIRCUITOS TERMINAIS, INSTALADA EM FORRO - FORNECIMENTO E INSTALAÇÃO. AF_03/2023",UN,"8,27","506,00","R$ 4.184,62","R$ 5.082,22",,,,,,
HEAD3,,9.6.1.18,SINAPI,91893,"CURVA 90 GRAUS PARA ELETRODUTO, PVC, ROSCÁVEL, DN 32 MM (1""), PARA CIRCUITOS TERMINAIS, INSTALADA EM FORRO - FORNECIMENTO E INSTALAÇÃO. AF_03/2023",UN,"16,28","15,00","R$ 244,20","R$ 296,58",,,,,,
HEAD3,,9.6.1.19,SINAPI,91876,"LUVA PARA ELETRODUTO, PVC, ROSCÁVEL, DN 32 MM (1""), PARA CIRCUITOS TERMINAIS, INSTALADA EM FORRO - FORNECIMENTO E INSTALAÇÃO. AF_03/2023",UN,"9,89","30,00","R$ 296,70","R$ 360,34",,,,,,
HEAD3,,9.6.1.20,SINAPI,91896,"CURVA 90 GRAUS PARA ELETRODUTO, PVC, ROSCÁVEL, DN 40 MM (1 1/4""), PARA CIRCUITOS TERMINAIS, INSTALADA EM FORRO - FORNECIMENTO E INSTALAÇÃO. AF_03/2023",UN,"18,75","10,00","R$ 187,50","R$ 227,71",,,,,,
HEAD3,,9.6.1.21,SINAPI,91877,"LUVA PARA ELETRODUTO, PVC, ROSCÁVEL, DN 40 MM (1 1/4""), PARA CIRCUITOS TERMINAIS, INSTALADA EM FORRO - FORNECIMENTO E INSTALAÇÃO. AF_03/2023",UN,"12,06","20,00","R$ 241,20","R$ 292,93",,,,,,
HEAD3,,9.6.1.22,SINAPI,91936,"CAIXA OCTOGONAL 4"" X 4"", PVC, INSTALADA EM LAJE - FORNECIMENTO E INSTALAÇÃO. AF_03/2023",UN,"17,03","50,00","R$ 851,50","R$ 1.034,14",,,,,,
HEAD3,,9.6.1.23,SINAPI,91941,"CAIXA RETANGULAR 4"" X 2"" BAIXA (0,30 M DO PISO), PVC, INSTALADA EM PAREDE - FORNECIMENTO E INSTALAÇÃO. AF_03/2023",UN,"11,31","116,00","R$ 1.311,96","R$ 1.593,37",,,,,,
HEAD3,,9.6.1.24,SINAPI,91940,"CAIXA RETANGULAR 4"" X 2"" MÉDIA (1,30 M DO PISO), PVC, INSTALADA EM PAREDE - FORNECIMENTO E INSTALAÇÃO. AF_03/2023",UN,"18,04","285,00","R$ 5.141,40","R$ 6.244,23",,,,,,
HEAD3,,9.6.1.25,SINAPI,91939,"CAIXA RETANGULAR 4"" X 2"" ALTA (2,00 M DO PISO), PVC, INSTALADA EM PAREDE - FORNECIMENTO E INSTALAÇÃO. AF_03/2023",UN,"31,73","53,00","R$ 1.681,69","R$ 2.042,41",,,,,,
HEAD3,,9.6.1.26,SINAPI,91871,"ELETRODUTO RÍGIDO ROSCÁVEL, PVC, DN 25 MM (3/4""), PARA CIRCUITOS TERMINAIS, INSTALADO EM PAREDE - FORNECIMENTO E INSTALAÇÃO. AF_03/2023",M,"14,62","1786,00","R$ 26.111,32","R$ 31.712,19",,,,,,
HEAD3,,9.6.1.27,SINAPI,104785,"FIXAÇÃO DE ELETRODUTOS, DIÂMETROS MENORES OU IGUAIS A 40 MM, COM ABRAÇADEIRA METÁLICA RÍGIDA TIPO D COM PARAFUSO DE FIXAÇÃO 1 1/4"", FIXADA DIRETAMENTE NA LAJE OU PAREDE. AF_09/2023",M,"14,86","562,00","R$ 8.351,32","R$ 10.142,67",,,,,,
HEAD3,,9.6.1.28,SINAPI,91872,"ELETRODUTO RÍGIDO ROSCÁVEL, PVC, DN 32 MM (1""), PARA CIRCUITOS TERMINAIS, INSTALADO EM PAREDE - FORNECIMENTO E INSTALAÇÃO. AF_03/2023",M,"18,65","66,95","R$ 1.248,61","R$ 1.516,43",,,,,,
HEAD3,,9.6.1.29,SINAPI,91873,"ELETRODUTO RÍGIDO ROSCÁVEL, PVC, DN 40 MM (1 1/4""), PARA CIRCUITOS TERMINAIS, INSTALADO EM PAREDE - FORNECIMENTO E INSTALAÇÃO. AF_03/2023",M,"22,55","32,30","R$ 728,36","R$ 884,59",,,,,,
HEAD3,,9.6.1.30,UFCA,J0124,ELETROCALHA PERFURADA 50x100mm - FORNECIMENTO E INSTALAÇÃO,M,"R$ 66,42","180,00","R$ 11.955,60","R$ 14.520,07",,,,,,
HEAD3,,9.6.1.31,UFCA,J0185,DUTO PERFURADO –  PERFILADO CHAPA DE AÇO (38x38)mm,M,"R$ 38,23","560,00","R$ 21.408,80","R$ 26.000,98",,,,,,
HEAD3,,9.6.1.32,UFCA,J0186,GANCHO CURTO PARA PERFILADO 38X38MM,UN,"R$ 15,59","375,00","R$ 5.846,25","R$ 7.100,27",,,,,,
HEAD3,,9.6.1.33,UFCA,J0187,SUPORTE VERTICAL 100X50MM PARA ELETROCALHA METÁLICA,UN,"R$ 18,49","121,00","R$ 2.237,29","R$ 2.717,18",,,,,,
HEAD3,,9.6.1.34,UFCA,J0188,TÊ HORIZONTAL PARA ELETROCALHA PERFURADA 50x100mm - FORNECIMENTO E INSTALAÇÃO,UN,"R$ 44,49","10,00","R$ 444,90","R$ 540,33",,,,,,
HEAD3,,9.6.1.35,UFCA,J0127,EMENDA INTERNA PARA ELETROCALHA PERFURADA 50x100mm - FORNECIMENTO E INSTALAÇÃO,UN,"R$ 17,49","62,00","R$ 1.084,38","R$ 1.316,97",,,,,,
HEAD3,,9.6.1.36,UFCA,J0189,"SAÍDA HORIZONTAL PARA ELETRODUTO ATÉ 1""",UN,"R$ 10,84","200,00","R$ 2.168,00","R$ 2.633,03",,,,,,
HEAD3,,9.6.1.37,UFCA,J0190,SEPARADOR METÁLICO 50MM PARA ELETROCALHA,M,"R$ 20,71","180,00","R$ 3.727,80","R$ 4.527,41",,,,,,
HEAD3,,9.6.1.38,UFCA,J0191,"VERGALHÃO TIRANTE COM ROSCA 1/4""",M,"R$ 13,52","300,00","R$ 4.056,00","R$ 4.926,01",,,,,,
HEAD3,,9.6.1.39,UFCA,J0192,"CABO MULTIPOLAR 3X1,5MM², 0,6/1KV",M,"R$ 11,35","500,00","R$ 5.675,00","R$ 6.892,28",,,,,,
HEAD3,,9.6.1.40,UFCA,J0102,"LUMINÁRIA TIPO CALHA, DE EMBUTIR, CORPO/REFLETOR E ALETAS FABRICADAS EM CHAPA DE AÇO TRATADA E PINTADA EM EPOXI BRANCO, COM DUAS LÂMPADAS TUBULARES LED DE 18W",UN,"R$ 159,46","276,00","R$ 44.010,96","R$ 53.451,31",,,,,,
HEAD3,,9.6.1.41,UFCA,J0103,"LUMINÁRIA TIPO CALHA, DE SOBREPOR/EMBUTIR, CORPO/REFLETOR E ALETAS FABRICADAS EM CHAPA DE AÇO TRATADA E PINTADA EM EPOXI BRANCO, COM DUAS LÂMPADAS TUBULARES LED DE 9W",UN,"R$ 163,56","161,00","R$ 26.333,16","R$ 31.981,62",,,,,,
HEAD3,,9.6.1.42,SINAPI,97607,"LUMINÁRIA ARANDELA TIPO TARTARUGA, DE SOBREPOR, COM 1 LÂMPADA LED DE 6 W, SEM REATOR - FORNECIMENTO E INSTALAÇÃO. AF_09/2024",UN,"106,60","15,00","R$ 1.599,00","R$ 1.941,98",,,,,,
HEAD3,,9.6.1.43,UFCA,J0193,"LUMINÁRIA TIPO SPOT DE PISO/TETO,  BASE E27, PARA 1 LÂMPADA LED, POTÊNCIA MÁXIMA 25W",UN,"R$ 134,00","34,00","R$ 4.556,00","R$ 5.533,26",,,,,,
HEAD3,,9.6.1.44,UFCA,J0194,"LUMINÁRIA LED TIPO PAFLON COM VIDRO FOSCO, BASE E27, POTÊNCIA MÁXIMA 25W",UN,"R$ 88,41","39,00","R$ 3.447,99","R$ 4.187,58",,,,,,
HEAD3,,9.6.1.45,UFCA,J0206,"LUMINÁRIA DE EMERGÊNCIA DE SOBREPOR, COM BLOCO AUTÔNOMO, 1200 LUMENS",UN,"R$ 215,54","15,00","R$ 3.233,10","R$ 3.926,59",,,,,,
HEAD2,,9.7,,,CIRCUITOS DE CONDICIONADORES DE AR,,,,,,,,,,,
HEAD2,,9.7.1,,,CABOS E TERMINAIS DOS CABOS,,,,,,,,,,,
HEAD3,,9.7.1.1,SINAPI,91926,"CABO DE COBRE FLEXÍVEL ISOLADO, 2,5 MM², ANTI-CHAMA 450/750 V, PARA CIRCUITOS TERMINAIS - FORNECIMENTO E INSTALAÇÃO. AF_03/2023",M,"4,28","2352,90","R$ 10.070,41","R$ 12.230,51",,,,,,
HEAD3,,9.7.1.2,SINAPI,91930,"CABO DE COBRE FLEXÍVEL ISOLADO, 6 MM², ANTI-CHAMA 450/750 V, PARA CIRCUITOS TERMINAIS - FORNECIMENTO E INSTALAÇÃO. AF_03/2023",M,"9,24","3025,00","R$ 27.951,00","R$ 33.946,48",,,,,,
HEAD2,,9.7.2,,,ELETRODUTOS E ACESSÓRIOS,,,,,,,,,,,
HEAD3,,9.7.2.1,UFCA,J0202,"ELETRODUTO DE AÇO GALVANIZADO, MÉDIO, DN 25 MM (1'') - FORNECIMENTO E INSTALAÇÃO",M,"R$ 22,03","31,80","R$ 700,55","R$ 850,81",,,,,,
HEAD3,,9.7.2.2,UFCA,J0203,LUVA PARA ELETRODUTO DE AÇO GALVANIZADO DN 25 MM (1'') - FORNECIMENTO E INSTALAÇÃO,UN,"R$ 12,65","48,00","R$ 607,20","R$ 737,44",,,,,,
HEAD3,,9.7.2.3,UFCA,J0204,CURVA PARA ELETRODUTO DE AÇO GALVANIZADO DN 25 MM (1'') - FORNECIMENTO E INSTALAÇÃO,UN,"R$ 23,76","19,00","R$ 451,44","R$ 548,27",,,,,,
HEAD3,,9.7.2.4,UFCA,J0196,"ELETRODUTO DE AÇO GALVANIZADO, MÉDIO, DN 40 MM (1.1/2'') - FORNECIMENTO E INSTALAÇÃO",M,"R$ 30,04","34,00","R$ 1.021,36","R$ 1.240,44",,,,,,
HEAD3,,9.7.2.5,UFCA,J0197,"LUVA PARA ELETRODUTO DE AÇO GALVANIZADO DN 40 MM (1.1/2"") - FORNECIMENTO E INSTALAÇÃO",UN,"R$ 17,17","23,00","R$ 394,91","R$ 479,61",,,,,,
HEAD3,,9.7.2.6,UFCA,J0198,CURVA PARA ELETRODUTO DE AÇO GALVANIZADO DN 40 MM (1.1/2'') - FORNECIMENTO E INSTALAÇÃO,UN,"R$ 35,62","6,00","R$ 213,72","R$ 259,56",,,,,,
HEAD3,,9.7.2.7,UFCA,J0199,"ELETRODUTO DE AÇO GALVANIZADO, MÉDIO, DN 50 MM (2'') - FORNECIMENTO E INSTALAÇÃO",M,"R$ 44,10","159,40","R$ 7.029,54","R$ 8.537,37",,,,,,
HEAD3,,9.7.2.8,UFCA,J0200,"LUVA PARA ELETRODUTO DE AÇO GALVANIZADO DN 50 MM (2"") - FORNECIMENTO E INSTALAÇÃO",UN,"R$ 21,04","67,00","R$ 1.409,68","R$ 1.712,05",,,,,,
HEAD3,,9.7.2.9,UFCA,J0201,CURVA PARA ELETRODUTO DE AÇO GALVANIZADO DN 50 MM (2'') - FORNECIMENTO E INSTALAÇÃO,UN,"R$ 46,64","7,00","R$ 326,48","R$ 396,50",,,,,,
HEAD3,,9.7.2.10,SINAPI,104785,"FIXAÇÃO DE ELETRODUTOS, DIÂMETROS MENORES OU IGUAIS A 40 MM, COM ABRAÇADEIRA METÁLICA RÍGIDA TIPO D COM PARAFUSO DE FIXAÇÃO 1 1/4"", FIXADA DIRETAMENTE NA LAJE OU PAREDE. AF_09/2023",M,"14,86","24,00","R$ 356,64","R$ 433,13",,,,,,
HEAD3,,9.7.2.11,SINAPI,91180,"FIXAÇÃO DE TUBOS HORIZONTAIS DE PVC ÁGUA/PVC ESGOTO/PVC PLUVIAL/CPVC/PPR/COBRE OU AÇO, DIÂMETROS MAIORES QUE 40 MM E MENORES OU IGUAIS A 75 MM, COM ABRAÇADEIRA TIPO  D  COM PARAFUSO DE FIXAÇÃO 2 1/2"", FIXADA DIRETAMENTE NA LAJE OU PAREDE. AF_09/2023",M,"28,00","146,00","R$ 4.088,00","R$ 4.964,87",,,,,,
HEAD3,,9.7.2.12,SINAPI,100556,"CAIXA DE PASSAGEM PARA TELEFONE 15X15X10CM (SOBREPOR), FORNECIMENTO E INSTALACAO. AF_11/2019",UN,"39,49","22,00","R$ 868,78","R$ 1.055,13",,,,,,
HEAD3,,9.7.2.13,SINAPI,95801,"CONDULETE DE ALUMÍNIO, TIPO X, PARA ELETRODUTO DE AÇO GALVANIZADO DN 20 MM (3/4''), APARENTE - FORNECIMENTO E INSTALAÇÃO. AF_10/2022",UN,"39,85","9,00","R$ 358,65","R$ 435,58",,,,,,
HEAD3,,9.7.2.14,SINAPI,91867,"ELETRODUTO RÍGIDO ROSCÁVEL, PVC, DN 25 MM (3/4""), PARA CIRCUITOS TERMINAIS, INSTALADO EM LAJE - FORNECIMENTO E INSTALAÇÃO. AF_03/2023",M,"10,25","560,50","R$ 5.745,12","R$ 6.977,44",,,,,,
HEAD3,,9.7.2.15,SINAPI,91879,"LUVA PARA ELETRODUTO, PVC, ROSCÁVEL, DN 25 MM (3/4""), PARA CIRCUITOS TERMINAIS, INSTALADA EM LAJE - FORNECIMENTO E INSTALAÇÃO. AF_03/2023",UN,"6,73","238,00","R$ 1.601,74","R$ 1.945,31",,,,,,
HEAD3,,9.7.2.16,SINAPI,91902,"CURVA 90 GRAUS PARA ELETRODUTO, PVC, ROSCÁVEL, DN 25 MM (3/4""), PARA CIRCUITOS TERMINAIS, INSTALADA EM LAJE - FORNECIMENTO E INSTALAÇÃO. AF_03/2023",UN,"10,93","26,00","R$ 284,18","R$ 345,13",,,,,,
HEAD3,,9.7.2.17,SINAPI,95817,"CONDULETE DE PVC, TIPO X, PARA ELETRODUTO DE PVC SOLDÁVEL DN 25 MM (3/4""), APARENTE - FORNECIMENTO E INSTALAÇÃO. AF_10/2022",UN,"35,61","44,00","R$ 1.566,84","R$ 1.902,92",,,,,,
HEAD3,,9.7.2.18,SINAPI,104785,"FIXAÇÃO DE ELETRODUTOS, DIÂMETROS MENORES OU IGUAIS A 40 MM, COM ABRAÇADEIRA METÁLICA RÍGIDA TIPO D COM PARAFUSO DE FIXAÇÃO 1 1/4"", FIXADA DIRETAMENTE NA LAJE OU PAREDE. AF_09/2023",M,"14,86","560,50","R$ 8.329,03","R$ 10.115,60",,,,,,
HEAD3,,9.7.2.19,SINAPI,104758,"FURO MANUAL EM ALVENARIA, PARA INSTALAÇÕES ELÉTRICAS, DIÂMETROS MENORES OU IGUAIS A 40 MM. AF_09/2023",UN,"15,68","103,00","R$ 1.615,04","R$ 1.961,46",,,,,,
HEAD2,,9.7.3,,,QUADROS ELÉTRICOS,,,,,,,,,,,
HEAD3,,9.7.3.1,SINAPI,101880,"QUADRO DE DISTRIBUIÇÃO DE ENERGIA EM CHAPA DE AÇO GALVANIZADO, DE EMBUTIR, COM BARRAMENTO TRIFÁSICO, PARA 30 DISJUNTORES DIN 150A - FORNECIMENTO E INSTALAÇÃO. AF_10/2020",UN,"616,68","3,00","R$ 1.850,04","R$ 2.246,87",,,,,,
HEAD3,,9.7.3.2,SINAPI,101895,"DISJUNTOR TERMOMAGNÉTICO TRIPOLAR , CORRENTE NOMINAL DE 125A - FORNECIMENTO E INSTALAÇÃO. AF_10/2020",UN,"411,60","2,00","R$ 823,20","R$ 999,77",,,,,,
HEAD3,,9.7.3.3,SINAPI,101894,"DISJUNTOR TRIPOLAR TIPO NEMA, CORRENTE NOMINAL DE 60 ATÉ 100A - FORNECIMENTO E INSTALAÇÃO. AF_10/2020",UN,"153,75","1,00","R$ 153,75","R$ 186,72",,,,,,
HEAD3,,9.7.3.4,SINAPI,93671,"DISJUNTOR TRIPOLAR TIPO DIN, CORRENTE NOMINAL DE 32A - FORNECIMENTO E INSTALAÇÃO. AF_10/2020",UN,"78,78","11,00","R$ 866,58","R$ 1.052,46",,,,,,
HEAD3,,9.7.3.5,SINAPI,93670,"DISJUNTOR TRIPOLAR TIPO DIN, CORRENTE NOMINAL DE 25A - FORNECIMENTO E INSTALAÇÃO. AF_10/2020",UN,"74,09","7,00","R$ 518,63","R$ 629,87",,,,,,
HEAD3,,9.7.3.6,SINAPI,93653,"DISJUNTOR MONOPOLAR TIPO DIN, CORRENTE NOMINAL DE 10A - FORNECIMENTO E INSTALAÇÃO. AF_10/2020",UN,"11,34","18,00","R$ 204,12","R$ 247,90",,,,,,
HEAD3,,9.7.3.7,UFCA,J0177,DISPOSITIVO DE PROTEÇÃO CONTRA SURTOS DE TENSÃO (DPS) - 40 KA/275V - FORNECIMENTO E INSTALAÇÃO,UN,"R$ 115,18","12,00","R$ 1.382,16","R$ 1.678,63",,,,,,
HEAD3,,9.7.3.8,SINAPI,93659,"DISJUNTOR MONOPOLAR TIPO DIN, CORRENTE NOMINAL DE 50A - FORNECIMENTO E INSTALAÇÃO. AF_10/2020",UN,"24,59","12,00","R$ 295,08","R$ 358,37",,,,,,
HEAD3,,9.7.3.9,UFCA,J0135,"TERMINAL OLHAL PARA CABO DE 4,00MM2 À 6,00MM2",UN,"R$ 9,59","28,00","R$ 268,52","R$ 326,11",,,,,,
HEAD3,,9.7.3.10,UFCA,J0195,"TERMINAL OLHAL PARA CABO DE 1,50MM2 À 2,50MM2",UN,"R$ 9,59","28,00","R$ 268,52","R$ 326,11",,,,,,
,,,,,,,,,,,,,,,,
HEAD1,,10.0,,,INSTALAÇÕES LÓGICA/TELEFÔNICA,,,,,,,"R$ 118.704,17","R$ 144.165,89",,,10.
HEAD2,,10.1,,,INSTALAÇÃO TERMINAL,,,,,,,,,,,
HEAD2,,10.1.1,,,RACK DE INTERNET,,,,,,,,,,,
HEAD3,,10.1.1.1,SINAPI,98305,RACK FECHADO PARA SERVIDOR - FORNECIMENTO E INSTALAÇÃO. AF_11/2019,UN,"2.469,24","1,00","R$ 2.469,24","R$ 2.998,89",,,,,,
HEAD3,,10.1.1.2,SINAPI,98302,"PATCH PANEL 24 PORTAS, CATEGORIA 6 - FORNECIMENTO E INSTALAÇÃO. AF_11/2019",UN,"1.122,76","6,00","R$ 6.736,56","R$ 8.181,55",,,,,,
HEAD3,,10.1.1.3,UFCA,K0001,"REMOÇÃO SEM REAPROVEITAMENTO DE CABO UTO CATEGORIA 6, 24X4 AWG",M,"R$ 0,23","12,00","R$ 2,76","R$ 3,35",,,,,,
HEAD3,,10.1.1.4,UFCA,K0006,"MINI DIO – DISTRIBUIDOR INTERNO ÓPTICO COM ACESSÓRIOS, COM 06 ACOPLADORES OPTICO DUPLEX SM LC 12 PIG TAIL SIMPLEX SM LC, INCLUSO FORNECIMENTO E INSTALAÇÃO",UN,"R$ 544,68","1,00","R$ 544,68","R$ 661,51",,,,,,
HEAD2,,10.1.2,,,CABOS DOS CIRCUITOS TERMINAIS DE DADOS,,,,,,,,,,,
HEAD3,,10.1.2.1,SINAPI,98297,"CABO ELETRÔNICO CATEGORIA 6, INSTALADO EM EDIFICAÇÃO INSTITUCIONAL - FORNECIMENTO E INSTALAÇÃO. AF_11/2019",M,"7,56","6902,17","R$ 52.180,40","R$ 63.373,09",,,,,,
HEAD3,,10.1.2.2,UFCA,K0014,"MÓDULO DE TOMADA RJ45, 8 FIOS, CATEGORIA 6 - FORNECIMENTO E INSTALAÇÃO",UN,"R$ 44,01","54,00","R$ 2.376,54","R$ 2.886,30",,,,,,
HEAD3,,10.1.2.3,UFCA,K0017,"PATCH CORD, CATEGORIA 6, EXTENSÃO DE 1,50 M",UN,"R$ 22,31","122,00","R$ 2.721,82","R$ 3.305,65",,,,,,
HEAD3,,10.1.2.4,SINAPI,98307,TOMADA DE REDE RJ45 - FORNECIMENTO E INSTALAÇÃO. AF_11/2019,UN,"47,66","68,00","R$ 3.240,88","R$ 3.936,04",,,,,,
HEAD2,,10.1.3,,,PONTOS DE LÓGICA,,,,,,,,,,,
HEAD3,,10.1.3.1,SINAPI,91941,"CAIXA RETANGULAR 4"" X 2"" BAIXA (0,30 M DO PISO), PVC, INSTALADA EM PAREDE - FORNECIMENTO E INSTALAÇÃO. AF_03/2023",UN,"11,31","23,00","R$ 260,13","R$ 315,92",,,,,,
HEAD3,,10.1.3.2,SINAPI,91940,"CAIXA RETANGULAR 4"" X 2"" MÉDIA (1,30 M DO PISO), PVC, INSTALADA EM PAREDE - FORNECIMENTO E INSTALAÇÃO. AF_03/2023",UN,"18,04","26,00","R$ 469,04","R$ 569,64",,,,,,
HEAD3,,10.1.3.3,SINAPI,91939,"CAIXA RETANGULAR 4"" X 2"" ALTA (2,00 M DO PISO), PVC, INSTALADA EM PAREDE - FORNECIMENTO E INSTALAÇÃO. AF_03/2023",UN,"31,73","20,00","R$ 634,60","R$ 770,72",,,,,,
HEAD3,,10.1.3.4,SINAPI,90456,QUEBRA EM ALVENARIA PARA INSTALAÇÃO DE CAIXA DE TOMADA (4X4 OU 4X2). AF_09/2023,UN,"5,58","68,00","R$ 379,44","R$ 460,82",,,,,,
HEAD2,,10.1.4,,,ELETROCALHA E ACESSÓRIOS,,,,,,,,,,,
HEAD3,,10.1.4.1,UFCA,J0124,ELETROCALHA PERFURADA 50x100mm - FORNECIMENTO E INSTALAÇÃO,M,"R$ 66,42","16,20","R$ 1.076,00","R$ 1.306,80",,,,,,
HEAD3,,10.1.4.2,UFCA,J0125,ELETROCALHA PERFURADA 50x200mm - FORNECIMENTO E INSTALAÇÃO,M,"R$ 94,88","25,20","R$ 2.390,97","R$ 2.903,83",,,,,,
HEAD3,,10.1.4.3,UFCA,J0126,MÃO FRANCESA 300MM PARA ELETROCALHA - FORNECIMENTO E INSTALAÇÃO,UN,"R$ 35,29","35,00","R$ 1.235,15","R$ 1.500,08",,,,,,
HEAD3,,10.1.4.4,UFCA,J0127,EMENDA INTERNA PARA ELETROCALHA PERFURADA 50x100mm - FORNECIMENTO E INSTALAÇÃO,UN,"R$ 17,49","5,00","R$ 87,45","R$ 106,20",,,,,,
HEAD3,,10.1.4.5,UFCA,J0128,EMENDA INTERNA PARA ELETROCALHA PERFURADA 50x200mm - FORNECIMENTO E INSTALAÇÃO,UN,"R$ 14,61","8,00","R$ 116,88","R$ 141,95",,,,,,
HEAD3,,10.1.4.6,UFCA,J0129,TÊ HORIZONTAL PARA ELETROCALHA PERFURADA 50x200mm - FORNECIMENTO E INSTALAÇÃO,UN,"R$ 43,53","1,00","R$ 43,53","R$ 52,86",,,,,,
HEAD3,,10.1.4.7,UFCA,J0130,REDUÇÃO CONCÊNTRICA DA ELETROCALHA PERFURADA 50x200mm / 50x100mm - FORNECIMENTO E INSTALAÇÃO,UN,"R$ 49,07","2,00","R$ 98,14","R$ 119,19",,,,,,
HEAD3,,10.1.4.8,UFCA,J0131,CURVA DE INVERSÃO PARA ELETROCALHA PERFURADA 50x200mm - FORNECIMENTO E INSTALAÇÃO,UN,"R$ 117,30","1,00","R$ 117,30","R$ 142,46",,,,,,
HEAD3,,10.1.4.9,UFCA,J0132,CURVA HORIZONTAL 90° PARA ELETROCALHA 50x200mm - FORNECIMENTO E INSTALAÇÃO,UN,"R$ 37,59","1,00","R$ 37,59","R$ 45,65",,,,,,
HEAD3,,10.1.4.10,SINAPI,104772,"FURO MECANIZADO EM ALVENARIA, PARA INSTALAÇÕES ELÉTRICAS, DIÂMETROS MAIORES QUE 75 MM E MENORES OU IGUAIS A 100 MM. AF_09/2023",UN,"2,59","9,00","R$ 23,31","R$ 28,30",,,,,,
HEAD2,,10.1.5,,,ELETRODUTOS E ACESSÓRIOS,,,,,,,,,,,
HEAD3,,10.1.5.1,SINAPI,91867,"ELETRODUTO RÍGIDO ROSCÁVEL, PVC, DN 25 MM (3/4""), PARA CIRCUITOS TERMINAIS, INSTALADO EM LAJE - FORNECIMENTO E INSTALAÇÃO. AF_03/2023",M,"10,25","157,80","R$ 1.617,45","R$ 1.964,39",,,,,,
HEAD3,,10.1.5.2,SINAPI,91871,"ELETRODUTO RÍGIDO ROSCÁVEL, PVC, DN 25 MM (3/4""), PARA CIRCUITOS TERMINAIS, INSTALADO EM PAREDE - FORNECIMENTO E INSTALAÇÃO. AF_03/2023",M,"14,62","154,45","R$ 2.258,05","R$ 2.742,40",,,,,,
HEAD3,,10.1.5.3,SINAPI,91902,"CURVA 90 GRAUS PARA ELETRODUTO, PVC, ROSCÁVEL, DN 25 MM (3/4""), PARA CIRCUITOS TERMINAIS, INSTALADA EM LAJE - FORNECIMENTO E INSTALAÇÃO. AF_03/2023",UN,"10,93","61,00","R$ 666,73","R$ 809,74",,,,,,
HEAD3,,10.1.5.4,SINAPI,91914,"CURVA 90 GRAUS PARA ELETRODUTO, PVC, ROSCÁVEL, DN 25 MM (3/4""), PARA CIRCUITOS TERMINAIS, INSTALADA EM PAREDE - FORNECIMENTO E INSTALAÇÃO. AF_03/2023",UN,"17,96","14,00","R$ 251,44","R$ 305,37",,,,,,
HEAD3,,10.1.5.5,SINAPI,91879,"LUVA PARA ELETRODUTO, PVC, ROSCÁVEL, DN 25 MM (3/4""), PARA CIRCUITOS TERMINAIS, INSTALADA EM LAJE - FORNECIMENTO E INSTALAÇÃO. AF_03/2023",UN,"6,73","175,00","R$ 1.177,75","R$ 1.430,37",,,,,,
HEAD3,,10.1.5.6,SINAPI,91884,"LUVA PARA ELETRODUTO, PVC, ROSCÁVEL, DN 25 MM (3/4""), PARA CIRCUITOS TERMINAIS, INSTALADA EM PAREDE - FORNECIMENTO E INSTALAÇÃO. AF_03/2023",UN,"11,44","80,00","R$ 915,20","R$ 1.111,51",,,,,,
HEAD3,,10.1.5.7,SINAPI,91868,"ELETRODUTO RÍGIDO ROSCÁVEL, PVC, DN 32 MM (1""), PARA CIRCUITOS TERMINAIS, INSTALADO EM LAJE - FORNECIMENTO E INSTALAÇÃO. AF_03/2023",M,"14,29","127,40","R$ 1.820,54","R$ 2.211,04",,,,,,
HEAD3,,10.1.5.8,SINAPI,91872,"ELETRODUTO RÍGIDO ROSCÁVEL, PVC, DN 32 MM (1""), PARA CIRCUITOS TERMINAIS, INSTALADO EM PAREDE - FORNECIMENTO E INSTALAÇÃO. AF_03/2023",M,"18,65","21,25","R$ 396,31","R$ 481,31",,,,,,
HEAD3,,10.1.5.9,SINAPI,91905,"CURVA 90 GRAUS PARA ELETRODUTO, PVC, ROSCÁVEL, DN 32 MM (1""), PARA CIRCUITOS TERMINAIS, INSTALADA EM LAJE - FORNECIMENTO E INSTALAÇÃO. AF_03/2023",UN,"13,95","9,00","R$ 125,55","R$ 152,48",,,,,,
HEAD3,,10.1.5.10,SINAPI,91917,"CURVA 90 GRAUS PARA ELETRODUTO, PVC, ROSCÁVEL, DN 32 MM (1""), PARA CIRCUITOS TERMINAIS, INSTALADA EM PAREDE - FORNECIMENTO E INSTALAÇÃO. AF_03/2023",UN,"20,93","2,00","R$ 41,86","R$ 50,83",,,,,,
HEAD3,,10.1.5.11,SINAPI,91880,"LUVA PARA ELETRODUTO, PVC, ROSCÁVEL, DN 32 MM (1""), PARA CIRCUITOS TERMINAIS, INSTALADA EM LAJE - FORNECIMENTO E INSTALAÇÃO. AF_03/2023",UN,"8,35","61,00","R$ 509,35","R$ 618,60",,,,,,
HEAD3,,10.1.5.12,SINAPI,91885,"LUVA PARA ELETRODUTO, PVC, ROSCÁVEL, DN 32 MM (1""), PARA CIRCUITOS TERMINAIS, INSTALADA EM PAREDE - FORNECIMENTO E INSTALAÇÃO. AF_03/2023",UN,"13,00","12,00","R$ 156,00","R$ 189,46",,,,,,
HEAD3,,10.1.5.13,SINAPI,91869,"ELETRODUTO RÍGIDO ROSCÁVEL, PVC, DN 40 MM (1 1/4""), PARA CIRCUITOS TERMINAIS, INSTALADO EM LAJE - FORNECIMENTO E INSTALAÇÃO. AF_03/2023",M,"18,19","127,40","R$ 2.317,40","R$ 2.814,48",,,,,,
HEAD3,,10.1.5.14,SINAPI,91908,"CURVA 90 GRAUS PARA ELETRODUTO, PVC, ROSCÁVEL, DN 40 MM (1 1/4""), PARA CIRCUITOS TERMINAIS, INSTALADA EM LAJE - FORNECIMENTO E INSTALAÇÃO. AF_03/2023",UN,"16,47","10,00","R$ 164,70","R$ 200,02",,,,,,
HEAD3,,10.1.5.15,SINAPI,91881,"LUVA PARA ELETRODUTO, PVC, ROSCÁVEL, DN 40 MM (1 1/4""), PARA CIRCUITOS TERMINAIS, INSTALADA EM LAJE - FORNECIMENTO E INSTALAÇÃO. AF_03/2023",UN,"10,53","63,00","R$ 663,39","R$ 805,68",,,,,,
HEAD3,,10.1.5.16,SINAPI,91936,"CAIXA OCTOGONAL 4"" X 4"", PVC, INSTALADA EM LAJE - FORNECIMENTO E INSTALAÇÃO. AF_03/2023",UN,"17,03","36,00","R$ 613,08","R$ 744,58",,,,,,
HEAD3,,10.1.5.17,SINAPI,104768,"FURO MECANIZADO EM ALVENARIA, PARA INSTALAÇÕES ELÉTRICAS, DIÂMETROS MENORES OU IGUAIS A 40 MM. AF_09/2023",UN,"0,66","98,00","R$ 64,68","R$ 78,55",,,,,,
HEAD3,,10.1.5.18,SINAPI,90447,"RASGO LINEAR MANUAL EM ALVENARIA, PARA ELETRODUTOS, DIÂMETROS MENORES OU IGUAIS A 40 MM. AF_09/2023",M,"8,42","175,70","R$ 1.479,39","R$ 1.796,71",,,,,,
HEAD3,,10.1.5.19,SINAPI,104785,"FIXAÇÃO DE ELETRODUTOS, DIÂMETROS MENORES OU IGUAIS A 40 MM, COM ABRAÇADEIRA METÁLICA RÍGIDA TIPO D COM PARAFUSO DE FIXAÇÃO 1 1/4"", FIXADA DIRETAMENTE NA LAJE OU PAREDE. AF_09/2023",M,"14,86","412,60","R$ 6.131,23","R$ 7.446,37",,,,,,
HEAD2,,10.2,,,INSTALAÇÃO DE ÓPTICA,,,,,,,,,,,
HEAD2,,10.2.1,,,CABO DE FIBRA ÓPTICA,,,,,,,,,,,
HEAD3,,10.2.1.1,UFCA,K0015,"CABO DE FIBRA ÓPTICA, 06 FIBRAS",M,"R$ 18,56","246,00","R$ 4.565,76","R$ 5.545,11",,,,,,
HEAD2,,10.2.2,,,ELETRODUTO E ACESSÓRIOS,,,,,,,,,,,
HEAD3,,10.2.2.1,SINAPI,91868,"ELETRODUTO RÍGIDO ROSCÁVEL, PVC, DN 32 MM (1""), PARA CIRCUITOS TERMINAIS, INSTALADO EM LAJE - FORNECIMENTO E INSTALAÇÃO. AF_03/2023",M,"14,29","33,40","R$ 477,28","R$ 579,65",,,,,,
HEAD3,,10.2.2.2,SINAPI,91872,"ELETRODUTO RÍGIDO ROSCÁVEL, PVC, DN 32 MM (1""), PARA CIRCUITOS TERMINAIS, INSTALADO EM PAREDE - FORNECIMENTO E INSTALAÇÃO. AF_03/2023",M,"18,65","5,50","R$ 102,57","R$ 124,57",,,,,,
HEAD3,,10.2.2.3,SINAPI,91905,"CURVA 90 GRAUS PARA ELETRODUTO, PVC, ROSCÁVEL, DN 32 MM (1""), PARA CIRCUITOS TERMINAIS, INSTALADA EM LAJE - FORNECIMENTO E INSTALAÇÃO. AF_03/2023",UN,"13,95","3,00","R$ 41,85","R$ 50,82",,,,,,
HEAD3,,10.2.2.4,SINAPI,91917,"CURVA 90 GRAUS PARA ELETRODUTO, PVC, ROSCÁVEL, DN 32 MM (1""), PARA CIRCUITOS TERMINAIS, INSTALADA EM PAREDE - FORNECIMENTO E INSTALAÇÃO. AF_03/2023",UN,"20,93","1,00","R$ 20,93","R$ 25,41",,,,,,
HEAD3,,10.2.2.5,SINAPI,91880,"LUVA PARA ELETRODUTO, PVC, ROSCÁVEL, DN 32 MM (1""), PARA CIRCUITOS TERMINAIS, INSTALADA EM LAJE - FORNECIMENTO E INSTALAÇÃO. AF_03/2023",UN,"8,35","18,00","R$ 150,30","R$ 182,53",,,,,,
HEAD3,,10.2.2.6,SINAPI,91885,"LUVA PARA ELETRODUTO, PVC, ROSCÁVEL, DN 32 MM (1""), PARA CIRCUITOS TERMINAIS, INSTALADA EM PAREDE - FORNECIMENTO E INSTALAÇÃO. AF_03/2023",UN,"13,00","4,00","R$ 52,00","R$ 63,15",,,,,,
HEAD3,,10.2.2.7,SINAPI,104785,"FIXAÇÃO DE ELETRODUTOS, DIÂMETROS MENORES OU IGUAIS A 40 MM, COM ABRAÇADEIRA METÁLICA RÍGIDA TIPO D COM PARAFUSO DE FIXAÇÃO 1 1/4"", FIXADA DIRETAMENTE NA LAJE OU PAREDE. AF_09/2023",M,"14,86","26,00","R$ 386,36","R$ 469,23",,,,,,
HEAD3,,10.2.2.8,SINAPI,104768,"FURO MECANIZADO EM ALVENARIA, PARA INSTALAÇÕES ELÉTRICAS, DIÂMETROS MENORES OU IGUAIS A 40 MM. AF_09/2023",UN,"0,66","2,00","R$ 1,32","R$ 1,60",,,,,,
HEAD3,,10.2.2.9,SINAPI,95809,"CONDULETE DE PVC, TIPO LL, PARA ELETRODUTO DE PVC SOLDÁVEL DN 32 MM (1''), APARENTE - FORNECIMENTO E INSTALAÇÃO. AF_10/2022",UN,"35,38","5,00","R$ 176,90","R$ 214,84",,,,,,
HEAD3,,10.2.2.10,SINAPI,104403,"CONDULETE DE PVC, TIPO C, PARA ELETRODUTO DE PVC SOLDÁVEL DN 32 MM (1''), APARENTE - FORNECIMENTO E INSTALAÇÃO. AF_10/2022",UN,"30,32","1,00","R$ 30,32","R$ 36,82",,,,,,
HEAD3,,10.2.2.11,SINAPI,100556,"CAIXA DE PASSAGEM PARA TELEFONE 15X15X10CM (SOBREPOR), FORNECIMENTO E INSTALACAO. AF_11/2019",UN,"39,49","3,00","R$ 118,47","R$ 143,88",,,,,,
HEAD3,,10.2.2.12,SINAPI,97667,"ELETRODUTO FLEXÍVEL CORRUGADO, PEAD, DN 50 (1 1/2""), PARA REDE ENTERRADA DE DISTRIBUIÇÃO DE ENERGIA ELÉTRICA - FORNECIMENTO E INSTALAÇÃO. AF_12/2021",M,"9,52","182,00","R$ 1.732,64","R$ 2.104,29",,,,,,
HEAD3,,10.2.2.13,SINAPI,93008,"ELETRODUTO RÍGIDO ROSCÁVEL, PVC, DN 50 MM (1 1/2""), PARA REDE ENTERRADA DE DISTRIBUIÇÃO DE ENERGIA ELÉTRICA - FORNECIMENTO E INSTALAÇÃO. AF_12/2021",M,"18,98","19,00","R$ 360,62","R$ 437,97",,,,,,
HEAD3,,10.2.2.14,SINAPI,93018,"CURVA 90 GRAUS PARA ELETRODUTO, PVC, ROSCÁVEL, DN 50 MM (1 1/2""), PARA REDE ENTERRADA DE DISTRIBUIÇÃO DE ENERGIA ELÉTRICA - FORNECIMENTO E INSTALAÇÃO. AF_12/2021",UN,"22,70","2,00","R$ 45,40","R$ 55,13",,,,,,
HEAD3,,10.2.2.15,SINAPI,93013,"LUVA PARA ELETRODUTO, PVC, ROSCÁVEL, DN 50 MM (1 1/2""), PARA REDE ENTERRADA DE DISTRIBUIÇÃO DE ENERGIA ELÉTRICA - FORNECIMENTO E INSTALAÇÃO. AF_12/2021",UN,"14,92","11,00","R$ 164,12","R$ 199,32",,,,,,
HEAD3,,10.2.2.16,SINAPI,93358,ESCAVAÇÃO MANUAL DE VALA. AF_09/2024,M3,"87,42","30,10","R$ 2.631,34","R$ 3.195,76",,,,,,
HEAD3,,10.2.2.17,SINAPI,104787,"RASGO LINEAR MECANIZADO EM CONCRETO, PARA RAMAIS/ DISTRIBUIÇÃO DE INSTALAÇÕES HIDRÁULICAS, DIÂMETROS MAIORES QUE 40 MM E MENORES OU IGUAIS A 75 MM. AF_09/2023",M,"9,00","11,00","R$ 99,00","R$ 120,23",,,,,,
HEAD3,,10.2.2.18,SINAPI,94992,"EXECUÇÃO DE PASSEIO (CALÇADA) OU PISO DE CONCRETO COM CONCRETO MOLDADO IN LOCO, FEITO EM OBRA, ACABAMENTO CONVENCIONAL, ESPESSURA 6 CM, ARMADO. AF_08/2022",M2,"82,60","7,70","R$ 636,02","R$ 772,44",,,,,,
HEAD3,,10.2.2.19,SINAPI,104737,"REATERRO MANUAL DE VALAS, COM PLACA VIBRATÓRIA. AF_08/2023",M3,"22,21","30,10","R$ 668,52","R$ 811,91",,,,,,
HEAD2,,10.2.3,,,CAIXAS DE PASSAGEM E MANILHAS,,,,,,,,,,,
HEAD3,,10.2.3.1,SINAPI,97888,"CAIXA ENTERRADA ELÉTRICA RETANGULAR, EM ALVENARIA COM TIJOLOS CERÂMICOS MACIÇOS, FUNDO COM BRITA, DIMENSÕES INTERNAS: 0,6X0,6X0,6 M. AF_12/2020",UN,"515,38","11,00","R$ 5.669,18","R$ 6.885,21",,,,,,
HEAD3,,10.2.3.2,SINAPI,95565,"TUBO DE CONCRETO PARA REDES COLETORAS DE ÁGUAS PLUVIAIS, DIÂMETRO DE 300MM, JUNTA RÍGIDA, INSTALADO EM LOCAL COM BAIXO NÍVEL DE INTERFERÊNCIAS - FORNECIMENTO E ASSENTAMENTO. AF_03/2024",M,"139,70","8,00","R$ 1.117,60","R$ 1.357,32",,,,,,
HEAD3,,10.2.3.3,SINAPI,93358,ESCAVAÇÃO MANUAL DE VALA. AF_09/2024,M3,"87,42","8,83","R$ 772,09","R$ 937,70",,,,,,
HEAD3,,10.2.3.4,SINAPI,104737,"REATERRO MANUAL DE VALAS, COM PLACA VIBRATÓRIA. AF_08/2023",M3,"22,21","3,20","R$ 71,07","R$ 86,31",,,,,,
,,,,,,,,,,,,,,,,
HEAD1,,11.0,,,INSTALAÇÕES HIDRÁULICAS E SANITÁRIAS,,,,,,,"R$ 385.171,24","R$ 467.789,79",,,11.
HEAD2,,11.1,,,INSTALAÇÕES HIDRÁULICAS,,,,,,,,,,,
HEAD2,,11.1.1,,,TUBOS,,,,,,,,,,,
HEAD3,,11.1.1.1,SINAPI,89356,"TUBO, PVC, SOLDÁVEL, DE 25MM, INSTALADO EM RAMAL OU SUB-RAMAL DE ÁGUA - FORNECIMENTO E INSTALAÇÃO. AF_06/2022",M,"23,68","505,82","R$ 11.977,91","R$ 14.547,17",,,,,,
HEAD3,,11.1.1.2,SINAPI,89403,"TUBO, PVC, SOLDÁVEL, DE 32MM, INSTALADO EM RAMAL DE DISTRIBUIÇÃO DE ÁGUA - FORNECIMENTO E INSTALAÇÃO. AF_06/2022",M,"18,81","343,37","R$ 6.458,69","R$ 7.844,07",,,,,,
HEAD3,,11.1.1.3,SINAPI,89357,"TUBO, PVC, SOLDÁVEL, DE 32MM, INSTALADO EM RAMAL OU SUB-RAMAL DE ÁGUA - FORNECIMENTO E INSTALAÇÃO. AF_06/2022",M,"32,32","239,25","R$ 7.732,56","R$ 9.391,19",,,,,,
HEAD3,,11.1.1.4,SINAPI,89448,"TUBO, PVC, SOLDÁVEL, DE 40MM, INSTALADO EM PRUMADA DE ÁGUA - FORNECIMENTO E INSTALAÇÃO. AF_06/2022",M,"15,79","374,36","R$ 5.911,19","R$ 7.179,14",,,,,,
HEAD3,,11.1.1.5,SINAPI,89449,"TUBO, PVC, SOLDÁVEL, DE 50MM, INSTALADO EM PRUMADA DE ÁGUA - FORNECIMENTO E INSTALAÇÃO. AF_06/2022",M,"17,49","49,92","R$ 873,03","R$ 1.060,29",,,,,,
HEAD2,,11.1.2,,,CONEXÕES,,,,,,,,,,,
HEAD3,,11.1.2.1,SINAPI,93068,"BUCHA DE REDUÇÃO EM COBRE, DN 54 MM X 42 MM, SEM ANEL DE SOLDA, PONTA X BOLSA, INSTALADO EM PRUMADA DE HIDRÁULICA PREDIAL - FORNECIMENTO E INSTALAÇÃO. AF_04/2022",UN,"61,75","4,00","R$ 247,00","R$ 299,98",,,,,,
HEAD3,,11.1.2.2,SINAPI,103957,"BUCHA DE REDUÇÃO, CURTA, PVC, SOLDÁVEL, DN 32 X 25 MM, INSTALADO EM PRUMADA DE ÁGUA - FORNECIMENTO E INSTALAÇÃO. AF_06/2022",UN,"4,71","3,00","R$ 14,13","R$ 17,16",,,,,,
HEAD3,,11.1.2.3,SINAPI,103993,"BUCHA DE REDUÇÃO, PVC, SOLDÁVEL, DN 40MM X 32MM, INSTALADO EM RAMAL DE DISTRIBUIÇÃO DE ÁGUA - FORNECIMENTO E INSTALAÇÃO. AF_06/2022",UN,"9,56","13,00","R$ 124,28","R$ 150,93",,,,,,
HEAD3,,11.1.2.4,SINAPI,89499,"CURVA 90 GRAUS, PVC, SOLDÁVEL, DN 40MM, INSTALADO EM PRUMADA DE ÁGUA - FORNECIMENTO E INSTALAÇÃO. AF_06/2022",UN,"18,64","5,00","R$ 93,20","R$ 113,19",,,,,,
HEAD3,,11.1.2.5,SINAPI,89503,"CURVA 90 GRAUS, PVC, SOLDÁVEL, DN 50MM, INSTALADO EM PRUMADA DE ÁGUA - FORNECIMENTO E INSTALAÇÃO. AF_06/2022",UN,"21,58","4,00","R$ 86,32","R$ 104,83",,,,,,
HEAD3,,11.1.2.6,SINAPI,89492,"JOELHO 90 GRAUS, PVC, SOLDÁVEL, DN 32MM, INSTALADO EM PRUMADA DE ÁGUA - FORNECIMENTO E INSTALAÇÃO. AF_06/2022",UN,"8,01","6,00","R$ 48,06","R$ 58,36",,,,,,
HEAD3,,11.1.2.7,SINAPI,89497,"JOELHO 90 GRAUS, PVC, SOLDÁVEL, DN 40MM, INSTALADO EM PRUMADA DE ÁGUA - FORNECIMENTO E INSTALAÇÃO. AF_06/2022",UN,"12,69","43,00","R$ 545,67","R$ 662,71",,,,,,
HEAD3,,11.1.2.8,SINAPI,103951,"JOELHO DE REDUÇÃO, 90 GRAUS, PVC, SOLDÁVEL, DN 32 MM X 25 MM, INSTALADO EM RAMAL OU SUB-RAMAL DE ÁGUA - FORNECIMENTO E INSTALAÇÃO. AF_06/2022",UN,"14,67","32,00","R$ 469,44","R$ 570,13",,,,,,
HEAD3,,11.1.2.9,SINAPI,89398,"TE, PVC, SOLDÁVEL, DN 32MM, INSTALADO EM RAMAL OU SUB-RAMAL DE ÁGUA - FORNECIMENTO E INSTALAÇÃO. AF_06/2022",UN,"17,94","18,00","R$ 322,92","R$ 392,18",,,,,,
HEAD3,,11.1.2.10,SINAPI,89400,"TÊ DE REDUÇÃO, PVC, SOLDÁVEL, DN 32MM X 25MM, INSTALADO EM RAMAL OU SUB-RAMAL DE ÁGUA - FORNECIMENTO E INSTALAÇÃO. AF_06/2022",UN,"19,53","9,00","R$ 175,77","R$ 213,47",,,,,,
HEAD3,,11.1.2.11,SINAPI,89624,"TÊ DE REDUÇÃO, PVC, SOLDÁVEL, DN 40MM X 32MM, INSTALADO EM PRUMADA DE ÁGUA - FORNECIMENTO E INSTALAÇÃO. AF_06/2022",UN,"17,12","25,00","R$ 428,00","R$ 519,80",,,,,,
HEAD3,,11.1.2.12,SINAPI,103990,"UNIÃO, PVC, SOLDÁVEL, DN 40MM, INSTALADO EM RAMAL DE DISTRIBUIÇÃO DE ÁGUA - FORNECIMENTO E INSTALAÇÃO. AF_06/2022",UN,"33,34","1,00","R$ 33,34","R$ 40,49",,,,,,
HEAD3,,11.1.2.13,SINAPI,103964,"BUCHA DE REDUÇÃO, LONGA, PVC, SOLDÁVEL, DN 40 X 25 MM, INSTALADO EM PRUMADA DE ÁGUA - FORNECIMENTO E INSTALAÇÃO. AF_06/2022",UN,"7,78","3,00","R$ 23,34","R$ 28,34",,,,,,
HEAD3,,11.1.2.14,SINAPI,104008,"TE DE REDUÇÃO, 90 GRAUS, PVC, SOLDÁVEL, DN 50 MM X 32 MM, INSTALADO EM RAMAL DE DISTRIBUIÇÃO DE ÁGUA - FORNECIMENTO E INSTALAÇÃO. AF_06/2022",UN,"30,52","9,00","R$ 274,68","R$ 333,59",,,,,,
HEAD3,,11.1.2.15,SINAPI,89362,"JOELHO 90 GRAUS, PVC, SOLDÁVEL, DN 25MM, INSTALADO EM RAMAL OU SUB-RAMAL DE ÁGUA - FORNECIMENTO E INSTALAÇÃO. AF_06/2022",UN,"9,42","149,00","R$ 1.403,58","R$ 1.704,64",,,,,,
HEAD3,,11.1.2.16,SINAPI,89440,"TE, PVC, SOLDÁVEL, DN 25MM, INSTALADO EM RAMAL DE DISTRIBUIÇÃO DE ÁGUA - FORNECIMENTO E INSTALAÇÃO. AF_06/2022",UN,"11,85","8,00","R$ 94,80","R$ 115,13",,,,,,
HEAD3,,11.1.2.17,SINAPI,89395,"TE, PVC, SOLDÁVEL, DN 25MM, INSTALADO EM RAMAL OU SUB-RAMAL DE ÁGUA - FORNECIMENTO E INSTALAÇÃO. AF_06/2022",UN,"12,94","96,00","R$ 1.242,24","R$ 1.508,70",,,,,,
HEAD3,,11.1.2.18,SINAPI,89366,"JOELHO 90 GRAUS COM BUCHA DE LATÃO, PVC, SOLDÁVEL, DN 25MM, X 3/4  INSTALADO EM RAMAL OU SUB-RAMAL DE ÁGUA - FORNECIMENTO E INSTALAÇÃO. AF_06/2022",UN,"15,88","87,00","R$ 1.381,56","R$ 1.677,90",,,,,,
HEAD3,,11.1.2.19,SINAPI,90373,"JOELHO 90 GRAUS COM BUCHA DE LATÃO, PVC, SOLDÁVEL, DN 25MM, X 1/2  INSTALADO EM RAMAL OU SUB-RAMAL DE ÁGUA - FORNECIMENTO E INSTALAÇÃO. AF_06/2022",UN,"12,72","79,00","R$ 1.004,88","R$ 1.220,42",,,,,,
HEAD3,,11.1.2.20,SINAPI,89383,"ADAPTADOR CURTO COM BOLSA E ROSCA PARA REGISTRO, PVC, SOLDÁVEL, DN 25MM X 3/4 , INSTALADO EM RAMAL OU SUB-RAMAL DE ÁGUA - FORNECIMENTO E INSTALAÇÃO. AF_06/2022",UN,"6,51","136,00","R$ 885,36","R$ 1.075,26",,,,,,
HEAD3,,11.1.2.21,SINAPI,89385,"LUVA SOLDÁVEL E COM ROSCA, PVC, SOLDÁVEL, DN 25MM X 3/4 , INSTALADO EM RAMAL OU SUB-RAMAL DE ÁGUA - FORNECIMENTO E INSTALAÇÃO. AF_06/2022",UN,"7,11","17,00","R$ 120,87","R$ 146,79",,,,,,
HEAD3,,11.1.2.22,SINAPI,89367,"JOELHO 90 GRAUS, PVC, SOLDÁVEL, DN 32MM, INSTALADO EM RAMAL OU SUB-RAMAL DE ÁGUA - FORNECIMENTO E INSTALAÇÃO. AF_06/2022",UN,"12,90","16,00","R$ 206,40","R$ 250,67",,,,,,
HEAD3,,11.1.2.23,SINAPI,89553,"ADAPTADOR CURTO COM BOLSA E ROSCA PARA REGISTRO, PVC, SOLDÁVEL, DN 32MM X 1 , INSTALADO EM PRUMADA DE ÁGUA - FORNECIMENTO E INSTALAÇÃO. AF_06/2022",UN,"5,52","2,00","R$ 11,04","R$ 13,40",,,,,,
HEAD3,,11.1.2.24,SINAPI,89501,"JOELHO 90 GRAUS, PVC, SOLDÁVEL, DN 50MM, INSTALADO EM PRUMADA DE ÁGUA - FORNECIMENTO E INSTALAÇÃO. AF_06/2022",UN,"13,75","9,00","R$ 123,75","R$ 150,29",,,,,,
HEAD3,,11.1.2.25,SINAPI,89623,"TE, PVC, SOLDÁVEL, DN 40MM, INSTALADO EM PRUMADA DE ÁGUA - FORNECIMENTO E INSTALAÇÃO. AF_06/2022",UN,"18,52","19,00","R$ 351,88","R$ 427,35",,,,,,
HEAD3,,11.1.2.26,SINAPI,89572,"ADAPTADOR CURTO COM BOLSA E ROSCA PARA REGISTRO, PVC, SOLDÁVEL, DN 40MM X 1.1/4 , INSTALADO EM PRUMADA DE ÁGUA - FORNECIMENTO E INSTALAÇÃO. AF_06/2022",UN,"8,28","9,00","R$ 74,52","R$ 90,50",,,,,,
HEAD3,,11.1.2.27,SINAPI,89625,"TE, PVC, SOLDÁVEL, DN 50MM, INSTALADO EM PRUMADA DE ÁGUA - FORNECIMENTO E INSTALAÇÃO. AF_06/2022",UN,"21,65","2,00","R$ 43,30","R$ 52,58",,,,,,
HEAD3,,11.1.2.28,SINAPI,89610,"ADAPTADOR CURTO COM BOLSA E ROSCA PARA REGISTRO, PVC, SOLDÁVEL, DN 60MM X 2 , INSTALADO EM PRUMADA DE ÁGUA - FORNECIMENTO E INSTALAÇÃO. AF_06/2022",UN,"18,41","3,00","R$ 55,23","R$ 67,07",,,,,,
HEAD3,,11.1.2.29,SINAPI,89365,"CURVA 45 GRAUS, PVC, SOLDÁVEL, DN 25MM, INSTALADO EM RAMAL OU SUB-RAMAL DE ÁGUA - FORNECIMENTO E INSTALAÇÃO. AF_06/2022",UN,"11,09","2,00","R$ 22,18","R$ 26,93",,,,,,
HEAD3,,11.1.2.30,SINAPI,89370,"CURVA 45 GRAUS, PVC, SOLDÁVEL, DN 32MM, INSTALADO EM RAMAL OU SUB-RAMAL DE ÁGUA - FORNECIMENTO E INSTALAÇÃO. AF_06/2022",UN,"14,89","2,00","R$ 29,78","R$ 36,16",,,,,,
HEAD3,,11.1.2.31,SINAPI,89410,"CURVA 90 GRAUS, PVC, SOLDÁVEL, DN 25MM, INSTALADO EM RAMAL DE DISTRIBUIÇÃO DE ÁGUA - FORNECIMENTO E INSTALAÇÃO. AF_06/2022",UN,"10,78","14,00","R$ 150,92","R$ 183,29",,,,,,
HEAD3,,11.1.2.32,SINAPI,89415,"CURVA 90 GRAUS, PVC, SOLDÁVEL, DN 32MM, INSTALADO EM RAMAL DE DISTRIBUIÇÃO DE ÁGUA - FORNECIMENTO E INSTALAÇÃO. AF_06/2022",UN,"15,84","2,00","R$ 31,68","R$ 38,47",,,,,,
HEAD3,,11.1.2.33,SINAPI,89414,"JOELHO 45 GRAUS, PVC, SOLDÁVEL, DN 32MM, INSTALADO EM RAMAL DE DISTRIBUIÇÃO DE ÁGUA - FORNECIMENTO E INSTALAÇÃO. AF_06/2022",UN,"13,59","1,00","R$ 13,59","R$ 16,50",,,,,,
HEAD3,,11.1.2.34,SINAPI,103988,"LUVA, PVC, SOLDÁVEL, DN 40MM, INSTALADO EM RAMAL DE DISTRIBUIÇÃO DE ÁGUA - FORNECIMENTO E INSTALAÇÃO. AF_06/2022",UN,"12,31","3,00","R$ 36,93","R$ 44,85",,,,,,
HEAD3,,11.1.2.35,SINAPI,89596,"ADAPTADOR CURTO COM BOLSA E ROSCA PARA REGISTRO, PVC, SOLDÁVEL, DN 50MM X 1.1/2 , INSTALADO EM PRUMADA DE ÁGUA - FORNECIMENTO E INSTALAÇÃO. AF_06/2022",UN,"9,93","4,00","R$ 39,72","R$ 48,23",,,,,,
HEAD3,,11.1.2.36,SINAPI,89499,"CURVA 90 GRAUS, PVC, SOLDÁVEL, DN 40MM, INSTALADO EM PRUMADA DE ÁGUA - FORNECIMENTO E INSTALAÇÃO. AF_06/2022",UN,"18,64","4,00","R$ 74,56","R$ 90,55",,,,,,
HEAD2,,11.1.3,,,CAIXAS,,,,,,,,,,,
HEAD3,,11.1.3.1,SINAPI,97902,"CAIXA ENTERRADA HIDRÁULICA RETANGULAR EM ALVENARIA COM TIJOLOS CERÂMICOS MACIÇOS, DIMENSÕES INTERNAS: 0,6X0,6X0,6 M PARA REDE DE ESGOTO. AF_12/2020",UN,"578,29","10,00","R$ 5.782,90","R$ 7.023,33",,,,,,
HEAD2,,11.1.4,,,REGISTROS E VÁLVULAS,,,,,,,,,,,
HEAD3,,11.1.4.1,SINAPI,94491,"REGISTRO DE ESFERA, PVC, SOLDÁVEL, COM VOLANTE, DN  40 MM - FORNECIMENTO E INSTALAÇÃO. AF_08/2021",UN,"44,44","14,00","R$ 622,16","R$ 755,61",,,,,,
HEAD3,,11.1.4.2,SINAPI,94492,"REGISTRO DE ESFERA, PVC, SOLDÁVEL, COM VOLANTE, DN  50 MM - FORNECIMENTO E INSTALAÇÃO. AF_08/2021",UN,"45,63","12,00","R$ 547,56","R$ 665,01",,,,,,
HEAD3,,11.1.4.3,SINAPI,89987,"REGISTRO DE GAVETA BRUTO, LATÃO, ROSCÁVEL, 3/4"", COM ACABAMENTO E CANOPLA CROMADOS - FORNECIMENTO E INSTALAÇÃO. AF_08/2021",UN,"97,37","60,00","R$ 5.842,20","R$ 7.095,35",,,,,,
HEAD3,,11.1.4.4,SINAPI,94792,"REGISTRO DE GAVETA BRUTO, LATÃO, ROSCÁVEL, 1"", COM ACABAMENTO E CANOPLA CROMADOS - FORNECIMENTO E INSTALAÇÃO. AF_08/2021",UN,"118,62","1,00","R$ 118,62","R$ 144,06",,,,,,
HEAD3,,11.1.4.5,SINAPI,94793,"REGISTRO DE GAVETA BRUTO, LATÃO, ROSCÁVEL, 1 1/4"", COM ACABAMENTO E CANOPLA CROMADOS - FORNECIMENTO E INSTALAÇÃO. AF_08/2021",UN,"162,49","3,00","R$ 487,47","R$ 592,03",,,,,,
HEAD3,,11.1.4.6,SINAPI,94794,"REGISTRO DE GAVETA BRUTO, LATÃO, ROSCÁVEL, 1 1/2"", COM ACABAMENTO E CANOPLA CROMADOS - FORNECIMENTO E INSTALAÇÃO. AF_08/2021",UN,"172,35","2,00","R$ 344,70","R$ 418,63",,,,,,
HEAD3,,11.1.4.7,SINAPI,89985,"REGISTRO DE PRESSÃO BRUTO, LATÃO, ROSCÁVEL, 3/4"", COM ACABAMENTO E CANOPLA CROMADOS - FORNECIMENTO E INSTALAÇÃO. AF_08/2021",UN,"92,48","17,00","R$ 1.572,16","R$ 1.909,38",,,,,,
HEAD2,,11.1.5,,,SERVIÇOS DIVERSOS,,,,,,,,,,,
HEAD3,,11.1.5.1,SINAPI,90436,"FURO MANUAL EM ALVENARIA, PARA INSTALAÇÕES HIDRÁULICAS, DIÂMETROS MENORES OU IGUAIS A 40 MM. AF_09/2023",UN,"15,06","10,00","R$ 150,60","R$ 182,90",,,,,,
HEAD3,,11.1.5.2,SINAPI,90443,"RASGO LINEAR MANUAL EM ALVENARIA, PARA RAMAIS/ DISTRIBUIÇÃO DE INSTALAÇÕES HIDRÁULICAS, DIÂMETROS MENORES OU IGUAIS A 40 MM. AF_09/2023",M,"8,09","505,82","R$ 4.092,11","R$ 4.969,86",,,,,,
HEAD3,,11.1.5.3,SINAPI,90466,CHUMBAMENTO LINEAR EM ALVENARIA PARA RAMAIS/DISTRIBUIÇÃO DE INSTALAÇÕES HIDRÁULICAS COM DIÂMETROS MENORES OU IGUAIS A 40 MM. AF_09/2023,M,"15,62","505,82","R$ 7.900,97","R$ 9.595,72",,,,,,
HEAD3,,11.1.5.4,SINAPI,91222,"RASGO LINEAR MANUAL EM ALVENARIA, PARA RAMAIS/ DISTRIBUIÇÃO DE INSTALAÇÕES HIDRÁULICAS, DIÂMETROS MAIORES QUE 40 MM E MENORES OU IGUAIS A 75 MM. AF_09/2023",M,"8,99","505,82","R$ 4.547,35","R$ 5.522,75",,,,,,
HEAD3,,11.1.5.5,SINAPI,104773,"FURO MECANIZADO EM CONCRETO, COM PERFURATRIZ, PARA INSTALAÇÕES HIDRÁULICAS, DIÂMETROS MENORES OU IGUAIS A 40 MM. AF_09/2023",UN,"2,28","55,00","R$ 125,40","R$ 152,29",,,,,,
HEAD3,,11.1.5.6,SINAPI,102137,CHAVE DE BOIA AUTOMÁTICA SUPERIOR/INFERIOR 15A/250V - FORNECIMENTO E INSTALAÇÃO. AF_12/2020,UN,"75,38","10,00","R$ 753,80","R$ 915,49",,,,,,
HEAD3,,11.1.5.7,SINAPI,102118,"BOMBA CENTRÍFUGA, TRIFÁSICA, 3 CV OU 2,96 HP, HM 34 A 40 M, Q 8,6 A 14,8 M3/H - FORNECIMENTO E INSTALAÇÃO. AF_12/2020",UN,"2.597,87","2,00","R$ 5.195,74","R$ 6.310,22",,,,,,
HEAD3,,11.1.5.8,SINAPI,102621,"CAIXA D´ÁGUA EM POLIÉSTER REFORÇADO COM FIBRA DE VIDRO, 20000 LITROS - FORNECIMENTO E INSTALAÇÃO. AF_06/2021",UN,"12.909,14","2,00","R$ 25.818,28","R$ 31.356,30",,,,,,
HEAD3,,11.1.5.9,SINAPI,102617,"CAIXA D´ÁGUA EM POLIÉSTER REFORÇADO COM FIBRA DE VIDRO, 5000 LITROS - FORNECIMENTO E INSTALAÇÃO. AF_06/2021",UN,"3.588,29","6,00","R$ 21.529,74","R$ 26.147,86",,,,,,
HEAD2,,11.2,,,INSTALAÇÕES SANITÁRIAS,,,,,,,,,,,
HEAD2,,11.2.1,,,TUBOS,,,,,,,,,,,
HEAD3,,11.2.1.1,SINAPI,89711,"TUBO PVC, SERIE NORMAL, ESGOTO PREDIAL, DN 40 MM, FORNECIDO E INSTALADO EM RAMAL DE DESCARGA OU RAMAL DE ESGOTO SANITÁRIO. AF_08/2022",M,"20,49","108,49","R$ 2.222,96","R$ 2.699,78",,,,,,
HEAD3,,11.2.1.2,SINAPI,89712,"TUBO PVC, SERIE NORMAL, ESGOTO PREDIAL, DN 50 MM, FORNECIDO E INSTALADO EM RAMAL DE DESCARGA OU RAMAL DE ESGOTO SANITÁRIO. AF_08/2022",M,"25,43","342,26","R$ 8.703,67","R$ 10.570,60",,,,,,
HEAD3,,11.2.1.3,SINAPI,89713,"TUBO PVC, SERIE NORMAL, ESGOTO PREDIAL, DN 75 MM, FORNECIDO E INSTALADO EM RAMAL DE DESCARGA OU RAMAL DE ESGOTO SANITÁRIO. AF_08/2022",M,"31,54","126,51","R$ 3.990,12","R$ 4.846,00",,,,,,
HEAD3,,11.2.1.4,SINAPI,89714,"TUBO PVC, SERIE NORMAL, ESGOTO PREDIAL, DN 100 MM, FORNECIDO E INSTALADO EM RAMAL DE DESCARGA OU RAMAL DE ESGOTO SANITÁRIO. AF_08/2022",M,"35,42","327,76","R$ 11.609,25","R$ 14.099,43",,,,,,
HEAD3,,11.2.1.5,SINAPI,89849,"TUBO PVC, SERIE NORMAL, ESGOTO PREDIAL, DN 150 MM, FORNECIDO E INSTALADO EM SUBCOLETOR AÉREO DE ESGOTO SANITÁRIO. AF_08/2022",M,"49,38","63,61","R$ 3.141,06","R$ 3.814,81",,,,,,
HEAD2,,11.2.2,,,CONEXÕES,,,,,,,,,,,
HEAD3,,11.2.2.1,SINAPI,89724,"JOELHO 90 GRAUS, PVC, SERIE NORMAL, ESGOTO PREDIAL, DN 40 MM, JUNTA SOLDÁVEL, FORNECIDO E INSTALADO EM RAMAL DE DESCARGA OU RAMAL DE ESGOTO SANITÁRIO. AF_08/2022",UN,"9,74","130,00","R$ 1.266,20","R$ 1.537,79",,,,,,
HEAD3,,11.2.2.2,SINAPI,89726,"JOELHO 45 GRAUS, PVC, SERIE NORMAL, ESGOTO PREDIAL, DN 40 MM, JUNTA SOLDÁVEL, FORNECIDO E INSTALADO EM RAMAL DE DESCARGA OU RAMAL DE ESGOTO SANITÁRIO. AF_08/2022",UN,"9,93","44,00","R$ 436,92","R$ 530,63",,,,,,
HEAD3,,11.2.2.3,SINAPI,89731,"JOELHO 90 GRAUS, PVC, SERIE NORMAL, ESGOTO PREDIAL, DN 50 MM, JUNTA ELÁSTICA, FORNECIDO E INSTALADO EM RAMAL DE DESCARGA OU RAMAL DE ESGOTO SANITÁRIO. AF_08/2022",UN,"15,77","121,00","R$ 1.908,17","R$ 2.317,47",,,,,,
HEAD3,,11.2.2.4,SINAPI,89732,"JOELHO 45 GRAUS, PVC, SERIE NORMAL, ESGOTO PREDIAL, DN 50 MM, JUNTA ELÁSTICA, FORNECIDO E INSTALADO EM RAMAL DE DESCARGA OU RAMAL DE ESGOTO SANITÁRIO. AF_08/2022",UN,"16,36","45,00","R$ 736,20","R$ 894,11",,,,,,
HEAD3,,11.2.2.5,SINAPI,89737,"JOELHO 90 GRAUS, PVC, SERIE NORMAL, ESGOTO PREDIAL, DN 75 MM, JUNTA ELÁSTICA, FORNECIDO E INSTALADO EM RAMAL DE DESCARGA OU RAMAL DE ESGOTO SANITÁRIO. AF_08/2022",UN,"23,35","35,00","R$ 817,25","R$ 992,55",,,,,,
HEAD3,,11.2.2.6,SINAPI,89739,"JOELHO 45 GRAUS, PVC, SERIE NORMAL, ESGOTO PREDIAL, DN 75 MM, JUNTA ELÁSTICA, FORNECIDO E INSTALADO EM RAMAL DE DESCARGA OU RAMAL DE ESGOTO SANITÁRIO. AF_08/2022",UN,"24,14","9,00","R$ 217,26","R$ 263,86",,,,,,
HEAD3,,11.2.2.7,SINAPI,89744,"JOELHO 90 GRAUS, PVC, SERIE NORMAL, ESGOTO PREDIAL, DN 100 MM, JUNTA ELÁSTICA, FORNECIDO E INSTALADO EM RAMAL DE DESCARGA OU RAMAL DE ESGOTO SANITÁRIO. AF_08/2022",UN,"28,33","22,00","R$ 623,26","R$ 756,94",,,,,,
HEAD3,,11.2.2.8,SINAPI,89746,"JOELHO 45 GRAUS, PVC, SERIE NORMAL, ESGOTO PREDIAL, DN 100 MM, JUNTA ELÁSTICA, FORNECIDO E INSTALADO EM RAMAL DE DESCARGA OU RAMAL DE ESGOTO SANITÁRIO. AF_08/2022",UN,"29,01","13,00","R$ 377,13","R$ 458,02",,,,,,
HEAD3,,11.2.2.9,SINAPI,104343,"JUNÇÃO DE REDUÇÃO INVERTIDA, PVC, SÉRIE NORMAL, ESGOTO PREDIAL, DN 75 X 50 MM, JUNTA ELÁSTICA, FORNECIDO E INSTALADO EM RAMAL DE DESCARGA OU RAMAL DE ESGOTO SANITÁRIO. AF_08/2022",UN,"34,12","6,00","R$ 204,72","R$ 248,63",,,,,,
HEAD3,,11.2.2.10,SINAPI,104345,"JUNÇÃO DE REDUÇÃO INVERTIDA, PVC, SÉRIE NORMAL, ESGOTO PREDIAL, DN 100 X 50 MM, JUNTA ELÁSTICA, FORNECIDO E INSTALADO EM RAMAL DE DESCARGA OU RAMAL DE ESGOTO SANITÁRIO. AF_08/2022",UN,"42,29","8,00","R$ 338,32","R$ 410,88",,,,,,
HEAD3,,11.2.2.11,SINAPI,89785,"JUNÇÃO SIMPLES, PVC, SERIE NORMAL, ESGOTO PREDIAL, DN 50 X 50 MM, JUNTA ELÁSTICA, FORNECIDO E INSTALADO EM RAMAL DE DESCARGA OU RAMAL DE ESGOTO SANITÁRIO. AF_08/2022",UN,"26,81","17,00","R$ 455,77","R$ 553,53",,,,,,
HEAD3,,11.2.2.12,SINAPI,104347,"JUNÇÃO DE REDUCAO INVERTIDA, PVC, SÉRIE NORMAL, ESGOTO PREDIAL, DN 100 X 75 MM, JUNTA ELÁSTICA, FORNECIDO E INSTALADO EM RAMAL DE DESCARGA OU RAMAL DE ESGOTO SANITÁRIO. AF_08/2022",UN,"46,94","2,00","R$ 93,88","R$ 114,01",,,,,,
HEAD3,,11.2.2.13,SINAPI,89797,"JUNÇÃO SIMPLES, PVC, SERIE NORMAL, ESGOTO PREDIAL, DN 100 X 100 MM, JUNTA ELÁSTICA, FORNECIDO E INSTALADO EM RAMAL DE DESCARGA OU RAMAL DE ESGOTO SANITÁRIO. AF_08/2022",UN,"50,31","11,00","R$ 553,41","R$ 672,11",,,,,,
HEAD3,,11.2.2.14,SINAPI,89795,"JUNÇÃO SIMPLES, PVC, SERIE NORMAL, ESGOTO PREDIAL, DN 75 X 75 MM, JUNTA ELÁSTICA, FORNECIDO E INSTALADO EM RAMAL DE DESCARGA OU RAMAL DE ESGOTO SANITÁRIO. AF_08/2022",UN,"40,36","1,00","R$ 40,36","R$ 49,01",,,,,,
HEAD3,,11.2.2.15,SINAPI,89783,"JUNÇÃO SIMPLES, PVC, SERIE NORMAL, ESGOTO PREDIAL, DN 40 MM, JUNTA SOLDÁVEL, FORNECIDO E INSTALADO EM RAMAL DE DESCARGA OU RAMAL DE ESGOTO SANITÁRIO. AF_08/2022",UN,"14,05","1,00","R$ 14,05","R$ 17,06",,,,,,
HEAD3,,11.2.2.16,SINAPI,89825,"TE, PVC, SERIE NORMAL, ESGOTO PREDIAL, DN 50 X 50 MM, JUNTA ELÁSTICA, FORNECIDO E INSTALADO EM PRUMADA DE ESGOTO SANITÁRIO OU VENTILAÇÃO. AF_08/2022",UN,"17,87","33,00","R$ 589,71","R$ 716,20",,,,,,
HEAD3,,11.2.2.17,SINAPI,89829,"TE, PVC, SERIE NORMAL, ESGOTO PREDIAL, DN 75 X 75 MM, JUNTA ELÁSTICA, FORNECIDO E INSTALADO EM PRUMADA DE ESGOTO SANITÁRIO OU VENTILAÇÃO. AF_08/2022",UN,"36,00","13,00","R$ 468,00","R$ 568,38",,,,,,
HEAD3,,11.2.2.18,SINAPI,104348,"TERMINAL DE VENTILAÇÃO, PVC, SÉRIE NORMAL, ESGOTO PREDIAL, DN 50 MM, JUNTA SOLDÁVEL, FORNECIDO E INSTALADO EM PRUMADA DE ESGOTO SANITÁRIO OU VENTILAÇÃO. AF_08/2022",UN,"9,18","33,00","R$ 302,94","R$ 367,92",,,,,,
HEAD3,,11.2.2.19,SINAPI,104351,"TERMINAL DE VENTILAÇÃO, PVC, SÉRIE NORMAL, ESGOTO PREDIAL, DN 75 MM, JUNTA SOLDÁVEL, FORNECIDO E INSTALADO EM PRUMADA DE ESGOTO SANITÁRIO OU VENTILAÇÃO. AF_08/2022",UN,"19,19","11,00","R$ 211,09","R$ 256,36",,,,,,
HEAD2,,11.2.3,,,CAIXAS,,,,,,,,,,,
HEAD3,,11.2.3.1,SINAPI,97902,"CAIXA ENTERRADA HIDRÁULICA RETANGULAR EM ALVENARIA COM TIJOLOS CERÂMICOS MACIÇOS, DIMENSÕES INTERNAS: 0,6X0,6X0,6 M PARA REDE DE ESGOTO. AF_12/2020",UN,"578,29","21,00","R$ 12.144,09","R$ 14.748,99",,,,,,
HEAD3,,11.2.3.2,SINAPI,97975,"POÇO DE INSPEÇÃO CIRCULAR PARA ESGOTO, EM CONCRETO PRÉ-MOLDADO, DIÂMETRO INTERNO = 0,60 M, PROFUNDIDADE = 1,40 M, EXCLUINDO TAMPÃO. AF_12/2020_PA",UN,"661,30","10,00","R$ 6.613,00","R$ 8.031,48",,,,,,
HEAD2,,11.2.4,,,RALOS/CAIXA SIFONADA,,,,,,,,,,,
HEAD3,,11.2.4.1,SINAPI,89707,"CAIXA SIFONADA, PVC, DN 100 X 100 X 50 MM, JUNTA ELÁSTICA, FORNECIDA E INSTALADA EM RAMAL DE DESCARGA OU EM RAMAL DE ESGOTO SANITÁRIO. AF_08/2022",UN,"47,39","16,00","R$ 758,24","R$ 920,88",,,,,,
HEAD3,,11.2.4.2,SINAPI,89708,"CAIXA SIFONADA, PVC, DN 150 X 185 X 75 MM, JUNTA ELÁSTICA, FORNECIDA E INSTALADA EM RAMAL DE DESCARGA OU EM RAMAL DE ESGOTO SANITÁRIO. AF_08/2022",UN,"99,55","29,00","R$ 2.886,95","R$ 3.506,20",,,,,,
HEAD3,,11.2.4.3,SINAPI,89710,"RALO SECO, PVC, DN 100 X 40 MM, JUNTA SOLDÁVEL, FORNECIDO E INSTALADO EM RAMAL DE DESCARGA OU EM RAMAL DE ESGOTO SANITÁRIO. AF_08/2022",UN,"18,08","20,00","R$ 361,60","R$ 439,16",,,,,,
HEAD2,,11.2.5,,,SERVIÇOS DIVERSOS,,,,,,,,,,,
HEAD3,,11.2.5.1,SINAPI,104775,"FURO MECANIZADO EM CONCRETO, COM PERFURATRIZ, PARA INSTALAÇÕES HIDRÁULICAS, DIÂMETROS MAIORES QUE 40 MM E MENORES OU IGUAIS A 75 MM. AF_09/2023",UN,"6,09","69,00","R$ 420,21","R$ 510,34",,,,,,
HEAD3,,11.2.5.2,SINAPI,104777,"FURO MECANIZADO EM CONCRETO, COM PERFURATRIZ, PARA INSTALAÇÕES HIDRÁULICAS, DIÂMETROS MAIORES QUE 75 MM E MENORES OU IGUAIS A 150 MM. AF_09/2023",UN,"8,91","15,00","R$ 133,65","R$ 162,31",,,,,,
HEAD3,,11.2.5.3,SINAPI,90443,"RASGO LINEAR MANUAL EM ALVENARIA, PARA RAMAIS/ DISTRIBUIÇÃO DE INSTALAÇÕES HIDRÁULICAS, DIÂMETROS MENORES OU IGUAIS A 40 MM. AF_09/2023",M,"8,09","32,55","R$ 263,30","R$ 319,77",,,,,,
HEAD3,,11.2.5.4,SINAPI,91222,"RASGO LINEAR MANUAL EM ALVENARIA, PARA RAMAIS/ DISTRIBUIÇÃO DE INSTALAÇÕES HIDRÁULICAS, DIÂMETROS MAIORES QUE 40 MM E MENORES OU IGUAIS A 75 MM. AF_09/2023",M,"8,99","140,63","R$ 1.264,27","R$ 1.535,45",,,,,,
HEAD3,,11.2.5.5,SINAPI,90091,"ESCAVAÇÃO MECANIZADA DE VALA COM PROF. ATÉ 1,5 M (MÉDIA MONTANTE E JUSANTE/UMA COMPOSIÇÃO POR TRECHO), ESCAVADEIRA (0,8 M3), LARG. DE 1,5 M A 2,5 M, EM SOLO DE 1A CATEGORIA, LOCAIS COM BAIXO NÍVEL DE INTERFERÊNCIA. AF_09/2024",M3,"6,10","113,01","R$ 689,36","R$ 837,22",,,,,,
HEAD3,,11.2.5.6,SINAPI,90092,"ESCAVAÇÃO MECANIZADA DE VALA COM PROF. MAIOR QUE 1,5 M E ATÉ 3,0 M(MÉDIA MONTANTE E JUSANTE/UMA COMPOSIÇÃO POR TRECHO), ESCAVADEIRA (0,8 M3), LARG. MENOR QUE 1,5 M, EM SOLO DE 1A CATEGORIA, LOCAIS COM BAIXO NÍVEL DE INTERFERÊNCIA. AF_09/2024",M3,"5,91","85,09","R$ 502,88","R$ 610,74",,,,,,
HEAD3,,11.2.5.7,SINAPI,93358,ESCAVAÇÃO MANUAL DE VALA. AF_09/2024,M3,"87,42","100,69","R$ 8.802,31","R$ 10.690,40",,,,,,
HEAD3,,11.2.5.8,SINAPI,93367,"REATERRO MECANIZADO DE VALA COM ESCAVADEIRA HIDRÁULICA (CAPACIDADE DA CAÇAMBA: 0,8 M³/POTÊNCIA: 111 HP), LARGURA DE 1,5 A 2,5 M, PROFUNDIDADE ATÉ 1,5 M, COM SOLO (SEM SUBSTITUIÇÃO) DE 1ª CATEGORIA, COM COMPACTADOR DE SOLOS DE PERCUSSÃO. AF_08/2023",M3,"24,06","111,15","R$ 2.674,26","R$ 3.247,88",,,,,,
HEAD3,,11.2.5.9,SINAPI,93368,"REATERRO MECANIZADO DE VALA COM ESCAVADEIRA HIDRÁULICA (CAPACIDADE DA CAÇAMBA: 0,8 M³/POTÊNCIA: 111 HP), LARGURA ATÉ 1,5 M, PROFUNDIDADE DE 1,5 A 3,0 M, COM SOLO (SEM SUBSTITUIÇÃO) DE 1ª CATEGORIA, COM COMPACTADOR DE SOLOS DE PERCUSSÃO. AF_08/2023",M3,"21,11","83,37","R$ 1.759,94","R$ 2.137,44",,,,,,
HEAD3,,11.2.5.10,SINAPI,93382,"REATERRO MANUAL DE VALAS, COM COMPACTADOR DE SOLOS DE PERCUSSÃO. AF_08/2023",M3,"27,13","100,05","R$ 2.714,35","R$ 3.296,57",,,,,,
HEAD2,,11.2.6,,,LIGAÇÃO PREDIAL - ETE,,,,,,,,,,,
HEAD3,,11.2.6.1,SINAPI,97102,"EXECUÇÃO DE RADIER, ESPESSURA DE 15 CM, FCK = 30 MPA, COM USO DE FORMAS EM MADEIRA SERRADA. AF_09/2021",M2,"221,32","40,00","R$ 8.852,80","R$ 10.751,72",,,,,,
HEAD3,,11.2.6.2,SINAPI,97902,"CAIXA ENTERRADA HIDRÁULICA RETANGULAR EM ALVENARIA COM TIJOLOS CERÂMICOS MACIÇOS, DIMENSÕES INTERNAS: 0,6X0,6X0,6 M PARA REDE DE ESGOTO. AF_12/2020",UN,"578,29","10,00","R$ 5.782,90","R$ 7.023,33",,,,,,
HEAD3,,11.2.6.3,SINAPI,102118,"BOMBA CENTRÍFUGA, TRIFÁSICA, 3 CV OU 2,96 HP, HM 34 A 40 M, Q 8,6 A 14,8 M3/H - FORNECIMENTO E INSTALAÇÃO. AF_12/2020",UN,"2.597,87","1,00","R$ 2.597,87","R$ 3.155,11",,,,,,
HEAD3,,11.2.6.4,SINAPI,89712,"TUBO PVC, SERIE NORMAL, ESGOTO PREDIAL, DN 50 MM, FORNECIDO E INSTALADO EM RAMAL DE DESCARGA OU RAMAL DE ESGOTO SANITÁRIO. AF_08/2022",M,"25,43","100,00","R$ 2.543,00","R$ 3.088,47",,,,,,
HEAD2,,11.3,,,LOUÇAS/METAIS E ACESSÓRIOS,,,,,,,,,,,
HEAD3,,11.3.1,SINAPI,86888,VASO SANITÁRIO SIFONADO COM CAIXA ACOPLADA LOUÇA BRANCA - FORNECIMENTO E INSTALAÇÃO. AF_01/2020,UN,"499,37","22,00","R$ 10.986,14","R$ 13.342,66",,,,,,
HEAD3,,11.3.2,SINAPI,86885,"ENGATE FLEXÍVEL EM PLÁSTICO BRANCO, 1/2"" X 40CM - FORNECIMENTO E INSTALAÇÃO. AF_01/2020",UN,"13,05","28,00","R$ 365,40","R$ 443,77",,,,,,
HEAD3,,11.3.3,SINAPI,100858,MICTÓRIO SIFONADO LOUÇA BRANCA - PADRÃO MÉDIO - FORNECIMENTO E INSTALAÇÃO. AF_01/2020,UN,"856,56","6,00","R$ 5.139,36","R$ 6.241,75",,,,,,
HEAD3,,11.3.4,UFCA,L0006,DUCHA P/ WC CROMADO (INSTALADO)                     ,UN,"R$ 76,89","23,00","R$ 1.768,47","R$ 2.147,80",,,,,,
HEAD3,,11.3.5,UFCA,L0007,BASE EM PRÉ-MOLDADO DE CONCRETO COM ADITIVO IMPERMEABILIZANTE P/ INSTALAÇÃO DE BACIA SANITÁRIA                 ,UN,"R$ 95,17","9,00","R$ 856,53","R$ 1.040,25",,,,,,
HEAD3,,11.3.6,SINAPI,93441,"BANCADA GRANITO CINZA  150 X 60 CM, COM CUBA DE EMBUTIR DE AÇO, VÁLVULA AMERICANA EM METAL, SIFÃO FLEXÍVEL EM PVC, ENGATE FLEXÍVEL 30 CM, TORNEIRA CROMADA LONGA, DE PAREDE, 1/2"" OU 3/4"", P/ COZINHA, PADRÃO POPULAR - FORNEC. E INSTALAÇÃO. AF_01/2020",UN,"1.107,94","17,00","R$ 18.834,98","R$ 22.875,08",,,,,,
HEAD3,,11.3.7,UFCA,L0009,"BANCADA GRANITO CINZA,  50 X 60 CM, INCLUSIVE CUBA DE EMBUTIR OVAL LOUÇA BRANCA 35 X 50 CM, VÁLVULA METAL CROMADO, SIFÃO FLEXÍVEL PVC, ENGATE 30 CM FLEXÍVEL PLÁSTICO E TORNEIRA CROMADA DE MESA PARA LAVATÓRIO TEMPORIZADA PRESSÃO BICA BAIXA - FORNECIMENTO E INSTALAÇÃO",UN,"R$ 786,44","16,00","R$ 12.583,04","R$ 15.282,10",,,,,,
HEAD3,,11.3.8,UFCA,L0010,"BANCADA GRANITO CINZA  100 X 60 CM, COM CUBA DE EMBUTIR DE AÇO, VÁLVULA AMERICANA EM METAL, SIFÃO FLEXÍVEL EM PVC, ENGATE FLEXÍVEL 30 CM, TORNEIRA CROMADA LONGA, DE PAREDE, 1/2 OU 3/4, P/ COZINHA, PADRÃO POPULAR - FORNEC. E INSTALAÇÃO. AF_01/2020",UN,"R$ 673,52","6,00","R$ 4.041,12","R$ 4.907,94",,,,,,
HEAD3,,11.3.9,UFCA,L0011,"TANQUE DE LOUÇA BRANCA SUSPENSO, INCLUSIVE TORNEIRA.",UN,"R$ 764,94","4,00","R$ 3.059,76","R$ 3.716,07",,,,,,
HEAD3,,11.3.10,UFCA,L0012,"LAVATÓRIO SUSPENSO SEM COLUNA, 465 MM X 340 MM, INCLUSO, VÁLVULA METAL CROMADO, SIFÃO FLEXÍVEL PVC, ENGATE 30 CM FLEXÍVEL PLÁSTICO E TORNEIRA CLINICA ALAVANCA MESA BICA ALTA MÓVEL COM AREJADOR - FORNECIMENTO E INSTALAÇÃO",UN,"R$ 383,16","10,00","R$ 3.831,60","R$ 4.653,47",,,,,,
HEAD3,,11.3.11,UFCA,L0013,"BANCADA DE GRANITO 150X60 CM COM 1 CUBA PROFUNDA 60X50X33 CM. INCLUSO TORNEIRA, VÁLVULA, ENGATE, SIFÃO",UN,"R$ 3.071,13","2,00","R$ 6.142,26","R$ 7.459,77",,,,,,
HEAD3,,11.3.12,UFCA,L0014,"BANCADA DE GRANITO 150X60 CM COM 2 CUBAS PROFUNDAS 60X50X33 CM. INCLUSO TORNEIRA, VÁLVULA, ENGATE, SIFÃO",UN,"R$ 5.432,80","4,00","R$ 21.731,20","R$ 26.392,54",,,,,,
HEAD3,,11.3.13,UFCA,L0015,"BANCADA DE EXPURGO HOSPITALAR INOX AISI 304, ESPESSURA 1 MM, MEDINDO 50X50X44 CM. INCLUSO SIFÃO PARA EXPURGO EM INOX. REFERÊNCIA: PALMETAL OU SIMILAR",UN,"R$ 5.241,66","1,00","R$ 5.241,66","R$ 6.365,99",,,,,,
HEAD3,,11.3.14,UFCA,L0016,"LAVATÓRIO CIRÚRGICO EM INOX AISI 304, COM PEDAL",UN,"R$ 1.696,58","4,00","R$ 6.786,32","R$ 8.241,98",,,,,,
HEAD3,,11.3.15,UFCA,L0017,"BANCADA DE INOX AISI 304 1000x500 MM COM 1 CUBA PROFUNDA 60X50X33 CM. INCLUSO TORNEIRA, VÁLVULA, ENGATE, SIFÃO",UN,"R$ 3.002,96","1,00","R$ 3.002,96","R$ 3.647,09",,,,,,
HEAD3,,11.3.16,SINAPI,95547,"SABONETEIRA PLASTICA TIPO DISPENSER PARA SABONETE LIQUIDO COM RESERVATORIO 800 A 1500 ML, INCLUSO FIXAÇÃO. AF_01/2020",UN,"58,59","17,00","R$ 996,03","R$ 1.209,67",,,,,,
HEAD3,,11.3.17,UFCA,L0001,"PAPELEIRA PLASTICA TIPO DISPENSER PARA PAPEL HIGIENICO ROLAO, INCLUSO FIXAÇÃO    ",UN,"R$ 60,54","17,00","R$ 1.029,18","R$ 1.249,93",,,,,,
HEAD3,,11.3.18,UFCA,L0002,"TOALHEIRO PLASTICO TIPO DISPENSER PARA PAPEL TOALHA INTERFOLHADO, INCLUSO FIXAÇÃO                                               ",UN,"R$ 60,54","17,00","R$ 1.029,18","R$ 1.249,93",,,,,,
HEAD3,,11.3.19,UFCA,L0004,CABIDE/GANCHO DE BANHEIRO SIMPLES EM METAL CROMADO - FORNECIMENTO E INSTALAÇÃO.                                      ,M,"R$ 36,09","20,00","R$ 721,80","R$ 876,62",,,,,,
HEAD3,,11.3.20,UFCA,L0005,CHUVEIRO COM DESVIADOR E DUCHA MANUAL (INSTALADO)                                ,UN,"R$ 374,40","7,00","R$ 2.620,80","R$ 3.182,96",,,,,,
HEAD3,,11.3.21,SINAPI,100875,"BANCO ARTICULADO, EM ACO INOX, PARA PCD, FIXADO NA PAREDE - FORNECIMENTO E INSTALAÇÃO. AF_01/2020",UN,"1.491,23","7,00","R$ 10.438,61","R$ 12.677,69",,,,,,
HEAD3,,11.3.22,SINAPI,100865,"BARRA DE APOIO LATERAL ARTICULADA, COM TRAVA, EM ACO INOX POLIDO, FIXADA NA PAREDE - FORNECIMENTO E INSTALAÇÃO. AF_01/2020",UN,"810,13","12,00","R$ 9.721,56","R$ 11.806,83",,,,,,
HEAD3,,11.3.23,UFCA,H0053,"BARRA DE APOIO, RETA, FIXA, EM AÇO INOX, L=40CM, D=1 1/4”, JACKWAL OU SIMILAR",UN,"R$ 113,56","6,00","R$ 681,36","R$ 827,51",,,,,,
HEAD3,,11.3.24,SINAPI,100866,"BARRA DE APOIO RETA, EM ACO INOX POLIDO, COMPRIMENTO 60CM, FIXADA NA PAREDE - FORNECIMENTO E INSTALAÇÃO. AF_01/2020",UN,"402,27","8,00","R$ 3.218,16","R$ 3.908,45",,,,,,
HEAD3,,11.3.25,SINAPI,100867,"BARRA DE APOIO RETA, EM ACO INOX POLIDO, COMPRIMENTO 70 CM,  FIXADA NA PAREDE - FORNECIMENTO E INSTALAÇÃO. AF_01/2020",UN,"430,10","19,00","R$ 8.171,90","R$ 9.924,77",,,,,,
HEAD3,,11.3.26,SINAPI,100868,"BARRA DE APOIO RETA, EM ACO INOX POLIDO, COMPRIMENTO 80 CM,  FIXADA NA PAREDE - FORNECIMENTO E INSTALAÇÃO. AF_01/2020",UN,"448,61","16,00","R$ 7.177,76","R$ 8.717,38",,,,,,
HEAD3,,11.3.27,SINAPI,86914,"TORNEIRA CROMADA 1/2"" OU 3/4"" PARA TANQUE, PADRÃO MÉDIO - FORNECIMENTO E INSTALAÇÃO. AF_01/2020",UN,"97,24","22,00","R$ 2.139,28","R$ 2.598,15",,,,,,
HEAD3,,11.3.28,UFCA,L0018,LAVA OLHOS DE EMERGÊNCIA C/ CUBA FLEXÍVEL E CHUVEIRO P/ LABORATÓRIO,UN,"R$ 774,52","4,00","R$ 3.098,08","R$ 3.762,61",,,,,,
,,,,,,,,,,,,,,,,
HEAD1,,12.0,,,"IMPERMEABILIZAÇÃO, ISOLAÇÃO TÉRMICA E ACÚSTICA",,,,,,,"R$ 297.619,31","R$ 361.458,62",,,12.
HEAD3,,12.1,SINAPI,98557,"IMPERMEABILIZAÇÃO DE SUPERFÍCIE COM EMULSÃO ASFÁLTICA, 2 DEMÃOS. AF_09/2023",M2,"43,63","1093,44","R$ 47.706,78","R$ 57.939,88",,,,,,
HEAD3,,12.2,SINAPI,98556,"IMPERMEABILIZAÇÃO DE SUPERFÍCIE COM ARGAMASSA POLIMÉRICA / MEMBRANA ACRÍLICA, 4 DEMÃOS, REFORÇADA COM VÉU DE POLIÉSTER (MAV). AF_09/2023",M2,"61,40","119,13","R$ 7.314,58","R$ 8.883,55",,,,,,
HEAD3,,12.3,SINAPI,98563,"PROTEÇÃO MECÂNICA DE SUPERFÍCIE HORIZONTAL COM ARGAMASSA DE CIMENTO E AREIA, TRAÇO 1:3, E=2CM. AF_09/2023",M2,"38,76","32,67","R$ 1.266,28","R$ 1.537,89",,,,,,
HEAD3,,12.4,SINAPI,98564,"PROTEÇÃO MECÂNICA DE SUPERFÍCIE VERTICAL COM ARGAMASSA DE CIMENTO E AREIA, TRAÇO 1:3, E=2CM. AF_09/2023",M2,"51,62","86,46","R$ 4.463,06","R$ 5.420,38",,,,,,
HEAD3,,12.5,SINAPI,98555,"IMPERMEABILIZAÇÃO DE SUPERFÍCIE COM ARGAMASSA POLIMÉRICA / MEMBRANA ACRÍLICA, 3 DEMÃOS. AF_09/2023",M2,"33,24","2171,08","R$ 72.166,69","R$ 87.646,44",,,,,,
HEAD3,,12.6,UFCA,M0001,"IMPERMEABILIZAÇÃO DE SUPERFÍCIE COM MANTA ASFALTICA ELASTOMERICA EM POLIESTER ALUMINIZADA 4 MM, TIPO III, CLASSE B (NBR 9952)",M2,"R$ 90,86","1812,70","R$ 164.701,92","R$ 200.030,48",,,,,,
,,,,,,,,,,,,,,,,
HEAD1,,13.0,,,INSTALAÇÕES DE COMBATE A INCÊNDIO,,,,,,,"R$ 126.190,67","R$ 153.258,28",,,13.
HEAD2,,13.1,,,SISTEMA DE COMBATE A INCÊNDIO,,,,,,,,,,,
HEAD2,,13.1.1,,,SISTEMA DE EXTINTORES,,,,,,,,,,,
HEAD3,,13.1.1.1,SINAPI,101909,"EXTINTOR DE INCÊNDIO PORTÁTIL COM CARGA DE PQS DE 6 KG, CLASSE BC - FORNECIMENTO E INSTALAÇÃO. AF_10/2020_PE",UN,"307,21","13,00","R$ 3.993,73","R$ 4.850,38",,,,,,
HEAD2,,13.1.2,,,SISTEMA DE HIDRANTES - CAIXAS,,,,,,,,,,,
HEAD3,,13.1.2.1,UFCA,N0101,"ABRIGO PARA HIDRANTE, 90X60X30CM, COM REGISTRO GLOBO ANGULAR 45 GRAUS 2 1/2"" E ADAPTADOR ENGATE RÁPIDO EM LATÃO 2 1/2"" X 1 1/2"" - FORNECIMENTO E INSTALAÇÃO",UN,"R$ 1.038,48","7,00","R$ 7.269,36","R$ 8.828,63",,,,,,
HEAD3,,13.1.2.2,UFCA,N0102,"2 MANGUEIRAS DE INCÊNDIO TIPO 2 15M 1 1/2"" E ESGUICHO REGULÁVEL EM LATÃO 1 1/2"" - FORNECIMENTO E INSTALAÇÃO",UN,"R$ 1.497,05","7,00","R$ 10.479,35","R$ 12.727,17",,,,,,
HEAD3,,13.1.2.3,UFCA,N0103,"HIDRANTE DE RECALQUE COM TAMPA EM FERRO FUNDIDO 40X60CM, REGISTRO GLOBO 2 1/2"", ADAPTADOR ENGATE RÁPIDO EM LATÃO 2 1/2"" E TAMPÃO ENGATE RÁPIDO EM LATÃO 2 1/2"" - FORNECIMENTO E INSTALAÇÃO",UN,"R$ 1.045,97","1,00","R$ 1.045,97","R$ 1.270,33",,,,,,
HEAD2,,13.1.3,,,SISTEMA DE HIDRANTES - TUBOS E CONEXÕES,,,,,,,,,,,
HEAD3,,13.1.3.1,SINAPI,94463,"TUBO DE AÇO GALVANIZADO COM COSTURA, CLASSE MÉDIA, DN 65 MM (2 1/2""), CONEXÃO ROSQUEADA, INSTALADO EM RESERVAÇÃO PREDIAL DE ÁGUA - FORNECIMENTO E INSTALAÇÃO. AF_04/2024",M,"124,37","12,00","R$ 1.492,44","R$ 1.812,56",,,,,,
HEAD3,,13.1.3.2,SINAPI,94468,"NIPLE, EM FERRO GALVANIZADO, CONEXÃO ROSQUEADA, DN 65 MM (2 1/2""), INSTALADO EM RESERVAÇÃO PREDIAL DE ÁGUA - FORNECIMENTO E INSTALAÇÃO. AF_04/2024",UN,"79,32","11,00","R$ 872,52","R$ 1.059,67",,,,,,
HEAD3,,13.1.3.3,UFCA,N0104,"NIPLE DE REDUÇÃO, EM FERRO GALVANIZADO, 2 1/2"" X 2"", CONEXÃO ROSQUEADA, INSTALADO EM RESERVAÇÃO PREDIAL DE ÁGUA - FORNECIMENTO E INSTALAÇÃO",UN,"R$ 101,34","2,00","R$ 202,68","R$ 246,15",,,,,,
HEAD3,,13.1.3.4,UFCA,N0105,"BUCHA DE REDUÇÃO, EM FERRO GALVANIZADO, 1/2"" X 1/4"", CONEXÃO ROSQUEADA, INSTALADO EM RESERVAÇÃO PREDIAL DE ÁGUA - FORNECIMENTO E INSTALAÇÃO",UN,"R$ 15,35","1,00","R$ 15,35","R$ 18,64",,,,,,
HEAD3,,13.1.3.5,UFCA,N0106,"BUCHA DE REDUÇÃO, EM FERRO GALVANIZADO, 1"" X 1/2"", CONEXÃO ROSQUEADA, INSTALADO EM RESERVAÇÃO PREDIAL DE ÁGUA - FORNECIMENTO E INSTALAÇÃO",UN,"R$ 35,92","1,00","R$ 35,92","R$ 43,62",,,,,,
HEAD3,,13.1.3.6,UFCA,N0107,"UNIÃO, EM FERRO GALVANIZADO, CONEXÃO ROSQUEADA, DN 65 MM (2 1/2""), INSTALADO EM RESERVAÇÃO PREDIAL DE ÁGUA - FORNECIMENTO E INSTALAÇÃO",UN,"R$ 206,27","5,00","R$ 1.031,35","R$ 1.252,57",,,,,,
HEAD3,,13.1.3.7,SINAPI,94473,"COTOVELO 90 GRAUS, EM FERRO GALVANIZADO, CONEXÃO ROSQUEADA, DN 65 MM (2 1/2""), INSTALADO EM RESERVAÇÃO PREDIAL DE ÁGUA - FORNECIMENTO E INSTALAÇÃO. AF_04/2024",UN,"129,92","5,00","R$ 649,60","R$ 788,93",,,,,,
HEAD3,,13.1.3.8,SINAPI,94478,"TÊ, EM FERRO GALVANIZADO, CONEXÃO ROSQUEADA, DN 65 MM (2 1/2""), INSTALADO EM RESERVAÇÃO PREDIAL DE ÁGUA - FORNECIMENTO E INSTALAÇÃO. AF_04/2024",UN,"178,83","3,00","R$ 536,49","R$ 651,56",,,,,,
HEAD3,,13.1.3.9,UFCA,N0108,"TÊ DE REDUÇÃO, EM FERRO GALVANIZADO, 2 1/2"" X 1"", CONEXÃO ROSQUEADA, INSTALADO EM RESERVAÇÃO PREDIAL DE ÁGUA - FORNECIMENTO E INSTALAÇÃO",UN,"R$ 187,96","2,00","R$ 375,92","R$ 456,55",,,,,,
HEAD3,,13.1.3.10,SINAPI,92342,"TUBO DE AÇO GALVANIZADO COM COSTURA, CLASSE MÉDIA, DN 65 (2 1/2""), CONEXÃO ROSQUEADA, INSTALADO EM PRUMADAS - FORNECIMENTO E INSTALAÇÃO. AF_10/2020",M,"128,33","24,00","R$ 3.079,92","R$ 3.740,56",,,,,,
HEAD3,,13.1.3.11,SINAPI,92347,"LUVA, EM FERRO GALVANIZADO, DN 65 (2 1/2""), CONEXÃO ROSQUEADA, INSTALADO EM PRUMADAS - FORNECIMENTO E INSTALAÇÃO. AF_10/2020",UN,"107,85","6,00","R$ 647,10","R$ 785,90",,,,,,
HEAD3,,13.1.3.12,SINAPI,92353,"JOELHO 90 GRAUS, EM FERRO GALVANIZADO, DN 65 (2 1/2""), CONEXÃO ROSQUEADA, INSTALADO EM PRUMADAS - FORNECIMENTO E INSTALAÇÃO. AF_10/2020",UN,"155,45","2,00","R$ 310,90","R$ 377,58",,,,,,
HEAD3,,13.1.3.13,SINAPI,92367,"TUBO DE AÇO GALVANIZADO COM COSTURA, CLASSE MÉDIA, DN 65 (2 1/2""), CONEXÃO ROSQUEADA, INSTALADO EM REDE DE ALIMENTAÇÃO PARA HIDRANTE - FORNECIMENTO E INSTALAÇÃO. AF_10/2020",M,"114,36","312,00","R$ 35.680,32","R$ 43.333,74",,,,,,
HEAD3,,13.1.3.14,SINAPI,92377,"NIPLE, EM FERRO GALVANIZADO, DN 65 (2 1/2""), CONEXÃO ROSQUEADA, INSTALADO EM REDE DE ALIMENTAÇÃO PARA HIDRANTE - FORNECIMENTO E INSTALAÇÃO. AF_10/2020",UN,"98,10","1,00","R$ 98,10","R$ 119,14",,,,,,
HEAD3,,13.1.3.15,SINAPI,92378,"LUVA, EM FERRO GALVANIZADO, DN 65 (2 1/2""), CONEXÃO ROSQUEADA, INSTALADO EM REDE DE ALIMENTAÇÃO PARA HIDRANTE - FORNECIMENTO E INSTALAÇÃO. AF_10/2020",UN,"109,57","38,00","R$ 4.163,66","R$ 5.056,76",,,,,,
HEAD3,,13.1.3.16,SINAPI,92389,"JOELHO 45 GRAUS, EM FERRO GALVANIZADO, DN 65 (2 1/2""), CONEXÃO ROSQUEADA, INSTALADO EM REDE DE ALIMENTAÇÃO PARA HIDRANTE - FORNECIMENTO E INSTALAÇÃO. AF_10/2020",UN,"169,32","3,00","R$ 507,96","R$ 616,91",,,,,,
HEAD3,,13.1.3.17,SINAPI,92390,"JOELHO 90 GRAUS, EM FERRO GALVANIZADO, DN 65 (2 1/2""), CONEXÃO ROSQUEADA, INSTALADO EM REDE DE ALIMENTAÇÃO PARA HIDRANTE - FORNECIMENTO E INSTALAÇÃO. AF_10/2020",UN,"158,09","26,00","R$ 4.110,34","R$ 4.992,00",,,,,,
HEAD3,,13.1.3.18,SINAPI,92642,"TÊ, EM FERRO GALVANIZADO, CONEXÃO ROSQUEADA, DN 65 (2 1/2""), INSTALADO EM REDE DE ALIMENTAÇÃO PARA HIDRANTE - FORNECIMENTO E INSTALAÇÃO. AF_10/2020",UN,"216,35","7,00","R$ 1.514,45","R$ 1.839,29",,,,,,
HEAD2,,13.1.4,,,SISTEMA DE HIDRANTES - VÁLVULAS E REGISTROS,,,,,,,,,,,
HEAD3,,13.1.4.1,SINAPI,94499,"REGISTRO DE GAVETA BRUTO, LATÃO, ROSCÁVEL, 2 1/2"" - FORNECIMENTO E INSTALAÇÃO. AF_08/2021",UN,"300,06","4,00","R$ 1.200,24","R$ 1.457,69",,,,,,
HEAD3,,13.1.4.2,SINAPI,99624,"VÁLVULA DE RETENÇÃO HORIZONTAL, DE BRONZE, ROSCÁVEL, 2 1/2"" - FORNECIMENTO E INSTALAÇÃO. AF_08/2021",UN,"556,44","3,00","R$ 1.669,32","R$ 2.027,38",,,,,,
HEAD3,,13.1.4.3,SINAPI,103009,"VÁLVULA DE RETENÇÃO VERTICAL, DE BRONZE, ROSCÁVEL, 2 1/2"" - FORNECIMENTO E INSTALAÇÃO. AF_08/2021",UN,"354,14","1,00","R$ 354,14","R$ 430,10",,,,,,
HEAD3,,13.1.4.4,SINAPI,101917,"MANÔMETRO 0 A 200 PSI (0 A 14 KGF/CM2), D = 50MM - FORNECIMENTO E INSTALAÇÃO. AF_10/2020",UN,"165,47","1,00","R$ 165,47","R$ 200,96",,,,,,
HEAD2,,13.1.5,,,SISTEMA DE HIDRANTES - BOMBAS,,,,,,,,,,,
HEAD3,,13.1.5.1,UFCA,N0109,"BOMBA CENTRÍFUGA, TRIFÁSICA, 5 A 7,5 CV - FORNECIMENTO E INSTALAÇÃO",UN,"R$ 6.573,06","1,00","R$ 6.573,06","R$ 7.982,98",,,,,,
HEAD3,,13.1.5.2,UFCA,N0110,CHAVE DE FLUXO TIPO PALHETA - FORNECIMENTO E INSTALAÇÃO,UN,"R$ 193,81","1,00","R$ 193,81","R$ 235,38",,,,,,
HEAD3,,13.1.5.3,UFCA,N0111,BASE PARA BOMBA EM CONCRETO 40X30X15CM COM BARRAS ROSCADAS PARA FIXAÇÃO DA BOMBA,UN,"R$ 51,62","1,00","R$ 51,62","R$ 62,69",,,,,,
HEAD2,,13.1.6,,,SISTEMA DE HIDRANTES - FIXAÇÕES,,,,,,,,,,,
HEAD3,,13.1.6.1,SINAPI,90455,"PASSANTE TIPO TUBO COM DIÂMETRO DE 100 MM, FIXADO EM LAJE, PARA PASSAGEM DE TUBULAÇÕES COM NO MÁXIMO 75 MM DE DIÂMETRO. AF_09/2023",UN,"7,59","3,00","R$ 22,77","R$ 27,65",,,,,,
HEAD3,,13.1.6.2,UFCA,N0112,"FIXAÇÃO DE TUBO DE AÇO, DIÂMETRO 2 1/2"", EM LAJE, COM ABRAÇADEIRA TIPO GOTA E BARRA ROSCADA 3/8""",UN,"R$ 23,69","3,00","R$ 71,07","R$ 86,31",,,,,,
HEAD3,,13.1.6.3,UFCA,N0113,"FIXAÇÃO DE TUBO DE AÇO, DIÂMETRO 2 1/2"", EM LAJE, COM ABRAÇADEIRA TIPO ""U"" REFORÇADA",UN,"R$ 22,74","2,00","R$ 45,48","R$ 55,23",,,,,,
HEAD3,,13.1.6.4,SINAPI,90459,QUEBRA EM ALVENARIA PARA INSTALAÇÃO DE ABRIGO PARA MANGUEIRAS (90X60 CM). AF_09/2023,UN,"49,40","7,00","R$ 345,80","R$ 419,97",,,,,,
HEAD2,,13.1.7,,,SISTEMA DE HIDRANTES - ESCAVAÇÃO E REATERRO DE VALAS,,,,,,,,,,,
HEAD3,,13.1.7.1,SINAPI,99063,LOCAÇÃO DE REDE DE ÁGUA OU ESGOTO. AF_03/2024,M,"9,35","380,00","R$ 3.553,00","R$ 4.315,11",,,,,,
HEAD3,,13.1.7.2,SINAPI,90105,"ESCAVAÇÃO MECANIZADA DE VALA COM PROFUNDIDADE ATÉ 1,5 M (MÉDIA MONTANTE E JUSANTE/UMA COMPOSIÇÃO POR TRECHO), RETROESCAV. (0,26 M3), LARGURA MENOR QUE 0,8 M, EM SOLO DE 1A CATEGORIA, LOCAIS COM BAIXO NÍVEL DE INTERFERÊNCIA. AF_09/2024",M3,"9,12","86,03","R$ 784,59","R$ 952,88",,,,,,
HEAD3,,13.1.7.3,SINAPI,93358,ESCAVAÇÃO MANUAL DE VALA. AF_09/2024,M3,"87,42","47,73","R$ 4.172,55","R$ 5.067,56",,,,,,
HEAD3,,13.1.7.4,SINAPI,101616,"PREPARO DE FUNDO DE VALA COM LARGURA MENOR QUE 1,5 M (ACERTO DO SOLO NATURAL). AF_08/2020",M2,"6,57","174,23","R$ 1.144,69","R$ 1.390,22",,,,,,
HEAD3,,13.1.7.5,SINAPI,93378,"REATERRO MECANIZADO DE VALA COM RETROESCAVADEIRA (CAPACIDADE DA CAÇAMBA   DA RETRO: 0,26 M³/POTÊNCIA: 88 HP), LARGURA ATÉ 0,8 M, PROFUNDIDADE ATÉ 1,5 M, COM SOLO (SEM SUBSTITUIÇÃO) DE 1ª CATEGORIA, COM COMPACTADOR DE SOLOS DE PERCUSSÃO. AF_08/2023",M3,"24,54","74,91","R$ 1.838,29","R$ 2.232,60",,,,,,
HEAD3,,13.1.7.6,SINAPI,93382,"REATERRO MANUAL DE VALAS, COM COMPACTADOR DE SOLOS DE PERCUSSÃO. AF_08/2023",M3,"27,13","41,25","R$ 1.119,11","R$ 1.359,15",,,,,,
HEAD2,,13.1.8,,,SISTEMA DE HIDRANTES - PINTURA,,,,,,,,,,,
HEAD3,,13.1.8.1,SINAPI,100717,LIXAMENTO MANUAL EM SUPERFÍCIES METÁLICAS EM OBRA. AF_01/2020,M2,"9,69","8,20","R$ 79,45","R$ 96,49",,,,,,
HEAD3,,13.1.8.2,SINAPI,100718,COLOCAÇÃO DE FITA PROTETORA PARA PINTURA. AF_01/2020,M,"1,41","24,50","R$ 34,54","R$ 41,94",,,,,,
HEAD3,,13.1.8.3,SINAPI,100722,PINTURA COM TINTA ALQUÍDICA DE FUNDO (TIPO ZARCÃO) APLICADA A ROLO OU PINCEL SOBRE SUPERFÍCIES METÁLICAS (EXCETO PERFIL) EXECUTADO EM OBRA (POR DEMÃO). AF_01/2020,M2,"25,03","8,20","R$ 205,24","R$ 249,26",,,,,,
HEAD3,,13.1.8.4,SINAPI,100760,PINTURA COM TINTA ALQUÍDICA DE ACABAMENTO (ESMALTE SINTÉTICO BRILHANTE) APLICADA A ROLO OU PINCEL SOBRE SUPERFÍCIES METÁLICAS (EXCETO PERFIL) EXECUTADO EM OBRA (02 DEMÃOS). AF_01/2020,M2,"50,80","8,20","R$ 416,56","R$ 505,91",,,,,,
HEAD3,,13.1.8.5,UFCA,N0114,PINTURA COM TINTA BETUMINOSA APLICADA A ROLO OU PINCEL SOBRE TUBULAÇÕES METÁLICAS (02 DEMÃOS),M2,"R$ 45,62","76,09","R$ 3.471,22","R$ 4.215,79",,,,,,
HEAD2,,13.1.9,,,SISTEMA DE SINALIZAÇÃO,,,,,,,,,,,
HEAD3,,13.1.9.1,UFCA,N0115,"PLACA DE SINALIZAÇÃO DE EMERGÊNCIA, FOTOLUMINESCENTE, 12 X 24 CM, EM PVC 2 MM ANTI-CHAMAS - FORNECIMENTO E INSTALAÇÃO",UN,"R$ 29,42","51,00","R$ 1.500,42","R$ 1.822,26",,,,,,
HEAD3,,13.1.9.2,UFCA,N0116,"PLACA DE SINALIZAÇÃO DE EMERGÊNCIA, FOTOLUMINESCENTE, 12 X 40 CM, EM PVC 2 MM ANTI-CHAMAS - FORNECIMENTO E INSTALAÇÃO",UN,"R$ 39,89","2,00","R$ 79,78","R$ 96,89",,,,,,
HEAD3,,13.1.9.3,UFCA,N0117,"PLACA DE SINALIZAÇÃO DE EMERGÊNCIA, FOTOLUMINESCENTE, 15 X 15 CM, EM PVC 2 MM ANTI-CHAMAS - FORNECIMENTO E INSTALAÇÃO",UN,"R$ 19,36","37,00","R$ 716,32","R$ 869,97",,,,,,
HEAD2,,13.2,,,SISTEMA DE ALARME DE INCÊNDIO,,,,,,,,,,,
HEAD2,,13.2.1,,,EQUIPAMENTOS,,,,,,,,,,,
HEAD3,,13.2.1.1,UFCA,N0011,"CENTRAL DE ALARME ENDEREÇÁVEL DE INCÊNDIO COM SISTEMA P/ ATÉ 250 DISPOSITIVOS, MARCAL VERIN OU SIMILAR, MODELO VRE-250 C/ BATERIA DE 12V E 7AMPERES",UN,"R$ 6.561,89","1,00","R$ 6.561,89","R$ 7.969,41",,,,,,
HEAD3,,13.2.1.2,UFCA,N0049,"ACIONADOR MANUAL, TIPO ""QUEBRA VIDRO"" - FORNECIMENTO E INSTALAÇÃO",UN,"R$ 96,40","6,00","R$ 578,40","R$ 702,46",,,,,,
HEAD3,,13.2.1.3,UFCA,N0050, SIRENE AUDIOVISUAL 120 DB - FORNECIMENTO E INSTALAÇÃO,UN,"R$ 262,44","6,00","R$ 1.574,64","R$ 1.912,40",,,,,,
HEAD2,,13.2.2,,,CABOS E CONDULETES,,,,,,,,,,,
HEAD3,,13.2.2.1,UFCA,N0051,"CABO BLINDADO PARA ALARME E DETECÇÃO DE INCÊNDIO 2 X 1,5MM² - FORNECIMENTO E INSTALAÇÃO",M,"R$ 11,71","190,41","R$ 2.229,70","R$ 2.707,97",,,,,,
HEAD3,,13.2.2.2,SINAPI,95781,"CONDULETE DE ALUMÍNIO, TIPO C, PARA ELETRODUTO DE AÇO GALVANIZADO DN 25 MM (1''), APARENTE - FORNECIMENTO E INSTALAÇÃO. AF_10/2022",UN,"35,37","6,00","R$ 212,22","R$ 257,74",,,,,,
HEAD3,,13.2.2.3,SINAPI,95782,"CONDULETE DE ALUMÍNIO, TIPO E, ELETRODUTO DE AÇO GALVANIZADO DN 25 MM (1''), APARENTE - FORNECIMENTO E INSTALAÇÃO. AF_10/2022",UN,"33,37","6,00","R$ 200,22","R$ 243,16",,,,,,
HEAD3,,13.2.2.4,SINAPI,95789,"CONDULETE DE ALUMÍNIO, TIPO LR, PARA ELETRODUTO DE AÇO GALVANIZADO DN 25 MM (1''), APARENTE - FORNECIMENTO E INSTALAÇÃO. AF_10/2022",UN,"39,88","5,00","R$ 199,40","R$ 242,17",,,,,,
HEAD3,,13.2.2.5,SINAPI,95796,"CONDULETE DE ALUMÍNIO, TIPO T, PARA ELETRODUTO DE AÇO GALVANIZADO DN 25 MM (1''), APARENTE - FORNECIMENTO E INSTALAÇÃO. AF_10/2022",UN,"46,84","5,00","R$ 234,20","R$ 284,43",,,,,,
HEAD2,,13.2.3,,,ELETRODUTOS E ACESSÓRIOS,,,,,,,,,,,
HEAD3,,13.2.3.1,UFCA,J0202,"ELETRODUTO DE AÇO GALVANIZADO, MÉDIO, DN 25 MM (1'') - FORNECIMENTO E INSTALAÇÃO",M,"R$ 22,03","143,40","R$ 3.159,10","R$ 3.836,72",,,,,,
HEAD3,,13.2.3.2,UFCA,J0203,LUVA PARA ELETRODUTO DE AÇO GALVANIZADO DN 25 MM (1'') - FORNECIMENTO E INSTALAÇÃO,UN,"R$ 12,65","70,00","R$ 885,50","R$ 1.075,43",,,,,,
HEAD3,,13.2.3.3,UFCA,J0204,CURVA PARA ELETRODUTO DE AÇO GALVANIZADO DN 25 MM (1'') - FORNECIMENTO E INSTALAÇÃO,UN,"R$ 23,76","11,00","R$ 261,36","R$ 317,42",,,,,,
HEAD3,,13.2.3.4,SINAPI,104785,"FIXAÇÃO DE ELETRODUTOS, DIÂMETROS MENORES OU IGUAIS A 40 MM, COM ABRAÇADEIRA METÁLICA RÍGIDA TIPO D COM PARAFUSO DE FIXAÇÃO 1 1/4"", FIXADA DIRETAMENTE NA LAJE OU PAREDE. AF_09/2023",M,"14,86","96,00","R$ 1.426,56","R$ 1.732,55",,,,,,
HEAD3,,13.2.3.5,SINAPI,104761,"FURO MECANIZADO EM CONCRETO, COM MARTELO DEMOLIDOR, PARA INSTALAÇÕES ELÉTRICAS, DIÂMETROS MENORES OU IGUAIS A 40 MM. AF_09/2023",UN,"10,27","9,00","R$ 92,43","R$ 112,25",,,,,,
HEAD3,,13.2.3.6,SINAPI,97887,"CAIXA ENTERRADA ELÉTRICA RETANGULAR, EM ALVENARIA COM TIJOLOS CERÂMICOS MACIÇOS, FUNDO COM BRITA, DIMENSÕES INTERNAS: 0,4X0,4X0,4 M. AF_12/2020",UN,"267,56","1,00","R$ 267,56","R$ 324,95",,,,,,
HEAD3,,13.2.3.7,SINAPI,93358,ESCAVAÇÃO MANUAL DE VALA. AF_09/2024,M3,"87,42","4,41","R$ 385,52","R$ 468,21",,,,,,
,,,,,,,,,,,,,,,,
HEAD1,,14.0,,,REVESTIMENTOS,,,,,,,"R$ 592.351,85","R$ 719.411,20",,,14.
HEAD3,,14.1,SINAPI,87879,"CHAPISCO APLICADO EM ALVENARIAS E ESTRUTURAS DE CONCRETO INTERNAS, COM COLHER DE PEDREIRO.  ARGAMASSA TRAÇO 1:3 COM PREPARO EM BETONEIRA 400L. AF_10/2022",M2,"4,58","5083,62","R$ 23.282,97","R$ 28.277,16",,,,,,
HEAD3,,14.2,SINAPI,87882,"CHAPISCO APLICADO NO TETO OU EM ALVENARIA E ESTRUTURA, COM ROLO PARA TEXTURA ACRÍLICA. ARGAMASSA TRAÇO 1:4 E EMULSÃO POLIMÉRICA (ADESIVO) COM PREPARO EM BETONEIRA 400L. AF_10/2022",M2,"6,54","218,18","R$ 1.426,89","R$ 1.732,95",,,,,,
HEAD3,,14.3,SINAPI,87894,"CHAPISCO APLICADO EM ALVENARIA (SEM PRESENÇA DE VÃOS) E ESTRUTURAS DE CONCRETO DE FACHADA, COM COLHER DE PEDREIRO.  ARGAMASSA TRAÇO 1:3 COM PREPARO EM BETONEIRA 400L. AF_10/2022",M2,"7,10","1203,74","R$ 8.546,55","R$ 10.379,78",,,,,,
HEAD3,,14.4,SINAPI,87905,"CHAPISCO APLICADO EM ALVENARIA (COM PRESENÇA DE VÃOS) E ESTRUTURAS DE CONCRETO DE FACHADA, COM COLHER DE PEDREIRO.  ARGAMASSA TRAÇO 1:3 COM PREPARO EM BETONEIRA 400L. AF_10/2022",M2,"8,30","1858,14","R$ 15.422,56","R$ 18.730,69",,,,,,
HEAD3,,14.5,SINAPI,90406,"MASSA ÚNICA, EM ARGAMASSA TRAÇO 1:2:8, PREPARO MECÂNICO, APLICADA MANUALMENTE EM TETO, E = 17,5MM, COM TALISCAS. AF_03/2024",M2,"44,77","176,00","R$ 7.879,52","R$ 9.569,67",,,,,,
HEAD3,,14.6,SINAPI,87529,"MASSA ÚNICA, EM ARGAMASSA TRAÇO 1:2:8, PREPARO MECÂNICO, APLICADA MANUALMENTE EM PAREDES INTERNAS DE AMBIENTES COM ÁREA ENTRE 5M² E 10M², E = 17,5MM, COM TALISCAS. AF_03/2024",M2,"37,79","742,29","R$ 28.051,13","R$ 34.068,09",,,,,,
HEAD3,,14.7,SINAPI,104951,"MASSA ÚNICA, EM ARGAMASSA TRAÇO 1:2:8, PREPARO MECÂNICO, APLICADA MANUALMENTE EM PAREDES INTERNAS DE AMBIENTES COM ÁREA MAIOR QUE 10M², E = 17,5MM, COM TALISCAS. AF_03/2024",M2,"34,52","2293,76","R$ 79.180,59","R$ 96.164,82",,,,,,
HEAD3,,14.8,SINAPI,104963,"MASSA ÚNICA, EM ARGAMASSA TRAÇO 1:2:8, PREPARO MECÂNICO, APLICADA MANUALMENTE EM PAREDES INTERNAS DE AMBIENTES COM PÉ-DIREITO DUPLO E ÁREA ENTRE 5M² E 10M², E = 17,5MM, COM TALISCAS. AF_03/2024",M2,"48,14","15,43","R$ 742,80","R$ 902,13",,,,,,
HEAD3,,14.9,SINAPI,104955,"MASSA ÚNICA, EM ARGAMASSA TRAÇO 1:2:8, PREPARO MECÂNICO, APLICADA MANUALMENTE EM PAREDES INTERNAS DE AMBIENTES COM PÉ-DIREITO DUPLO E ÁREA MAIOR QUE 10M², E = 17,5MM, COM TALISCAS. AF_03/2024",M2,"43,08","109,09","R$ 4.699,59","R$ 5.707,65",,,,,,
HEAD3,,14.10,SINAPI,87545,"EMBOÇO, EM ARGAMASSA TRAÇO 1:2:8, PREPARO MECÂNICO, APLICADO MANUALMENTE EM PAREDES INTERNAS, PARA AMBIENTES COM ÁREA MENOR QUE 5M², E = 10MM, COM TALISCAS. AF_03/2024",M2,"30,36","526,90","R$ 15.996,68","R$ 19.427,96",,,,,,
HEAD3,,14.11,SINAPI,87549,"EMBOÇO, EM ARGAMASSA TRAÇO 1:2:8, PREPARO MECÂNICO, APLICADO MANUALMENTE EM PAREDES INTERNAS DE AMBIENTES COM ÁREA ENTRE 5M² E 10M², E = 10MM, COM TALISCAS. AF_03/2024",M2,"25,92","758,91","R$ 19.670,94","R$ 23.890,35",,,,,,
HEAD3,,14.12,SINAPI,87553,"EMBOÇO, EM ARGAMASSA TRAÇO 1:2:8, PREPARO MECÂNICO, APLICADO MANUALMENTE EM PAREDES INTERNAS DE AMBIENTES COM ÁREA MAIOR QUE 10M², E = 10MM, COM TALISCAS. AF_03/2024",M2,"23,27","3020,49","R$ 70.286,80","R$ 85.363,31",,,,,,
HEAD3,,14.13,SINAPI,87775,"EMBOÇO OU MASSA ÚNICA EM ARGAMASSA TRAÇO 1:2:8, PREPARO MECÂNICO COM BETONEIRA 400 L, APLICADA MANUALMENTE EM PANOS DE FACHADA COM PRESENÇA DE VÃOS, ESPESSURA DE 25 MM. AF_08/2022",M2,"56,69","1822,47","R$ 103.315,82","R$ 125.477,06",,,,,,
HEAD3,,14.14,SINAPI,87792,"EMBOÇO OU MASSA ÚNICA EM ARGAMASSA TRAÇO 1:2:8, PREPARO MECÂNICO COM BETONEIRA 400 L, APLICADA MANUALMENTE EM PANOS CEGOS DE FACHADA (SEM PRESENÇA DE VÃOS), ESPESSURA DE 25 MM. AF_08/2022",M2,"41,99","1036,15","R$ 43.507,93","R$ 52.840,38",,,,,,
HEAD3,,14.15,UFCA,O0001,"PLACA DE ESPUMA DE POLIURETANO POLIESTER PARA ABSORÇÃO ACÚSTICA, FORNECIMENTO E INSTALAÇÃO",M2,"R$ 236,02","81,00","R$ 19.117,62","R$ 23.218,34",,,,,,
HEAD3,,14.16,SINAPI,87273,REVESTIMENTO CERÂMICO PARA PAREDES INTERNAS COM PLACAS TIPO ESMALTADA DE DIMENSÕES 33X45 CM APLICADAS NA ALTURA INTEIRA DAS PAREDES. AF_02/2023_PE,M2,"76,03","173,41","R$ 13.184,36","R$ 16.012,40",,,,,,
HEAD3,,14.17,UFCA,O0002,"PAREDE EM LADRILHO HIDRÁULICO, INCLUSO APLICAÇÃO DE RESINA",M2,"R$ 204,64","24,80","R$ 5.075,07","R$ 6.163,67",,,,,,
HEAD3,,14.18,SINAPI,87275,REVESTIMENTO CERÂMICO PARA PAREDES INTERNAS COM PLACAS TIPO ESMALTADA DE DIMENSÕES 33X45 CM APLICADAS A MEIA ALTURA DAS PAREDES. AF_02/2023_PE,M2,"83,19","254,08","R$ 21.136,91","R$ 25.670,77",,,,,,
HEAD3,,14.19,UFCA,L0003,CANTONEIRA DE ALUMÍNIO P/ AZULEJOS (INSTALADA)                     ,M,"R$ 30,88","648,49","R$ 20.025,37","R$ 24.320,81",,,,,,
HEAD3,,14.20,SINAPI,101979,"CHAPIM (RUFO CAPA) EM AÇO GALVANIZADO, CORTE 33. AF_11/2020",M,"42,28","599,78","R$ 25.358,69","R$ 30.798,12",,,,,,
HEAD3,,14.21,UFCA,X0012,REVESTIMENTO CERÂMICO PARA PAREDES INTERNAS COM PLACAS TIPO PORCELANATO DE DIMENSÕES 45X45 CM APLICADAS NA ALTURA INTEIRA DAS PAREDES. ,M2,"R$ 132,15","375,03","R$ 49.560,21","R$ 60.190,87",,,,,,
HEAD3,,14.22,UFCA,G0003,"REVESTIMENTO COM ARGAMASSA BARITADA, DENSIDADE DE 3,2 G/CM³, ESPESSURA 2,5 CM",M2,"R$ 174,59","96,70","R$ 16.882,85","R$ 20.504,22",,,,,,
,,,,,,,,,,,,,,,,
HEAD1,,15.0,,,VIDROS,,,,,,,"R$ 15.962,61","R$ 19.386,58",,,15.
HEAD3,,15.1,UFCA,P0001,"ESPELHO CRISTAL ESPESSURA 4MM, COM MOLDURA EM ALUMINIO E COMPENSADO 6MM PLASTIFICADO COLADO COM ADESIVO PARA ESPELHO, A BASE DE POLIURETANO",M2,"R$ 723,60","22,06","R$ 15.962,61","R$ 19.386,58",,,,,,
,,,,,,,,,,,,,,,,
HEAD1,,16.0,,,PINTURA,,,,,,,"R$ 293.726,95","R$ 356.731,27",,,16.
HEAD3,,16.1,SINAPI,88485,"FUNDO SELADOR ACRÍLICO, APLICAÇÃO MANUAL EM PAREDE, UMA DEMÃO. AF_04/2023",M2,"4,35","2670,32","R$ 11.615,89","R$ 14.107,49",,,,,,
HEAD3,,16.2,SINAPI,88415,APLICAÇÃO MANUAL DE FUNDO SELADOR ACRÍLICO EM PAREDES EXTERNAS DE CASAS. AF_03/2024,M2,"5,16","3744,12","R$ 19.319,65","R$ 23.463,71",,,,,,
HEAD3,,16.3,SINAPI,96135,"APLICAÇÃO MANUAL DE MASSA ACRÍLICA EM PAREDES EXTERNAS DE CASAS, DUAS DEMÃOS. AF_03/2024",M2,"26,81","2220,82","R$ 59.540,18","R$ 72.311,54",,,,,,
HEAD3,,16.4,SINAPI,88497,"EMASSAMENTO COM MASSA LÁTEX, APLICAÇÃO EM PAREDE, DUAS DEMÃOS, LIXAMENTO MANUAL. AF_04/2023",M2,"16,47","2682,89","R$ 44.187,19","R$ 53.665,34",,,,,,
HEAD3,,16.5,SINAPI,88489,"PINTURA LÁTEX ACRÍLICA PREMIUM, APLICAÇÃO MANUAL EM PAREDES, DUAS DEMÃOS. AF_04/2023",M2,"13,18","2349,47","R$ 30.966,01","R$ 37.608,21",,,,,,
HEAD3,,16.6,SINAPI,104641,"PINTURA LÁTEX ACRÍLICA ECONÔMICA, APLICAÇÃO MANUAL EM PAREDES, DUAS DEMÃOS. AF_04/2023",M2,"9,58","223,28","R$ 2.139,02","R$ 2.597,83",,,,,,
HEAD3,,16.7,SINAPI,95626,"APLICAÇÃO MANUAL DE TINTA LÁTEX ACRÍLICA EM PAREDE EXTERNAS DE CASAS, DUAS DEMÃOS. AF_03/2024",M2,"16,07","3727,82","R$ 59.906,06","R$ 72.755,90",,,,,,
HEAD3,,16.8,SINAPI,102489,"PINTURA HIDROFUGANTE COM SILICONE, APLICAÇÃO MANUAL, 2 DEMÃOS. AF_05/2021",M2,"29,98","98,88","R$ 2.964,42","R$ 3.600,28",,,,,,
HEAD3,,16.9,SINAPI,102491,"PINTURA DE PISO COM TINTA ACRÍLICA, APLICAÇÃO MANUAL, 2 DEMÃOS, INCLUSO FUNDO PREPARADOR. AF_05/2021",M2,"21,54","764,10","R$ 16.458,71","R$ 19.989,10",,,,,,
HEAD3,,16.10,SINAPI,88484,"FUNDO SELADOR ACRÍLICO, APLICAÇÃO MANUAL EM TETO, UMA DEMÃO. AF_04/2023",M2,"5,33","381,36","R$ 2.032,64","R$ 2.468,64",,,,,,
HEAD3,,16.11,SINAPI,88496,"EMASSAMENTO COM MASSA LÁTEX, APLICAÇÃO EM TETO, DUAS DEMÃOS, LIXAMENTO MANUAL. AF_04/2023",M2,"30,85","314,94","R$ 9.715,89","R$ 11.799,94",,,,,,
HEAD3,,16.12,SINAPI,104640,"PINTURA LÁTEX ACRÍLICA STANDARD, APLICAÇÃO MANUAL EM TETO, DUAS DEMÃOS. AF_04/2023",M2,"13,32","397,69","R$ 5.297,23","R$ 6.433,48",,,,,,
HEAD3,,16.13,SINAPI,88431,"APLICAÇÃO MANUAL DE PINTURA COM TINTA TEXTURIZADA ACRÍLICA EM PAREDES EXTERNAS DE CASAS, DUAS CORES. AF_03/2024",M2,"25,84","323,23","R$ 8.352,26","R$ 10.143,81",,,,,,
HEAD3,,16.14,UFCA,Q0001,CAIAÇÃO EM DUAS DEMÃOS,M2,"R$ 6,65","187,47","R$ 1.246,67","R$ 1.514,08",,,,,,
HEAD3,,16.15,SINAPI,102513,"PINTURA DE SÍMBOLOS E TEXTOS COM TINTA ACRÍLICA, DEMARCAÇÃO COM FITA ADESIVA E APLICAÇÃO COM ROLO. AF_05/2021",M2,"48,64","2,30","R$ 111,87","R$ 135,86",,,,,,
HEAD3,,16.16,SINAPI,100718,COLOCAÇÃO DE FITA PROTETORA PARA PINTURA. AF_01/2020,M,"1,41","511,56","R$ 721,29","R$ 876,00",,,,,,
HEAD3,,16.17,SINAPI,100760,PINTURA COM TINTA ALQUÍDICA DE ACABAMENTO (ESMALTE SINTÉTICO BRILHANTE) APLICADA A ROLO OU PINCEL SOBRE SUPERFÍCIES METÁLICAS (EXCETO PERFIL) EXECUTADO EM OBRA (02 DEMÃOS). AF_01/2020,M2,"50,80","260,34","R$ 13.225,27","R$ 16.062,09",,,,,,
HEAD3,,16.18,SINAPI,100722,PINTURA COM TINTA ALQUÍDICA DE FUNDO (TIPO ZARCÃO) APLICADA A ROLO OU PINCEL SOBRE SUPERFÍCIES METÁLICAS (EXCETO PERFIL) EXECUTADO EM OBRA (POR DEMÃO). AF_01/2020,M2,"25,03","170,70","R$ 4.272,62","R$ 5.189,09",,,,,,
HEAD3,,16.19,SINAPI,100717,LIXAMENTO MANUAL EM SUPERFÍCIES METÁLICAS EM OBRA. AF_01/2020,M2,"9,69","170,70","R$ 1.654,08","R$ 2.008,88",,,,,,
,,,,,,,,,,,,,,,,
HEAD1,,17.0,,,SERVIÇOS COMPLEMENTARES,,,,,,,"R$ 423.657,63","R$ 514.531,98",,,17.
HEAD2,,17.1,,,DRENAGEM E ÁGUAS PLUVIAIS,,,,,,,,,,,
HEAD3,,17.1.1,SINAPI,99259,"BASE PARA POÇO DE VISITA RETANGULAR PARA DRENAGEM, EM ALVENARIA COM BLOCOS DE CONCRETO, DIMENSÕES INTERNAS = 1X1,5 M, PROFUNDIDADE = 1,40 M, EXCLUINDO TAMPÃO. AF_12/2020_PA",UN,"3.405,14","3,00","R$ 10.215,42","R$ 12.406,62",,,,,,
HEAD3,,17.1.2,SINAPI,99244,"BASE PARA POÇO DE VISITA RETANGULAR PARA DRENAGEM, EM ALVENARIA COM BLOCOS DE CONCRETO, DIMENSÕES INTERNAS = 1,5X2 M, PROFUNDIDADE = 1,40 M, EXCLUINDO TAMPÃO. AF_12/2020_PA",UN,"5.158,63","2,00","R$ 10.317,26","R$ 12.530,31",,,,,,
HEAD3,,17.1.3,SINAPI,99247,"ACRÉSCIMO PARA POÇO DE VISITA RETANGULAR PARA DRENAGEM, EM ALVENARIA COM BLOCOS DE CONCRETO, DIMENSÕES INTERNAS = 1,5X2 M. AF_12/2020",M,"2.143,09","1,00","R$ 2.143,09","R$ 2.602,78",,,,,,
HEAD3,,17.1.4,SINAPI,97935,"CAIXA PARA BOCA DE LOBO SIMPLES RETANGULAR, EM CONCRETO PRÉ-MOLDADO, DIMENSÕES INTERNAS: 0,6X1,0X1,2 M. AF_12/2020",UN,"921,40","19,00","R$ 17.506,60","R$ 21.261,76",,,,,,
HEAD3,,17.1.5,SINAPI,102739,"BOCA PARA BUEIRO SIMPLES TUBULAR D = 80 CM EM CONCRETO, ALAS COM ESCONSIDADE DE 0°, INCLUINDO FÔRMAS E MATERIAIS. AF_07/2021",UN,"3.959,78","1,00","R$ 3.959,78","R$ 4.809,15",,,,,,
HEAD3,,17.1.6,SINAPI,95565,"TUBO DE CONCRETO PARA REDES COLETORAS DE ÁGUAS PLUVIAIS, DIÂMETRO DE 300MM, JUNTA RÍGIDA, INSTALADO EM LOCAL COM BAIXO NÍVEL DE INTERFERÊNCIAS - FORNECIMENTO E ASSENTAMENTO. AF_03/2024",M,"139,70","228,51","R$ 31.922,84","R$ 38.770,28",,,,,,
HEAD3,,17.1.7,SINAPI,92211,"TUBO DE CONCRETO PARA REDES COLETORAS DE ÁGUAS PLUVIAIS, DIÂMETRO DE 500 MM, JUNTA RÍGIDA, INSTALADO EM LOCAL COM BAIXO NÍVEL DE INTERFERÊNCIAS - FORNECIMENTO E ASSENTAMENTO. AF_03/2024",M,"199,43","52,14","R$ 10.398,28","R$ 12.628,71",,,,,,
HEAD3,,17.1.8,SINAPI,92212,"TUBO DE CONCRETO PARA REDES COLETORAS DE ÁGUAS PLUVIAIS, DIÂMETRO DE 600 MM, JUNTA RÍGIDA, INSTALADO EM LOCAL COM BAIXO NÍVEL DE INTERFERÊNCIAS - FORNECIMENTO E ASSENTAMENTO. AF_03/2024",M,"305,71","96,02","R$ 29.354,27","R$ 35.650,76",,,,,,
HEAD3,,17.1.9,UFCA,R0022,"CALHA DE CONCRETO, 50X20 CM ESPESSURA DE 8 CM, PREPARADO EM BETONEIRA E CIMENTADO LISO EXECUTADO COM ARGAMASSA TRAÇO 1:4 (CIMENTO E AREIA MEDIA NÃO PENEIRADA), PREPARO MANUAL",M,"R$ 322,11","84,54","R$ 27.231,17","R$ 33.072,25",,,,,,
HEAD3,,17.1.10,SINAPI,94963,"CONCRETO FCK = 15MPA, TRAÇO 1:3,4:3,5 (EM MASSA SECA DE CIMENTO/ AREIA MÉDIA/ BRITA 1) - PREPARO MECÂNICO COM BETONEIRA 400 L. AF_05/2021",M3,"466,29","9,64","R$ 4.495,03","R$ 5.459,21",,,,,,
HEAD3,,17.1.11,SINAPI,101983,"MONTAGEM E DESMONTAGEM DE FÔRMA PARA ESCADAS, COM 2 LANCES EM ""U"" E LAJE PLANA, EM CHAPA DE MADEIRA COMPENSADA PLASTIFICADA, 10 UTILIZAÇÕES. AF_11/2020",M2,"224,01","6,06","R$ 1.357,50","R$ 1.648,68",,,,,,
HEAD3,,17.1.12,SINAPI,102719,"ENCHIMENTO DE BRITA PARA DRENO, LANÇAMENTO MANUAL. AF_07/2021",M3,"163,68","25,06","R$ 4.101,82","R$ 4.981,66",,,,,,
HEAD3,,17.1.13,SINAPI,89512,"TUBO PVC, SÉRIE R, ÁGUA PLUVIAL, DN 100 MM, FORNECIDO E INSTALADO EM RAMAL DE ENCAMINHAMENTO. AF_06/2022",M,"44,18","59,70","R$ 2.637,54","R$ 3.203,29",,,,,,
HEAD3,,17.1.14,SINAPI,89578,"TUBO PVC, SÉRIE R, ÁGUA PLUVIAL, DN 100 MM, FORNECIDO E INSTALADO EM CONDUTORES VERTICAIS DE ÁGUAS PLUVIAIS. AF_06/2022",M,"27,64","62,25","R$ 1.720,59","R$ 2.089,65",,,,,,
HEAD3,,17.1.15,SINAPI,89529,"JOELHO 90 GRAUS, PVC, SERIE R, ÁGUA PLUVIAL, DN 100 MM, JUNTA ELÁSTICA, FORNECIDO E INSTALADO EM RAMAL DE ENCAMINHAMENTO. AF_06/2022",UN,"35,72","20,00","R$ 714,40","R$ 867,63",,,,,,
HEAD3,,17.1.16,SINAPI,104166,"TUBO PVC, SÉRIE R, ÁGUA PLUVIAL, DN 150 MM, FORNECIDO E INSTALADO EM RAMAL DE ENCAMINHAMENTO. AF_06/2022",M,"62,98","570,27","R$ 35.915,60","R$ 43.619,49",,,,,,
HEAD3,,17.1.17,SINAPI,89580,"TUBO PVC, SÉRIE R, ÁGUA PLUVIAL, DN 150 MM, FORNECIDO E INSTALADO EM CONDUTORES VERTICAIS DE ÁGUAS PLUVIAIS. AF_06/2022",M,"56,89","132,80","R$ 7.554,99","R$ 9.175,53",,,,,,
HEAD3,,17.1.18,SINAPI,104167,"JOELHO 90 GRAUS, PVC, SERIE R, ÁGUA PLUVIAL, DN 150 MM, JUNTA ELÁSTICA, FORNECIDO E INSTALADO EM RAMAL DE ENCAMINHAMENTO. AF_06/2022",UN,"116,89","43,91","R$ 5.132,63","R$ 6.233,57",,,,,,
HEAD3,,17.1.19,UFCA,R0034,"INSTALAÇÃO DE RALO SEMIESFÉRICO EM FERRO FUNDIDO, 150MM, EM CALHA DE ÁGUA PLUVIAL",M,"R$ 94,35","37,00","R$ 3.490,95","R$ 4.239,75",,,,,,
HEAD3,,17.1.20,SINAPI,89681,"REDUÇÃO EXCÊNTRICA, PVC, SERIE R, ÁGUA PLUVIAL, DN 150 X 100 MM, JUNTA ELÁSTICA, FORNECIDO E INSTALADO EM CONDUTORES VERTICAIS DE ÁGUAS PLUVIAIS. AF_06/2022",UN,"84,74","44,00","R$ 3.728,56","R$ 4.528,33",,,,,,
HEAD3,,17.1.21,SINAPI,99268,"POÇO DE INSPEÇÃO CIRCULAR PARA DRENAGEM, EM CONCRETO PRÉ-MOLDADO, DIÂMETRO INTERNO = 0,60 M, PROFUNDIDADE = 0,90 M, EXCLUINDO TAMPÃO. AF_12/2020_PA",UN,"499,90","5,00","R$ 2.499,50","R$ 3.035,64",,,,,,
HEAD3,,17.1.22,SINAPI,99270,"POÇO DE INSPEÇÃO CIRCULAR PARA DRENAGEM, EM CONCRETO PRÉ-MOLDADO, DIÂMETRO INTERNO = 0,60 M, PROFUNDIDADE = 1,40 M, EXCLUINDO TAMPÃO. AF_12/2020_PA",UN,"655,58","6,00","R$ 3.933,48","R$ 4.777,21",,,,,,
HEAD3,,17.1.23,SINAPI,99257,"CAIXA ENTERRADA HIDRÁULICA RETANGULAR EM ALVENARIA COM TIJOLOS CERÂMICOS MACIÇOS, DIMENSÕES INTERNAS: 1X1X0,6 M PARA REDE DE DRENAGEM. AF_12/2020",UN,"915,82","11,00","R$ 10.074,02","R$ 12.234,89",,,,,,
HEAD3,,17.1.24,UFCA,R0033,"CISTERNA EM ANÉIS DE CONCRETO D=1,20M EXECUTADO COM ARGAMASSA TRACO 1:4 (CIMENTO E AREIA MEDIA NAO PENEIRADA), PREPARO MANUAL",UN,"R$ 3.913,28","1,00","R$ 3.913,28","R$ 4.752,67",,,,,,
HEAD3,,17.1.25,SINAPI,102111,"BOMBA CENTRÍFUGA, MONOFÁSICA, 0,5 CV OU 0,49 HP, HM 6 A 20 M, Q 1,2 A 8,3 M3/H - FORNECIMENTO E INSTALAÇÃO. AF_12/2020",UN,"1.113,20","1,00","R$ 1.113,20","R$ 1.351,98",,,,,,
HEAD3,,17.1.26,SINAPI,102991,CANALETA MEIA CANA PRÉ-MOLDADA DE CONCRETO (D = 40 CM) - FORNECIMENTO E INSTALAÇÃO. AF_08/2021,M,"61,27","53,76","R$ 3.293,87","R$ 4.000,40",,,,,,
HEAD3,,17.1.27,SINAPI,103000,"EXECUÇÃO DE CANALETA DE CONCRETO MOLDADO IN LOCO, ESPESSURA DE 0,08 M, GEOMETRIA TRAPEZOIDAL (DIMENSÕES INTERNAS: B=1,474 M; B=0,934 M; H=0,27 M). AF_08/2021",M,"128,71","15,00","R$ 1.930,65","R$ 2.344,77",,,,,,
HEAD2,,17.2,,,GRANITO/ MAPAS,,,,,,,,,,,
HEAD3,,17.2.1,UFCA,R0001,"PRATELEIRA/TAMPO EM GRANITO CINZA OCRE, ESP= 2CM",M2,"R$ 599,44","76,61","R$ 45.923,09","R$ 55.773,59",,,,,,
HEAD3,,17.2.2,UFCA,G0004,DIVISÓRIA DE GRANITO CINZA E=2cm,M2,"R$ 501,83","16,41","R$ 8.235,03","R$ 10.001,44",,,,,,
HEAD3,,17.2.3,UFCA,R0051,"MAPA TÁTIL EM ACRÍLICO MEDINDO 70 X 50CM, COM SUPORTE EM CHAPA EM FERRO E TUBO DE FERRO GALVANIZADO 40 MM",UN,"R$ 1.894,20",5,"R$ 9.471,00","R$ 11.502,52",,,,,,
HEAD3,,17.2.4,SINAPI,98685,"RODAPÉ EM GRANITO, ALTURA 10 CM. AF_09/2020",M,"74,93","62,21","R$ 4.661,39","R$ 5.661,25",,,,,,
HEAD3,,17.2.5,UFCA,R0006,FILETE DE 4 CM EM GRANITO CINZA OCRE,M,"R$ 70,55","133,3","R$ 9.404,31","R$ 11.421,53",,,,,,
HEAD3,,17.2.6,UFCA,R0003,"CANTONEIRA DE AÇO DE ABAS IGUAIS DE 1.1/2"" E ESPESSURA DE 1/8"" PARA FIXAÇÃO EM PAREDE",M,"R$ 28,59","60,44","R$ 1.727,97","R$ 2.098,61",,,,,,
HEAD3,,17.2.7,UFCA,R0009,FURO DE 60 MM EM BANCADA DE GRANITO E FECHAMENTO COM TAMPA PASSA FIO DE PLÁSTICO,UN,"R$ 19,31",45,"R$ 868,95","R$ 1.055,33",,,,,,
HEAD2,,17.3,,,ANDAIME,,,,,,,,,,,
HEAD3,,17.3.1,UFCA,Q0002,ANDAIME METÁLICO FACHADEIRO COM PISO METÁLICO DE ENCAIXE P/ FACHADAS – LOCAÇÃO MENSAL,M2XMÊS,"R$ 7,90","7211,32","R$ 56.969,42","R$ 69.189,36",,,,,,
HEAD3,,17.3.2,UFCA,Q0003,"MONTAGEM E DESMONTAGEM DE ANDAIME MODULAR FACHADEIRO, COM PISO METÁLICO, PARA EDIFÍCIOS COM MULTIPLOS PAVIMENTOS.",M2XMÊS,"R$ 18,52","1090,42","R$ 20.194,57","R$ 24.526,30",,,,,,
HEAD3,,17.3.3,UFCA,R0122,LOCAÇÃO MENSAL PARA ESCORAMENTO E CIMBRAMENTO METÁLICO DE ENCAIXE P/ FACHADAS ,M2XMÊS,"R$ 31,94","639,36","R$ 20.421,15","R$ 24.801,48",,,,,,
HEAD2,,17.4,,,LIMPEZA,,,,,,,,,,,
HEAD3,,17.4.1,SINAPI,99806,LIMPEZA DE REVESTIMENTO CERÂMICO EM PAREDE COM PANO ÚMIDO AF_04/2019,M2,"0,88","778,51","R$ 685,08","R$ 832,02",,,,,,
HEAD3,,17.4.2,SINAPI,99803,LIMPEZA DE PISO CERÂMICO OU PORCELANATO COM PANO ÚMIDO. AF_04/2019,M2,"2,14","2003,89","R$ 4.288,32","R$ 5.208,16",,,,,,
HEAD3,,17.4.3,SINAPI,99809,LIMPEZA DE PISO DE LADRILHO HIDRÁULICO COM PANO ÚMIDO. AF_04/2019,M2,"6,09","24,80","R$ 151,03","R$ 183,42",,,,,,
,,,,,,,,,,,,,,,,
HEAD1,,18.0,,,PAISAGISMO/URBANIZAÇÃO,,,,,,,"R$ 563.057,69","R$ 683.833,43",,,18.
HEAD2,,18.1,,,PASSEIO/ BLOQUETES/ MEIO-FIO,,,,,,,,,,,
HEAD3,,18.1.1,SINAPI,94993,"EXECUÇÃO DE PASSEIO (CALÇADA) OU PISO DE CONCRETO COM CONCRETO MOLDADO IN LOCO, USINADO, ACABAMENTO CONVENCIONAL, ESPESSURA 6 CM, ARMADO. AF_08/2022",M2,"77,18","1681,83","R$ 129.803,63","R$ 157.646,50",,,,,,
HEAD3,,18.1.2,UFCA,X0015,"EXECUÇÃO DE PASSEIO (CALCADA) PARA CICLOVIA COM PÓ XADREZ VERMELHO, DE CONCRETO COM CONCRETO MOLDADO IN LOCO, USINADO, ACABAMENTO CONVENCIONAL, ESPESSURA 6 CM, ARMADO",M2,"R$ 106,94","54,70","R$ 5.849,61","R$ 7.104,35",,,,,,
HEAD3,,18.1.3,SINAPI,94265,"GUIA (MEIO-FIO) CONCRETO, MOLDADA  IN LOCO  EM TRECHO RETO COM EXTRUSORA, 15 CM BASE X 30 CM ALTURA. AF_01/2024",M,"46,81","615,52","R$ 28.812,49","R$ 34.992,76",,,,,,
HEAD3,,18.1.4,SINAPI,94266,"GUIA (MEIO-FIO) CONCRETO, MOLDADA  IN LOCO  EM TRECHO CURVO COM EXTRUSORA, 15 CM BASE X 30 CM ALTURA. AF_01/2024",M,"52,12","130,17","R$ 6.784,46","R$ 8.239,72",,,,,,
HEAD3,,18.1.5,SINAPI,94267,"GUIA (MEIO-FIO) E SARJETA CONJUGADOS DE CONCRETO, MOLDADA  IN LOCO  EM TRECHO RETO COM EXTRUSORA, 45 CM BASE (15 CM BASE DA GUIA + 30 CM BASE DA SARJETA) X 22 CM ALTURA. AF_01/2024",M,"56,41","278,07","R$ 15.685,92","R$ 19.050,54",,,,,,
HEAD3,,18.1.6,SINAPI,94268,"GUIA (MEIO-FIO) E SARJETA CONJUGADOS DE CONCRETO, MOLDADA  IN LOCO  EM TRECHO CURVO COM EXTRUSORA, 45 CM BASE (15 CM BASE DA GUIA + 30 CM BASE DA SARJETA) X 22 CM ALTURA. AF_01/2024",M,"62,24","160,86","R$ 10.011,92","R$ 12.159,47",,,,,,
HEAD3,,18.1.7,SINAPI,94273,"ASSENTAMENTO DE GUIA (MEIO-FIO) EM TRECHO RETO, CONFECCIONADA EM CONCRETO PRÉ-FABRICADO, DIMENSÕES 100X15X13X30 CM (COMPRIMENTO X BASE INFERIOR X BASE SUPERIOR X ALTURA). AF_01/2024",M,"46,55","271,84","R$ 12.654,15","R$ 15.368,46",,,,,,
HEAD3,,18.1.8,SINAPI,94274,"ASSENTAMENTO DE GUIA (MEIO-FIO) EM TRECHO CURVO, CONFECCIONADA EM CONCRETO PRÉ-FABRICADO, DIMENSÕES 100X15X13X30 CM (COMPRIMENTO X BASE INFERIOR X BASE SUPERIOR X ALTURA). AF_01/2024",M,"49,42","43,04","R$ 2.127,03","R$ 2.583,27",,,,,,
HEAD3,,18.1.9,SINAPI,92404,"EXECUÇÃO DE PAVIMENTO EM PISO INTERTRAVADO, COM BLOCO 16 FACES DE 22 X 11 CM, ESPESSURA 8 CM. AF_10/2022",M2,"79,27","2495,42","R$ 197.811,94","R$ 240.242,60",,,,,,
HEAD3,,18.1.10,UFCA,X0014,"PISO PODOTÁTIL EXTERNO EM PMC ESP. 3CM, ASSENTADO COM ARGAMASSA (FORNECIMENTO E ASSENTAMENTO)",M2,"R$ 153,82","61,99","R$ 9.535,30","R$ 11.580,62",,,,,,
HEAD2,,18.2,,,PAISAGISMO,,,,,,,,,,,
HEAD3,,18.2.1,SINAPI,98509,PLANTIO DE ARBUSTO OU  CERCA VIVA. AF_07/2024,UN,"81,60",266,"R$ 21.705,60","R$ 26.361,45",,,,,,
HEAD3,,18.2.2,SINAPI,98505,PLANTIO DE FORRAÇÃO. AF_07/2024,M2,"119,23","77,7","R$ 9.264,17","R$ 11.251,33",,,,,,
HEAD3,,18.2.3,SINAPI,103946,"PLANTIO DE GRAMA ESMERALDA OU SÃO CARLOS OU CURITIBANA, EM PLACAS. AF_07/2024",M2,"18,68","2153,54","R$ 40.228,12","R$ 48.857,05",,,,,,
HEAD3,,18.2.4,SINAPI,98510,"PLANTIO DE ÁRVORE ORNAMENTAL COM ALTURA DE MUDA MENOR OU IGUAL A 2,00 M . AF_07/2024",UN,"123,81",42,"R$ 5.200,02","R$ 6.315,42",,,,,,
HEAD3,,18.2.5,SINAPI,98519,REVOLVIMENTO E LIMPEZA MANUAL DE SOLO. AF_07/2024,M2,"3,71","2231,24","R$ 8.277,90","R$ 10.053,50",,,,,,
HEAD3,,18.2.6,SINAPI,98520,APLICAÇÃO DE ADUBO EM SOLO. AF_07/2024,M2,"7,93","2231,24","R$ 17.693,73","R$ 21.489,03",,,,,,
HEAD3,,18.2.7,SINAPI,98521,APLICAÇÃO DE CALCÁRIO PARA CORREÇÃO DO PH DO SOLO. AF_07/2024,M2,"0,34","2231,24","R$ 758,62","R$ 921,34",,,,,,
HEAD3,,18.2.8,SINAPI,105521,ESPALHAMENTO DE TERRA VEGETAL PARA O PLANTIO. AF_07/2024,M2,"5,01","2231,24","R$ 11.178,51","R$ 13.576,30",,,,,,
HEAD3,,18.2.9,UFCA,S0016,"FORNECIMENTO DE MANGUEIRA MICROPERFURADA PARA JARDIM EM POLIETILENO LINEAR DE BAIXA DENSIDADE, PERFURADA A RAIO LASER, PARA IRRIGAÇÃO, COM d=28 MM",M,"R$ 1,29","685,2","R$ 883,90","R$ 1.073,49",,,,,,
HEAD2,,18.3,,,PINTURA- URBANIZAÇÃO,,,,,,,,,,,
HEAD3,,18.3.1,UFCA,Q0026,"PINTURA DE FAIXA DE PEDESTRE OU ZEBRADA COM TINTA RETRORREFLETIVA A BASE DE RESINA ACRÍLICA COM MICROESFERAS DE VIDRO, E = 30 CM, APLICAÇÃO MECÂNICA COM DEMARCADORA A TRAÇÃO MANUAL. AF_05/2021",M2,"R$ 34,75","23,56","R$ 818,71","R$ 994,32",,,,,,
HEAD3,,18.3.2,UFCA,Q0027,"PINTURA DE DEMARCAÇÃO DE VAGA COM TINTA ACRÍLICA, E = 10 CM, APLICAÇÃO MECÂNICA COM DEMARCADORA A TRAÇÃO MANUAL. AF_05/2021",M,"R$ 8,53","521,85","R$ 4.451,38","R$ 5.406,20",,,,,,
HEAD3,,18.3.3,UFCA,Q0028,"PINTURA DE SÍMBOLO ""DEFICIENTE FÍSICO"" COM TINTA ACRÍLICA, UTILIZAÇÃO DE MOLDE PLÁSTICO E APLICAÇÃO MECÂNICA, 120X120 CM. AF_05/2021",UN,"R$ 60,89","2,00","R$ 121,78","R$ 147,90",,,,,,
HEAD3,,18.3.4,SINAPI,102513,"PINTURA DE SÍMBOLOS E TEXTOS COM TINTA ACRÍLICA, DEMARCAÇÃO COM FITA ADESIVA E APLICAÇÃO COM ROLO. AF_05/2021",M2,"48,64","36,86","R$ 1.792,87","R$ 2.177,44",,,,,,
HEAD3,,18.3.5,UFCA,Q0029,"PINTURA DE EIXO VIÁRIO COM TINTA RETRORREFLETIVA A BASE DE RESINA ACRÍLICA COM MICROESFERAS DE VIDRO, APLICAÇÃO MECÂNICA COM DEMARCADORA A TRAÇÃO MANUAL. AF_05/2021",M,"R$ 7,55","18,55","R$ 140,05","R$ 170,09",,,,,,
HEAD2,,18.4,,,PLACAS E SINALIZAÇÃO,,,,,,,,,,,
HEAD3,,18.4.1,UFCA,R0007,PLACA DE REGULAMENTAÇÃO/ADVERTÊNCIA REFLETIVA EM ACO GALVANIZADO - FORNECIMENTO E FIXAÇÃO EM POSTES,M2,"R$ 1.048,69","4,92","R$ 5.159,55","R$ 6.266,27",,,,,,
HEAD3,,18.4.2,UFCA,R0008,"POSTE EM TUBO DE AÇO GALVANIZADO DN 65 MM (2 1/2""), E=3,35 MM, ALTURA ÚTIL=2,50 M, ALTURA TOTAL=3,20 M COM ALETAS ANTIGIRO E= 4,75 MM",UN,"R$ 431,83","18,00","R$ 7.772,94","R$ 9.440,23",,,,,,
HEAD3,,18.4.3,UFCA,R0013,"PLACA INDICATIVA EM ACRÍLICO E=3MM, COM ADESIVO SOBREPOSTO, DIM.: 0.30 X 0.12 M, FORNECIMENTO E INSTALAÇÃO	",UN,"R$ 52,17","84,00","R$ 4.382,28","R$ 5.322,27",,,,,,
HEAD3,,18.4.4,UFCA,R0012,LETRA EM AÇO INOX ESCOVADO/POLIDO 20 X 20CM - INSTALADO,UN,"R$ 109,01","30,00","R$ 3.270,30","R$ 3.971,77",,,,,,
HEAD3,,18.4.5,UFCA,S0010,TÓTEM DE METALON. SEM PINTURA E INCLUSO INSTALAÇÃO,UN,"R$ 880,81","1,00","R$ 880,81","R$ 1.069,74",,,,,,
HEAD1,,19.0,,,FORROS,,,,,,,"R$ 237.438,20","R$ 288.368,67",,,19.
HEAD3,,19.1,SINAPI,96485,"FORRO EM RÉGUAS DE PVC, LISO, PARA AMBIENTES RESIDENCIAIS, INCLUSIVE ESTRUTURA UNIDIRECIONAL DE FIXAÇÃO. AF_08/2023_PS",M2,"79,24","563,22","R$ 44.629,55","R$ 54.202,58",,,,,,
HEAD3,,19.2,SINAPI,96121,ACABAMENTOS PARA FORRO (RODA-FORRO EM PERFIL METÁLICO E PLÁSTICO). AF_08/2023,M,"12,14","493,71","R$ 5.993,63","R$ 7.279,26",,,,,,
HEAD3,,19.3,SINAPI,96114,"FORRO EM DRYWALL, PARA AMBIENTES COMERCIAIS, INCLUSIVE ESTRUTURA BIRECIONAL DE FIXAÇÃO. AF_08/2023_PS",M2,"84,53","314,94","R$ 26.621,87","R$ 32.332,26",,,,,,
HEAD3,,19.4,SINAPI,96123,"ACABAMENTOS PARA FORRO (MOLDURA EM DRYWALL, COM LARGURA DE 15 CM). AF_08/2023_PS",M,"33,20","337,48","R$ 11.204,33","R$ 13.607,65",,,,,,
HEAD3,,19.5,UFCA,V0001,"FORRO DE FIBRA MINERAL EM PLACAS DE 1250 X 625 MM, E = 15 MM, BORDA RETA, COM PINTURA ANTIMOFO, APOIADO EM PERFIL DE ACO GALVANIZADO COM 24 MM DE BASE - INSTALADO",M2,"R$ 112,28","1326,94","R$ 148.988,82","R$ 180.946,92",,,,,,
,,,,,,,,,,,,,,,,
HEAD1,,20.0,,,EQUIPAMENTOS,,,,,,,"R$ 307.330,00","R$ 348.850,28",,,20.
HEAD3,,20.1,UFCA,T0001,"IMPLANTAÇÃO DE ESTAÇÃO DE TRATAMENTO DE ESGOTO. FORNECIMENTO, MONTAGEM E INSTALAÇÃO DE 01 (UMA) ESTAÇÃO DE TRATAMENTO DE ESGOTO, NÍVEL TERCIÁRIO, EM PRFV, COM VAZÃO MÉDIA DE 18,46 M³/DIA, PARA ATENDIMENTO AO HOSPITAL VETERINÁRIO UNIVERSITÁRIO DO CARIRI, CRATO, CEARÁ, CONFORME DOCUMENTOS ANEXOS AO EDITAL.",UN,"R$ 307.330,00","1,00","R$ 307.330,00",,"R$ 348.850,28",,,,,
,,,,,,,,,,,,,,,,
HEAD1,,21.0,,,PISOS,,,,,,,"R$ 524.341,20","R$ 636.812,28",,,21.
HEAD3,,21.1,UFCA,X0010,"CONTRAPISO EM CONCRETO LEVE COM PÉROLAS DE EPS, 700 KG/M3",M3,"R$ 1.160,11","48,59","R$ 56.369,74","R$ 68.461,04",,,,,,
HEAD3,,21.2,UFCA,X0004,"LASTRO DE CONCRETO MAGRO, APLICADO EM PISOS OU RADIERS, ESPESSURA DE 5CM COM MALHA 15 X 15 CM DE FERRO 5MM",M2,"R$ 46,47","1633,57","R$ 75.911,99","R$ 92.195,11",,,,,,
HEAD3,,21.3,SINAPI,96620,"LASTRO DE CONCRETO MAGRO, APLICADO EM PISOS, LAJES SOBRE SOLO OU RADIERS. AF_01/2024",M3,"767,73","5,44","R$ 4.176,45","R$ 5.072,29",,,,,,
HEAD3,,21.4,SINAPI,87735,"CONTRAPISO EM ARGAMASSA TRAÇO 1:4 (CIMENTO E AREIA), PREPARO MECÂNICO COM BETONEIRA 400 L, APLICADO EM ÁREAS MOLHADAS SOBRE LAJE, ADERIDO, ACABAMENTO NÃO REFORÇADO, ESPESSURA 2CM. AF_07/2021",M2,"44,93","113,51","R$ 5.100,00","R$ 6.193,95",,,,,,
HEAD3,,21.5,SINAPI,87765,"CONTRAPISO EM ARGAMASSA TRAÇO 1:4 (CIMENTO E AREIA), PREPARO MECÂNICO COM BETONEIRA 400 L, APLICADO EM ÁREAS MOLHADAS SOBRE IMPERMEABILIZAÇÃO, ACABAMENTO NÃO REFORÇADO, ESPESSURA 4CM. AF_07/2021",M2,"59,41","208,37","R$ 12.379,26","R$ 15.034,61",,,,,,
HEAD3,,21.6,SINAPI,87630,"CONTRAPISO EM ARGAMASSA TRAÇO 1:4 (CIMENTO E AREIA), PREPARO MECÂNICO COM BETONEIRA 400 L, APLICADO EM ÁREAS SECAS SOBRE LAJE, ADERIDO, ACABAMENTO NÃO REFORÇADO, ESPESSURA 3CM. AF_07/2021",M2,"41,46","1730,75","R$ 71.756,89","R$ 87.148,74",,,,,,
HEAD3,,21.7,UFCA,X0008,"REGULARIZAÇÃO DE PISO COM ARGAMASSA AUTONIVELANTE, APLICADO SOBRE CONTRAPISO, ADERIDO, ESPESSURA 3MM. ",M2,"R$ 76,31","71,34","R$ 5.443,95","R$ 6.611,67",,,,,,
HEAD3,,21.8,UFCA,X0009,PREPARAÇÃO DE PISO COM PRIMER ACRÍLICO (REF. TARKOPRIMER OU SIMILAR),M2,"R$ 33,78","71,26","R$ 2.407,16","R$ 2.923,49",,,,,,
HEAD3,,21.9,UFCA,X0005,"PISO VINÍLICO EM MANTA, CONDUTIVO, DIM. 2,0 X 25,00M, E = 2MM, REF. IQ OPTIMA, DA TARKETT OU SIMILAR - FORNECIMENTO E INSTALAÇÃO, EXCLUSIVE REGULARIZAÇÃO DO PISO",M2,"R$ 454,86","71,26","R$ 32.413,32","R$ 39.365,97",,,,,,
HEAD3,,21.10,SINAPI,101748,PREPARO DE CONTRAPISO COM POLITRIZ. AF_09/2020,M2,"3,74","71,26","R$ 266,51","R$ 323,67",,,,,,
HEAD3,,21.11,SINAPI,99811,LIMPEZA DE CONTRAPISO COM VASSOURA A SECO. AF_04/2019,M2,"3,64","71,26","R$ 259,38","R$ 315,01",,,,,,
HEAD3,,21.12,SINAPI,102488,PREPARO DO PISO CIMENTADO PARA PINTURA - LIXAMENTO E LIMPEZA. AF_05/2021,M2,"3,73","71,26","R$ 265,79","R$ 322,80",,,,,,
HEAD3,,21.13,UFCA,X0006,"RODAPÉ VINÍLICO FLEXÍVEL EM MANTA, ALTURA 10 CM. AF_09/2020",M,"R$ 198,81","44,72","R$ 8.890,78","R$ 10.797,85",,,,,,
HEAD3,,21.14,UFCA,X0013,"PISO PODOTÁTIL INTERNO EM BORRACHA 25x25cm, ESPESSURA 5MM, FIXADO COM ADESIVO ACRÍLICO",M2,"R$ 246,46","0,99","R$ 243,99","R$ 296,32",,,,,,
HEAD3,,21.15,SINAPI,87249,REVESTIMENTO CERÂMICO PARA PISO COM PLACAS TIPO ESMALTADA DE DIMENSÕES 45X45 CM APLICADA EM AMBIENTES DE ÁREA MENOR QUE 5 M2. AF_02/2023_PE,M2,"83,43","28,85","R$ 2.406,95","R$ 2.923,24",,,,,,
HEAD3,,21.16,SINAPI,87250,REVESTIMENTO CERÂMICO PARA PISO COM PLACAS TIPO ESMALTADA DE DIMENSÕES 45X45 CM APLICADA EM AMBIENTES DE ÁREA ENTRE 5 M2 E 10 M2. AF_02/2023_PE,M2,"72,44","110,51","R$ 8.005,34","R$ 9.722,48",,,,,,
HEAD3,,21.17,SINAPI,87251,REVESTIMENTO CERÂMICO PARA PISO COM PLACAS TIPO ESMALTADA DE DIMENSÕES 45X45 CM APLICADA EM AMBIENTES DE ÁREA MAIOR QUE 10 M2. AF_02/2023_PE,M2,"63,72","112,70","R$ 7.181,24","R$ 8.721,61",,,,,,
HEAD3,,21.18,SINAPI,87261,REVESTIMENTO CERÂMICO PARA PISO COM PLACAS TIPO PORCELANATO DE DIMENSÕES 60X60 CM APLICADA EM AMBIENTES DE ÁREA MENOR QUE 5 M². AF_02/2023_PE,M2,"162,29","24,75","R$ 4.016,67","R$ 4.878,24",,,,,,
HEAD3,,21.19,SINAPI,87262,REVESTIMENTO CERÂMICO PARA PISO COM PLACAS TIPO PORCELANATO DE DIMENSÕES 60X60 CM APLICADA EM AMBIENTES DE ÁREA ENTRE 5 M² E 10 M². AF_02/2023_PE,M2,"148,62","23,92","R$ 3.554,99","R$ 4.317,53",,,,,,
HEAD3,,21.20,SINAPI,87263,REVESTIMENTO CERÂMICO PARA PISO COM PLACAS TIPO PORCELANATO DE DIMENSÕES 60X60 CM APLICADA EM AMBIENTES DE ÁREA MAIOR QUE 10 M². AF_02/2023_PE,M2,"138,16","1470,56","R$ 203.172,56","R$ 246.753,07",,,,,,
HEAD3,,21.21,UFCA,X0011,RODAPÉ CERÂMICO DE 7CM DE ALTURA COM PLACAS TIPO PORCELANATO,M,"R$ 17,93","824,16","R$ 14.777,18","R$ 17.946,88",,,,,,
HEAD3,,21.22,UFCA,X0016,ESPAÇADOR 3MM TIPO CRUZETA PARA APLICAÇÃO DE REVESTIMENTO CERÂMICO EM PISO E EM PAREDE,M2,"R$ 0,36","703,23","R$ 253,16","R$ 307,46",,,,,,
HEAD3,,21.23,UFCA,X0017,ESPAÇADOR NIVELADOR 1 MM COM CUNHA PARA APLICAÇÃO DE REVESTIMENTO DE PORCELANATO EM PISO E EM PAREDE,M2,"R$ 2,10","2130,50","R$ 4.474,05","R$ 5.433,73",,,,,,
HEAD3,,21.24,SINAPI,98680,"PISO CIMENTADO, TRAÇO 1:3 (CIMENTO E AREIA), ACABAMENTO LISO, ESPESSURA 3,0 CM, PREPARO MECÂNICO DA ARGAMASSA. AF_09/2020",M2,"48,68","12,61","R$ 613,85","R$ 745,52",,,,,,
,,,,,,,,,,,,,,,,
HEAD1,,22.0,,,AR CONDICIONADO,,,,,,,"R$ 35.483,99","R$ 43.095,29",,,22.
HEAD3,,22.1,SINAPI,89357,"TUBO, PVC, SOLDÁVEL, DE 32MM, INSTALADO EM RAMAL OU SUB-RAMAL DE ÁGUA - FORNECIMENTO E INSTALAÇÃO. AF_06/2022",M,"32,32","436,52","R$ 14.108,32","R$ 17.134,55",,,,,,
HEAD3,,22.2,SINAPI,89398,"TE, PVC, SOLDÁVEL, DN 32MM, INSTALADO EM RAMAL OU SUB-RAMAL DE ÁGUA - FORNECIMENTO E INSTALAÇÃO. AF_06/2022",UN,"17,94","31,00","R$ 556,14","R$ 675,43",,,,,,
HEAD3,,22.3,SINAPI,89415,"CURVA 90 GRAUS, PVC, SOLDÁVEL, DN 32MM, INSTALADO EM RAMAL DE DISTRIBUIÇÃO DE ÁGUA - FORNECIMENTO E INSTALAÇÃO. AF_06/2022",UN,"15,84","84,00","R$ 1.330,56","R$ 1.615,96",,,,,,
HEAD3,,22.4,SINAPI,91185,"FIXAÇÃO DE TUBOS HORIZONTAIS DE PVC ÁGUA, PVC ESGOTO, PVC ÁGUA PLUVIAL, CPVC, PPR, COBRE OU AÇO, DIÂMETROS MENORES OU IGUAIS A 40 MM, COM ABRAÇADEIRA METÁLICA FLEXÍVEL 18 MM, FIXADA DIRETAMENTE NA LAJE. AF_09/2023",M,"25,44","366,12","R$ 9.314,09","R$ 11.311,96",,,,,,
HEAD3,,22.5,UFCA,W0001,"FORNECIMENTO E INSTALAÇÃO DE TUBO DE BORRACHA ELASTOMÉRICA ARMAFLEX M-42 Ø 1 1/4""",M,"R$ 37,76","269,46","R$ 10.174,88","R$ 12.357,39",,,,,,
,,,,,,,,,,,,,,,,
,,DADOS GERAIS DO ORÇAMENTO,,,,,,,,,,,,,,
,,,,,,,,,,,BDI:,,"21,45%",,,
,,,,,,,,,,,BDI DIFERENCIADO:,,"13,51%",,,
,,T O T A L SEM BDI,,,,,,,,,,,"R$ 10.266.290,49",,,
,,T O T A L COM BDI,,,,,,,,,,,"R$ 12.444.003,41",,,
,,DOZE MILHÕES QUATROCENTOS E QUARENTA E CINCO MIL CENTO E TREZE REAIS E VINTE E CINCO CENTAVOS,,,,,,,,,,,,,,
,,,,,,,,,,,,,,,,
,,ASSINATURAS:,,,,,,,,,,,,,,