,,Obra,,Bancos,,,B.D.I.,Encargos Sociais,
,,Construção do Bloco O de salas de aula do Campus Juazeiro do Norte,,"SINAPI - 04/2025 - Ceará
SBC - 01/2018 - Ceará
ORSE - 02/2025 - Sergipe
SEDOP - 05/2024 - Pará
SEINFRA - 028 - Ceará
AGESUL - 06/2024 - Mato Grosso do Sul
EMOP - 10/2024 - Rio de Janeiro
",,,"21,45%","Não Desonerado: embutido nos preços unitário dos insumos de mão de obra, de acordo com as bases.",
Planilha Orçamentária Analítica,,,,,,,,,
 1 ,,,ADMINISTRAÇÃO DE OBRA,,,,,,
 1.1 ,Código,Banco,Descrição,Tipo,,Und,Quant.,Valor Unit,Total
Composição, B0023 ,Próprio,"ADMINISTRAÇÃO DA OBRA (ENGENHEIRO CIVIL, MESTRE E ALMOXARIFE), COM ENCARGOS COMPLEMENTARES",SEDI - SERVIÇOS DIVERSOS,,%,"1,0000000","338.746,55","338.746,55"
Composição Auxiliar, 93565 ,SINAPI,ENGENHEIRO CIVIL DE OBRA JUNIOR COM ENCARGOS COMPLEMENTARES,Livro SINAPI: Cálculos e Parâmetros,,MES,"9,5760004","22.853,38","218.843,97"
Composição Auxiliar, 94295 ,SINAPI,MESTRE DE OBRAS COM ENCARGOS COMPLEMENTARES,Livro SINAPI: Cálculos e Parâmetros,,MES,"11,1720004","7.249,47","80.991,08"
Composição Auxiliar, 93563 ,SINAPI,ALMOXARIFE COM ENCARGOS COMPLEMENTARES,Livro SINAPI: Cálculos e Parâmetros,,MES,"9,5760004","4.063,44","38.911,50"
,,,,,,,,,
,,,,,,,,,
,,,,,,,,,
 2 ,,,SERVIÇOS PRELIMINARES/TÉCNICOS,,,,,,
 2.1 ,Código,Banco,Descrição,Tipo,,Und,Quant.,Valor Unit,Total
Composição, B0051 ,Próprio,ART OBRA (EXECUÇÃO),SERP - SERVIÇOS PRELIMINARES,,UN,"1,0000000","271,47","271,47"
Insumo, TX2 ,Próprio,ART OBRA (EXECUÇÃO),Material,,UN ,"1,0000000","271,47","271,47"
,,,,,,,,,
,,,,,,,,,
,,,,,,,,,
 2.2 ,Código,Banco,Descrição,Tipo,,Und,Quant.,Valor Unit,Total
Composição, B0052 ,Próprio,ART DA FISCALIZAÇÃO,SERP - SERVIÇOS PRELIMINARES,,UN,"1,0000000","103,03","103,03"
Insumo, TX3 ,Próprio,ART DA FISCALIZAÇÃO,Material,,UN,"1,0000000","103,03","103,03"
,,,,,,,,,
,,,,,,,,,
,,,,,,,,,
 2.3 ,Código,Banco,Descrição,Tipo,,Und,Quant.,Valor Unit,Total
Composição, B0053 ,Próprio,RRT DA FISCALIZAÇÃO,SERP - SERVIÇOS PRELIMINARES,,UN,"1,0000000","125,40","125,40"
Insumo, TX4 ,Próprio,RRT DA FISCALIZAÇÃO,Material,,UN ,"1,0000000","125,40","125,40"
,,,,,,,,,
,,,,,,,,,
,,,,,,,,,
 2.4 ,Código,Banco,Descrição,Tipo,,Und,Quant.,Valor Unit,Total
Composição, B0033 ,Próprio,ALVARÁ DE CONSTRUÇÃO,SERP - SERVIÇOS PRELIMINARES,,UN,"1,0000000","1.764,59","1.764,59"
Insumo, TX1.1 ,Próprio,TAXA DE ALVARÁ DE CONSTRUÇÃO,Taxas,,UN,"1,0000000","1.764,59","1.764,59"
,,,,,,,,,
,,,,,,,,,
,,,,,,,,,
 2.5 ,Código,Banco,Descrição,Tipo,,Und,Quant.,Valor Unit,Total
Composição, B0016 ,Próprio,SONDAGEM À PERCUSSÃO P/RECONHECIMENTO DO SUBSOLO,SERP - SERVIÇOS PRELIMINARES,,M,"1,0000000","55,65","55,65"
Insumo, I1860 ,SEINFRA,SERVIÇOS DE SONDAGEM À PERCUSSÃO,Serviços,,M,"1,0000000","55,65","55,65"
,,,,,,,,,
,,,,,,,,,
,,,,,,,,,
 2.6 ,Código,Banco,Descrição,Tipo,,Und,Quant.,Valor Unit,Total
Composição, B0049 ,Próprio,RELATÓRIO FINAL DE SONDAGEM DO SOLO,SERP - SERVIÇOS PRELIMINARES,,H,"1,0000000","1.355,39","1.355,39"
Composição Auxiliar, 90778 ,SINAPI,ENGENHEIRO CIVIL DE OBRA PLENO COM ENCARGOS COMPLEMENTARES,Livro SINAPI: Cálculos e Parâmetros,,H,"9,5760907","141,54","1.355,39"
,,,,,,,,,
,,,,,,,,,
,,,,,,,,,
 2.7 ,Código,Banco,Descrição,Tipo,,Und,Quant.,Valor Unit,Total
Composição, B0045 ,Próprio,"EXECUÇÃO DE ESCRITÓRIO EM CANTEIRO DE OBRA EM CHAPA DE MADEIRA COMPENSADA, ÁREA DE 40M2",SERP - SERVIÇOS PRELIMINARES,,UN,"1,0000000","9.695,58","9.695,58"
Composição Auxiliar, 88262 ,SINAPI,CARPINTEIRO DE FORMAS COM ENCARGOS COMPLEMENTARES,Livro SINAPI: Cálculos e Parâmetros,,H,"44,8002270","28,79","1.289,79"
Composição Auxiliar, 88309 ,SINAPI,PEDREIRO COM ENCARGOS COMPLEMENTARES,Livro SINAPI: Cálculos e Parâmetros,,H,"11,2000568","29,21","327,15"
Composição Auxiliar, 88316 ,SINAPI,SERVENTE COM ENCARGOS COMPLEMENTARES,Livro SINAPI: Cálculos e Parâmetros,,H,"56,0002838","23,37","1.308,72"
Composição Auxiliar, 94963 ,SINAPI,"CONCRETO FCK = 15MPA, TRAÇO 1:3,4:3,5 (EM MASSA SECA DE CIMENTO/ AREIA MÉDIA/ BRITA 1) - PREPARO MECÂNICO COM BETONEIRA 400 L. AF_05/2021",Produção de Concreto,,m³,"0,4320000","390,16","168,54"
Composição Auxiliar, 98680 ,SINAPI,"PISO CIMENTADO, TRAÇO 1:3 (CIMENTO E AREIA), ACABAMENTO LISO, ESPESSURA 3,0 CM, PREPARO MECÂNICO DA ARGAMASSA. AF_09/2020",Pisos,,m²,"40,8000000","43,27","1.765,41"
Insumo, 00010422 ,SINAPI,"BACIA SANITARIA (VASO) COM CAIXA ACOPLADA, SIFAO APARENTE, DE LOUCA BRANCA (SEM ASSENTO)",Material,,UN,"1,0000000","328,98","328,98"
Insumo, I0197 ,SEINFRA,"BARROTE DE 2""x2""",Material,,M,"30,0000000","5,51","165,30"
Insumo, I0198 ,SEINFRA,"PONTALETE / BARROTE DE 3""x3"" - APARELHADO",Material,,M,"50,0000000","17,69","884,50"
Insumo, 00005090 ,SINAPI,"CADEADO SIMPLES, CORPO EM LATAO MACICO, COM LARGURA DE 25 MM E ALTURA DE APROX 25 MM, HASTE CEMENTADA (NAO LONGA), EM ACO TEMPERADO COM DIAMETRO DE APROX 5,0 MM, INCLUINDO 2 CHAVES",Material,,UN,"2,0000000","17,28","34,56"
Insumo, 00011712 ,SINAPI,"CAIXA SIFONADA, PVC, 150 X 150 X 50 MM, COM GRELHA QUADRADA, BRANCA (NBR 5688)",Material,,UN,"1,0000000","38,08","38,08"
Insumo, 00043681 ,SINAPI,"CHAPA/PAINEL DE MADEIRA COMPENSADA RESINADA (MADEIRITE RESINADO ROSA) PARA FORMA DE CONCRETO, DE 2200 X 1100 MM, E = 8 A 12 MM",Material,,m²,"59,0000000","29,09","1.716,31"
Insumo, I0796 ,SEINFRA,CHUVEIRO PLASTICO,Material,,UN,"1,0000000","5,78","5,78"
Insumo, 00002370 ,SINAPI,"DISJUNTOR TIPO NEMA, MONOPOLAR 10 ATE 30A, TENSAO MAXIMA DE 240 V",Material,,UN,"1,0000000","8,72","8,72"
Insumo, 00002674 ,SINAPI,"ELETRODUTO DE PVC RIGIDO ROSCAVEL DE 3/4 "", SEM LUVA",Material,,M,"3,0000000","3,43","10,29"
Insumo, 00006141 ,SINAPI,"ENGATE/RABICHO FLEXIVEL PLASTICO (PVC OU ABS) BRANCO 1/2"" X 30 CM",Material,,UN,"1,0000000","4,84","4,84"
Insumo, 00010425 ,SINAPI,"LAVATORIO DE LOUCA BRANCA, SUSPENSO (SEM COLUNA), DIMENSOES *40 X 30* CM",Material,,UN,"1,0000000","79,68","79,68"
Insumo, 00006016 ,SINAPI,"REGISTRO GAVETA BRUTO EM LATAO FORJADO, BITOLA 3/4""",Material,,UN,"1,0000000","28,20","28,20"
Insumo, 00004408 ,SINAPI,"RIPA NAO APARELHADA, *1,5 X 5* CM, EM MACARANDUBA/MASSARANDUBA, ANGELIM OU EQUIVALENTE DA REGIAO - BRUTA",Material,,M,"25,3000000","2,21","55,91"
Insumo, 00009868 ,SINAPI,"TUBO PVC, SOLDAVEL, DE 25 MM, AGUA FRIA (NBR-5648)",Material,,M,"6,0000000","3,23","19,38"
Insumo, 00002433 ,SINAPI,"DOBRADICA EM ACO/FERRO, 3"" X 2 1/2"", E= 1,2 A 1,8 MM, SEM ANEL, CROMADO OU ZINCADO, TAMPA CHATA, COM PARAFUSOS",Material,,UN,"3,0000000","8,18","24,54"
Insumo, 00011484 ,SINAPI,"FECHADURA DE SOBREPOR PARA PORTAO, EM ACO INOX COM ACABAMENTO CROMADO, CAIXA DE 100 MM, INCLUINDO CHAVE TIPO CILINDRO",Material,,UN,"3,0000000","44,42","133,26"
Insumo, 00000939 ,SINAPI,"FIO DE COBRE, SOLIDO, CLASSE 1, ISOLACAO EM PVC/A, ANTICHAMA BWF-B, 450/750V, SECAO NOMINAL 2,5 MM2",Material,,M,"94,0000000","2,12","199,28"
Insumo, 00012128 ,SINAPI,"INTERRUPTOR SIMPLES 10A, 250V, CONJUNTO MONTADO PARA SOBREPOR 4"" X 2"" (CAIXA + MODULO)",Material,,UN,"4,0000000","7,76","31,04"
Insumo, 00038194 ,SINAPI,"LAMPADA LED 10 W BIVOLT BRANCA, FORMATO TRADICIONAL (BASE E27)",Material,,UN,"4,0000000","4,11","16,44"
Insumo, I2379 ,SEINFRA,"MINI POSTE F.G. 1 1/14"" C/2.00M E REX MONOFASICO",Material,,UN,"1,0000000","53,97","53,97"
Insumo, 00005063 ,SINAPI,PREGO DE ACO POLIDO COM CABECA 14 X 18 (1 1/2 X 14),Material,,KG,"2,0000000","13,04","26,08"
Insumo, 00039804 ,SINAPI,"QUADRO DE DISTRIBUICAO, EM PVC, DE EMBUTIR, COM BARRAMENTO TERRA / NEUTRO, PARA 6 DISJUNTORES NEMA OU 8 DISJUNTORES DIN",Material,,UN,"1,0000000","61,02","61,02"
Insumo, 00006038 ,SINAPI,"REGISTRO DE PRESSAO PVC, ROSCAVEL, VOLANTE SIMPLES, DE 1/2""",Material,,UN,"1,0000000","2,85","2,85"
Insumo, I2429 ,SEINFRA,"TABUA DE VIROLA DE 12""x 1""",Material,,m²,"11,4300000","29,31","335,01"
Insumo, I2433 ,SEINFRA,"TARGETA DE FERRO 2""",Material,,UN,"5,0000000","4,70","23,50"
Insumo, I2440 ,SEINFRA,TELHA DE FIBROCIMENTO DE 4MM (0.50 x 2.44M),Material,,UN,"20,0000000","20,05","401,00"
Insumo, 00012147 ,SINAPI,"TOMADA 2P+T 10A, 250V, CONJUNTO MONTADO PARA SOBREPOR 4"" X 2"" (CAIXA + MODULO)",Material,,UN,"3,0000000","11,53","34,59"
Insumo, 00007602 ,SINAPI,"TORNEIRA DE METAL AMARELO, PARA TANQUE / JARDIM, DE PAREDE, COM BICO PLASTICO, CANO CURTO, AREA EXTERNA, PADRAO POPULAR / USO GERAL, 1/2"" OU 3/4""",Material,,UN,"1,0000000","35,22","35,22"
Insumo, 00009836 ,SINAPI,"TUBO PVC SERIE NORMAL, DN 100 MM, PARA ESGOTO PREDIAL (NBR 5688)",Material,,M,"3,0000000","11,99","35,97"
Insumo, 00009835 ,SINAPI,"TUBO PVC SERIE NORMAL, DN 40 MM, PARA ESGOTO PREDIAL (NBR 5688)",Material,,M,"3,0000000","5,24","15,72"
Insumo, 00009838 ,SINAPI,"TUBO PVC SERIE NORMAL, DN 50 MM, PARA ESGOTO PREDIAL (NBR 5688)",Material,,M,"3,0000000","8,65","25,95"
,,,,,,,,,
,,,,,,,,,
,,,,,,,,,
 2.8 ,Código,Banco,Descrição,Tipo,,Und,Quant.,Valor Unit,Total
Composição, B0050 ,Próprio,"EXECUÇÃO DE ALMOXARIFADO EM CANTEIRO DE OBRA EM CHAPA DE MADEIRA COMPENSADA, ÁREA DE 21,16 M2",CANT - CANTEIRO DE OBRAS,,UN,"1,0000000","6.095,96","6.095,96"
Composição Auxiliar, 88262 ,SINAPI,CARPINTEIRO DE FORMAS COM ENCARGOS COMPLEMENTARES,Livro SINAPI: Cálculos e Parâmetros,,H,"23,8684782","28,79","687,17"
Composição Auxiliar, 88309 ,SINAPI,PEDREIRO COM ENCARGOS COMPLEMENTARES,Livro SINAPI: Cálculos e Parâmetros,,H,"5,9671195","29,21","174,29"
Composição Auxiliar, 88316 ,SINAPI,SERVENTE COM ENCARGOS COMPLEMENTARES,Livro SINAPI: Cálculos e Parâmetros,,H,"29,8355977","23,37","697,25"
Composição Auxiliar, 94963 ,SINAPI,"CONCRETO FCK = 15MPA, TRAÇO 1:3,4:3,5 (EM MASSA SECA DE CIMENTO/ AREIA MÉDIA/ BRITA 1) - PREPARO MECÂNICO COM BETONEIRA 400 L. AF_05/2021",Produção de Concreto,,m³,"0,3240000","390,16","126,41"
Composição Auxiliar, 98680 ,SINAPI,"PISO CIMENTADO, TRAÇO 1:3 (CIMENTO E AREIA), ACABAMENTO LISO, ESPESSURA 3,0 CM, PREPARO MECÂNICO DA ARGAMASSA. AF_09/2020",Pisos,,m²,"21,1600000","43,27","915,59"
Insumo, 00010422 ,SINAPI,"BACIA SANITARIA (VASO) COM CAIXA ACOPLADA, SIFAO APARENTE, DE LOUCA BRANCA (SEM ASSENTO)",Material,,UN,"1,0000000","328,98","328,98"
Insumo, I0197 ,SEINFRA,"BARROTE DE 2""x2""",Material,,M,"20,0000000","5,51","110,20"
Insumo, I0198 ,SEINFRA,"PONTALETE / BARROTE DE 3""x3"" - APARELHADO",Material,,M,"26,0000000","17,69","459,94"
Insumo, 00005090 ,SINAPI,"CADEADO SIMPLES, CORPO EM LATAO MACICO, COM LARGURA DE 25 MM E ALTURA DE APROX 25 MM, HASTE CEMENTADA (NAO LONGA), EM ACO TEMPERADO COM DIAMETRO DE APROX 5,0 MM, INCLUINDO 2 CHAVES",Material,,UN,"1,0000000","17,28","17,28"
Insumo, 00001030 ,SINAPI,"CAIXA DE DESCARGA PLASTICA PARA BACIA / VASO SANITARIO, EXTERNA, CAPACIDADE 9 LITROS, PUXADOR FIO DE NYLON, NAO INCLUSO CANO, BOLSA, ENGATE",Material,,UN,"1,0000000","33,12","33,12"
Insumo, 00011712 ,SINAPI,"CAIXA SIFONADA, PVC, 150 X 150 X 50 MM, COM GRELHA QUADRADA, BRANCA (NBR 5688)",Material,,UN,"1,0000000","38,08","38,08"
Insumo, 00043681 ,SINAPI,"CHAPA/PAINEL DE MADEIRA COMPENSADA RESINADA (MADEIRITE RESINADO ROSA) PARA FORMA DE CONCRETO, DE 2200 X 1100 MM, E = 8 A 12 MM",Material,,m²,"48,0000000","29,09","1.396,32"
Insumo, I0796 ,SEINFRA,CHUVEIRO PLASTICO,Material,,UN,"1,0000000","5,78","5,78"
Insumo, 00002370 ,SINAPI,"DISJUNTOR TIPO NEMA, MONOPOLAR 10 ATE 30A, TENSAO MAXIMA DE 240 V",Material,,UN,"1,0000000","8,72","8,72"
Insumo, 00002674 ,SINAPI,"ELETRODUTO DE PVC RIGIDO ROSCAVEL DE 3/4 "", SEM LUVA",Material,,M,"3,0000000","3,43","10,29"
Insumo, 00006141 ,SINAPI,"ENGATE/RABICHO FLEXIVEL PLASTICO (PVC OU ABS) BRANCO 1/2"" X 30 CM",Material,,UN,"1,0000000","4,84","4,84"
Insumo, 00010425 ,SINAPI,"LAVATORIO DE LOUCA BRANCA, SUSPENSO (SEM COLUNA), DIMENSOES *40 X 30* CM",Material,,UN,"1,0000000","79,68","79,68"
Insumo, 00006016 ,SINAPI,"REGISTRO GAVETA BRUTO EM LATAO FORJADO, BITOLA 3/4""",Material,,UN,"1,0000000","28,20","28,20"
Insumo, 00004408 ,SINAPI,"RIPA NAO APARELHADA, *1,5 X 5* CM, EM MACARANDUBA/MASSARANDUBA, ANGELIM OU EQUIVALENTE DA REGIAO - BRUTA",Material,,M,"16,2800000","2,21","35,97"
Insumo, 00009868 ,SINAPI,"TUBO PVC, SOLDAVEL, DE 25 MM, AGUA FRIA (NBR-5648)",Material,,M,"6,0000000","3,23","19,38"
Insumo, 00002433 ,SINAPI,"DOBRADICA EM ACO/FERRO, 3"" X 2 1/2"", E= 1,2 A 1,8 MM, SEM ANEL, CROMADO OU ZINCADO, TAMPA CHATA, COM PARAFUSOS",Material,,UN,"6,0000000","8,18","49,08"
Insumo, 00011484 ,SINAPI,"FECHADURA DE SOBREPOR PARA PORTAO, EM ACO INOX COM ACABAMENTO CROMADO, CAIXA DE 100 MM, INCLUINDO CHAVE TIPO CILINDRO",Material,,UN,"2,0000000","44,42","88,84"
Insumo, 00000939 ,SINAPI,"FIO DE COBRE, SOLIDO, CLASSE 1, ISOLACAO EM PVC/A, ANTICHAMA BWF-B, 450/750V, SECAO NOMINAL 2,5 MM2",Material,,M,"64,0000000","2,12","135,68"
Insumo, 00012128 ,SINAPI,"INTERRUPTOR SIMPLES 10A, 250V, CONJUNTO MONTADO PARA SOBREPOR 4"" X 2"" (CAIXA + MODULO)",Material,,UN,"3,0000000","7,76","23,28"
Insumo, 00038194 ,SINAPI,"LAMPADA LED 10 W BIVOLT BRANCA, FORMATO TRADICIONAL (BASE E27)",Material,,UN,"4,0000000","4,11","16,44"
Insumo, I2379 ,SEINFRA,"MINI POSTE F.G. 1 1/14"" C/2.00M E REX MONOFASICO",Material,,UN,"1,0000000","53,97","53,97"
Insumo, 00005063 ,SINAPI,PREGO DE ACO POLIDO COM CABECA 14 X 18 (1 1/2 X 14),Material,,KG,"2,0000000","13,04","26,08"
Insumo, 00039804 ,SINAPI,"QUADRO DE DISTRIBUICAO, EM PVC, DE EMBUTIR, COM BARRAMENTO TERRA / NEUTRO, PARA 6 DISJUNTORES NEMA OU 8 DISJUNTORES DIN",Material,,UN,"1,0000000","61,02","61,02"
Insumo, 00006038 ,SINAPI,"REGISTRO DE PRESSAO PVC, ROSCAVEL, VOLANTE SIMPLES, DE 1/2""",Material,,UN,"1,0000000","2,85","2,85"
Insumo, I2429 ,SEINFRA,"TABUA DE VIROLA DE 12""x 1""",Material,,m²,"2,7000000","29,31","79,13"
Insumo, I2433 ,SEINFRA,"TARGETA DE FERRO 2""",Material,,UN,"3,0000000","4,70","14,10"
Insumo, I2440 ,SEINFRA,TELHA DE FIBROCIMENTO DE 4MM (0.50 x 2.44M),Material,,UN,"11,0000000","20,05","220,55"
Insumo, 00012147 ,SINAPI,"TOMADA 2P+T 10A, 250V, CONJUNTO MONTADO PARA SOBREPOR 4"" X 2"" (CAIXA + MODULO)",Material,,UN,"3,0000000","11,53","34,59"
Insumo, 00007602 ,SINAPI,"TORNEIRA DE METAL AMARELO, PARA TANQUE / JARDIM, DE PAREDE, COM BICO PLASTICO, CANO CURTO, AREA EXTERNA, PADRAO POPULAR / USO GERAL, 1/2"" OU 3/4""",Material,,UN,"1,0000000","35,22","35,22"
Insumo, 00009836 ,SINAPI,"TUBO PVC SERIE NORMAL, DN 100 MM, PARA ESGOTO PREDIAL (NBR 5688)",Material,,M,"3,0000000","11,99","35,97"
Insumo, 00009835 ,SINAPI,"TUBO PVC SERIE NORMAL, DN 40 MM, PARA ESGOTO PREDIAL (NBR 5688)",Material,,M,"3,0000000","5,24","15,72"
Insumo, 00009838 ,SINAPI,"TUBO PVC SERIE NORMAL, DN 50 MM, PARA ESGOTO PREDIAL (NBR 5688)",Material,,M,"3,0000000","8,65","25,95"
,,,,,,,,,
,,,,,,,,,
,,,,,,,,,
 2.9 ,Código,Banco,Descrição,Tipo,,Und,Quant.,Valor Unit,Total
Composição, B0047 ,Próprio,EXECUÇÃO DE REFEITÓRIO EM CANTEIRO DE OBRA EM CHAPA DE MADEIRA COMPENSADA,SERP - SERVIÇOS PRELIMINARES,,M²,"1,0000000","303,29","303,29"
Composição Auxiliar, 88262 ,SINAPI,CARPINTEIRO DE FORMAS COM ENCARGOS COMPLEMENTARES,Livro SINAPI: Cálculos e Parâmetros,,H,"1,8880751","28,79","54,35"
Composição Auxiliar, 88309 ,SINAPI,PEDREIRO COM ENCARGOS COMPLEMENTARES,Livro SINAPI: Cálculos e Parâmetros,,H,"0,3857390","29,21","11,26"
Composição Auxiliar, 88316 ,SINAPI,SERVENTE COM ENCARGOS COMPLEMENTARES,Livro SINAPI: Cálculos e Parâmetros,,H,"1,9287703","23,37","45,07"
Composição Auxiliar, 94963 ,SINAPI,"CONCRETO FCK = 15MPA, TRAÇO 1:3,4:3,5 (EM MASSA SECA DE CIMENTO/ AREIA MÉDIA/ BRITA 1) - PREPARO MECÂNICO COM BETONEIRA 400 L. AF_05/2021",Produção de Concreto,,m³,"0,0148000","390,16","5,77"
Composição Auxiliar, 98680 ,SINAPI,"PISO CIMENTADO, TRAÇO 1:3 (CIMENTO E AREIA), ACABAMENTO LISO, ESPESSURA 3,0 CM, PREPARO MECÂNICO DA ARGAMASSA. AF_09/2020",Pisos,,m²,"1,3839000","43,27","59,88"
Insumo, I0197 ,SEINFRA,"BARROTE DE 2""x2""",Material,,M,"1,0256000","5,51","5,65"
Insumo, I0198 ,SEINFRA,"PONTALETE / BARROTE DE 3""x3"" - APARELHADO",Material,,M,"1,7094000","17,69","30,23"
Insumo, 00043681 ,SINAPI,"CHAPA/PAINEL DE MADEIRA COMPENSADA RESINADA (MADEIRITE RESINADO ROSA) PARA FORMA DE CONCRETO, DE 2200 X 1100 MM, E = 8 A 12 MM",Material,,m²,"1,8629000","29,09","54,19"
Insumo, 00002370 ,SINAPI,"DISJUNTOR TIPO NEMA, MONOPOLAR 10 ATE 30A, TENSAO MAXIMA DE 240 V",Material,,UN,"0,0342000","8,72","0,29"
Insumo, 00002674 ,SINAPI,"ELETRODUTO DE PVC RIGIDO ROSCAVEL DE 3/4 "", SEM LUVA",Material,,M,"0,1026000","3,43","0,35"
Insumo, 00004408 ,SINAPI,"RIPA NAO APARELHADA, *1,5 X 5* CM, EM MACARANDUBA/MASSARANDUBA, ANGELIM OU EQUIVALENTE DA REGIAO - BRUTA",Material,,M,"0,8650000","2,21","1,91"
Insumo, 00002433 ,SINAPI,"DOBRADICA EM ACO/FERRO, 3"" X 2 1/2"", E= 1,2 A 1,8 MM, SEM ANEL, CROMADO OU ZINCADO, TAMPA CHATA, COM PARAFUSOS",Material,,UN,"0,2735000","8,18","2,23"
Insumo, 00011484 ,SINAPI,"FECHADURA DE SOBREPOR PARA PORTAO, EM ACO INOX COM ACABAMENTO CROMADO, CAIXA DE 100 MM, INCLUINDO CHAVE TIPO CILINDRO",Material,,UN,"0,0342000","44,42","1,51"
Insumo, 00000939 ,SINAPI,"FIO DE COBRE, SOLIDO, CLASSE 1, ISOLACAO EM PVC/A, ANTICHAMA BWF-B, 450/750V, SECAO NOMINAL 2,5 MM2",Material,,M,"3,2100000","2,12","6,80"
Insumo, 00012128 ,SINAPI,"INTERRUPTOR SIMPLES 10A, 250V, CONJUNTO MONTADO PARA SOBREPOR 4"" X 2"" (CAIXA + MODULO)",Material,,UN,"0,0684000","7,76","0,53"
Insumo, 00038194 ,SINAPI,"LAMPADA LED 10 W BIVOLT BRANCA, FORMATO TRADICIONAL (BASE E27)",Material,,UN,"0,1026000","4,11","0,42"
Insumo, 00005063 ,SINAPI,PREGO DE ACO POLIDO COM CABECA 14 X 18 (1 1/2 X 14),Material,,KG,"0,1026000","13,04","1,33"
Insumo, I2429 ,SEINFRA,"TABUA DE VIROLA DE 12""x 1""",Material,,m²,"0,2051000","29,31","6,01"
Insumo, I2433 ,SEINFRA,"TARGETA DE FERRO 2""",Material,,UN,"0,1328000","4,70","0,62"
Insumo, I2440 ,SEINFRA,TELHA DE FIBROCIMENTO DE 4MM (0.50 x 2.44M),Material,,UN,"0,6838000","20,05","13,71"
Insumo, 00012147 ,SINAPI,"TOMADA 2P+T 10A, 250V, CONJUNTO MONTADO PARA SOBREPOR 4"" X 2"" (CAIXA + MODULO)",Material,,UN,"0,1026000","11,53","1,18"
,,,,,,,,,
,,,,,,,,,
,,,,,,,,,
 2.10 ,Código,Banco,Descrição,Tipo,,Und,Quant.,Valor Unit,Total
Composição, B0048 ,Próprio,EXECUÇÃO DE SANITÁRIO E VESTIÁRIO EM CANTEIRO DE OBRA EM CHAPA DE MADEIRA COMPENSADA,SERP - SERVIÇOS PRELIMINARES,,M²,"1,0000000","226,68","226,68"
Composição Auxiliar, 88262 ,SINAPI,CARPINTEIRO DE FORMAS COM ENCARGOS COMPLEMENTARES,Livro SINAPI: Cálculos e Parâmetros,,H,"0,7705549","28,79","22,18"
Composição Auxiliar, 88309 ,SINAPI,PEDREIRO COM ENCARGOS COMPLEMENTARES,Livro SINAPI: Cálculos e Parâmetros,,H,"0,1926387","29,21","5,62"
Composição Auxiliar, 88316 ,SINAPI,SERVENTE COM ENCARGOS COMPLEMENTARES,Livro SINAPI: Cálculos e Parâmetros,,H,"0,9631937","23,37","22,50"
Composição Auxiliar, 94963 ,SINAPI,"CONCRETO FCK = 15MPA, TRAÇO 1:3,4:3,5 (EM MASSA SECA DE CIMENTO/ AREIA MÉDIA/ BRITA 1) - PREPARO MECÂNICO COM BETONEIRA 400 L. AF_05/2021",Produção de Concreto,,m³,"0,0148000","390,16","5,77"
Composição Auxiliar, 98680 ,SINAPI,"PISO CIMENTADO, TRAÇO 1:3 (CIMENTO E AREIA), ACABAMENTO LISO, ESPESSURA 3,0 CM, PREPARO MECÂNICO DA ARGAMASSA. AF_09/2020",Pisos,,m²,"1,3839000","43,27","59,88"
Insumo, 00010422 ,SINAPI,"BACIA SANITARIA (VASO) COM CAIXA ACOPLADA, SIFAO APARENTE, DE LOUCA BRANCA (SEM ASSENTO)",Material,,UN,"0,0342000","328,98","11,25"
Insumo, I0197 ,SEINFRA,"BARROTE DE 2""x2""",Material,,M,"0,5962000","5,51","3,28"
Insumo, I0198 ,SEINFRA,"PONTALETE / BARROTE DE 3""x3"" - APARELHADO",Material,,M,"1,0940000","17,69","19,35"
Insumo, 00011712 ,SINAPI,"CAIXA SIFONADA, PVC, 150 X 150 X 50 MM, COM GRELHA QUADRADA, BRANCA (NBR 5688)",Material,,UN,"0,0684000","38,08","2,60"
Insumo, 00043681 ,SINAPI,"CHAPA/PAINEL DE MADEIRA COMPENSADA RESINADA (MADEIRITE RESINADO ROSA) PARA FORMA DE CONCRETO, DE 2200 X 1100 MM, E = 8 A 12 MM",Material,,m²,"1,5952000","29,09","46,40"
Insumo, I0796 ,SEINFRA,CHUVEIRO PLASTICO,Material,,UN,"0,0684000","5,78","0,39"
Insumo, 00006141 ,SINAPI,"ENGATE/RABICHO FLEXIVEL PLASTICO (PVC OU ABS) BRANCO 1/2"" X 30 CM",Material,,UN,"0,0342000","4,84","0,16"
Insumo, 00002674 ,SINAPI,"ELETRODUTO DE PVC RIGIDO ROSCAVEL DE 3/4 "", SEM LUVA",Material,,M,"0,1026000","3,43","0,35"
Insumo, 00004408 ,SINAPI,"RIPA NAO APARELHADA, *1,5 X 5* CM, EM MACARANDUBA/MASSARANDUBA, ANGELIM OU EQUIVALENTE DA REGIAO - BRUTA",Material,,M,"0,5566000","2,21","1,23"
Insumo, 00002433 ,SINAPI,"DOBRADICA EM ACO/FERRO, 3"" X 2 1/2"", E= 1,2 A 1,8 MM, SEM ANEL, CROMADO OU ZINCADO, TAMPA CHATA, COM PARAFUSOS",Material,,UN,"0,1667000","8,18","1,36"
Insumo, 00010425 ,SINAPI,"LAVATORIO DE LOUCA BRANCA, SUSPENSO (SEM COLUNA), DIMENSOES *40 X 30* CM",Material,,UN,"0,0171000","79,68","1,36"
Insumo, 00000939 ,SINAPI,"FIO DE COBRE, SOLIDO, CLASSE 1, ISOLACAO EM PVC/A, ANTICHAMA BWF-B, 450/750V, SECAO NOMINAL 2,5 MM2",Material,,M,"2,1800000","2,12","4,62"
Insumo, 00006016 ,SINAPI,"REGISTRO GAVETA BRUTO EM LATAO FORJADO, BITOLA 3/4""",Material,,UN,"0,0342000","28,20","0,96"
Insumo, 00038194 ,SINAPI,"LAMPADA LED 10 W BIVOLT BRANCA, FORMATO TRADICIONAL (BASE E27)",Material,,UN,"0,0684000","4,11","0,28"
Insumo, 00005063 ,SINAPI,PREGO DE ACO POLIDO COM CABECA 14 X 18 (1 1/2 X 14),Material,,KG,"0,0684000","13,04","0,89"
Insumo, I2429 ,SEINFRA,"TABUA DE VIROLA DE 12""x 1""",Material,,m²,"0,0923000","29,31","2,70"
Insumo, I2433 ,SEINFRA,"TARGETA DE FERRO 2""",Material,,UN,"0,1026000","4,70","0,48"
Insumo, I2440 ,SEINFRA,TELHA DE FIBROCIMENTO DE 4MM (0.50 x 2.44M),Material,,UN,"0,3590000","20,05","7,19"
Insumo, 00007602 ,SINAPI,"TORNEIRA DE METAL AMARELO, PARA TANQUE / JARDIM, DE PAREDE, COM BICO PLASTICO, CANO CURTO, AREA EXTERNA, PADRAO POPULAR / USO GERAL, 1/2"" OU 3/4""",Material,,UN,"0,0170000","35,22","0,59"
Insumo, 00009836 ,SINAPI,"TUBO PVC SERIE NORMAL, DN 100 MM, PARA ESGOTO PREDIAL (NBR 5688)",Material,,M,"0,2051000","11,99","2,45"
Insumo, 00009835 ,SINAPI,"TUBO PVC SERIE NORMAL, DN 40 MM, PARA ESGOTO PREDIAL (NBR 5688)",Material,,M,"0,2051000","5,24","1,07"
Insumo, 00009838 ,SINAPI,"TUBO PVC SERIE NORMAL, DN 50 MM, PARA ESGOTO PREDIAL (NBR 5688)",Material,,M,"0,2051000","8,65","1,77"
,,,,,,,,,
,,,,,,,,,
,,,,,,,,,
 2.11 ,Código,Banco,Descrição,Tipo,,Und,Quant.,Valor Unit,Total
Composição, B0030 ,Próprio,PLACA DE OBRA EM CHAPA DE AÇO GALVANIZADO,SERP - SERVIÇOS PRELIMINARES,,M²,"1,0000000","426,91","426,91"
Composição Auxiliar, 88262 ,SINAPI,CARPINTEIRO DE FORMAS COM ENCARGOS COMPLEMENTARES,Livro SINAPI: Cálculos e Parâmetros,,H,"0,7859790","28,79","22,62"
Composição Auxiliar, 88316 ,SINAPI,SERVENTE COM ENCARGOS COMPLEMENTARES,Livro SINAPI: Cálculos e Parâmetros,,H,"1,5719582","23,37","36,73"
Composição Auxiliar, 94962 ,SINAPI,"CONCRETO MAGRO PARA LASTRO, TRAÇO 1:4,5:4,5 (EM MASSA SECA DE CIMENTO/ AREIA MÉDIA/ BRITA 1) - PREPARO MECÂNICO COM BETONEIRA 400 L. AF_05/2021",Produção de Concreto,,m³,"0,0100000","337,03","3,37"
Insumo, 00004417 ,SINAPI,"SARRAFO NAO APARELHADO *2,5 X 7* CM, EM MACARANDUBA/MASSARANDUBA, ANGELIM, PEROBA-ROSA OU EQUIVALENTE DA REGIAO - BRUTA",Material,,M,"1,0000000","6,31","6,31"
Insumo, 00004491 ,SINAPI,"PONTALETE *7,5 X 7,5* CM EM PINUS, MISTA OU EQUIVALENTE DA REGIAO - BRUTA",Material,,M,"4,0000000","9,17","36,68"
Insumo, 00004813 ,SINAPI,"PLACA DE OBRA (PARA CONSTRUCAO CIVIL) EM CHAPA GALVANIZADA *N. 22*, ADESIVADA, DE *2,4 X 1,2* M (SEM POSTES PARA FIXACAO)",Material,,m²,"1,0000000","320,00","320,00"
Insumo, 00005075 ,SINAPI,PREGO DE ACO POLIDO COM CABECA 18 X 30 (2 3/4 X 10),Material,,KG,"0,1100000","10,93","1,20"
,,,,,,,,,
,,,,,,,,,
,,,,,,,,,
 2.12 ,Código,Banco,Descrição,Tipo,,Und,Quant.,Valor Unit,Total
Composição, 98525 ,SINAPI,"LIMPEZA MECANIZADA DE CAMADA VEGETAL, VEGETAÇÃO E PEQUENAS ÁRVORES (DIÂMETRO DE TRONCO MENOR QUE 0,20 M), COM TRATOR DE ESTEIRAS. AF_03/2024",Supressão Vegetal,,m²,"1,0000000","0,54","0,54"
Composição Auxiliar, 88441 ,SINAPI,JARDINEIRO COM ENCARGOS COMPLEMENTARES,Livro SINAPI: Cálculos e Parâmetros,,H,"0,0025160","23,71","0,05"
Composição Auxiliar, 89031 ,SINAPI,"TRATOR DE ESTEIRAS, POTÊNCIA 100 HP, PESO OPERACIONAL 9,4 T, COM LÂMINA 2,19 M3 - CHI DIURNO. AF_06/2014",Custos Horários Produtivo e Improdutivo dos Equipamentos,,CHI,"0,0029000","70,99","0,20"
Composição Auxiliar, 89032 ,SINAPI,"TRATOR DE ESTEIRAS, POTÊNCIA 100 HP, PESO OPERACIONAL 9,4 T, COM LÂMINA 2,19 M3 - CHP DIURNO. AF_06/2014",Custos Horários Produtivo e Improdutivo dos Equipamentos,,CHP,"0,0017000","173,49","0,29"
,,,,,,,,,
,,,,,,,,,
,,,,,,,,,
 2.13 ,Código,Banco,Descrição,Tipo,,Und,Quant.,Valor Unit,Total
Composição, 98459 ,SINAPI,TAPUME COM TELHA METÁLICA. AF_03/2024,Instalações para Canteiros de Obras,,m²,"1,0000000","79,19","79,19"
Composição Auxiliar, 88239 ,SINAPI,AJUDANTE DE CARPINTEIRO COM ENCARGOS COMPLEMENTARES,Livro SINAPI: Cálculos e Parâmetros,,H,"0,3849447","24,38","9,38"
Composição Auxiliar, 88262 ,SINAPI,CARPINTEIRO DE FORMAS COM ENCARGOS COMPLEMENTARES,Livro SINAPI: Cálculos e Parâmetros,,H,"0,5750697","28,79","16,55"
Composição Auxiliar, 91692 ,SINAPI,"SERRA CIRCULAR DE BANCADA COM MOTOR ELÉTRICO POTÊNCIA DE 5HP, COM COIFA PARA DISCO 10"" - CHP DIURNO. AF_08/2015",Custos Horários Produtivo e Improdutivo dos Equipamentos,,CHP,"0,0066000","33,75","0,22"
Composição Auxiliar, 91693 ,SINAPI,"SERRA CIRCULAR DE BANCADA COM MOTOR ELÉTRICO POTÊNCIA DE 5HP, COM COIFA PARA DISCO 10"" - CHI DIURNO. AF_08/2015",Custos Horários Produtivo e Improdutivo dos Equipamentos,,CHI,"0,0264000","32,69","0,86"
Composição Auxiliar, 94974 ,SINAPI,"CONCRETO MAGRO PARA LASTRO, TRAÇO 1:4,5:4,5 (EM MASSA SECA DE CIMENTO/ AREIA MÉDIA/ BRITA 1) - PREPARO MANUAL. AF_05/2021",Produção de Concreto,,m³,"0,0061000","416,89","2,54"
Insumo, 00004491 ,SINAPI,"PONTALETE *7,5 X 7,5* CM EM PINUS, MISTA OU EQUIVALENTE DA REGIAO - BRUTA",Material,,M,"1,2273000","9,17","11,25"
Insumo, 00005061 ,SINAPI,PREGO DE ACO POLIDO COM CABECA 18 X 27 (2 1/2 X 10),Material,,KG,"0,0680000","10,74","0,73"
Insumo, 00006194 ,SINAPI,"TABUA *2,5 X 15 CM EM PINUS, MISTA OU EQUIVALENTE DA REGIAO - BRUTA",Material,,M,"2,0000000","6,54","13,08"
Insumo, 00007243 ,SINAPI,"TELHA TRAPEZOIDAL EM ACO ZINCADO, SEM PINTURA, ALTURA DE APROXIMADAMENTE 40 MM, ESPESSURA DE 0,50 MM E LARGURA UTIL DE 980 MM",Material,,m²,"0,5853000","42,01","24,58"
,,,,,,,,,
,,,,,,,,,
,,,,,,,,,
 2.14 ,Código,Banco,Descrição,Tipo,,Und,Quant.,Valor Unit,Total
Composição, B0031 ,Próprio,LOCAÇÃO DA OBRA COM AUXÍLIO TOPOGRÁFICO,SERP - SERVIÇOS PRELIMINARES,,M²,"1,0000000","0,22","0,22"
Composição Auxiliar, 90781 ,SINAPI,TOPOGRAFO COM ENCARGOS COMPLEMENTARES,Livro SINAPI: Cálculos e Parâmetros,,H,"0,0016113","40,70","0,06"
Composição Auxiliar, 88288 ,SINAPI,NIVELADOR COM ENCARGOS COMPLEMENTARES,Livro SINAPI: Cálculos e Parâmetros,,H,"0,0016113","18,49","0,02"
Composição Auxiliar, 88316 ,SINAPI,SERVENTE COM ENCARGOS COMPLEMENTARES,Livro SINAPI: Cálculos e Parâmetros,,H,"0,0032226","23,37","0,07"
Composição Auxiliar, 92145 ,SINAPI,"CAMINHONETE CABINE SIMPLES COM MOTOR 1.6 FLEX, CÂMBIO MANUAL, POTÊNCIA 101/104 CV, 2 PORTAS - CHP DIURNO. AF_11/2015",Custos Horários Produtivo e Improdutivo dos Equipamentos,,CHP,"0,0010000","70,32","0,07"
Insumo, 00007247 ,SINAPI,"LOCACAO DE TEODOLITO ELETRONICO, PRECISAO ANGULAR DE 5 A 7 SEGUNDOS, INCLUINDO TRIPE",Equipamento,,H,"0,0020000","2,07","0,00"
Insumo, 00007252 ,SINAPI,"LOCACAO DE NIVEL OPTICO, COM PRECISAO DE 0,7 MM, AUMENTO DE 32X",Equipamento,,H,"0,0020000","2,07","0,00"
,,,,,,,,,
,,,,,,,,,
,,,,,,,,,
 2.15 ,Código,Banco,Descrição,Tipo,,Und,Quant.,Valor Unit,Total
Composição, 99059 ,SINAPI,"LOCAÇÃO CONVENCIONAL DE OBRA, UTILIZANDO GABARITO DE TÁBUAS CORRIDAS PONTALETADAS A CADA 2,00M - 2 UTILIZAÇÕES. AF_03/2024",Locação de Obras,,M,"1,0000000","54,74","54,74"
Composição Auxiliar, 88239 ,SINAPI,AJUDANTE DE CARPINTEIRO COM ENCARGOS COMPLEMENTARES,Livro SINAPI: Cálculos e Parâmetros,,H,"0,5710445","24,38","13,92"
Composição Auxiliar, 88262 ,SINAPI,CARPINTEIRO DE FORMAS COM ENCARGOS COMPLEMENTARES,Livro SINAPI: Cálculos e Parâmetros,,H,"0,5710445","28,79","16,44"
Composição Auxiliar, 91692 ,SINAPI,"SERRA CIRCULAR DE BANCADA COM MOTOR ELÉTRICO POTÊNCIA DE 5HP, COM COIFA PARA DISCO 10"" - CHP DIURNO. AF_08/2015",Custos Horários Produtivo e Improdutivo dos Equipamentos,,CHP,"0,0070000","33,75","0,23"
Composição Auxiliar, 91693 ,SINAPI,"SERRA CIRCULAR DE BANCADA COM MOTOR ELÉTRICO POTÊNCIA DE 5HP, COM COIFA PARA DISCO 10"" - CHI DIURNO. AF_08/2015",Custos Horários Produtivo e Improdutivo dos Equipamentos,,CHI,"0,0280000","32,69","0,91"
Composição Auxiliar, 94974 ,SINAPI,"CONCRETO MAGRO PARA LASTRO, TRAÇO 1:4,5:4,5 (EM MASSA SECA DE CIMENTO/ AREIA MÉDIA/ BRITA 1) - PREPARO MANUAL. AF_05/2021",Produção de Concreto,,m³,"0,0040000","416,89","1,66"
Insumo, 00004417 ,SINAPI,"SARRAFO NAO APARELHADO *2,5 X 7* CM, EM MACARANDUBA/MASSARANDUBA, ANGELIM, PEROBA-ROSA OU EQUIVALENTE DA REGIAO - BRUTA",Material,,M,"0,7445000","6,31","4,69"
Insumo, 00004433 ,SINAPI,"CAIBRO NAO APARELHADO *6 X 6* CM, EM MACARANDUBA/MASSARANDUBA, ANGELIM OU EQUIVALENTE DA REGIAO - BRUTA",Material,,M,"0,4125000","22,68","9,35"
Insumo, 00005068 ,SINAPI,PREGO DE ACO POLIDO COM CABECA 17 X 21 (2 X 11),Material,,KG,"0,1110000","10,93","1,21"
Insumo, 00007356 ,SINAPI,"TINTA LATEX ACRILICA PREMIUM, COR BRANCO FOSCO",Material,,L,"0,0256000","25,13","0,64"
Insumo, 00010567 ,SINAPI,"TABUA *2,5 X 23* CM EM PINUS, MISTA OU EQUIVALENTE DA REGIAO - BRUTA",Material,,M,"0,5500000","10,36","5,69"
,,,,,,,,,
,,,,,,,,,
,,,,,,,,,
 2.16 ,Código,Banco,Descrição,Tipo,,Und,Quant.,Valor Unit,Total
Composição, 98524 ,SINAPI,LIMPEZA MANUAL DE VEGETAÇÃO EM TERRENO COM ENXADA. AF_03/2024,Supressão Vegetal,,m²,"1,0000000","3,97","3,97"
Composição Auxiliar, 88316 ,SINAPI,SERVENTE COM ENCARGOS COMPLEMENTARES,Livro SINAPI: Cálculos e Parâmetros,,H,"0,1702120","23,37","3,97"
,,,,,,,,,
,,,,,,,,,
,,,,,,,,,
 2.17 ,Código,Banco,Descrição,Tipo,,Und,Quant.,Valor Unit,Total
Composição, 100981 ,SINAPI,"CARGA, MANOBRA E DESCARGA DE ENTULHO EM CAMINHÃO BASCULANTE 6 M³ - CARGA COM ESCAVADEIRA HIDRÁULICA (CAÇAMBA DE 0,80 M³ / 111 HP) E DESCARGA LIVRE (UNIDADE: M3). AF_07/2020","Transporte, Carga e Descarga de Materiais",,m³,"1,0000000","8,42","8,42"
Composição Auxiliar, 5631 ,SINAPI,"ESCAVADEIRA HIDRÁULICA SOBRE ESTEIRAS, CAÇAMBA 0,80 M3, PESO OPERACIONAL 17 T, POTENCIA BRUTA 111 HP - CHP DIURNO. AF_06/2014",Custos Horários Produtivo e Improdutivo dos Equipamentos,,CHP,"0,0083000","185,35","1,53"
Composição Auxiliar, 5632 ,SINAPI,"ESCAVADEIRA HIDRÁULICA SOBRE ESTEIRAS, CAÇAMBA 0,80 M3, PESO OPERACIONAL 17 T, POTENCIA BRUTA 111 HP - CHI DIURNO. AF_06/2014",Custos Horários Produtivo e Improdutivo dos Equipamentos,,CHI,"0,0151000","81,21","1,22"
Composição Auxiliar, 67826 ,SINAPI,"CAMINHÃO BASCULANTE 6 M3 TOCO, PESO BRUTO TOTAL 16.000 KG, CARGA ÚTIL MÁXIMA 11.130 KG, DISTÂNCIA ENTRE EIXOS 5,36 M, POTÊNCIA 185 CV, INCLUSIVE CAÇAMBA METÁLICA - CHP DIURNO. AF_06/2014",Custos Horários Produtivo e Improdutivo dos Equipamentos,,CHP,"0,0267000","166,40","4,44"
Composição Auxiliar, 67827 ,SINAPI,"CAMINHÃO BASCULANTE 6 M3 TOCO, PESO BRUTO TOTAL 16.000 KG, CARGA ÚTIL MÁXIMA 11.130 KG, DISTÂNCIA ENTRE EIXOS 5,36 M, POTÊNCIA 185 CV, INCLUSIVE CAÇAMBA METÁLICA - CHI DIURNO. AF_06/2014",Custos Horários Produtivo e Improdutivo dos Equipamentos,,CHI,"0,0203000","61,06","1,23"
,,,,,,,,,
,,,,,,,,,
,,,,,,,,,
 2.18 ,Código,Banco,Descrição,Tipo,,Und,Quant.,Valor Unit,Total
Composição, B0037 ,Próprio,REMOÇÃO DE CERCAS,SEDI - SERVIÇOS DIVERSOS,,M²,"1,0000000","0,46","0,46"
Composição Auxiliar, 88316 ,SINAPI,SERVENTE COM ENCARGOS COMPLEMENTARES,Livro SINAPI: Cálculos e Parâmetros,,H,"0,0200670","23,37","0,46"
,,,,,,,,,
,,,,,,,,,
,,,,,,,,,
 2.19 ,Código,Banco,Descrição,Tipo,,Und,Quant.,Valor Unit,Total
Composição, 95967 ,SINAPI,SERVIÇOS TÉCNICOS ESPECIALIZADOS PARA ACOMPANHAMENTO DE EXECUÇÃO DE FUNDAÇÕES PROFUNDAS E ESTRUTURAS DE CONTENÇÃO,Livro SINAPI: Cálculos e Parâmetros,,H,"1,0000000","134,84","134,84"
Composição Auxiliar, 90776 ,SINAPI,ENCARREGADO GERAL COM ENCARGOS COMPLEMENTARES,Livro SINAPI: Cálculos e Parâmetros,,H,"0,7980704","27,44","21,89"
Composição Auxiliar, 90778 ,SINAPI,ENGENHEIRO CIVIL DE OBRA PLENO COM ENCARGOS COMPLEMENTARES,Livro SINAPI: Cálculos e Parâmetros,,H,"0,7980704","141,54","112,95"
,,,,,,,,,
,,,,,,,,,
,,,,,,,,,
 3 ,,,MOVIMENTO DE TERRA,,,,,,
 3.1 ,Código,Banco,Descrição,Tipo,,Und,Quant.,Valor Unit,Total
Composição, 101136 ,SINAPI,"ESCAVAÇÃO HORIZONTAL, INCLUINDO CARGA, DESCARGA E TRANSPORTE EM SOLO DE 1A CATEGORIA COM TRATOR DE ESTEIRAS (170HP/LÂMINA: 5,20M3) E CAMINHÃO BASCULANTE DE 10M3, DMT ATÉ 200M. AF_07/2020",Escavação Horizontal,,m³,"1,0000000","12,26","12,26"
Composição Auxiliar, 100974 ,SINAPI,"CARGA, MANOBRA E DESCARGA DE SOLOS E MATERIAIS GRANULARES EM CAMINHÃO BASCULANTE 10 M³ - CARGA COM PÁ CARREGADEIRA (CAÇAMBA DE 1,7 A 2,8 M³ / 128 HP) E DESCARGA LIVRE (UNIDADE: M3). AF_07/2020","Transporte, Carga e Descarga de Materiais",,m³,"1,2500000","7,66","9,57"
Composição Auxiliar, 5847 ,SINAPI,"TRATOR DE ESTEIRAS, POTÊNCIA 170 HP, PESO OPERACIONAL 19 T, CAÇAMBA 5,2 M3 - CHP DIURNO. AF_06/2014",Custos Horários Produtivo e Improdutivo dos Equipamentos,,CHP,"0,0048000","236,76","1,13"
Composição Auxiliar, 5849 ,SINAPI,"TRATOR DE ESTEIRAS, POTÊNCIA 170 HP, PESO OPERACIONAL 19 T, CAÇAMBA 5,2 M3 - CHI DIURNO. AF_06/2014",Custos Horários Produtivo e Improdutivo dos Equipamentos,,CHI,"0,0082000","82,08","0,67"
Composição Auxiliar, 88316 ,SINAPI,SERVENTE COM ENCARGOS COMPLEMENTARES,Livro SINAPI: Cálculos e Parâmetros,,H,"0,0131000","23,37","0,30"
Composição Auxiliar, 93589 ,SINAPI,"TRANSPORTE COM CAMINHÃO BASCULANTE DE 10 M³, EM VIA URBANA EM REVESTIMENTO PRIMÁRIO (UNIDADE: M3XKM). AF_07/2020","Transporte, Carga e Descarga de Materiais",,M3XKM,"0,2500000","2,38","0,59"
,,,,,,,,,
,,,,,,,,,
,,,,,,,,,
 3.2 ,Código,Banco,Descrição,Tipo,,Und,Quant.,Valor Unit,Total
Composição, 105564 ,SINAPI,"EXECUÇÃO E COMPACTAÇÃO DE CORPO DE ATERRO (95% DE ENERGIA DO PROCTOR NORMAL) COM SOLO PREDOMINANTEMENTE ARENOSO, EM CAMADAS COM ESPESSURA DE 20 CM - EXCLUSIVE ESCAVAÇÃO, CARGA E TRANSPORTE E SOLO. AF_09/2024","Aterros, Bases, Sub bases e Imprimações",,m³,"1,0000000","5,37","5,37"
Composição Auxiliar, 5901 ,SINAPI,"CAMINHÃO PIPA 10.000 L TRUCADO, PESO BRUTO TOTAL 23.000 KG, CARGA ÚTIL MÁXIMA 15.935 KG, DISTÂNCIA ENTRE EIXOS 4,8 M, POTÊNCIA 230 CV, INCLUSIVE TANQUE DE AÇO PARA TRANSPORTE DE ÁGUA - CHP DIURNO. AF_06/2014",Custos Horários Produtivo e Improdutivo dos Equipamentos,,CHP,"0,0042570","278,95","1,18"
Composição Auxiliar, 5903 ,SINAPI,"CAMINHÃO PIPA 10.000 L TRUCADO, PESO BRUTO TOTAL 23.000 KG, CARGA ÚTIL MÁXIMA 15.935 KG, DISTÂNCIA ENTRE EIXOS 4,8 M, POTÊNCIA 230 CV, INCLUSIVE TANQUE DE AÇO PARA TRANSPORTE DE ÁGUA - CHI DIURNO. AF_06/2014",Custos Horários Produtivo e Improdutivo dos Equipamentos,,CHI,"0,0102997","67,91","0,69"
Composição Auxiliar, 5932 ,SINAPI,"MOTONIVELADORA POTÊNCIA BÁSICA LÍQUIDA (PRIMEIRA MARCHA) 125 HP, PESO BRUTO 13032 KG, LARGURA DA LÂMINA DE 3,7 M - CHP DIURNO. AF_06/2014",Custos Horários Produtivo e Improdutivo dos Equipamentos,,CHP,"0,0032569","238,17","0,77"
Composição Auxiliar, 5934 ,SINAPI,"MOTONIVELADORA POTÊNCIA BÁSICA LÍQUIDA (PRIMEIRA MARCHA) 125 HP, PESO BRUTO 13032 KG, LARGURA DA LÂMINA DE 3,7 M - CHI DIURNO. AF_06/2014",Custos Horários Produtivo e Improdutivo dos Equipamentos,,CHI,"0,0112998","99,66","1,12"
Composição Auxiliar, 88316 ,SINAPI,SERVENTE COM ENCARGOS COMPLEMENTARES,Livro SINAPI: Cálculos e Parâmetros,,H,"0,0015193","23,37","0,03"
Composição Auxiliar, 96463 ,SINAPI,"ROLO COMPACTADOR DE PNEUS, ESTÁTICO, PRESSÃO VARIÁVEL, POTÊNCIA 110 HP, PESO SEM/COM LASTRO 10,8/27 T, LARGURA DE ROLAGEM 2,30 M - CHP DIURNO. AF_06/2017",Custos Horários Produtivo e Improdutivo dos Equipamentos,,CHP,"0,0030360","195,93","0,59"
Composição Auxiliar, 96464 ,SINAPI,"ROLO COMPACTADOR DE PNEUS, ESTÁTICO, PRESSÃO VARIÁVEL, POTÊNCIA 110 HP, PESO SEM/COM LASTRO 10,8/27 T, LARGURA DE ROLAGEM 2,30 M - CHI DIURNO. AF_06/2017",Custos Horários Produtivo e Improdutivo dos Equipamentos,,CHI,"0,0115207","86,68","0,99"
,,,,,,,,,
,,,,,,,,,
,,,,,,,,,
 3.3 ,Código,Banco,Descrição,Tipo,,Und,Quant.,Valor Unit,Total
Composição, 93358 ,SINAPI,ESCAVAÇÃO MANUAL DE VALA. AF_09/2024,Escavação de Valas,,m³,"1,0000000","73,77","73,77"
Composição Auxiliar, 88316 ,SINAPI,SERVENTE COM ENCARGOS COMPLEMENTARES,Livro SINAPI: Cálculos e Parâmetros,,H,"3,1569648","23,37","73,77"
,,,,,,,,,
,,,,,,,,,
,,,,,,,,,
 4 ,,,INFRA-ESTRUTURA/FUNDAÇÕES SIMPLES,,,,,,
 4.1 ,Código,Banco,Descrição,Tipo,,Und,Quant.,Valor Unit,Total
Composição, D0001 ,Próprio,"ALVENARIA DE CONTENÇÃO EM PEDRA RACHÃO OU PEDRA DE MÃO, ASSENTADA COM ARGAMASSA 1:4 (CIMENTO AREIA)",SERP - SERVIÇOS PRELIMINARES,,M³,"1,0000000","369,59","369,59"
Composição Auxiliar, 88309 ,SINAPI,PEDREIRO COM ENCARGOS COMPLEMENTARES,Livro SINAPI: Cálculos e Parâmetros,,H,"1,6182075","29,21","47,26"
Composição Auxiliar, 88316 ,SINAPI,SERVENTE COM ENCARGOS COMPLEMENTARES,Livro SINAPI: Cálculos e Parâmetros,,H,"2,2654759","23,37","52,94"
Composição Auxiliar, 88630 ,SINAPI,"ARGAMASSA TRAÇO 1:4 (CIMENTO E AREIA MÉDIA), PREPARO MECÂNICO COM BETONEIRA 400 L. AF_08/2019",Argamassas,,m³,"0,4412000","426,76","188,28"
Insumo, 00004730 ,SINAPI,"PEDRA DE MAO OU PEDRA RACHAO PARA ARRIMO/FUNDACAO (POSTO PEDREIRA/FORNECEDOR, SEM FRETE)",Material,,m³,"0,9500000","85,38","81,11"
,,,,,,,,,
,,,,,,,,,
,,,,,,,,,
 4.2 ,Código,Banco,Descrição,Tipo,,Und,Quant.,Valor Unit,Total
Composição, 101165 ,SINAPI,"ALVENARIA DE EMBASAMENTO COM BLOCO ESTRUTURAL DE CONCRETO, DE 14X19X29CM E ARGAMASSA DE ASSENTAMENTO COM PREPARO EM BETONEIRA. AF_05/2020",Alvenarias Diversas,,m³,"1,0000000","836,54","836,54"
Composição Auxiliar, 87292 ,SINAPI,"ARGAMASSA TRAÇO 1:2:8 (EM VOLUME DE CIMENTO, CAL E AREIA MÉDIA ÚMIDA) PARA EMBOÇO/MASSA ÚNICA/ASSENTAMENTO DE ALVENARIA DE VEDAÇÃO, PREPARO MECÂNICO COM BETONEIRA 400 L. AF_08/2019",Argamassas,,m³,"0,1300000","529,30","68,80"
Composição Auxiliar, 88309 ,SINAPI,PEDREIRO COM ENCARGOS COMPLEMENTARES,Livro SINAPI: Cálculos e Parâmetros,,H,"8,0699479","29,21","235,72"
Composição Auxiliar, 88316 ,SINAPI,SERVENTE COM ENCARGOS COMPLEMENTARES,Livro SINAPI: Cálculos e Parâmetros,,H,"4,0353671","23,37","94,30"
Insumo, 00034566 ,SINAPI,"BLOCO DE CONCRETO ESTRUTURAL 14 X 19 X 29 CM, FBK 6 MPA (NBR 6136)",Material,,UN,"122,2700000","3,58","437,72"
,,,,,,,,,
,,,,,,,,,
,,,,,,,,,
 4.3 ,Código,Banco,Descrição,Tipo,,Und,Quant.,Valor Unit,Total
Composição, 103685 ,SINAPI,"CONCRETAGEM DE MURETAS, FCK=25 MPA, COM USO DE BOMBA - LANÇAMENTO, ADENSAMENTO E ACABAMENTO. AF_02/2022_PS",Concretagem para Estruturas de Concreto Armado,,m³,"1,0000000","505,59","505,59"
Composição Auxiliar, 88262 ,SINAPI,CARPINTEIRO DE FORMAS COM ENCARGOS COMPLEMENTARES,Livro SINAPI: Cálculos e Parâmetros,,H,"0,1541877","28,79","4,43"
Composição Auxiliar, 88309 ,SINAPI,PEDREIRO COM ENCARGOS COMPLEMENTARES,Livro SINAPI: Cálculos e Parâmetros,,H,"0,6159761","29,21","17,99"
Composição Auxiliar, 88316 ,SINAPI,SERVENTE COM ENCARGOS COMPLEMENTARES,Livro SINAPI: Cálculos e Parâmetros,,H,"0,6926826","23,37","16,18"
Composição Auxiliar, 90586 ,SINAPI,"VIBRADOR DE IMERSÃO, DIÂMETRO DE PONTEIRA 45MM, MOTOR ELÉTRICO TRIFÁSICO POTÊNCIA DE 2 CV - CHP DIURNO. AF_06/2015",Custos Horários Produtivo e Improdutivo dos Equipamentos,,CHP,"0,0790000","1,06","0,08"
Composição Auxiliar, 90587 ,SINAPI,"VIBRADOR DE IMERSÃO, DIÂMETRO DE PONTEIRA 45MM, MOTOR ELÉTRICO TRIFÁSICO POTÊNCIA DE 2 CV - CHI DIURNO. AF_06/2015",Custos Horários Produtivo e Improdutivo dos Equipamentos,,CHI,"0,1200000","0,42","0,05"
Insumo, 00001527 ,SINAPI,"CONCRETO USINADO BOMBEAVEL, CLASSE DE RESISTENCIA C25, BRITA 0 E 1, SLUMP = 100 +/- 20 MM, COM BOMBEAMENTO (DISPONIBILIZACAO DE BOMBA), SEM O LANCAMENTO (NBR 8953)",Material,,m³,"1,1030000","423,27","466,86"
,,,,,,,,,
,,,,,,,,,
,,,,,,,,,
 4.4 ,Código,Banco,Descrição,Tipo,,Und,Quant.,Valor Unit,Total
Composição, 102722 ,SINAPI,"DRENO EM MURO DE CONTENÇÃO, EXECUTADO NO PÉ DO MURO, COM TUBO DE PEAD CORRUGADO FLEXÍVEL PERFURADO, ENCHIMENTO COM BRITA, ENVOLVIDO COM MANTA GEOTÊXTIL. AF_07/2021",Drenos,,M,"1,0000000","45,47","45,47"
Composição Auxiliar, 88309 ,SINAPI,PEDREIRO COM ENCARGOS COMPLEMENTARES,Livro SINAPI: Cálculos e Parâmetros,,H,"0,0311084","29,21","0,90"
Composição Auxiliar, 88316 ,SINAPI,SERVENTE COM ENCARGOS COMPLEMENTARES,Livro SINAPI: Cálculos e Parâmetros,,H,"0,0932483","23,37","2,17"
Composição Auxiliar, 93358 ,SINAPI,ESCAVAÇÃO MANUAL DE VALA. AF_09/2024,Escavação de Valas,,m³,"0,0900000","73,77","6,63"
Insumo, 00004021 ,SINAPI,"GEOTEXTIL NAO TECIDO AGULHADO DE FILAMENTOS CONTINUOS 100% POLIESTER, RESITENCIA A TRACAO = 14 KN/M",Material,,m²,"2,3000000","8,07","18,56"
Insumo, 00004718 ,SINAPI,"PEDRA BRITADA N. 2 (19 A 38 MM) POSTO PEDREIRA/FORNECEDOR, SEM FRETE",Material,,m³,"0,0821000","91,32","7,49"
Insumo, 00038052 ,SINAPI,"TUBO DRENO, CORRUGADO, ESPIRALADO, FLEXIVEL, PERFURADO, EM POLIETILENO DE ALTA DENSIDADE (PEAD), DN 100 MM, (4"") PARA DRENAGEM - EM ROLO (NORMA DNIT 093/2006 - E.M)",Material,,M,"1,0030000","9,70","9,72"
,,,,,,,,,
,,,,,,,,,
,,,,,,,,,
 4.5 ,Código,Banco,Descrição,Tipo,,Und,Quant.,Valor Unit,Total
Composição, 100896 ,SINAPI,"ESTACA ESCAVADA MECANICAMENTE, SEM FLUIDO ESTABILIZANTE, COM 25CM DE DIÂMETRO, CONCRETO LANÇADO POR CAMINHÃO BETONEIRA (EXCLUSIVE MOBILIZAÇÃO E DESMOBILIZAÇÃO). AF_01/2020",Estacas Escavadas Sem Fluido Estabilizante,,M,"1,0000000","49,37","49,37"
Composição Auxiliar, 100973 ,SINAPI,"CARGA, MANOBRA E DESCARGA DE SOLOS E MATERIAIS GRANULARES EM CAMINHÃO BASCULANTE 6 M³ - CARGA COM PÁ CARREGADEIRA (CAÇAMBA DE 1,7 A 2,8 M³ / 128 HP) E DESCARGA LIVRE (UNIDADE: M3). AF_07/2020","Transporte, Carga e Descarga de Materiais",,m³,"0,0614000","8,05","0,49"
Composição Auxiliar, 88316 ,SINAPI,SERVENTE COM ENCARGOS COMPLEMENTARES,Livro SINAPI: Cálculos e Parâmetros,,H,"0,1534409","23,37","3,58"
Composição Auxiliar, 90680 ,SINAPI,"PERFURATRIZ HIDRÁULICA SOBRE CAMINHÃO COM TRADO CURTO ACOPLADO, PROFUNDIDADE MÁXIMA DE 20 M, DIÂMETRO MÁXIMO DE 1500 MM, POTÊNCIA INSTALADA DE 137 HP, MESA ROTATIVA COM TORQUE MÁXIMO DE 30 KNM - CHP DIURNO. AF_06/2015",Custos Horários Produtivo e Improdutivo dos Equipamentos,,CHP,"0,0247000","339,13","8,37"
Composição Auxiliar, 90681 ,SINAPI,"PERFURATRIZ HIDRÁULICA SOBRE CAMINHÃO COM TRADO CURTO ACOPLADO, PROFUNDIDADE MÁXIMA DE 20 M, DIÂMETRO MÁXIMO DE 1500 MM, POTÊNCIA INSTALADA DE 137 HP, MESA ROTATIVA COM TORQUE MÁXIMO DE 30 KNM - CHI DIURNO. AF_06/2015",Custos Horários Produtivo e Improdutivo dos Equipamentos,,CHI,"0,0490000","146,63","7,18"
Composição Auxiliar, 90778 ,SINAPI,ENGENHEIRO CIVIL DE OBRA PLENO COM ENCARGOS COMPLEMENTARES,Livro SINAPI: Cálculos e Parâmetros,,H,"0,0034580","141,54","0,48"
Composição Auxiliar, 95578 ,SINAPI,"MONTAGEM DE ARMADURA DE ESTACAS, DIÂMETRO = 12,5 MM. AF_09/2021_PS",Armação de Estacas,,KG,"0,8491000","7,81","6,63"
Composição Auxiliar, 97913 ,SINAPI,"TRANSPORTE COM CAMINHÃO BASCULANTE DE 6 M³, EM VIA URBANA EM REVESTIMENTO PRIMÁRIO (UNIDADE: M3XKM). AF_07/2020","Transporte, Carga e Descarga de Materiais",,M3XKM,"0,0205000","2,91","0,05"
Insumo, 00038405 ,SINAPI,"CONCRETO USINADO BOMBEAVEL, CLASSE DE RESISTENCIA C25, COM BRITA 0 E 1, SLUMP = 130 +/- 20 MM, EXCLUI SERVICO DE BOMBEAMENTO (NBR 8953)",Material,,m³,"0,0557000","405,74","22,59"
,,,,,,,,,
,,,,,,,,,
,,,,,,,,,
 4.6 ,Código,Banco,Descrição,Tipo,,Und,Quant.,Valor Unit,Total
Composição, 95601 ,SINAPI,"ARRASAMENTO MECANICO DE ESTACA DE CONCRETO ARMADO, DIAMETROS DE ATÉ 40 CM. AF_05/2021",Arrasamento de Estacas,,UN,"1,0000000","15,15","15,15"
Composição Auxiliar, 102274 ,SINAPI,"MARTELO DEMOLIDOR ELÉTRICO, COM POTÊNCIA DE 2.000 W, 1.000 IMPACTOS POR MINUTO, PESO DE 30 KG - CHI DIURNO. AF_01/2021",Custos Horários Produtivo e Improdutivo dos Equipamentos,,CHI,"0,2003000","27,58","5,52"
Composição Auxiliar, 102275 ,SINAPI,"MARTELO DEMOLIDOR ELÉTRICO, COM POTÊNCIA DE 2.000 W, 1.000 IMPACTOS POR MINUTO, PESO DE 30 KG - CHP DIURNO. AF_01/2021",Custos Horários Produtivo e Improdutivo dos Equipamentos,,CHP,"0,1627000","29,66","4,82"
Composição Auxiliar, 88316 ,SINAPI,SERVENTE COM ENCARGOS COMPLEMENTARES,Livro SINAPI: Cálculos e Parâmetros,,H,"0,2061994","23,37","4,81"
,,,,,,,,,
,,,,,,,,,
,,,,,,,,,
 4.7 ,Código,Banco,Descrição,Tipo,,Und,Quant.,Valor Unit,Total
Composição, 96521 ,SINAPI,ESCAVAÇÃO MECANIZADA PARA BLOCO DE COROAMENTO OU SAPATA COM RETROESCAVADEIRA (INCLUINDO ESCAVAÇÃO PARA COLOCAÇÃO DE FÔRMAS). AF_01/2024,"Fundações Rasas (Blocos, Sapatas, Vigas Baldrame)",,m³,"1,0000000","34,29","34,29"
Composição Auxiliar, 5678 ,SINAPI,"RETROESCAVADEIRA SOBRE RODAS COM CARREGADEIRA, TRAÇÃO 4X4, POTÊNCIA LÍQ. 88 HP, CAÇAMBA CARREG. CAP. MÍN. 1 M3, CAÇAMBA RETRO CAP. 0,26 M3, PESO OPERACIONAL MÍN. 6.674 KG, PROFUNDIDADE ESCAVAÇÃO MÁX. 4,37 M - CHP DIURNO. AF_06/2014",Custos Horários Produtivo e Improdutivo dos Equipamentos,,CHP,"0,1920000","130,38","25,03"
Composição Auxiliar, 5679 ,SINAPI,"RETROESCAVADEIRA SOBRE RODAS COM CARREGADEIRA, TRAÇÃO 4X4, POTÊNCIA LÍQ. 88 HP, CAÇAMBA CARREG. CAP. MÍN. 1 M3, CAÇAMBA RETRO CAP. 0,26 M3, PESO OPERACIONAL MÍN. 6.674 KG, PROFUNDIDADE ESCAVAÇÃO MÁX. 4,37 M - CHI DIURNO. AF_06/2014",Custos Horários Produtivo e Improdutivo dos Equipamentos,,CHI,"0,0960000","59,48","5,71"
Composição Auxiliar, 88309 ,SINAPI,PEDREIRO COM ENCARGOS COMPLEMENTARES,Livro SINAPI: Cálculos e Parâmetros,,H,"0,0538408","29,21","1,57"
Composição Auxiliar, 88316 ,SINAPI,SERVENTE COM ENCARGOS COMPLEMENTARES,Livro SINAPI: Cálculos e Parâmetros,,H,"0,0851197","23,37","1,98"
,,,,,,,,,
,,,,,,,,,
,,,,,,,,,
 4.8 ,Código,Banco,Descrição,Tipo,,Und,Quant.,Valor Unit,Total
Composição, 96525 ,SINAPI,ESCAVAÇÃO MECANIZADA PARA VIGA BALDRAME OU SAPATA CORRIDA COM MINI-ESCAVADEIRA (INCLUINDO ESCAVAÇÃO PARA COLOCAÇÃO DE FÔRMAS). AF_01/2024,"Fundações Rasas (Blocos, Sapatas, Vigas Baldrame)",,m³,"1,0000000","45,42","45,42"
Composição Auxiliar, 88309 ,SINAPI,PEDREIRO COM ENCARGOS COMPLEMENTARES,Livro SINAPI: Cálculos e Parâmetros,,H,"0,0180472","29,21","0,52"
Composição Auxiliar, 88316 ,SINAPI,SERVENTE COM ENCARGOS COMPLEMENTARES,Livro SINAPI: Cálculos e Parâmetros,,H,"0,0285399","23,37","0,66"
Composição Auxiliar, 96245 ,SINAPI,"MINIESCAVADEIRA SOBRE ESTEIRAS, POTÊNCIA LÍQUIDA DE *30* HP, PESO OPERACIONAL DE *3.500* KG - CHP DIURNO. AF_04/2017",Custos Horários Produtivo e Improdutivo dos Equipamentos,,CHP,"0,3280000","104,31","34,21"
Composição Auxiliar, 96246 ,SINAPI,"MINIESCAVADEIRA SOBRE ESTEIRAS, POTÊNCIA LÍQUIDA DE *30* HP, PESO OPERACIONAL DE *3.500* KG - CHI DIURNO. AF_04/2017",Custos Horários Produtivo e Improdutivo dos Equipamentos,,CHI,"0,1640000","61,21","10,03"
,,,,,,,,,
,,,,,,,,,
,,,,,,,,,
 4.9 ,Código,Banco,Descrição,Tipo,,Und,Quant.,Valor Unit,Total
Composição, 96619 ,SINAPI,"LASTRO DE CONCRETO MAGRO, APLICADO EM BLOCOS DE COROAMENTO OU SAPATAS, ESPESSURA DE 5 CM. AF_01/2024",Lastro,,m²,"1,0000000","33,21","33,21"
Composição Auxiliar, 88309 ,SINAPI,PEDREIRO COM ENCARGOS COMPLEMENTARES,Livro SINAPI: Cálculos e Parâmetros,,H,"0,2367244","29,21","6,91"
Composição Auxiliar, 88316 ,SINAPI,SERVENTE COM ENCARGOS COMPLEMENTARES,Livro SINAPI: Cálculos e Parâmetros,,H,"0,0856341","23,37","2,00"
Composição Auxiliar, 94968 ,SINAPI,"CONCRETO MAGRO PARA LASTRO, TRAÇO 1:4,5:4,5 (EM MASSA SECA DE CIMENTO/ AREIA MÉDIA/ BRITA 1) - PREPARO MECÂNICO COM BETONEIRA 600 L. AF_05/2021",Produção de Concreto,,m³,"0,0690000","352,30","24,30"
,,,,,,,,,
,,,,,,,,,
,,,,,,,,,
 4.10 ,Código,Banco,Descrição,Tipo,,Und,Quant.,Valor Unit,Total
Composição, 96540 ,SINAPI,"FABRICAÇÃO, MONTAGEM E DESMONTAGEM DE FÔRMA PARA BLOCO DE COROAMENTO, EM CHAPA DE MADEIRA COMPENSADA RESINADA, E=17 MM, 4 UTILIZAÇÕES. AF_01/2024","Fundações Rasas (Blocos, Sapatas, Vigas Baldrame)",,m²,"1,0000000","115,02","115,02"
Composição Auxiliar, 88239 ,SINAPI,AJUDANTE DE CARPINTEIRO COM ENCARGOS COMPLEMENTARES,Livro SINAPI: Cálculos e Parâmetros,,H,"0,6940571","24,38","16,92"
Composição Auxiliar, 88262 ,SINAPI,CARPINTEIRO DE FORMAS COM ENCARGOS COMPLEMENTARES,Livro SINAPI: Cálculos e Parâmetros,,H,"1,6855672","28,79","48,52"
Composição Auxiliar, 91692 ,SINAPI,"SERRA CIRCULAR DE BANCADA COM MOTOR ELÉTRICO POTÊNCIA DE 5HP, COM COIFA PARA DISCO 10"" - CHP DIURNO. AF_08/2015",Custos Horários Produtivo e Improdutivo dos Equipamentos,,CHP,"0,0240000","33,75","0,81"
Composição Auxiliar, 91693 ,SINAPI,"SERRA CIRCULAR DE BANCADA COM MOTOR ELÉTRICO POTÊNCIA DE 5HP, COM COIFA PARA DISCO 10"" - CHI DIURNO. AF_08/2015",Custos Horários Produtivo e Improdutivo dos Equipamentos,,CHI,"0,0980000","32,69","3,20"
Insumo, 00001358 ,SINAPI,"CHAPA/PAINEL DE MADEIRA COMPENSADA RESINADA (MADEIRITE RESINADO ROSA) PARA FORMA DE CONCRETO, DE 2200 X 1100 MM, E = 17 MM",Material,,m²,"0,3340000","46,17","15,42"
Insumo, 00002692 ,SINAPI,"DESMOLDANTE PROTETOR PARA FORMAS DE MADEIRA, DE BASE OLEOSA EMULSIONADA EM AGUA",Material,,L,"0,0095500","7,96","0,07"
Insumo, 00004491 ,SINAPI,"PONTALETE *7,5 X 7,5* CM EM PINUS, MISTA OU EQUIVALENTE DA REGIAO - BRUTA",Material,,M,"1,5550000","9,17","14,25"
Insumo, 00004517 ,SINAPI,"SARRAFO *2,5 X 7,5* CM EM PINUS, MISTA OU EQUIVALENTE DA REGIAO - BRUTA",Material,,M,"1,7960000","3,21","5,76"
Insumo, 00005073 ,SINAPI,PREGO DE ACO POLIDO COM CABECA 17 X 24 (2 1/4 X 11),Material,,KG,"0,0340000","11,14","0,37"
Insumo, 00006212 ,SINAPI,"TABUA *2,5 X 30 CM EM PINUS, MISTA OU EQUIVALENTE DA REGIAO - BRUTA",Material,,M,"0,6000000","15,20","9,12"
Insumo, 00020247 ,SINAPI,PREGO DE ACO POLIDO COM CABECA 15 X 15 (1 1/4 X 13),Material,,KG,"0,0130000","12,10","0,15"
Insumo, 00040304 ,SINAPI,PREGO DE ACO POLIDO COM CABECA DUPLA 17 X 27 (2 1/2 X 11),Material,,KG,"0,0320000","13,49","0,43"
,,,,,,,,,
,,,,,,,,,
,,,,,,,,,
 4.11 ,Código,Banco,Descrição,Tipo,,Und,Quant.,Valor Unit,Total
Composição, 96542 ,SINAPI,"FABRICAÇÃO, MONTAGEM E DESMONTAGEM DE FÔRMA PARA VIGA BALDRAME, EM CHAPA DE MADEIRA COMPENSADA RESINADA, E=17 MM, 4 UTILIZAÇÕES. AF_01/2024","Fundações Rasas (Blocos, Sapatas, Vigas Baldrame)",,m²,"1,0000000","83,93","83,93"
Composição Auxiliar, 88239 ,SINAPI,AJUDANTE DE CARPINTEIRO COM ENCARGOS COMPLEMENTARES,Livro SINAPI: Cálculos e Parâmetros,,H,"0,5778189","24,38","14,08"
Composição Auxiliar, 88262 ,SINAPI,CARPINTEIRO DE FORMAS COM ENCARGOS COMPLEMENTARES,Livro SINAPI: Cálculos e Parâmetros,,H,"1,3579931","28,79","39,09"
Composição Auxiliar, 91692 ,SINAPI,"SERRA CIRCULAR DE BANCADA COM MOTOR ELÉTRICO POTÊNCIA DE 5HP, COM COIFA PARA DISCO 10"" - CHP DIURNO. AF_08/2015",Custos Horários Produtivo e Improdutivo dos Equipamentos,,CHP,"0,0140000","33,75","0,47"
Composição Auxiliar, 91693 ,SINAPI,"SERRA CIRCULAR DE BANCADA COM MOTOR ELÉTRICO POTÊNCIA DE 5HP, COM COIFA PARA DISCO 10"" - CHI DIURNO. AF_08/2015",Custos Horários Produtivo e Improdutivo dos Equipamentos,,CHI,"0,0560000","32,69","1,83"
Insumo, 00001358 ,SINAPI,"CHAPA/PAINEL DE MADEIRA COMPENSADA RESINADA (MADEIRITE RESINADO ROSA) PARA FORMA DE CONCRETO, DE 2200 X 1100 MM, E = 17 MM",Material,,m²,"0,3150000","46,17","14,54"
Insumo, 00002692 ,SINAPI,"DESMOLDANTE PROTETOR PARA FORMAS DE MADEIRA, DE BASE OLEOSA EMULSIONADA EM AGUA",Material,,L,"0,0095500","7,96","0,07"
Insumo, 00004491 ,SINAPI,"PONTALETE *7,5 X 7,5* CM EM PINUS, MISTA OU EQUIVALENTE DA REGIAO - BRUTA",Material,,M,"1,2180000","9,17","11,16"
Insumo, 00004517 ,SINAPI,"SARRAFO *2,5 X 7,5* CM EM PINUS, MISTA OU EQUIVALENTE DA REGIAO - BRUTA",Material,,M,"0,7220000","3,21","2,31"
Insumo, 00005073 ,SINAPI,PREGO DE ACO POLIDO COM CABECA 17 X 24 (2 1/4 X 11),Material,,KG,"0,0080000","11,14","0,08"
Insumo, 00020247 ,SINAPI,PREGO DE ACO POLIDO COM CABECA 15 X 15 (1 1/4 X 13),Material,,KG,"0,0090000","12,10","0,10"
Insumo, 00040304 ,SINAPI,PREGO DE ACO POLIDO COM CABECA DUPLA 17 X 27 (2 1/2 X 11),Material,,KG,"0,0150000","13,49","0,20"
,,,,,,,,,
,,,,,,,,,
,,,,,,,,,
 4.12 ,Código,Banco,Descrição,Tipo,,Und,Quant.,Valor Unit,Total
Composição, 96543 ,SINAPI,ARMAÇÃO DE BLOCO UTILIZANDO AÇO CA-60 DE 5 MM - MONTAGEM. AF_01/2024,"Fundações Rasas (Blocos, Sapatas, Vigas Baldrame)",,KG,"1,0000000","16,92","16,92"
Composição Auxiliar, 88238 ,SINAPI,AJUDANTE DE ARMADOR COM ENCARGOS COMPLEMENTARES,Livro SINAPI: Cálculos e Parâmetros,,H,"0,0733869","24,55","1,80"
Composição Auxiliar, 88245 ,SINAPI,ARMADOR COM ENCARGOS COMPLEMENTARES,Livro SINAPI: Cálculos e Parâmetros,,H,"0,1906550","29,08","5,54"
Composição Auxiliar, 92800 ,SINAPI,"CORTE E DOBRA DE AÇO CA-60, DIÂMETRO DE 5,0 MM. AF_06/2022",Armação para Estruturas de Concreto Armado,,KG,"1,0000000","9,07","9,07"
Insumo, 00039017 ,SINAPI,"ESPACADOR / DISTANCIADOR CIRCULAR COM ENTRADA LATERAL, EM PLASTICO, PARA VERGALHAO *4,2 A 12,5* MM, COBRIMENTO 20 MM",Material,,UN,"1,1430000","0,18","0,20"
Insumo, 00043132 ,SINAPI,"ARAME RECOZIDO 16 BWG, D = 1,65 MM (0,016 KG/M) OU 18 BWG, D = 1,25 MM (0,01 KG/M)",Material,,KG,"0,0250000","12,66","0,31"
,,,,,,,,,
,,,,,,,,,
,,,,,,,,,
 4.13 ,Código,Banco,Descrição,Tipo,,Und,Quant.,Valor Unit,Total
Composição, 96544 ,SINAPI,"ARMAÇÃO DE BLOCO UTILIZANDO AÇO CA-50 DE 6,3 MM - MONTAGEM. AF_01/2024","Fundações Rasas (Blocos, Sapatas, Vigas Baldrame)",,KG,"1,0000000","15,24","15,24"
Composição Auxiliar, 88238 ,SINAPI,AJUDANTE DE ARMADOR COM ENCARGOS COMPLEMENTARES,Livro SINAPI: Cálculos e Parâmetros,,H,"0,0575534","24,55","1,41"
Composição Auxiliar, 88245 ,SINAPI,ARMADOR COM ENCARGOS COMPLEMENTARES,Livro SINAPI: Cálculos e Parâmetros,,H,"0,1504061","29,08","4,37"
Composição Auxiliar, 92801 ,SINAPI,"CORTE E DOBRA DE AÇO CA-50, DIÂMETRO DE 6,3 MM. AF_06/2022",Armação para Estruturas de Concreto Armado,,KG,"1,0000000","9,00","9,00"
Insumo, 00039017 ,SINAPI,"ESPACADOR / DISTANCIADOR CIRCULAR COM ENTRADA LATERAL, EM PLASTICO, PARA VERGALHAO *4,2 A 12,5* MM, COBRIMENTO 20 MM",Material,,UN,"0,8560000","0,18","0,15"
Insumo, 00043132 ,SINAPI,"ARAME RECOZIDO 16 BWG, D = 1,65 MM (0,016 KG/M) OU 18 BWG, D = 1,25 MM (0,01 KG/M)",Material,,KG,"0,0250000","12,66","0,31"
,,,,,,,,,
,,,,,,,,,
,,,,,,,,,
 4.14 ,Código,Banco,Descrição,Tipo,,Und,Quant.,Valor Unit,Total
Composição, 96545 ,SINAPI,ARMAÇÃO DE BLOCO UTILIZANDO AÇO CA-50 DE 8 MM - MONTAGEM. AF_01/2024,"Fundações Rasas (Blocos, Sapatas, Vigas Baldrame)",,KG,"1,0000000","13,73","13,73"
Composição Auxiliar, 88238 ,SINAPI,AJUDANTE DE ARMADOR COM ENCARGOS COMPLEMENTARES,Livro SINAPI: Cálculos e Parâmetros,,H,"0,0442893","24,55","1,08"
Composição Auxiliar, 88245 ,SINAPI,ARMADOR COM ENCARGOS COMPLEMENTARES,Livro SINAPI: Cálculos e Parâmetros,,H,"0,1165507","29,08","3,38"
Composição Auxiliar, 92802 ,SINAPI,"CORTE E DOBRA DE AÇO CA-50, DIÂMETRO DE 8,0 MM. AF_06/2022",Armação para Estruturas de Concreto Armado,,KG,"1,0000000","8,85","8,85"
Insumo, 00039017 ,SINAPI,"ESPACADOR / DISTANCIADOR CIRCULAR COM ENTRADA LATERAL, EM PLASTICO, PARA VERGALHAO *4,2 A 12,5* MM, COBRIMENTO 20 MM",Material,,UN,"0,6350000","0,18","0,11"
Insumo, 00043132 ,SINAPI,"ARAME RECOZIDO 16 BWG, D = 1,65 MM (0,016 KG/M) OU 18 BWG, D = 1,25 MM (0,01 KG/M)",Material,,KG,"0,0250000","12,66","0,31"
,,,,,,,,,
,,,,,,,,,
,,,,,,,,,
 4.15 ,Código,Banco,Descrição,Tipo,,Und,Quant.,Valor Unit,Total
Composição, 96546 ,SINAPI,ARMAÇÃO DE BLOCO UTILIZANDO AÇO CA-50 DE 10 MM - MONTAGEM. AF_01/2024,"Fundações Rasas (Blocos, Sapatas, Vigas Baldrame)",,KG,"1,0000000","11,99","11,99"
Composição Auxiliar, 88238 ,SINAPI,AJUDANTE DE ARMADOR COM ENCARGOS COMPLEMENTARES,Livro SINAPI: Cálculos e Parâmetros,,H,"0,0345614","24,55","0,84"
Composição Auxiliar, 88245 ,SINAPI,ARMADOR COM ENCARGOS COMPLEMENTARES,Livro SINAPI: Cálculos e Parâmetros,,H,"0,0911165","29,08","2,64"
Composição Auxiliar, 92803 ,SINAPI,"CORTE E DOBRA DE AÇO CA-50, DIÂMETRO DE 10,0 MM. AF_06/2022",Armação para Estruturas de Concreto Armado,,KG,"1,0000000","8,12","8,12"
Insumo, 00039017 ,SINAPI,"ESPACADOR / DISTANCIADOR CIRCULAR COM ENTRADA LATERAL, EM PLASTICO, PARA VERGALHAO *4,2 A 12,5* MM, COBRIMENTO 20 MM",Material,,UN,"0,4800000","0,18","0,08"
Insumo, 00043132 ,SINAPI,"ARAME RECOZIDO 16 BWG, D = 1,65 MM (0,016 KG/M) OU 18 BWG, D = 1,25 MM (0,01 KG/M)",Material,,KG,"0,0250000","12,66","0,31"
,,,,,,,,,
,,,,,,,,,
,,,,,,,,,
 4.16 ,Código,Banco,Descrição,Tipo,,Und,Quant.,Valor Unit,Total
Composição, 104920 ,SINAPI,"ARMAÇÃO DE BLOCO, SAPATA ISOLADA, VIGA BALDRAME E SAPATA CORRIDA UTILIZANDO AÇO CA-50 DE 12,5 MM - MONTAGEM. AF_01/2024","Fundações Rasas (Blocos, Sapatas, Vigas Baldrame)",,KG,"1,0000000","9,22","9,22"
Composição Auxiliar, 88238 ,SINAPI,AJUDANTE DE ARMADOR COM ENCARGOS COMPLEMENTARES,Livro SINAPI: Cálculos e Parâmetros,,H,"0,0195093","24,55","0,47"
Composição Auxiliar, 88245 ,SINAPI,ARMADOR COM ENCARGOS COMPLEMENTARES,Livro SINAPI: Cálculos e Parâmetros,,H,"0,0499438","29,08","1,45"
Composição Auxiliar, 92804 ,SINAPI,"CORTE E DOBRA DE AÇO CA-50, DIÂMETRO DE 12,5 MM. AF_06/2022",Armação para Estruturas de Concreto Armado,,KG,"1,0000000","6,94","6,94"
Insumo, 00039017 ,SINAPI,"ESPACADOR / DISTANCIADOR CIRCULAR COM ENTRADA LATERAL, EM PLASTICO, PARA VERGALHAO *4,2 A 12,5* MM, COBRIMENTO 20 MM",Material,,UN,"0,3170000","0,18","0,05"
Insumo, 00043132 ,SINAPI,"ARAME RECOZIDO 16 BWG, D = 1,65 MM (0,016 KG/M) OU 18 BWG, D = 1,25 MM (0,01 KG/M)",Material,,KG,"0,0250000","12,66","0,31"
,,,,,,,,,
,,,,,,,,,
,,,,,,,,,
 4.17 ,Código,Banco,Descrição,Tipo,,Und,Quant.,Valor Unit,Total
Composição, 104916 ,SINAPI,"ARMAÇÃO DE SAPATA ISOLADA, VIGA BALDRAME E SAPATA CORRIDA UTILIZANDO AÇO CA-60 DE 5 MM - MONTAGEM. AF_01/2024","Fundações Rasas (Blocos, Sapatas, Vigas Baldrame)",,KG,"1,0000000","14,22","14,22"
Composição Auxiliar, 88238 ,SINAPI,AJUDANTE DE ARMADOR COM ENCARGOS COMPLEMENTARES,Livro SINAPI: Cálculos e Parâmetros,,H,"0,0471953","24,55","1,15"
Composição Auxiliar, 88245 ,SINAPI,ARMADOR COM ENCARGOS COMPLEMENTARES,Livro SINAPI: Cálculos e Parâmetros,,H,"0,1224130","29,08","3,55"
Composição Auxiliar, 92800 ,SINAPI,"CORTE E DOBRA DE AÇO CA-60, DIÂMETRO DE 5,0 MM. AF_06/2022",Armação para Estruturas de Concreto Armado,,KG,"1,0000000","9,07","9,07"
Insumo, 00039017 ,SINAPI,"ESPACADOR / DISTANCIADOR CIRCULAR COM ENTRADA LATERAL, EM PLASTICO, PARA VERGALHAO *4,2 A 12,5* MM, COBRIMENTO 20 MM",Material,,UN,"0,8190000","0,18","0,14"
Insumo, 00043132 ,SINAPI,"ARAME RECOZIDO 16 BWG, D = 1,65 MM (0,016 KG/M) OU 18 BWG, D = 1,25 MM (0,01 KG/M)",Material,,KG,"0,0250000","12,66","0,31"
,,,,,,,,,
,,,,,,,,,
,,,,,,,,,
 4.18 ,Código,Banco,Descrição,Tipo,,Und,Quant.,Valor Unit,Total
Composição, 104917 ,SINAPI,"ARMAÇÃO DE SAPATA ISOLADA, VIGA BALDRAME E SAPATA CORRIDA UTILIZANDO AÇO CA-50 DE 6,3 MM - MONTAGEM. AF_01/2024","Fundações Rasas (Blocos, Sapatas, Vigas Baldrame)",,KG,"1,0000000","13,21","13,21"
Composição Auxiliar, 88238 ,SINAPI,AJUDANTE DE ARMADOR COM ENCARGOS COMPLEMENTARES,Livro SINAPI: Cálculos e Parâmetros,,H,"0,0377373","24,55","0,92"
Composição Auxiliar, 88245 ,SINAPI,ARMADOR COM ENCARGOS COMPLEMENTARES,Livro SINAPI: Cálculos e Parâmetros,,H,"0,0988717","29,08","2,87"
Composição Auxiliar, 92801 ,SINAPI,"CORTE E DOBRA DE AÇO CA-50, DIÂMETRO DE 6,3 MM. AF_06/2022",Armação para Estruturas de Concreto Armado,,KG,"1,0000000","9,00","9,00"
Insumo, 00039017 ,SINAPI,"ESPACADOR / DISTANCIADOR CIRCULAR COM ENTRADA LATERAL, EM PLASTICO, PARA VERGALHAO *4,2 A 12,5* MM, COBRIMENTO 20 MM",Material,,UN,"0,6440000","0,18","0,11"
Insumo, 00043132 ,SINAPI,"ARAME RECOZIDO 16 BWG, D = 1,65 MM (0,016 KG/M) OU 18 BWG, D = 1,25 MM (0,01 KG/M)",Material,,KG,"0,0250000","12,66","0,31"
,,,,,,,,,
,,,,,,,,,
,,,,,,,,,
 4.19 ,Código,Banco,Descrição,Tipo,,Und,Quant.,Valor Unit,Total
Composição, 104918 ,SINAPI,"ARMAÇÃO DE SAPATA ISOLADA, VIGA BALDRAME E SAPATA CORRIDA UTILIZANDO AÇO CA-50 DE 8 MM - MONTAGEM. AF_01/2024","Fundações Rasas (Blocos, Sapatas, Vigas Baldrame)",,KG,"1,0000000","12,25","12,25"
Composição Auxiliar, 88238 ,SINAPI,AJUDANTE DE ARMADOR COM ENCARGOS COMPLEMENTARES,Livro SINAPI: Cálculos e Parâmetros,,H,"0,0299134","24,55","0,73"
Composição Auxiliar, 88245 ,SINAPI,ARMADOR COM ENCARGOS COMPLEMENTARES,Livro SINAPI: Cálculos e Parâmetros,,H,"0,0782353","29,08","2,27"
Composição Auxiliar, 92802 ,SINAPI,"CORTE E DOBRA DE AÇO CA-50, DIÂMETRO DE 8,0 MM. AF_06/2022",Armação para Estruturas de Concreto Armado,,KG,"1,0000000","8,85","8,85"
Insumo, 00039017 ,SINAPI,"ESPACADOR / DISTANCIADOR CIRCULAR COM ENTRADA LATERAL, EM PLASTICO, PARA VERGALHAO *4,2 A 12,5* MM, COBRIMENTO 20 MM",Material,,UN,"0,5030000","0,18","0,09"
Insumo, 00043132 ,SINAPI,"ARAME RECOZIDO 16 BWG, D = 1,65 MM (0,016 KG/M) OU 18 BWG, D = 1,25 MM (0,01 KG/M)",Material,,KG,"0,0250000","12,66","0,31"
,,,,,,,,,
,,,,,,,,,
,,,,,,,,,
 4.20 ,Código,Banco,Descrição,Tipo,,Und,Quant.,Valor Unit,Total
Composição, 104919 ,SINAPI,"ARMAÇÃO DE SAPATA ISOLADA, VIGA BALDRAME E SAPATA CORRIDA UTILIZANDO AÇO CA-50 DE 10 MM - MONTAGEM. AF_01/2024","Fundações Rasas (Blocos, Sapatas, Vigas Baldrame)",,KG,"1,0000000","10,91","10,91"
Composição Auxiliar, 88238 ,SINAPI,AJUDANTE DE ARMADOR COM ENCARGOS COMPLEMENTARES,Livro SINAPI: Cálculos e Parâmetros,,H,"0,0240370","24,55","0,59"
Composição Auxiliar, 88245 ,SINAPI,ARMADOR COM ENCARGOS COMPLEMENTARES,Livro SINAPI: Cálculos e Parâmetros,,H,"0,0628060","29,08","1,82"
Composição Auxiliar, 92803 ,SINAPI,"CORTE E DOBRA DE AÇO CA-50, DIÂMETRO DE 10,0 MM. AF_06/2022",Armação para Estruturas de Concreto Armado,,KG,"1,0000000","8,12","8,12"
Insumo, 00039017 ,SINAPI,"ESPACADOR / DISTANCIADOR CIRCULAR COM ENTRADA LATERAL, EM PLASTICO, PARA VERGALHAO *4,2 A 12,5* MM, COBRIMENTO 20 MM",Material,,UN,"0,3990000","0,18","0,07"
Insumo, 00043132 ,SINAPI,"ARAME RECOZIDO 16 BWG, D = 1,65 MM (0,016 KG/M) OU 18 BWG, D = 1,25 MM (0,01 KG/M)",Material,,KG,"0,0250000","12,66","0,31"
,,,,,,,,,
,,,,,,,,,
,,,,,,,,,
 4.21 ,Código,Banco,Descrição,Tipo,,Und,Quant.,Valor Unit,Total
Composição, 96557 ,SINAPI,"CONCRETAGEM DE BLOCO DE COROAMENTO OU VIGA BALDRAME, FCK 30 MPA, COM USO DE BOMBA - LANÇAMENTO, ADENSAMENTO E ACABAMENTO. AF_01/2024","Fundações Rasas (Blocos, Sapatas, Vigas Baldrame)",,m³,"1,0000000","552,53","552,53"
Composição Auxiliar, 88309 ,SINAPI,PEDREIRO COM ENCARGOS COMPLEMENTARES,Livro SINAPI: Cálculos e Parâmetros,,H,"0,2457119","29,21","7,17"
Composição Auxiliar, 88316 ,SINAPI,SERVENTE COM ENCARGOS COMPLEMENTARES,Livro SINAPI: Cálculos e Parâmetros,,H,"0,3685679","23,37","8,61"
Composição Auxiliar, 90586 ,SINAPI,"VIBRADOR DE IMERSÃO, DIÂMETRO DE PONTEIRA 45MM, MOTOR ELÉTRICO TRIFÁSICO POTÊNCIA DE 2 CV - CHP DIURNO. AF_06/2015",Custos Horários Produtivo e Improdutivo dos Equipamentos,,CHP,"0,0920000","1,06","0,09"
Composição Auxiliar, 90587 ,SINAPI,"VIBRADOR DE IMERSÃO, DIÂMETRO DE PONTEIRA 45MM, MOTOR ELÉTRICO TRIFÁSICO POTÊNCIA DE 2 CV - CHI DIURNO. AF_06/2015",Custos Horários Produtivo e Improdutivo dos Equipamentos,,CHI,"0,0750000","0,42","0,03"
Insumo, 00001525 ,SINAPI,"CONCRETO USINADO BOMBEAVEL, CLASSE DE RESISTENCIA C30, BRITA 0 E 1, SLUMP = 100 +/- 20 MM, COM BOMBEAMENTO (DISPONIBILIZACAO DE BOMBA), SEM O LANCAMENTO (NBR 8953)",Material,,m³,"1,2300000","436,29","536,63"
,,,,,,,,,
,,,,,,,,,
,,,,,,,,,
 4.22 ,Código,Banco,Descrição,Tipo,,Und,Quant.,Valor Unit,Total
Composição, 96558 ,SINAPI,"CONCRETAGEM DE SAPATA, FCK 30 MPA, COM USO DE BOMBA - LANÇAMENTO, ADENSAMENTO E ACABAMENTO. AF_01/2024","Fundações Rasas (Blocos, Sapatas, Vigas Baldrame)",,m³,"1,0000000","578,66","578,66"
Composição Auxiliar, 88309 ,SINAPI,PEDREIRO COM ENCARGOS COMPLEMENTARES,Livro SINAPI: Cálculos e Parâmetros,,H,"0,4469869","29,21","13,05"
Composição Auxiliar, 88316 ,SINAPI,SERVENTE COM ENCARGOS COMPLEMENTARES,Livro SINAPI: Cálculos e Parâmetros,,H,"0,6708612","23,37","15,67"
Composição Auxiliar, 90586 ,SINAPI,"VIBRADOR DE IMERSÃO, DIÂMETRO DE PONTEIRA 45MM, MOTOR ELÉTRICO TRIFÁSICO POTÊNCIA DE 2 CV - CHP DIURNO. AF_06/2015",Custos Horários Produtivo e Improdutivo dos Equipamentos,,CHP,"0,1610000","1,06","0,17"
Composição Auxiliar, 90587 ,SINAPI,"VIBRADOR DE IMERSÃO, DIÂMETRO DE PONTEIRA 45MM, MOTOR ELÉTRICO TRIFÁSICO POTÊNCIA DE 2 CV - CHI DIURNO. AF_06/2015",Custos Horários Produtivo e Improdutivo dos Equipamentos,,CHI,"0,1330000","0,42","0,05"
Insumo, 00001525 ,SINAPI,"CONCRETO USINADO BOMBEAVEL, CLASSE DE RESISTENCIA C30, BRITA 0 E 1, SLUMP = 100 +/- 20 MM, COM BOMBEAMENTO (DISPONIBILIZACAO DE BOMBA), SEM O LANCAMENTO (NBR 8953)",Material,,m³,"1,2600000","436,29","549,72"
,,,,,,,,,
,,,,,,,,,
,,,,,,,,,
 4.23 ,Código,Banco,Descrição,Tipo,,Und,Quant.,Valor Unit,Total
Composição, B0029 ,Próprio,CONTROLE TECNOLÓGICO DE CONCRETO C/ ROMPIMENTO DE CORPO DE PROVA À COMPRESSÃO,ASTU - ASSENTAMENTO DE TUBOS E PECAS,,UN,"1,0000000","83,07","83,07"
Composição Auxiliar, 88249 ,SINAPI,AUXILIAR DE LABORATÓRIO COM ENCARGOS COMPLEMENTARES,Livro SINAPI: Cálculos e Parâmetros,,H,"1,0838515","30,78","33,36"
Composição Auxiliar, 88321 ,SINAPI,TÉCNICO DE LABORATÓRIO COM ENCARGOS COMPLEMENTARES,Livro SINAPI: Cálculos e Parâmetros,,H,"0,5419258","33,62","18,21"
Insumo, I9071 ,SEINFRA,RESISTÊNCIA À COMPRESSÃO CORPO-DE-PROVA CILÍNDRICO DE CONCRETO E ARGAMASSA,Material,,UN,"1,0000000","31,50","31,50"
,,,,,,,,,
,,,,,,,,,
,,,,,,,,,
 4.24 ,Código,Banco,Descrição,Tipo,,Und,Quant.,Valor Unit,Total
Composição, 94962 ,SINAPI,"CONCRETO MAGRO PARA LASTRO, TRAÇO 1:4,5:4,5 (EM MASSA SECA DE CIMENTO/ AREIA MÉDIA/ BRITA 1) - PREPARO MECÂNICO COM BETONEIRA 400 L. AF_05/2021",Produção de Concreto,,m³,"1,0000000","337,03","337,03"
Composição Auxiliar, 88316 ,SINAPI,SERVENTE COM ENCARGOS COMPLEMENTARES,Livro SINAPI: Cálculos e Parâmetros,,H,"1,8328156","23,37","42,83"
Composição Auxiliar, 88377 ,SINAPI,OPERADOR DE BETONEIRA ESTACIONÁRIA/MISTURADOR COM ENCARGOS COMPLEMENTARES,Livro SINAPI: Cálculos e Parâmetros,,H,"1,1584447","27,06","31,34"
Composição Auxiliar, 88830 ,SINAPI,"BETONEIRA CAPACIDADE NOMINAL DE 400 L, CAPACIDADE DE MISTURA 280 L, MOTOR ELÉTRICO TRIFÁSICO POTÊNCIA DE 2 CV, SEM CARREGADOR - CHP DIURNO. AF_05/2023",Custos Horários Produtivo e Improdutivo dos Equipamentos,,CHP,"0,7623000","1,52","1,15"
Composição Auxiliar, 88831 ,SINAPI,"BETONEIRA CAPACIDADE NOMINAL DE 400 L, CAPACIDADE DE MISTURA 280 L, MOTOR ELÉTRICO TRIFÁSICO POTÊNCIA DE 2 CV, SEM CARREGADOR - CHI DIURNO. AF_05/2023",Custos Horários Produtivo e Improdutivo dos Equipamentos,,CHI,"0,7188000","0,32","0,23"
Insumo, 00000370 ,SINAPI,"AREIA MEDIA - POSTO JAZIDA/FORNECEDOR (RETIRADO NA JAZIDA, SEM TRANSPORTE)",Material,,m³,"0,8269000","104,00","85,99"
Insumo, 00001379 ,SINAPI,CIMENTO PORTLAND COMPOSTO CP II-32,Material,,KG,"212,0194000","0,58","122,97"
Insumo, 00004721 ,SINAPI,"PEDRA BRITADA N. 1 (9,5 A 19 MM) POSTO PEDREIRA/FORNECEDOR, SEM FRETE",Material,,m³,"0,5782000","90,84","52,52"
,,,,,,,,,
,,,,,,,,,
,,,,,,,,,
 5 ,,,FUNDAÇÕES ESPECIAIS,,,,,,
 5.1 ,Código,Banco,Descrição,Tipo,,Und,Quant.,Valor Unit,Total
Composição, B0027 ,Próprio,MOBILIZAÇÃO DE PERFURATRIZ DE ALGUMA CAPITAL DO NORDESTE,SERP - SERVIÇOS PRELIMINARES,,KM,"1,0000000","3,97","3,97"
Insumo, I0716 ,SEINFRA,CAVALO MECÂNICO C/PRANC. 3 EIXOS (CHP),Equipamento,,H,"0,0125000","317,96","3,97"
,,,,,,,,,
,,,,,,,,,
,,,,,,,,,
 5.2 ,Código,Banco,Descrição,Tipo,,Und,Quant.,Valor Unit,Total
Composição, B0028 ,Próprio,DESMOBILIZAÇÃO DE PERFURATRIZ DE ALGUMA CAPITAL DO NORDESTE,SERP - SERVIÇOS PRELIMINARES,,KM,"1,0000000","3,97","3,97"
Insumo, I0716 ,SEINFRA,CAVALO MECÂNICO C/PRANC. 3 EIXOS (CHP),Equipamento,,H,"0,0125000","317,96","3,97"
,,,,,,,,,
,,,,,,,,,
,,,,,,,,,
 6 ,,,SUPERESTRUTURA,,,,,,
 6.1 ,,,ESTRUTURAS DE CONCRETO ARMADO,,,,,,
 6.1.1 ,Código,Banco,Descrição,Tipo,,Und,Quant.,Valor Unit,Total
Composição, 92443 ,SINAPI,"MONTAGEM E DESMONTAGEM DE FÔRMA DE PILARES RETANGULARES E ESTRUTURAS SIMILARES, PÉ-DIREITO SIMPLES, EM CHAPA DE MADEIRA COMPENSADA PLASTIFICADA, 18 UTILIZAÇÕES. AF_09/2020",Fôrmas para Estruturas de Concreto Armado,,m²,"1,0000000","43,55","43,55"
Composição Auxiliar, 88239 ,SINAPI,AJUDANTE DE CARPINTEIRO COM ENCARGOS COMPLEMENTARES,Livro SINAPI: Cálculos e Parâmetros,,H,"0,0837166","24,38","2,04"
Composição Auxiliar, 88262 ,SINAPI,CARPINTEIRO DE FORMAS COM ENCARGOS COMPLEMENTARES,Livro SINAPI: Cálculos e Parâmetros,,H,"0,4566359","28,79","13,14"
Composição Auxiliar, 92264 ,SINAPI,"FABRICAÇÃO DE FÔRMA PARA PILARES E ESTRUTURAS SIMILARES, EM CHAPA DE MADEIRA COMPENSADA PLASTIFICADA, E = 18 MM. AF_09/2020",Fôrmas para Estruturas de Concreto Armado,,m²,"0,0670000","208,03","13,93"
Insumo, 00002692 ,SINAPI,"DESMOLDANTE PROTETOR PARA FORMAS DE MADEIRA, DE BASE OLEOSA EMULSIONADA EM AGUA",Material,,L,"0,0040000","7,96","0,03"
Insumo, 00040271 ,SINAPI,"LOCACAO DE APRUMADOR METALICO DE PILAR, COM ALTURA E ANGULO REGULAVEIS, EXTENSAO DE *1,50* A *2,80* M",Equipamento,,UNXMES,"0,1960000","15,60","3,05"
Insumo, 00040275 ,SINAPI,"LOCACAO DE VIGA SANDUICHE METALICA VAZADA PARA TRAVAMENTO DE PILARES, ALTURA DE *8* CM, LARGURA DE *6* CM E EXTENSAO DE 2 M",Equipamento,,UNXMES,"0,3930000","16,30","6,40"
Insumo, 00040287 ,SINAPI,"LOCACAO DE BARRA DE ANCORAGEM DE 0,80 A 1,20 M DE EXTENSAO, COM ROSCA DE 5/8"", INCLUINDO PORCA E FLANGE",Equipamento,,MES,"0,7850000","6,01","4,71"
Insumo, 00040304 ,SINAPI,PREGO DE ACO POLIDO COM CABECA DUPLA 17 X 27 (2 1/2 X 11),Material,,KG,"0,0190000","13,49","0,25"
,,,,,,,,,
,,,,,,,,,
,,,,,,,,,
 6.1.2 ,Código,Banco,Descrição,Tipo,,Und,Quant.,Valor Unit,Total
Composição, 92480 ,SINAPI,"MONTAGEM E DESMONTAGEM DE FÔRMA DE VIGA, ESCORAMENTO METÁLICO, PÉ-DIREITO SIMPLES, EM CHAPA DE MADEIRA PLASTIFICADA, 18 UTILIZAÇÕES. AF_09/2020",Fôrmas para Estruturas de Concreto Armado,,m²,"1,0000000","78,61","78,61"
Composição Auxiliar, 88239 ,SINAPI,AJUDANTE DE CARPINTEIRO COM ENCARGOS COMPLEMENTARES,Livro SINAPI: Cálculos e Parâmetros,,H,"0,1326745","24,38","3,23"
Composição Auxiliar, 88262 ,SINAPI,CARPINTEIRO DE FORMAS COM ENCARGOS COMPLEMENTARES,Livro SINAPI: Cálculos e Parâmetros,,H,"0,7224244","28,79","20,79"
Composição Auxiliar, 92266 ,SINAPI,"FABRICAÇÃO DE FÔRMA PARA VIGAS, EM CHAPA DE MADEIRA COMPENSADA PLASTIFICADA, E = 18 MM. AF_09/2020",Fôrmas para Estruturas de Concreto Armado,,m²,"0,1050000","155,71","16,34"
Insumo, 00002692 ,SINAPI,"DESMOLDANTE PROTETOR PARA FORMAS DE MADEIRA, DE BASE OLEOSA EMULSIONADA EM AGUA",Material,,L,"0,0040000","7,96","0,03"
Insumo, 00004491 ,SINAPI,"PONTALETE *7,5 X 7,5* CM EM PINUS, MISTA OU EQUIVALENTE DA REGIAO - BRUTA",Material,,M,"0,1320000","9,17","1,21"
Insumo, 00010749 ,SINAPI,"LOCACAO DE ESCORA METALICA TELESCOPICA, COM ALTURA REGULAVEL DE *1,80* A *3,20* M, COM CAPACIDADE DE CARGA DE NO MINIMO 1000 KGF (10 KN), INCLUSO TRIPE E FORCADO",Equipamento,,UNXMES,"1,1860000","18,09","21,45"
Insumo, 00040275 ,SINAPI,"LOCACAO DE VIGA SANDUICHE METALICA VAZADA PARA TRAVAMENTO DE PILARES, ALTURA DE *8* CM, LARGURA DE *6* CM E EXTENSAO DE 2 M",Equipamento,,UNXMES,"0,3560000","16,30","5,80"
Insumo, 00040287 ,SINAPI,"LOCACAO DE BARRA DE ANCORAGEM DE 0,80 A 1,20 M DE EXTENSAO, COM ROSCA DE 5/8"", INCLUINDO PORCA E FLANGE",Equipamento,,MES,"0,4740000","6,01","2,84"
Insumo, 00040304 ,SINAPI,PREGO DE ACO POLIDO COM CABECA DUPLA 17 X 27 (2 1/2 X 11),Material,,KG,"0,0330000","13,49","0,44"
Insumo, 00040339 ,SINAPI,"LOCACAO DE CRUZETA, SIMPLES, PARA ESCORA METALICA, COMPRIMENTO ENTRE 50 A 60 CM, PARA ESCORA DE 1,80 A 3,20 METROS E TUBO EXTERNO ATE 48 MM DE DIAMETRO",Equipamento,,UNXMES,"1,1860000","5,47","6,48"
,,,,,,,,,
,,,,,,,,,
,,,,,,,,,
 6.1.3 ,Código,Banco,Descrição,Tipo,,Und,Quant.,Valor Unit,Total
Composição, 92506 ,SINAPI,"MONTAGEM E DESMONTAGEM DE FÔRMA DE LAJE NERVURADA COM CUBETA E ASSOALHO, PÉ-DIREITO SIMPLES, EM CHAPA DE MADEIRA COMPENSADA RESINADA, 18 UTILIZAÇÕES. AF_09/2020",Fôrmas para Estruturas de Concreto Armado,,m²,"1,0000000","44,94","44,94"
Composição Auxiliar, 88239 ,SINAPI,AJUDANTE DE CARPINTEIRO COM ENCARGOS COMPLEMENTARES,Livro SINAPI: Cálculos e Parâmetros,,H,"0,1081209","24,38","2,63"
Composição Auxiliar, 88262 ,SINAPI,CARPINTEIRO DE FORMAS COM ENCARGOS COMPLEMENTARES,Livro SINAPI: Cálculos e Parâmetros,,H,"0,5906894","28,79","17,00"
Composição Auxiliar, 92267 ,SINAPI,"FABRICAÇÃO DE FÔRMA PARA LAJES, EM CHAPA DE MADEIRA COMPENSADA RESINADA, E = 17 MM. AF_09/2020",Fôrmas para Estruturas de Concreto Armado,,m²,"0,0870000","49,60","4,31"
Insumo, 00002692 ,SINAPI,"DESMOLDANTE PROTETOR PARA FORMAS DE MADEIRA, DE BASE OLEOSA EMULSIONADA EM AGUA",Material,,L,"0,0080000","7,96","0,06"
Insumo, 00010749 ,SINAPI,"LOCACAO DE ESCORA METALICA TELESCOPICA, COM ALTURA REGULAVEL DE *1,80* A *3,20* M, COM CAPACIDADE DE CARGA DE NO MINIMO 1000 KGF (10 KN), INCLUSO TRIPE E FORCADO",Equipamento,,UNXMES,"0,3970000","18,09","7,18"
Insumo, 00040270 ,SINAPI,"VIGA DE ESCORAMENTO H20, DE MADEIRA, PESO DE 5,00 A 5,20 KG/M, COM EXTREMIDADES PLASTICAS",Material,,M,"0,0380000","97,22","3,69"
Insumo, 00040290 ,SINAPI,"LOCACAO DE FORMA PLASTICA PARA LAJE NERVURADA, DIMENSOES *60* X *60* X *16* CM",Equipamento,,UNXMES,"1,0300000","9,78","10,07"
,,,,,,,,,
,,,,,,,,,
,,,,,,,,,
 6.1.4 ,Código,Banco,Descrição,Tipo,,Und,Quant.,Valor Unit,Total
Composição, 92536 ,SINAPI,"MONTAGEM E DESMONTAGEM DE FÔRMA DE LAJE MACIÇA, PÉ-DIREITO DUPLO, EM CHAPA DE MADEIRA COMPENSADA PLASTIFICADA, 18 UTILIZAÇÕES. AF_09/2020",Fôrmas para Estruturas de Concreto Armado,,m²,"1,0000000","53,13","53,13"
Composição Auxiliar, 88239 ,SINAPI,AJUDANTE DE CARPINTEIRO COM ENCARGOS COMPLEMENTARES,Livro SINAPI: Cálculos e Parâmetros,,H,"0,0919375","24,38","2,24"
Composição Auxiliar, 88262 ,SINAPI,CARPINTEIRO DE FORMAS COM ENCARGOS COMPLEMENTARES,Livro SINAPI: Cálculos e Parâmetros,,H,"0,5024856","28,79","14,46"
Composição Auxiliar, 92268 ,SINAPI,"FABRICAÇÃO DE FÔRMA PARA LAJES, EM CHAPA DE MADEIRA COMPENSADA PLASTIFICADA, E = 18 MM. AF_09/2020",Fôrmas para Estruturas de Concreto Armado,,m²,"0,0870000","83,21","7,23"
Insumo, 00002692 ,SINAPI,"DESMOLDANTE PROTETOR PARA FORMAS DE MADEIRA, DE BASE OLEOSA EMULSIONADA EM AGUA",Material,,L,"0,0040000","7,96","0,03"
Insumo, 00040270 ,SINAPI,"VIGA DE ESCORAMENTO H20, DE MADEIRA, PESO DE 5,00 A 5,20 KG/M, COM EXTREMIDADES PLASTICAS",Material,,M,"0,0380000","97,22","3,69"
Insumo, 00040291 ,SINAPI,"LOCACAO DE TORRE METALICA COMPLETA PARA UMA CARGA DE 8 TF (80 KN) E PE DIREITO DE 6 M, INCLUINDO MODULOS, DIAGONAIS, SAPATAS E FORCADOS",Equipamento,,UNXMES,"0,0500000","509,60","25,48"
,,,,,,,,,
,,,,,,,,,
,,,,,,,,,
 6.1.5 ,Código,Banco,Descrição,Tipo,,Und,Quant.,Valor Unit,Total
Composição, 92759 ,SINAPI,"ARMAÇÃO DE PILAR OU VIGA DE ESTRUTURA CONVENCIONAL DE CONCRETO ARMADO UTILIZANDO AÇO CA-60 DE 5,0 MM - MONTAGEM. AF_06/2022",Armação para Estruturas de Concreto Armado,,KG,"1,0000000","11,99","11,99"
Composição Auxiliar, 88238 ,SINAPI,AJUDANTE DE ARMADOR COM ENCARGOS COMPLEMENTARES,Livro SINAPI: Cálculos e Parâmetros,,H,"0,0119197","24,55","0,29"
Composição Auxiliar, 88245 ,SINAPI,ARMADOR COM ENCARGOS COMPLEMENTARES,Livro SINAPI: Cálculos e Parâmetros,,H,"0,0728119","29,08","2,11"
Composição Auxiliar, 92800 ,SINAPI,"CORTE E DOBRA DE AÇO CA-60, DIÂMETRO DE 5,0 MM. AF_06/2022",Armação para Estruturas de Concreto Armado,,KG,"1,0000000","9,07","9,07"
Insumo, 00039017 ,SINAPI,"ESPACADOR / DISTANCIADOR CIRCULAR COM ENTRADA LATERAL, EM PLASTICO, PARA VERGALHAO *4,2 A 12,5* MM, COBRIMENTO 20 MM",Material,,UN,"1,1900000","0,18","0,21"
Insumo, 00043132 ,SINAPI,"ARAME RECOZIDO 16 BWG, D = 1,65 MM (0,016 KG/M) OU 18 BWG, D = 1,25 MM (0,01 KG/M)",Material,,KG,"0,0250000","12,66","0,31"
,,,,,,,,,
,,,,,,,,,
,,,,,,,,,
 6.1.6 ,Código,Banco,Descrição,Tipo,,Und,Quant.,Valor Unit,Total
Composição, 92760 ,SINAPI,"ARMAÇÃO DE PILAR OU VIGA DE ESTRUTURA CONVENCIONAL DE CONCRETO ARMADO UTILIZANDO AÇO CA-50 DE 6,3 MM - MONTAGEM. AF_06/2022",Armação para Estruturas de Concreto Armado,,KG,"1,0000000","11,33","11,33"
Composição Auxiliar, 88238 ,SINAPI,AJUDANTE DE ARMADOR COM ENCARGOS COMPLEMENTARES,Livro SINAPI: Cálculos e Parâmetros,,H,"0,0092015","24,55","0,22"
Composição Auxiliar, 88245 ,SINAPI,ARMADOR COM ENCARGOS COMPLEMENTARES,Livro SINAPI: Cálculos e Parâmetros,,H,"0,0563506","29,08","1,63"
Composição Auxiliar, 92801 ,SINAPI,"CORTE E DOBRA DE AÇO CA-50, DIÂMETRO DE 6,3 MM. AF_06/2022",Armação para Estruturas de Concreto Armado,,KG,"1,0000000","9,00","9,00"
Insumo, 00039017 ,SINAPI,"ESPACADOR / DISTANCIADOR CIRCULAR COM ENTRADA LATERAL, EM PLASTICO, PARA VERGALHAO *4,2 A 12,5* MM, COBRIMENTO 20 MM",Material,,UN,"0,9700000","0,18","0,17"
Insumo, 00043132 ,SINAPI,"ARAME RECOZIDO 16 BWG, D = 1,65 MM (0,016 KG/M) OU 18 BWG, D = 1,25 MM (0,01 KG/M)",Material,,KG,"0,0250000","12,66","0,31"
,,,,,,,,,
,,,,,,,,,
,,,,,,,,,
 6.1.7 ,Código,Banco,Descrição,Tipo,,Und,Quant.,Valor Unit,Total
Composição, 92761 ,SINAPI,"ARMAÇÃO DE PILAR OU VIGA DE ESTRUTURA CONVENCIONAL DE CONCRETO ARMADO UTILIZANDO AÇO CA-50 DE 8,0 MM - MONTAGEM. AF_06/2022",Armação para Estruturas de Concreto Armado,,KG,"1,0000000","10,65","10,65"
Composição Auxiliar, 88238 ,SINAPI,AJUDANTE DE ARMADOR COM ENCARGOS COMPLEMENTARES,Livro SINAPI: Cálculos e Parâmetros,,H,"0,0067930","24,55","0,16"
Composição Auxiliar, 88245 ,SINAPI,ARMADOR COM ENCARGOS COMPLEMENTARES,Livro SINAPI: Cálculos e Parâmetros,,H,"0,0414228","29,08","1,20"
Composição Auxiliar, 92802 ,SINAPI,"CORTE E DOBRA DE AÇO CA-50, DIÂMETRO DE 8,0 MM. AF_06/2022",Armação para Estruturas de Concreto Armado,,KG,"1,0000000","8,85","8,85"
Insumo, 00039017 ,SINAPI,"ESPACADOR / DISTANCIADOR CIRCULAR COM ENTRADA LATERAL, EM PLASTICO, PARA VERGALHAO *4,2 A 12,5* MM, COBRIMENTO 20 MM",Material,,UN,"0,7430000","0,18","0,13"
Insumo, 00043132 ,SINAPI,"ARAME RECOZIDO 16 BWG, D = 1,65 MM (0,016 KG/M) OU 18 BWG, D = 1,25 MM (0,01 KG/M)",Material,,KG,"0,0250000","12,66","0,31"
,,,,,,,,,
,,,,,,,,,
,,,,,,,,,
 6.1.8 ,Código,Banco,Descrição,Tipo,,Und,Quant.,Valor Unit,Total
Composição, 92762 ,SINAPI,"ARMAÇÃO DE PILAR OU VIGA DE ESTRUTURA CONVENCIONAL DE CONCRETO ARMADO UTILIZANDO AÇO CA-50 DE 10,0 MM - MONTAGEM. AF_06/2022",Armação para Estruturas de Concreto Armado,,KG,"1,0000000","9,47","9,47"
Composição Auxiliar, 88238 ,SINAPI,AJUDANTE DE ARMADOR COM ENCARGOS COMPLEMENTARES,Livro SINAPI: Cálculos e Parâmetros,,H,"0,0047339","24,55","0,11"
Composição Auxiliar, 88245 ,SINAPI,ARMADOR COM ENCARGOS COMPLEMENTARES,Livro SINAPI: Cálculos e Parâmetros,,H,"0,0289951","29,08","0,84"
Composição Auxiliar, 92803 ,SINAPI,"CORTE E DOBRA DE AÇO CA-50, DIÂMETRO DE 10,0 MM. AF_06/2022",Armação para Estruturas de Concreto Armado,,KG,"1,0000000","8,12","8,12"
Insumo, 00039017 ,SINAPI,"ESPACADOR / DISTANCIADOR CIRCULAR COM ENTRADA LATERAL, EM PLASTICO, PARA VERGALHAO *4,2 A 12,5* MM, COBRIMENTO 20 MM",Material,,UN,"0,5430000","0,18","0,09"
Insumo, 00043132 ,SINAPI,"ARAME RECOZIDO 16 BWG, D = 1,65 MM (0,016 KG/M) OU 18 BWG, D = 1,25 MM (0,01 KG/M)",Material,,KG,"0,0250000","12,66","0,31"
,,,,,,,,,
,,,,,,,,,
,,,,,,,,,
 6.1.9 ,Código,Banco,Descrição,Tipo,,Und,Quant.,Valor Unit,Total
Composição, 92763 ,SINAPI,"ARMAÇÃO DE PILAR OU VIGA DE ESTRUTURA CONVENCIONAL DE CONCRETO ARMADO UTILIZANDO AÇO CA-50 DE 12,5 MM - MONTAGEM. AF_06/2022",Armação para Estruturas de Concreto Armado,,KG,"1,0000000","7,94","7,94"
Composição Auxiliar, 88238 ,SINAPI,AJUDANTE DE ARMADOR COM ENCARGOS COMPLEMENTARES,Livro SINAPI: Cálculos e Parâmetros,,H,"0,0031832","24,55","0,07"
Composição Auxiliar, 88245 ,SINAPI,ARMADOR COM ENCARGOS COMPLEMENTARES,Livro SINAPI: Cálculos e Parâmetros,,H,"0,0194782","29,08","0,56"
Composição Auxiliar, 92804 ,SINAPI,"CORTE E DOBRA DE AÇO CA-50, DIÂMETRO DE 12,5 MM. AF_06/2022",Armação para Estruturas de Concreto Armado,,KG,"1,0000000","6,94","6,94"
Insumo, 00039017 ,SINAPI,"ESPACADOR / DISTANCIADOR CIRCULAR COM ENTRADA LATERAL, EM PLASTICO, PARA VERGALHAO *4,2 A 12,5* MM, COBRIMENTO 20 MM",Material,,UN,"0,3670000","0,18","0,06"
Insumo, 00043132 ,SINAPI,"ARAME RECOZIDO 16 BWG, D = 1,65 MM (0,016 KG/M) OU 18 BWG, D = 1,25 MM (0,01 KG/M)",Material,,KG,"0,0250000","12,66","0,31"
,,,,,,,,,
,,,,,,,,,
,,,,,,,,,
 6.1.10 ,Código,Banco,Descrição,Tipo,,Und,Quant.,Valor Unit,Total
Composição, 92764 ,SINAPI,"ARMAÇÃO DE PILAR OU VIGA DE ESTRUTURA CONVENCIONAL DE CONCRETO ARMADO UTILIZANDO AÇO CA-50 DE 16,0 MM - MONTAGEM. AF_06/2022",Armação para Estruturas de Concreto Armado,,KG,"1,0000000","7,68","7,68"
Composição Auxiliar, 88238 ,SINAPI,AJUDANTE DE ARMADOR COM ENCARGOS COMPLEMENTARES,Livro SINAPI: Cálculos e Parâmetros,,H,"0,0024209","24,55","0,05"
Composição Auxiliar, 88245 ,SINAPI,ARMADOR COM ENCARGOS COMPLEMENTARES,Livro SINAPI: Cálculos e Parâmetros,,H,"0,0146768","29,08","0,42"
Composição Auxiliar, 92805 ,SINAPI,"CORTE E DOBRA DE AÇO CA-50, DIÂMETRO DE 16,0 MM. AF_06/2022",Armação para Estruturas de Concreto Armado,,KG,"1,0000000","6,87","6,87"
Insumo, 00039017 ,SINAPI,"ESPACADOR / DISTANCIADOR CIRCULAR COM ENTRADA LATERAL, EM PLASTICO, PARA VERGALHAO *4,2 A 12,5* MM, COBRIMENTO 20 MM",Material,,UN,"0,2120000","0,18","0,03"
Insumo, 00043132 ,SINAPI,"ARAME RECOZIDO 16 BWG, D = 1,65 MM (0,016 KG/M) OU 18 BWG, D = 1,25 MM (0,01 KG/M)",Material,,KG,"0,0250000","12,66","0,31"
,,,,,,,,,
,,,,,,,,,
,,,,,,,,,
 6.1.11 ,Código,Banco,Descrição,Tipo,,Und,Quant.,Valor Unit,Total
Composição, 92765 ,SINAPI,"ARMAÇÃO DE PILAR OU VIGA DE ESTRUTURA CONVENCIONAL DE CONCRETO ARMADO UTILIZANDO AÇO CA-50 DE 20,0 MM - MONTAGEM. AF_06/2022",Armação para Estruturas de Concreto Armado,,KG,"1,0000000","8,78","8,78"
Composição Auxiliar, 88238 ,SINAPI,AJUDANTE DE ARMADOR COM ENCARGOS COMPLEMENTARES,Livro SINAPI: Cálculos e Parâmetros,,H,"0,0019683","24,55","0,04"
Composição Auxiliar, 88245 ,SINAPI,ARMADOR COM ENCARGOS COMPLEMENTARES,Livro SINAPI: Cálculos e Parâmetros,,H,"0,0119672","29,08","0,34"
Composição Auxiliar, 92806 ,SINAPI,"CORTE E DOBRA DE AÇO CA-50, DIÂMETRO DE 20,0 MM. AF_06/2022",Armação para Estruturas de Concreto Armado,,KG,"1,0000000","8,07","8,07"
Insumo, 00039017 ,SINAPI,"ESPACADOR / DISTANCIADOR CIRCULAR COM ENTRADA LATERAL, EM PLASTICO, PARA VERGALHAO *4,2 A 12,5* MM, COBRIMENTO 20 MM",Material,,UN,"0,1130000","0,18","0,02"
Insumo, 00043132 ,SINAPI,"ARAME RECOZIDO 16 BWG, D = 1,65 MM (0,016 KG/M) OU 18 BWG, D = 1,25 MM (0,01 KG/M)",Material,,KG,"0,0250000","12,66","0,31"
,,,,,,,,,
,,,,,,,,,
,,,,,,,,,
 6.1.12 ,Código,Banco,Descrição,Tipo,,Und,Quant.,Valor Unit,Total
Composição, 92768 ,SINAPI,"ARMAÇÃO DE LAJE DE ESTRUTURA CONVENCIONAL DE CONCRETO ARMADO UTILIZANDO AÇO CA-60 DE 5,0 MM - MONTAGEM. AF_06/2022",Armação para Estruturas de Concreto Armado,,KG,"1,0000000","11,55","11,55"
Composição Auxiliar, 88238 ,SINAPI,AJUDANTE DE ARMADOR COM ENCARGOS COMPLEMENTARES,Livro SINAPI: Cálculos e Parâmetros,,H,"0,0088606","24,55","0,21"
Composição Auxiliar, 88245 ,SINAPI,ARMADOR COM ENCARGOS COMPLEMENTARES,Livro SINAPI: Cálculos e Parâmetros,,H,"0,0544662","29,08","1,58"
Composição Auxiliar, 92800 ,SINAPI,"CORTE E DOBRA DE AÇO CA-60, DIÂMETRO DE 5,0 MM. AF_06/2022",Armação para Estruturas de Concreto Armado,,KG,"1,0000000","9,07","9,07"
Insumo, 00039017 ,SINAPI,"ESPACADOR / DISTANCIADOR CIRCULAR COM ENTRADA LATERAL, EM PLASTICO, PARA VERGALHAO *4,2 A 12,5* MM, COBRIMENTO 20 MM",Material,,UN,"2,1180000","0,18","0,38"
Insumo, 00043132 ,SINAPI,"ARAME RECOZIDO 16 BWG, D = 1,65 MM (0,016 KG/M) OU 18 BWG, D = 1,25 MM (0,01 KG/M)",Material,,KG,"0,0250000","12,66","0,31"
,,,,,,,,,
,,,,,,,,,
,,,,,,,,,
 6.1.13 ,Código,Banco,Descrição,Tipo,,Und,Quant.,Valor Unit,Total
Composição, 92769 ,SINAPI,"ARMAÇÃO DE LAJE DE ESTRUTURA CONVENCIONAL DE CONCRETO ARMADO UTILIZANDO AÇO CA-50 DE 6,3 MM - MONTAGEM. AF_06/2022",Armação para Estruturas de Concreto Armado,,KG,"1,0000000","10,89","10,89"
Composição Auxiliar, 88238 ,SINAPI,AJUDANTE DE ARMADOR COM ENCARGOS COMPLEMENTARES,Livro SINAPI: Cálculos e Parâmetros,,H,"0,0067377","24,55","0,16"
Composição Auxiliar, 88245 ,SINAPI,ARMADOR COM ENCARGOS COMPLEMENTARES,Livro SINAPI: Cálculos e Parâmetros,,H,"0,0410449","29,08","1,19"
Composição Auxiliar, 92801 ,SINAPI,"CORTE E DOBRA DE AÇO CA-50, DIÂMETRO DE 6,3 MM. AF_06/2022",Armação para Estruturas de Concreto Armado,,KG,"1,0000000","9,00","9,00"
Insumo, 00039017 ,SINAPI,"ESPACADOR / DISTANCIADOR CIRCULAR COM ENTRADA LATERAL, EM PLASTICO, PARA VERGALHAO *4,2 A 12,5* MM, COBRIMENTO 20 MM",Material,,UN,"1,3330000","0,18","0,23"
Insumo, 00043132 ,SINAPI,"ARAME RECOZIDO 16 BWG, D = 1,65 MM (0,016 KG/M) OU 18 BWG, D = 1,25 MM (0,01 KG/M)",Material,,KG,"0,0250000","12,66","0,31"
,,,,,,,,,
,,,,,,,,,
,,,,,,,,,
 6.1.14 ,Código,Banco,Descrição,Tipo,,Und,Quant.,Valor Unit,Total
Composição, 92770 ,SINAPI,"ARMAÇÃO DE LAJE DE ESTRUTURA CONVENCIONAL DE CONCRETO ARMADO UTILIZANDO AÇO CA-50 DE 8,0 MM - MONTAGEM. AF_06/2022",Armação para Estruturas de Concreto Armado,,KG,"1,0000000","10,23","10,23"
Composição Auxiliar, 88238 ,SINAPI,AJUDANTE DE ARMADOR COM ENCARGOS COMPLEMENTARES,Livro SINAPI: Cálculos e Parâmetros,,H,"0,0047257","24,55","0,11"
Composição Auxiliar, 88245 ,SINAPI,ARMADOR COM ENCARGOS COMPLEMENTARES,Livro SINAPI: Cálculos e Parâmetros,,H,"0,0288550","29,08","0,83"
Composição Auxiliar, 92802 ,SINAPI,"CORTE E DOBRA DE AÇO CA-50, DIÂMETRO DE 8,0 MM. AF_06/2022",Armação para Estruturas de Concreto Armado,,KG,"1,0000000","8,85","8,85"
Insumo, 00039017 ,SINAPI,"ESPACADOR / DISTANCIADOR CIRCULAR COM ENTRADA LATERAL, EM PLASTICO, PARA VERGALHAO *4,2 A 12,5* MM, COBRIMENTO 20 MM",Material,,UN,"0,7280000","0,18","0,13"
Insumo, 00043132 ,SINAPI,"ARAME RECOZIDO 16 BWG, D = 1,65 MM (0,016 KG/M) OU 18 BWG, D = 1,25 MM (0,01 KG/M)",Material,,KG,"0,0250000","12,66","0,31"
,,,,,,,,,
,,,,,,,,,
,,,,,,,,,
 6.1.15 ,Código,Banco,Descrição,Tipo,,Und,Quant.,Valor Unit,Total
Composição, 92771 ,SINAPI,"ARMAÇÃO DE LAJE DE ESTRUTURA CONVENCIONAL DE CONCRETO ARMADO UTILIZANDO AÇO CA-50 DE 10,0 MM - MONTAGEM. AF_06/2022",Armação para Estruturas de Concreto Armado,,KG,"1,0000000","9,10","9,10"
Composição Auxiliar, 88238 ,SINAPI,AJUDANTE DE ARMADOR COM ENCARGOS COMPLEMENTARES,Livro SINAPI: Cálculos e Parâmetros,,H,"0,0030285","24,55","0,07"
Composição Auxiliar, 88245 ,SINAPI,ARMADOR COM ENCARGOS COMPLEMENTARES,Livro SINAPI: Cálculos e Parâmetros,,H,"0,0186760","29,08","0,54"
Composição Auxiliar, 92803 ,SINAPI,"CORTE E DOBRA DE AÇO CA-50, DIÂMETRO DE 10,0 MM. AF_06/2022",Armação para Estruturas de Concreto Armado,,KG,"1,0000000","8,12","8,12"
Insumo, 00039017 ,SINAPI,"ESPACADOR / DISTANCIADOR CIRCULAR COM ENTRADA LATERAL, EM PLASTICO, PARA VERGALHAO *4,2 A 12,5* MM, COBRIMENTO 20 MM",Material,,UN,"0,3570000","0,18","0,06"
Insumo, 00043132 ,SINAPI,"ARAME RECOZIDO 16 BWG, D = 1,65 MM (0,016 KG/M) OU 18 BWG, D = 1,25 MM (0,01 KG/M)",Material,,KG,"0,0250000","12,66","0,31"
,,,,,,,,,
,,,,,,,,,
,,,,,,,,,
 6.1.16 ,Código,Banco,Descrição,Tipo,,Und,Quant.,Valor Unit,Total
Composição, 92772 ,SINAPI,"ARMAÇÃO DE LAJE DE ESTRUTURA CONVENCIONAL DE CONCRETO ARMADO UTILIZANDO AÇO CA-50 DE 12,5 MM - MONTAGEM. AF_06/2022",Armação para Estruturas de Concreto Armado,,KG,"1,0000000","7,60","7,60"
Composição Auxiliar, 88238 ,SINAPI,AJUDANTE DE ARMADOR COM ENCARGOS COMPLEMENTARES,Livro SINAPI: Cálculos e Parâmetros,,H,"0,0016583","24,55","0,04"
Composição Auxiliar, 88245 ,SINAPI,ARMADOR COM ENCARGOS COMPLEMENTARES,Livro SINAPI: Cálculos e Parâmetros,,H,"0,0103105","29,08","0,29"
Composição Auxiliar, 92804 ,SINAPI,"CORTE E DOBRA DE AÇO CA-50, DIÂMETRO DE 12,5 MM. AF_06/2022",Armação para Estruturas de Concreto Armado,,KG,"1,0000000","6,94","6,94"
Insumo, 00039017 ,SINAPI,"ESPACADOR / DISTANCIADOR CIRCULAR COM ENTRADA LATERAL, EM PLASTICO, PARA VERGALHAO *4,2 A 12,5* MM, COBRIMENTO 20 MM",Material,,UN,"0,1470000","0,18","0,02"
Insumo, 00043132 ,SINAPI,"ARAME RECOZIDO 16 BWG, D = 1,65 MM (0,016 KG/M) OU 18 BWG, D = 1,25 MM (0,01 KG/M)",Material,,KG,"0,0250000","12,66","0,31"
,,,,,,,,,
,,,,,,,,,
,,,,,,,,,
 6.1.17 ,Código,Banco,Descrição,Tipo,,Und,Quant.,Valor Unit,Total
Composição, 103672 ,SINAPI,"CONCRETAGEM DE PILARES, FCK = 25 MPA, COM USO DE BOMBA - LANÇAMENTO, ADENSAMENTO E ACABAMENTO. AF_02/2022_PS",Concretagem para Estruturas de Concreto Armado,,m³,"1,0000000","501,28","501,28"
Composição Auxiliar, 88262 ,SINAPI,CARPINTEIRO DE FORMAS COM ENCARGOS COMPLEMENTARES,Livro SINAPI: Cálculos e Parâmetros,,H,"0,1729281","28,79","4,97"
Composição Auxiliar, 88309 ,SINAPI,PEDREIRO COM ENCARGOS COMPLEMENTARES,Livro SINAPI: Cálculos e Parâmetros,,H,"0,1729281","29,21","5,05"
Composição Auxiliar, 88316 ,SINAPI,SERVENTE COM ENCARGOS COMPLEMENTARES,Livro SINAPI: Cálculos e Parâmetros,,H,"1,0383403","23,37","24,26"
Composição Auxiliar, 90586 ,SINAPI,"VIBRADOR DE IMERSÃO, DIÂMETRO DE PONTEIRA 45MM, MOTOR ELÉTRICO TRIFÁSICO POTÊNCIA DE 2 CV - CHP DIURNO. AF_06/2015",Custos Horários Produtivo e Improdutivo dos Equipamentos,,CHP,"0,0940000","1,06","0,09"
Composição Auxiliar, 90587 ,SINAPI,"VIBRADOR DE IMERSÃO, DIÂMETRO DE PONTEIRA 45MM, MOTOR ELÉTRICO TRIFÁSICO POTÊNCIA DE 2 CV - CHI DIURNO. AF_06/2015",Custos Horários Produtivo e Improdutivo dos Equipamentos,,CHI,"0,1300000","0,42","0,05"
Insumo, 00001527 ,SINAPI,"CONCRETO USINADO BOMBEAVEL, CLASSE DE RESISTENCIA C25, BRITA 0 E 1, SLUMP = 100 +/- 20 MM, COM BOMBEAMENTO (DISPONIBILIZACAO DE BOMBA), SEM O LANCAMENTO (NBR 8953)",Material,,m³,"1,1030000","423,27","466,86"
,,,,,,,,,
,,,,,,,,,
,,,,,,,,,
 6.1.18 ,Código,Banco,Descrição,Tipo,,Und,Quant.,Valor Unit,Total
Composição, 103675 ,SINAPI,"CONCRETAGEM DE VIGAS E LAJES, FCK=25 MPA, PARA LAJES MACIÇAS OU NERVURADAS COM USO DE BOMBA - LANÇAMENTO, ADENSAMENTO E ACABAMENTO. AF_02/2022_PS",Concretagem para Estruturas de Concreto Armado,,m³,"1,0000000","501,68","501,68"
Composição Auxiliar, 88262 ,SINAPI,CARPINTEIRO DE FORMAS COM ENCARGOS COMPLEMENTARES,Livro SINAPI: Cálculos e Parâmetros,,H,"0,0965475","28,79","2,77"
Composição Auxiliar, 88309 ,SINAPI,PEDREIRO COM ENCARGOS COMPLEMENTARES,Livro SINAPI: Cálculos e Parâmetros,,H,"0,5816024","29,21","16,98"
Composição Auxiliar, 88316 ,SINAPI,SERVENTE COM ENCARGOS COMPLEMENTARES,Livro SINAPI: Cálculos e Parâmetros,,H,"0,6379862","23,37","14,90"
Composição Auxiliar, 90586 ,SINAPI,"VIBRADOR DE IMERSÃO, DIÂMETRO DE PONTEIRA 45MM, MOTOR ELÉTRICO TRIFÁSICO POTÊNCIA DE 2 CV - CHP DIURNO. AF_06/2015",Custos Horários Produtivo e Improdutivo dos Equipamentos,,CHP,"0,1200000","1,06","0,12"
Composição Auxiliar, 90587 ,SINAPI,"VIBRADOR DE IMERSÃO, DIÂMETRO DE PONTEIRA 45MM, MOTOR ELÉTRICO TRIFÁSICO POTÊNCIA DE 2 CV - CHI DIURNO. AF_06/2015",Custos Horários Produtivo e Improdutivo dos Equipamentos,,CHI,"0,1310000","0,42","0,05"
Insumo, 00001527 ,SINAPI,"CONCRETO USINADO BOMBEAVEL, CLASSE DE RESISTENCIA C25, BRITA 0 E 1, SLUMP = 100 +/- 20 MM, COM BOMBEAMENTO (DISPONIBILIZACAO DE BOMBA), SEM O LANCAMENTO (NBR 8953)",Material,,m³,"1,1030000","423,27","466,86"
,,,,,,,,,
,,,,,,,,,
,,,,,,,,,
 6.1.19 ,Código,Banco,Descrição,Tipo,,Und,Quant.,Valor Unit,Total
Composição, B0029 ,Próprio,CONTROLE TECNOLÓGICO DE CONCRETO C/ ROMPIMENTO DE CORPO DE PROVA À COMPRESSÃO,ASTU - ASSENTAMENTO DE TUBOS E PECAS,,UN,"1,0000000","83,07","83,07"
Composição Auxiliar, 88249 ,SINAPI,AUXILIAR DE LABORATÓRIO COM ENCARGOS COMPLEMENTARES,Livro SINAPI: Cálculos e Parâmetros,,H,"1,0838515","30,78","33,36"
Composição Auxiliar, 88321 ,SINAPI,TÉCNICO DE LABORATÓRIO COM ENCARGOS COMPLEMENTARES,Livro SINAPI: Cálculos e Parâmetros,,H,"0,5419258","33,62","18,21"
Insumo, I9071 ,SEINFRA,RESISTÊNCIA À COMPRESSÃO CORPO-DE-PROVA CILÍNDRICO DE CONCRETO E ARGAMASSA,Material,,UN,"1,0000000","31,50","31,50"
,,,,,,,,,
,,,,,,,,,
,,,,,,,,,
 6.1.20 ,Código,Banco,Descrição,Tipo,,Und,Quant.,Valor Unit,Total
Composição, 97102 ,SINAPI,"EXECUÇÃO DE RADIER, ESPESSURA DE 15 CM, FCK = 30 MPA, COM USO DE FORMAS EM MADEIRA SERRADA. AF_09/2021","Radier, Piso de Concreto e Laje sobre Solo",,m²,"1,0000000","173,72","173,72"
Composição Auxiliar, 96624 ,SINAPI,"LASTRO COM MATERIAL GRANULAR (PEDRA BRITADA N.2), APLICADO EM PISOS OU LAJES SOBRE SOLO, ESPESSURA DE *10 CM*. AF_01/2024",Lastro,,m³,"0,1000000","169,88","16,98"
Composição Auxiliar, 97082 ,SINAPI,ESCAVAÇÃO MANUAL DE VIGA DE BORDA PARA RADIER. AF_09/2021,"Radier, Piso de Concreto e Laje sobre Solo",,m³,"0,0350000","67,86","2,37"
Composição Auxiliar, 97083 ,SINAPI,"COMPACTAÇÃO MECÂNICA DE SOLO PARA EXECUÇÃO DE RADIER, PISO DE CONCRETO OU LAJE SOBRE SOLO, COM COMPACTADOR DE SOLOS A PERCUSSÃO. AF_09/2021","Radier, Piso de Concreto e Laje sobre Solo",,m²,"1,0000000","3,53","3,53"
Composição Auxiliar, 97086 ,SINAPI,"FABRICAÇÃO, MONTAGEM E DESMONTAGEM DE FORMA PARA RADIER, PISO DE CONCRETO OU LAJE SOBRE SOLO, EM MADEIRA SERRADA, 4 UTILIZAÇÕES. AF_09/2021","Radier, Piso de Concreto e Laje sobre Solo",,m²,"0,1000000","131,62","13,16"
Composição Auxiliar, 97087 ,SINAPI,"CAMADA SEPARADORA PARA EXECUÇÃO DE RADIER, PISO DE CONCRETO OU LAJE SOBRE SOLO, EM LONA PLÁSTICA. AF_09/2021","Radier, Piso de Concreto e Laje sobre Solo",,m²,"1,2400000","1,52","1,88"
Composição Auxiliar, 97090 ,SINAPI,"ARMAÇÃO PARA EXECUÇÃO DE RADIER, PISO DE CONCRETO OU LAJE SOBRE SOLO, COM USO DE TELA Q-138. AF_09/2021","Radier, Piso de Concreto e Laje sobre Solo",,KG,"4,4000000","10,51","46,24"
Composição Auxiliar, 97096 ,SINAPI,"CONCRETAGEM DE RADIER, PISO DE CONCRETO OU LAJE SOBRE SOLO, FCK 30 MPA - LANÇAMENTO, ADENSAMENTO E ACABAMENTO. AF_09/2021","Radier, Piso de Concreto e Laje sobre Solo",,m³,"0,1850000","484,13","89,56"
,,,,,,,,,
,,,,,,,,,
,,,,,,,,,
 7 ,,,ALVENARIA/VEDAÇÃO/DIVISÓRIA,,,,,,
 7.1 ,Código,Banco,Descrição,Tipo,,Und,Quant.,Valor Unit,Total
Composição, 103328 ,SINAPI,ALVENARIA DE VEDAÇÃO DE BLOCOS CERÂMICOS FURADOS NA HORIZONTAL DE 9X19X19 CM (ESPESSURA 9 CM) E ARGAMASSA DE ASSENTAMENTO COM PREPARO EM BETONEIRA. AF_12/2021,Alvenaria de Vedação,,m²,"1,0000000","77,18","77,18"
Composição Auxiliar, 87292 ,SINAPI,"ARGAMASSA TRAÇO 1:2:8 (EM VOLUME DE CIMENTO, CAL E AREIA MÉDIA ÚMIDA) PARA EMBOÇO/MASSA ÚNICA/ASSENTAMENTO DE ALVENARIA DE VEDAÇÃO, PREPARO MECÂNICO COM BETONEIRA 400 L. AF_08/2019",Argamassas,,m³,"0,0091000","529,30","4,81"
Composição Auxiliar, 88309 ,SINAPI,PEDREIRO COM ENCARGOS COMPLEMENTARES,Livro SINAPI: Cálculos e Parâmetros,,H,"1,2779420","29,21","37,32"
Composição Auxiliar, 88316 ,SINAPI,SERVENTE COM ENCARGOS COMPLEMENTARES,Livro SINAPI: Cálculos e Parâmetros,,H,"0,6389709","23,37","14,93"
Insumo, 00007271 ,SINAPI,"BLOCO CERAMICO / TIJOLO VAZADO PARA ALVENARIA DE VEDACAO, 8 FUROS NA HORIZONTAL DE 9 X 19 X 19 CM (L X A X C)",Material,,UN,"28,3100000","0,68","19,25"
Insumo, 00034557 ,SINAPI,"TELA DE ACO SOLDADA GALVANIZADA/ZINCADA PARA ALVENARIA, FIO D = *1,20 A 1,70* MM, MALHA 15 X 15 MM, (C X L) *50 X 7,5* CM",Material,,M,"0,4200000","1,66","0,69"
Insumo, 00037395 ,SINAPI,"PINO DE ACO COM FURO, HASTE = 27 MM (ACAO DIRETA)",Material,,CENTO,"0,0050000","36,20","0,18"
,,,,,,,,,
,,,,,,,,,
,,,,,,,,,
 7.2 ,Código,Banco,Descrição,Tipo,,Und,Quant.,Valor Unit,Total
Composição, 103324 ,SINAPI,ALVENARIA DE VEDAÇÃO DE BLOCOS CERÂMICOS FURADOS NA VERTICAL DE 14X19X39 CM (ESPESSURA 14 CM) E ARGAMASSA DE ASSENTAMENTO COM PREPARO EM BETONEIRA. AF_12/2021,Alvenaria de Vedação,,m²,"1,0000000","64,21","64,21"
Composição Auxiliar, 87292 ,SINAPI,"ARGAMASSA TRAÇO 1:2:8 (EM VOLUME DE CIMENTO, CAL E AREIA MÉDIA ÚMIDA) PARA EMBOÇO/MASSA ÚNICA/ASSENTAMENTO DE ALVENARIA DE VEDAÇÃO, PREPARO MECÂNICO COM BETONEIRA 400 L. AF_08/2019",Argamassas,,m³,"0,0118000","529,30","6,24"
Composição Auxiliar, 88309 ,SINAPI,PEDREIRO COM ENCARGOS COMPLEMENTARES,Livro SINAPI: Cálculos e Parâmetros,,H,"0,6771567","29,21","19,77"
Composição Auxiliar, 88316 ,SINAPI,SERVENTE COM ENCARGOS COMPLEMENTARES,Livro SINAPI: Cálculos e Parâmetros,,H,"0,3385784","23,37","7,91"
Insumo, 00034547 ,SINAPI,"TELA DE ACO SOLDADA GALVANIZADA/ZINCADA PARA ALVENARIA, FIO D = *1,20 A 1,70* MM, MALHA 15 X 15 MM, (C X L) *50 X 12* CM",Material,,M,"0,4200000","2,62","1,10"
Insumo, 00037395 ,SINAPI,"PINO DE ACO COM FURO, HASTE = 27 MM (ACAO DIRETA)",Material,,CENTO,"0,0100000","36,20","0,36"
Insumo, 00037593 ,SINAPI,"BLOCO CERAMICO / TIJOLO VAZADO PARA ALVENARIA DE VEDACAO, FUROS NA VERTICAL DE 14 X 19 X 39 CM (L X A X C)",Material,,UN,"13,6000000","2,12","28,83"
,,,,,,,,,
,,,,,,,,,
,,,,,,,,,
 7.3 ,Código,Banco,Descrição,Tipo,,Und,Quant.,Valor Unit,Total
Composição, 101161 ,SINAPI,ALVENARIA DE VEDAÇÃO COM ELEMENTO VAZADO DE CONCRETO (COBOGÓ) DE 7X50X50CM E ARGAMASSA DE ASSENTAMENTO COM PREPARO EM BETONEIRA. AF_05/2020,Alvenarias Diversas,,m²,"1,0000000","193,71","193,71"
Composição Auxiliar, 100489 ,SINAPI,"ARGAMASSA TRAÇO 1:3 (EM VOLUME DE CIMENTO E AREIA MÉDIA ÚMIDA), PREPARO MECÂNICO COM BETONEIRA 600 L. AF_08/2019",Argamassas,,m³,"0,0100000","480,31","4,80"
Composição Auxiliar, 88309 ,SINAPI,PEDREIRO COM ENCARGOS COMPLEMENTARES,Livro SINAPI: Cálculos e Parâmetros,,H,"1,6271497","29,21","47,52"
Composição Auxiliar, 88316 ,SINAPI,SERVENTE COM ENCARGOS COMPLEMENTARES,Livro SINAPI: Cálculos e Parâmetros,,H,"0,8139707","23,37","19,02"
Insumo, 00000665 ,SINAPI,"ELEMENTO VAZADO DE CONCRETO, QUADRICULADO, 16 FUROS *50 X 50 X 7* CM",Material,,UN,"3,9500000","30,98","122,37"
,,,,,,,,,
,,,,,,,,,
,,,,,,,,,
 7.4 ,Código,Banco,Descrição,Tipo,,Und,Quant.,Valor Unit,Total
Composição, 93187 ,SINAPI,"VERGA MOLDADA IN LOCO EM CONCRETO, ESPESSURA DE *20* CM. AF_03/2024","Vergas, contravergas e fixação de alvenaria",,M,"1,0000000","64,17","64,17"
Composição Auxiliar, 88309 ,SINAPI,PEDREIRO COM ENCARGOS COMPLEMENTARES,Livro SINAPI: Cálculos e Parâmetros,,H,"0,4400306","29,21","12,85"
Composição Auxiliar, 88316 ,SINAPI,SERVENTE COM ENCARGOS COMPLEMENTARES,Livro SINAPI: Cálculos e Parâmetros,,H,"0,2200153","23,37","5,14"
Composição Auxiliar, 92270 ,SINAPI,"FABRICAÇÃO DE FÔRMA PARA VIGAS, COM MADEIRA SERRADA, E = 25 MM. AF_09/2020",Fôrmas para Estruturas de Concreto Armado,,m²,"0,1140000","157,72","17,98"
Composição Auxiliar, 92802 ,SINAPI,"CORTE E DOBRA DE AÇO CA-50, DIÂMETRO DE 8,0 MM. AF_06/2022",Armação para Estruturas de Concreto Armado,,KG,"0,7900000","8,85","6,99"
Composição Auxiliar, 94964 ,SINAPI,"CONCRETO FCK = 20MPA, TRAÇO 1:2,7:3 (EM MASSA SECA DE CIMENTO/ AREIA MÉDIA/ BRITA 1) - PREPARO MECÂNICO COM BETONEIRA 400 L. AF_05/2021",Produção de Concreto,,m³,"0,0430000","423,37","18,20"
Insumo, 00002692 ,SINAPI,"DESMOLDANTE PROTETOR PARA FORMAS DE MADEIRA, DE BASE OLEOSA EMULSIONADA EM AGUA",Material,,L,"0,0100000","7,96","0,07"
Insumo, 00004491 ,SINAPI,"PONTALETE *7,5 X 7,5* CM EM PINUS, MISTA OU EQUIVALENTE DA REGIAO - BRUTA",Material,,M,"0,2030000","9,17","1,86"
Insumo, 00039017 ,SINAPI,"ESPACADOR / DISTANCIADOR CIRCULAR COM ENTRADA LATERAL, EM PLASTICO, PARA VERGALHAO *4,2 A 12,5* MM, COBRIMENTO 20 MM",Material,,UN,"6,0000000","0,18","1,08"
,,,,,,,,,
,,,,,,,,,
,,,,,,,,,
 7.5 ,Código,Banco,Descrição,Tipo,,Und,Quant.,Valor Unit,Total
Composição, 105030 ,SINAPI,"CONTRAVERGA MOLDADA IN LOCO EM CONCRETO, ESPESSURA DE *10* CM. AF_03/2024","Vergas, contravergas e fixação de alvenaria",,M,"1,0000000","34,79","34,79"
Composição Auxiliar, 88309 ,SINAPI,PEDREIRO COM ENCARGOS COMPLEMENTARES,Livro SINAPI: Cálculos e Parâmetros,,H,"0,1414085","29,21","4,13"
Composição Auxiliar, 88316 ,SINAPI,SERVENTE COM ENCARGOS COMPLEMENTARES,Livro SINAPI: Cálculos e Parâmetros,,H,"0,0710363","23,37","1,66"
Composição Auxiliar, 92270 ,SINAPI,"FABRICAÇÃO DE FÔRMA PARA VIGAS, COM MADEIRA SERRADA, E = 25 MM. AF_09/2020",Fôrmas para Estruturas de Concreto Armado,,m²,"0,0760000","157,72","11,98"
Composição Auxiliar, 92802 ,SINAPI,"CORTE E DOBRA DE AÇO CA-50, DIÂMETRO DE 8,0 MM. AF_06/2022",Armação para Estruturas de Concreto Armado,,KG,"0,7900000","8,85","6,99"
Composição Auxiliar, 94964 ,SINAPI,"CONCRETO FCK = 20MPA, TRAÇO 1:2,7:3 (EM MASSA SECA DE CIMENTO/ AREIA MÉDIA/ BRITA 1) - PREPARO MECÂNICO COM BETONEIRA 400 L. AF_05/2021",Produção de Concreto,,m³,"0,0210000","423,37","8,89"
Insumo, 00002692 ,SINAPI,"DESMOLDANTE PROTETOR PARA FORMAS DE MADEIRA, DE BASE OLEOSA EMULSIONADA EM AGUA",Material,,L,"0,0080000","7,96","0,06"
Insumo, 00039017 ,SINAPI,"ESPACADOR / DISTANCIADOR CIRCULAR COM ENTRADA LATERAL, EM PLASTICO, PARA VERGALHAO *4,2 A 12,5* MM, COBRIMENTO 20 MM",Material,,UN,"6,0000000","0,18","1,08"
,,,,,,,,,
,,,,,,,,,
,,,,,,,,,
 7.6 ,Código,Banco,Descrição,Tipo,,Und,Quant.,Valor Unit,Total
Composição, 93200 ,SINAPI,FIXAÇÃO (ENCUNHAMENTO) DE ALVENARIA DE VEDAÇÃO COM ARGAMASSA APLICADA COM BISNAGA. AF_03/2024,"Vergas, contravergas e fixação de alvenaria",,M,"1,0000000","9,72","9,72"
Composição Auxiliar, 87294 ,SINAPI,"ARGAMASSA TRAÇO 1:2:9 (EM VOLUME DE CIMENTO, CAL E AREIA MÉDIA ÚMIDA) PARA EMBOÇO/MASSA ÚNICA/ASSENTAMENTO DE ALVENARIA DE VEDAÇÃO, PREPARO MECÂNICO COM BETONEIRA 600 L. AF_08/2019",Argamassas,,m³,"0,0040000","504,35","2,01"
Composição Auxiliar, 88309 ,SINAPI,PEDREIRO COM ENCARGOS COMPLEMENTARES,Livro SINAPI: Cálculos e Parâmetros,,H,"0,2295314","29,21","6,70"
Composição Auxiliar, 88316 ,SINAPI,SERVENTE COM ENCARGOS COMPLEMENTARES,Livro SINAPI: Cálculos e Parâmetros,,H,"0,0433822","23,37","1,01"
,,,,,,,,,
,,,,,,,,,
,,,,,,,,,
 7.7 ,Código,Banco,Descrição,Tipo,,Und,Quant.,Valor Unit,Total
Composição, G0002 ,Próprio,"FIXAÇÃO (ENCUNHAMENTO) DE ALVENARIA DE VEDAÇÃO COM ARGAMASSA,  COM ADITIVO IMPERMEABILIZANTE, APLICADA COM BISNAGA",ASTU - ASSENTAMENTO DE TUBOS E PECAS,,M,"1,0000000","10,04","10,04"
Composição Auxiliar, 88309 ,SINAPI,PEDREIRO COM ENCARGOS COMPLEMENTARES,Livro SINAPI: Cálculos e Parâmetros,,H,"0,2295314","29,21","6,70"
Composição Auxiliar, 88316 ,SINAPI,SERVENTE COM ENCARGOS COMPLEMENTARES,Livro SINAPI: Cálculos e Parâmetros,,H,"0,0433822","23,37","1,01"
Composição Auxiliar, 87294 ,SINAPI,"ARGAMASSA TRAÇO 1:2:9 (EM VOLUME DE CIMENTO, CAL E AREIA MÉDIA ÚMIDA) PARA EMBOÇO/MASSA ÚNICA/ASSENTAMENTO DE ALVENARIA DE VEDAÇÃO, PREPARO MECÂNICO COM BETONEIRA 600 L. AF_08/2019",Argamassas,,m³,"0,0040000","504,35","2,01"
Insumo, 00000123 ,SINAPI,"ADITIVO IMPERMEABILIZANTE DE PEGA NORMAL PARA ARGAMASSAS E CONCRETOS SEM ARMACAO, LIQUIDO E ISENTO DE CLORETOS",Material,,L,"0,0392000","8,29","0,32"
,,,,,,,,,
,,,,,,,,,
,,,,,,,,,
 7.8 ,Código,Banco,Descrição,Tipo,,Und,Quant.,Valor Unit,Total
Composição, 96358 ,SINAPI,"PAREDE COM SISTEMA EM CHAPAS DE GESSO PARA DRYWALL, USO INTERNO, COM DUAS FACES SIMPLES E ESTRUTURA METÁLICA COM GUIAS SIMPLES, SEM VÃOS. AF_07/2023_PS",Paredes em Drywall,,m²,"1,0000000","82,60","82,60"
Composição Auxiliar, 88278 ,SINAPI,MONTADOR DE ESTRUTURA METÁLICA COM ENCARGOS COMPLEMENTARES,Livro SINAPI: Cálculos e Parâmetros,,H,"0,4143147","25,38","10,51"
Composição Auxiliar, 88316 ,SINAPI,SERVENTE COM ENCARGOS COMPLEMENTARES,Livro SINAPI: Cálculos e Parâmetros,,H,"0,1357239","23,37","3,17"
Insumo, 00037586 ,SINAPI,"PINO DE ACO COM ARRUELA CONICA, DIAMETRO ARRUELA = *23* MM E COMP HASTE = *27* MM (ACAO INDIRETA)",Material,,CENTO,"0,0248000","42,10","1,04"
Insumo, 00039413 ,SINAPI,"PLACA / CHAPA DE GESSO ACARTONADO, STANDARD (ST), COR BRANCA, E = 12,5 MM, 1200 X 2400 MM (L X C)",Material,,m²,"2,1060000","17,82","37,52"
Insumo, 00039419 ,SINAPI,"PERFIL GUIA, FORMATO U, EM ACO ZINCADO, PARA ESTRUTURA PAREDE DRYWALL, E = 0,5 MM, 70 X 3000 MM (L X C)",Material,,M,"0,7624000","7,37","5,61"
Insumo, 00039422 ,SINAPI,"PERFIL MONTANTE, FORMATO C, EM ACO ZINCADO, PARA ESTRUTURA PAREDE DRYWALL, E = 0,5 MM, 70 X 3000 MM (L X C)",Material,,M,"2,0006000","8,36","16,72"
Insumo, 00039431 ,SINAPI,"FITA DE PAPEL MICROPERFURADO, 50 X 150 MM, PARA TRATAMENTO DE JUNTAS DE CHAPA DE GESSO PARA DRYWALL",Material,,M,"2,5027000","0,28","0,70"
Insumo, 00039432 ,SINAPI,FITA DE PAPEL REFORCADA COM LAMINA DE METAL PARA REFORCO DE CANTOS DE CHAPA DE GESSO PARA DRYWALL,Material,,M,"0,7407000","2,46","1,82"
Insumo, 00039434 ,SINAPI,"MASSA DE REJUNTE EM PO PARA DRYWALL, A BASE DE GESSO, SECAGEM RAPIDA, PARA TRATAMENTO DE JUNTAS DE CHAPA DE GESSO (NECESSITA ADICAO DE AGUA)",Material,,KG,"1,0978000","3,09","3,39"
Insumo, 00039435 ,SINAPI,"PARAFUSO DRY WALL, EM ACO FOSFATIZADO, CABECA TROMBETA E PONTA AGULHA (TA), COMPRIMENTO 25 MM",Material,,UN,"20,1868000","0,10","2,01"
Insumo, 00039443 ,SINAPI,"PARAFUSO DRY WALL, EM ACO ZINCADO, CABECA LENTILHA E PONTA BROCA (LB), LARGURA 4,2 MM, COMPRIMENTO 13 MM",Material,,UN,"0,4803000","0,24","0,11"
,,,,,,,,,
,,,,,,,,,
,,,,,,,,,
 7.9 ,Código,Banco,Descrição,Tipo,,Und,Quant.,Valor Unit,Total
Composição, 96374 ,SINAPI,INSTALAÇÃO DE REFORÇO DE MADEIRA EM PAREDE DRYWALL. AF_07/2023,Paredes em Drywall,,M,"1,0000000","25,86","25,86"
Composição Auxiliar, 88278 ,SINAPI,MONTADOR DE ESTRUTURA METÁLICA COM ENCARGOS COMPLEMENTARES,Livro SINAPI: Cálculos e Parâmetros,,H,"0,0638247","25,38","1,61"
Composição Auxiliar, 88316 ,SINAPI,SERVENTE COM ENCARGOS COMPLEMENTARES,Livro SINAPI: Cálculos e Parâmetros,,H,"0,0210154","23,37","0,49"
Insumo, 00003990 ,SINAPI,"TABUA APARELHADA *2,5 X 25* CM, EM MACARANDUBA/MASSARANDUBA, ANGELIM OU EQUIVALENTE DA REGIAO",Material,,M,"1,1000000","19,94","21,93"
Insumo, 00039443 ,SINAPI,"PARAFUSO DRY WALL, EM ACO ZINCADO, CABECA LENTILHA E PONTA BROCA (LB), LARGURA 4,2 MM, COMPRIMENTO 13 MM",Material,,UN,"7,6364000","0,24","1,83"
,,,,,,,,,
,,,,,,,,,
,,,,,,,,,
 8 ,,,ESQUADRIAS,,,,,,
 8.1 ,Código,Banco,Descrição,Tipo,,Und,Quant.,Valor Unit,Total
Composição, 99855 ,SINAPI,"CORRIMÃO SIMPLES, DIÂMETRO EXTERNO = 1 1/2"", EM AÇO GALVANIZADO. AF_04/2019_PS","Guarda-Corpo, Corrimão e Grade para Esquadrias",,M,"1,0000000","86,99","86,99"
Composição Auxiliar, 88251 ,SINAPI,AUXILIAR DE SERRALHEIRO COM ENCARGOS COMPLEMENTARES,Livro SINAPI: Cálculos e Parâmetros,,H,"0,6185237","24,55","15,18"
Composição Auxiliar, 88315 ,SINAPI,SERRALHEIRO COM ENCARGOS COMPLEMENTARES,Livro SINAPI: Cálculos e Parâmetros,,H,"0,7536767","29,01","21,86"
Insumo, 00007568 ,SINAPI,"BUCHA DE NYLON SEM ABA S10, COM PARAFUSO DE 6,10 X 65 MM EM ACO ZINCADO COM ROSCA SOBERBA, CABECA CHATA E FENDA PHILLIPS",Material,,UN,"3,2730000","0,74","2,42"
Insumo, 00011002 ,SINAPI,"ELETRODO REVESTIDO AWS - E6013, DIAMETRO IGUAL A 2,50 MM",Material,,KG,"0,0040000","37,09","0,14"
Insumo, 00011033 ,SINAPI,SUPORTE PARA CALHA DE 150 MM EM ACO GALVANIZADO,Material,,UN,"1,0910000","3,94","4,29"
Insumo, 00021012 ,SINAPI,"TUBO ACO GALVANIZADO COM COSTURA, CLASSE LEVE, DN 40 MM (1 1/2""), E = 3,00 MM, *3,48* KG/M (NBR 5580)",Material,,M,"1,0290000","41,89","43,10"
,,,,,,,,,
,,,,,,,,,
,,,,,,,,,
 8.2 ,Código,Banco,Descrição,Tipo,,Und,Quant.,Valor Unit,Total
Composição, 94570 ,SINAPI,"JANELA DE ALUMÍNIO DE CORRER COM 2 FOLHAS PARA VIDROS (VIDROS INCLUSOS), BATENTE/ REQUADRO 6 A 14 CM, ACABAMENTO COM ACETATO OU BRILHANTE, FIXAÇÃO COM PARAFUSO, SEM GUARNIÇÃO/ ALIZAR, DIMENSÕES 100X120 CM, VEDAÇÃO COM SILICONE, EXCLUSIVE CONTRAMARCO - FORNECIMENTO E INSTALAÇÃO. AF_11/2024",Esquadrias - Janelas,,m²,"1,0000000","301,99","301,99"
Composição Auxiliar, 88309 ,SINAPI,PEDREIRO COM ENCARGOS COMPLEMENTARES,Livro SINAPI: Cálculos e Parâmetros,,H,"0,2332758","29,21","6,81"
Composição Auxiliar, 88316 ,SINAPI,SERVENTE COM ENCARGOS COMPLEMENTARES,Livro SINAPI: Cálculos e Parâmetros,,H,"0,1166379","23,37","2,72"
Insumo, 00004377 ,SINAPI,"PARAFUSO DE ACO ZINCADO COM ROSCA SOBERBA, CABECA CHATA E FENDA SIMPLES, DIAMETRO 4,2 MM, COMPRIMENTO * 32 * MM",Material,,UN,"9,2000000","0,18","1,65"
Insumo, 00036896 ,SINAPI,"JANELA DE CORRER, EM ALUMINIO PERFIL 25, 100 X 120 CM (A X L), 2 FLS MOVEIS, SEM BANDEIRA, ACABAMENTO BRANCO OU BRILHANTE, BATENTE DE 6 A 7 CM, COM VIDRO 4 MM, SEM GUARNICAO",Material,,UN,"0,8333000","327,96","273,28"
Insumo, 00039961 ,SINAPI,SILICONE ACETICO USO GERAL INCOLOR 280 G,Material,,UN,"0,6678571","26,26","17,53"
,,,,,,,,,
,,,,,,,,,
,,,,,,,,,
 8.3 ,Código,Banco,Descrição,Tipo,,Und,Quant.,Valor Unit,Total
Composição, 94569 ,SINAPI,"JANELA DE ALUMÍNIO TIPO MAXIM-AR, BATENTE/ REQUADRO 3 A 14 CM, VIDRO INCLUSO, FIXAÇÃO COM PARAFUSO, SEM GUARNIÇÃO/ ALIZAR, DIMENSÕES 60X80 (A X L) CM, SEM ACABAMENTO, VEDAÇÃO COM SILICONE, EXCLUSIVE CONTRAMARCO - FORNECIMENTO E INSTALAÇÃO. AF_11/2024",Esquadrias - Janelas,,m²,"1,0000000","569,93","569,93"
Composição Auxiliar, 88309 ,SINAPI,PEDREIRO COM ENCARGOS COMPLEMENTARES,Livro SINAPI: Cálculos e Parâmetros,,H,"0,7760200","29,21","22,66"
Composição Auxiliar, 88316 ,SINAPI,SERVENTE COM ENCARGOS COMPLEMENTARES,Livro SINAPI: Cálculos e Parâmetros,,H,"0,3880100","23,37","9,06"
Insumo, 00004377 ,SINAPI,"PARAFUSO DE ACO ZINCADO COM ROSCA SOBERBA, CABECA CHATA E FENDA SIMPLES, DIAMETRO 4,2 MM, COMPRIMENTO * 32 * MM",Material,,UN,"24,4000000","0,18","4,39"
Insumo, 00034381 ,SINAPI,"JANELA MAXIM-AR, EM ALUMINIO PERFIL 25, 60 X 80 CM (A X L), ACABAMENTO BRANCO OU BRILHANTE, BATENTE DE 4 A 5 CM, COM VIDRO 4 MM, SEM GUARNICAO/ALIZAR",Material,,UN,"2,0833000","241,51","503,13"
Insumo, 00039961 ,SINAPI,SILICONE ACETICO USO GERAL INCOLOR 280 G,Material,,UN,"1,1687500","26,26","30,69"
,,,,,,,,,
,,,,,,,,,
,,,,,,,,,
 8.4 ,Código,Banco,Descrição,Tipo,,Und,Quant.,Valor Unit,Total
Composição, 100674 ,SINAPI,"CAIXILHO FIXO DE ALUMÍNIO PARA VIDRO (VIDRO INCLUSO), BATENTE/ REQUADRO DE 4 A 14 CM, SEM GUARNIÇÃO/ ALIZAR, FIXAÇÃO COM PARAFUSOS, VEDAÇÃO COM SILICONE, EXCLUSIVE CONTRAMARCO - FORNECIMENTO E INSTALAÇÃO. AF_11/2024",Esquadrias - Janelas,,m²,"1,0000000","654,66","654,66"
Composição Auxiliar, 88309 ,SINAPI,PEDREIRO COM ENCARGOS COMPLEMENTARES,Livro SINAPI: Cálculos e Parâmetros,,H,"0,5555799","29,21","16,22"
Composição Auxiliar, 88316 ,SINAPI,SERVENTE COM ENCARGOS COMPLEMENTARES,Livro SINAPI: Cálculos e Parâmetros,,H,"0,2777901","23,37","6,49"
Insumo, 00000599 ,SINAPI,"JANELA FIXA, EM ALUMINIO PERFIL 20, 60 X 80 CM (A X L), BATENTE/REQUADRO DE 3 A 14 CM, COM VIDRO 4 MM, SEM GUARNICAO/ALIZAR, ACABAMENTO ALUM BRANCO OU BRILHANTE",Material,,m²,"1,0000000","598,13","598,13"
Insumo, 00004377 ,SINAPI,"PARAFUSO DE ACO ZINCADO COM ROSCA SOBERBA, CABECA CHATA E FENDA SIMPLES, DIAMETRO 4,2 MM, COMPRIMENTO * 32 * MM",Material,,UN,"17,4130000","0,18","3,13"
Insumo, 00039961 ,SINAPI,SILICONE ACETICO USO GERAL INCOLOR 280 G,Material,,UN,"1,1688000","26,26","30,69"
,,,,,,,,,
,,,,,,,,,
,,,,,,,,,
 8.5 ,Código,Banco,Descrição,Tipo,,Und,Quant.,Valor Unit,Total
Composição, 94589 ,SINAPI,"CONTRAMARCO DE ALUMÍNIO, FIXAÇÃO COM ARGAMASSA - FORNECIMENTO E INSTALAÇÃO. AF_11/2024",Esquadrias - Janelas,,M,"1,0000000","17,14","17,14"
Composição Auxiliar, 88309 ,SINAPI,PEDREIRO COM ENCARGOS COMPLEMENTARES,Livro SINAPI: Cálculos e Parâmetros,,H,"0,2365628","29,21","6,90"
Composição Auxiliar, 88316 ,SINAPI,SERVENTE COM ENCARGOS COMPLEMENTARES,Livro SINAPI: Cálculos e Parâmetros,,H,"0,1182813","23,37","2,76"
Composição Auxiliar, 88629 ,SINAPI,"ARGAMASSA TRAÇO 1:3 (EM VOLUME DE CIMENTO E AREIA MÉDIA ÚMIDA), PREPARO MANUAL. AF_08/2019",Argamassas,,m³,"0,0020000","591,67","1,18"
Insumo, 00011950 ,SINAPI,"BUCHA DE NYLON SEM ABA S6, COM PARAFUSO DE 4,20 X 40 MM EM ACO ZINCADO COM ROSCA SOBERBA, CABECA CHATA E FENDA PHILLIPS",Material,,UN,"0,0000000","0,25","0,00"
Insumo, 00043657 ,SINAPI,"CONTRAMARCO DE ALUMINIO (PERFIL 25) PARA ESQUADRIAS, TIPO CONVENCIONAL / CADEIRINHA, 60 MM (CM-060), INCLUSO CONEXOES, GRAPAS E TRAVAMENTOS",Material,,M,"1,0000000","6,30","6,30"
,,,,,,,,,
,,,,,,,,,
,,,,,,,,,
 8.6 ,Código,Banco,Descrição,Tipo,,Und,Quant.,Valor Unit,Total
Composição, H0050 ,Próprio,PRENDEDOR METÁLICO PARA PORTA,ESQV - ESQUADRIAS/FERRAGENS/VIDROS,,UN,"1,0000000","37,48","37,48"
Composição Auxiliar, 88239 ,SINAPI,AJUDANTE DE CARPINTEIRO COM ENCARGOS COMPLEMENTARES,Livro SINAPI: Cálculos e Parâmetros,,H,"0,3162162","24,38","7,70"
Insumo, I1566 ,SEINFRA,PARAFUSO - 8MM COM BUCHA PLASTICA,Material,,UN,"4,0000000","0,72","2,88"
Insumo, 00011572 ,SINAPI,"TRAVA / PRENDEDOR DE PORTA, EM LATAO CROMADO, MONTADO EM PISO",Material,,UN,"1,0000000","26,90","26,90"
,,,,,,,,,
,,,,,,,,,
,,,,,,,,,
 8.7 ,Código,Banco,Descrição,Tipo,,Und,Quant.,Valor Unit,Total
Composição, H0011 ,Próprio,"PORTA EM ALUMÍNIO DE ABRIR TIPO VENEZIANA, FIXAÇÃO COM PARAFUSOS,  EXCLUSIVE GUARNIÇÃO  - FORNECIMENTO E INSTALAÇÃO. AF_12/2019",ESQV - ESQUADRIAS/FERRAGENS/VIDROS,,M²,"1,0000000","350,83","350,83"
Composição Auxiliar, 88309 ,SINAPI,PEDREIRO COM ENCARGOS COMPLEMENTARES,Livro SINAPI: Cálculos e Parâmetros,,H,"0,2846907","29,21","8,31"
Composição Auxiliar, 88316 ,SINAPI,SERVENTE COM ENCARGOS COMPLEMENTARES,Livro SINAPI: Cálculos e Parâmetros,,H,"0,1421221","23,37","3,32"
Insumo, 00039025 ,SINAPI,"PORTA DE ABRIR, TIPO VENEZIANA, EM ALUMINIO, ACABAMENTO ANODIZADO NATURAL, 90 CM X 210 CM (LARGURA X ALTURA), SEM GUARNICAO/ALIZAR/VISTA",Material,,UN,"0,5473000","549,18","300,56"
Insumo, 00000142 ,SINAPI,SELANTE ELASTICO MONOCOMPONENTE A BASE DE POLIURETANO (PU) PARA JUNTAS DIVERSAS,Material,,310ML,"0,8829000","39,74","35,08"
Insumo, 00007568 ,SINAPI,"BUCHA DE NYLON SEM ABA S10, COM PARAFUSO DE 6,10 X 65 MM EM ACO ZINCADO COM ROSCA SOBERBA, CABECA CHATA E FENDA PHILLIPS",Material,,UN,"4,8166000","0,74","3,56"
,,,,,,,,,
,,,,,,,,,
,,,,,,,,,
 8.8 ,Código,Banco,Descrição,Tipo,,Und,Quant.,Valor Unit,Total
Composição, H0012 ,Próprio,"PORTÃO DE METALON E BARRA CHATA DE FERRO C/FECHADURA E DOBRADIÇA,
INCLUSIVE PINTURA ESMALTE SINTÉTICO",SEDI - SERVIÇOS DIVERSOS,,M²,"1,0000000","392,09","392,09"
Composição Auxiliar, 88309 ,SINAPI,PEDREIRO COM ENCARGOS COMPLEMENTARES,Livro SINAPI: Cálculos e Parâmetros,,H,"0,2718350","29,21","7,94"
Composição Auxiliar, 88316 ,SINAPI,SERVENTE COM ENCARGOS COMPLEMENTARES,Livro SINAPI: Cálculos e Parâmetros,,H,"0,1941680","23,37","4,53"
Composição Auxiliar, 88278 ,SINAPI,MONTADOR DE ESTRUTURA METÁLICA COM ENCARGOS COMPLEMENTARES,Livro SINAPI: Cálculos e Parâmetros,,H,"0,7766718","25,38","19,71"
Insumo, 00000367 ,SINAPI,"AREIA GROSSA - POSTO JAZIDA/FORNECEDOR (RETIRADO NA JAZIDA, SEM TRANSPORTE)",Material,,m³,"0,0010000","105,35","0,10"
Insumo, 00001379 ,SINAPI,CIMENTO PORTLAND COMPOSTO CP II-32,Material,,KG,"0,1500000","0,58","0,08"
Insumo, I6727 ,SEINFRA,"PORTÃO EM METALON E BARRA CHATA DE FERRO C/FECHADURA E DOBRADIÇAS, INCLUS. PINTURA ESMALTE SINTÉTICO (=1M2)",Material,,UN,"1,0000000","359,73","359,73"
,,,,,,,,,
,,,,,,,,,
,,,,,,,,,
 8.9 ,Código,Banco,Descrição,Tipo,,Und,Quant.,Valor Unit,Total
Composição, H0054 ,Próprio,FERROLHO PARA PORTAS DAS CABINES DOS BANHEIROS,ESQV - ESQUADRIAS/FERRAGENS/VIDROS,,UN,"1,0000000","31,13","31,13"
Composição Auxiliar, 88316 ,SINAPI,SERVENTE COM ENCARGOS COMPLEMENTARES,Livro SINAPI: Cálculos e Parâmetros,,H,"0,3646619","23,37","8,52"
Composição Auxiliar, 88261 ,SINAPI,CARPINTEIRO DE ESQUADRIA COM ENCARGOS COMPLEMENTARES,Livro SINAPI: Cálculos e Parâmetros,,H,"0,7293238","27,87","20,32"
Insumo, 00003119 ,SINAPI,"FERROLHO COM FECHO / TRINCO REDONDO, EM ACO GALVANIZADO / ZINCADO, DE SOBREPOR, COM COMPRIMENTO DE 2"" E ESPESSURA MINIMA DA CHAPA DE 0,90 MM, PARA PORTAS E JANELAS",Material,,UN,"1,0000000","2,29","2,29"
,,,,,,,,,
,,,,,,,,,
,,,,,,,,,
 8.10 ,Código,Banco,Descrição,Tipo,,Und,Quant.,Valor Unit,Total
Composição, 100703 ,SINAPI,PUXADOR CENTRAL PARA ESQUADRIA DE MADEIRA. AF_12/2019,Esquadrias - Portas,,UN,"1,0000000","27,95","27,95"
Composição Auxiliar, 88261 ,SINAPI,CARPINTEIRO DE ESQUADRIA COM ENCARGOS COMPLEMENTARES,Livro SINAPI: Cálculos e Parâmetros,,H,"0,2637093","27,87","7,34"
Composição Auxiliar, 88316 ,SINAPI,SERVENTE COM ENCARGOS COMPLEMENTARES,Livro SINAPI: Cálculos e Parâmetros,,H,"0,1318547","23,37","3,08"
Insumo, 00005080 ,SINAPI,"PUXADOR TIPO ALCA, EM ZAMAC CROMADO, COM ROSETAS, COMPRIMENTO DE APROX *100* MM, PARA PORTAS E JANELAS DE MADEIRA, INCLUINDO PARAFUSOS",Material,,UN,"1,0000000","17,53","17,53"
,,,,,,,,,
,,,,,,,,,
,,,,,,,,,
 8.11 ,Código,Banco,Descrição,Tipo,,Und,Quant.,Valor Unit,Total
Composição, H0026 ,Próprio,"ESCADA MARINHEIRO EM BARRA CHATA DE FERRO 2"" X 5/16""",ESQV - ESQUADRIAS/FERRAGENS/VIDROS,,H,"1,0000000","323,90","323,90"
Composição Auxiliar, 88315 ,SINAPI,SERRALHEIRO COM ENCARGOS COMPLEMENTARES,Livro SINAPI: Cálculos e Parâmetros,,H,"2,3893242","29,01","69,31"
Composição Auxiliar, 88309 ,SINAPI,PEDREIRO COM ENCARGOS COMPLEMENTARES,Livro SINAPI: Cálculos e Parâmetros,,H,"0,3982207","29,21","11,63"
Composição Auxiliar, 88316 ,SINAPI,SERVENTE COM ENCARGOS COMPLEMENTARES,Livro SINAPI: Cálculos e Parâmetros,,H,"1,1946621","23,37","27,91"
Composição Auxiliar, 88317 ,SINAPI,SOLDADOR COM ENCARGOS COMPLEMENTARES,Livro SINAPI: Cálculos e Parâmetros,,H,"2,3893242","29,95","71,56"
Insumo, 262 ,ORSE,"Barra quadrada de ferro 3/4"" (2,85 kg/m)",Material,,m,"2,2000000","23,76","52,27"
Insumo, 00000560 ,SINAPI,"BARRA DE ACO CHATO, RETANGULAR, 50,8 MM X 7,94 MM (L X E), 3,162 KG/M",Material,,M,"3,0000000","23,97","71,91"
Insumo, 00010997 ,SINAPI,"ELETRODO REVESTIDO AWS - E7018, DIAMETRO IGUAL A 4,00 MM",Material,,KG,"0,5000000","38,62","19,31"
,,,,,,,,,
,,,,,,,,,
,,,,,,,,,
 8.12 ,Código,Banco,Descrição,Tipo,,Und,Quant.,Valor Unit,Total
Composição, H0027 ,Próprio,"GUARDA-CORPO PARA ESCADA MARINHEIRO, COM 05 (CINCO) BARRAS  CHATAS VERTICAIS 1 1/4"" X 3/16"" E ARCO A CADA 30CM DE 1 1/4"" X 3/16"",  FIXADA COM PARABOLT - FORNECIMENTO E INSTALAÇÃO",ESQV - ESQUADRIAS/FERRAGENS/VIDROS,,M,"1,0000000","88,78","88,78"
Insumo, 12437 ,ORSE,"Guarda-corpo para escada marinheiro, com 05 (cinco) barras chatas verticais 11/4"" x 3/16"" e arco a cada 30cm de 1 1/4"" x 3/16"", fixada com parabolt, instalado",Material,,m,"1,0000000","88,78","88,78"
,,,,,,,,,
,,,,,,,,,
,,,,,,,,,
 8.13 ,Código,Banco,Descrição,Tipo,,Und,Quant.,Valor Unit,Total
Composição, 100327 ,SINAPI,"RUFO EXTERNO/INTERNO EM CHAPA DE AÇO GALVANIZADO NÚMERO 26, CORTE DE 33 CM, INCLUSO IÇAMENTO. AF_07/2019",Telhamento para Cobertura,,M,"1,0000000","50,93","50,93"
Composição Auxiliar, 88316 ,SINAPI,SERVENTE COM ENCARGOS COMPLEMENTARES,Livro SINAPI: Cálculos e Parâmetros,,H,"0,1841373","23,37","4,30"
Composição Auxiliar, 88323 ,SINAPI,TELHADISTA COM ENCARGOS COMPLEMENTARES,Livro SINAPI: Cálculos e Parâmetros,,H,"0,1117150","28,53","3,18"
Composição Auxiliar, 93281 ,SINAPI,"GUINCHO ELÉTRICO DE COLUNA, CAPACIDADE 400 KG, COM MOTO FREIO, MOTOR TRIFÁSICO DE 1,25 CV - CHP DIURNO. AF_03/2016",Custos Horários Produtivo e Improdutivo dos Equipamentos,,CHP,"0,0132000","28,31","0,37"
Composição Auxiliar, 93282 ,SINAPI,"GUINCHO ELÉTRICO DE COLUNA, CAPACIDADE 400 KG, COM MOTO FREIO, MOTOR TRIFÁSICO DE 1,25 CV - CHI DIURNO. AF_03/2016",Custos Horários Produtivo e Improdutivo dos Equipamentos,,CHI,"0,0183000","27,52","0,50"
Insumo, 00000142 ,SINAPI,SELANTE ELASTICO MONOCOMPONENTE A BASE DE POLIURETANO (PU) PARA JUNTAS DIVERSAS,Material,,310ML,"0,2110000","39,74","8,38"
Insumo, 00001113 ,SINAPI,"RUFO EXTERNO/INTERNO DE CHAPA DE ACO GALVANIZADA NUM 26, CORTE 33 CM",Material,,M,"1,0500000","21,86","22,95"
Insumo, 00005061 ,SINAPI,PREGO DE ACO POLIDO COM CABECA 18 X 27 (2 1/2 X 10),Material,,KG,"0,0080000","10,74","0,08"
Insumo, 00005104 ,SINAPI,"REBITE DE REPUXO EM ALUMINIO VAZADO, DIAMETRO 3,2 X 8 MM DE COMPRIMENTO (1KG = 1025 UNIDADES)",Material,,KG,"0,0016000","59,40","0,09"
Insumo, 00013388 ,SINAPI,SOLDA EM BARRA DE ESTANHO-CHUMBO 50/50,Material,,KG,"0,0590000","187,96","11,08"
,,,,,,,,,
,,,,,,,,,
,,,,,,,,,
 8.14 ,Código,Banco,Descrição,Tipo,,Und,Quant.,Valor Unit,Total
Composição, H0053 ,Próprio,"BARRA DE APOIO, RETA, FIXA, EM AÇO INOX, L=40CM, D=1 1/4”, JACKWAL OU SIMILAR",ESQV - ESQUADRIAS/FERRAGENS/VIDROS,,UN,"1,0000000","90,70","90,70"
Composição Auxiliar, 88309 ,SINAPI,PEDREIRO COM ENCARGOS COMPLEMENTARES,Livro SINAPI: Cálculos e Parâmetros,,H,"0,2323372","29,21","6,78"
Insumo, 2062 ,ORSE,"Barra de apoio, reta, fixa, em aço inox, l=40cm, d=1 1/4"" - Jackwal ou similar",Material,,un,"1,0000000","83,92","83,92"
,,,,,,,,,
,,,,,,,,,
,,,,,,,,,
 8.15 ,Código,Banco,Descrição,Tipo,,Und,Quant.,Valor Unit,Total
Composição, 101965 ,SINAPI,"PEITORIL LINEAR EM GRANITO OU MÁRMORE, L = 15CM, ASSENTADO COM ARGAMASSA 1:6 COM ADITIVO. AF_11/2020",Peitoris e Chapins,,M,"1,0000000","89,49","89,49"
Composição Auxiliar, 87283 ,SINAPI,"ARGAMASSA TRAÇO 1:6 (EM VOLUME DE CIMENTO E AREIA MÉDIA ÚMIDA) COM ADIÇÃO DE PLASTIFICANTE PARA EMBOÇO/MASSA ÚNICA/ASSENTAMENTO DE ALVENARIA DE VEDAÇÃO, PREPARO MECÂNICO COM BETONEIRA 400 L. AF_08/2019",Argamassas,,m³,"0,0060000","418,47","2,51"
Composição Auxiliar, 88274 ,SINAPI,MARMORISTA/GRANITEIRO COM ENCARGOS COMPLEMENTARES,Livro SINAPI: Cálculos e Parâmetros,,H,"0,2582840","28,62","7,39"
Composição Auxiliar, 88316 ,SINAPI,SERVENTE COM ENCARGOS COMPLEMENTARES,Livro SINAPI: Cálculos e Parâmetros,,H,"0,1288338","23,37","3,01"
Composição Auxiliar, 91692 ,SINAPI,"SERRA CIRCULAR DE BANCADA COM MOTOR ELÉTRICO POTÊNCIA DE 5HP, COM COIFA PARA DISCO 10"" - CHP DIURNO. AF_08/2015",Custos Horários Produtivo e Improdutivo dos Equipamentos,,CHP,"0,0210000","33,75","0,70"
Composição Auxiliar, 91693 ,SINAPI,"SERRA CIRCULAR DE BANCADA COM MOTOR ELÉTRICO POTÊNCIA DE 5HP, COM COIFA PARA DISCO 10"" - CHI DIURNO. AF_08/2015",Custos Horários Produtivo e Improdutivo dos Equipamentos,,CHI,"0,3980000","32,69","13,01"
Insumo, 00034747 ,SINAPI,"PEITORIL EM MARMORE, POLIDO, BRANCO COMUM, L= *15* CM, E= *2,0* CM, COM PINGADEIRA",Material,,M,"1,0400000","60,46","62,87"
,,,,,,,,,
,,,,,,,,,
,,,,,,,,,
 8.16 ,Código,Banco,Descrição,Tipo,,Und,Quant.,Valor Unit,Total
Composição, H0060 ,Próprio,"PORTA DE MADEIRA MEXICANA, MACIÇA (PESADA OU
SUPERPESADA),80X210MM. INCLUSO DOBRADIÇAS, BATENTE E FECHADURA 55MM. SEM ALIZAR",SEDI - SERVIÇOS DIVERSOS,,UN,"1,0000000","1.761,14","1.761,14"
Composição Auxiliar, 91299 ,SINAPI,"PORTA DE MADEIRA, TIPO MEXICANA, MACIÇA (PESADA OU SUPERPESADA), 80X210CM, ESPESSURA DE 3,5CM, INCLUSO DOBRADIÇAS - FORNECIMENTO E INSTALAÇÃO. AF_12/2019",Esquadrias - Portas,,UN,"1,0000000","1.246,11","1.246,11"
Composição Auxiliar, 90830 ,SINAPI,"FECHADURA DE EMBUTIR COM CILINDRO, EXTERNA, COMPLETA, ACABAMENTO PADRÃO MÉDIO, INCLUSO EXECUÇÃO DE FURO - FORNECIMENTO E INSTALAÇÃO. AF_12/2019",Esquadrias - Portas,,UN,"1,0000000","140,92","140,92"
Composição Auxiliar, 90806 ,SINAPI,"BATENTE PARA PORTA DE MADEIRA, FIXAÇÃO COM ARGAMASSA, PADRÃO MÉDIO - FORNECIMENTO E INSTALAÇÃO. AF_12/2019",Esquadrias - Portas,,UN,"1,0000000","374,11","374,11"
,,,,,,,,,
,,,,,,,,,
,,,,,,,,,
 8.17 ,Código,Banco,Descrição,Tipo,,Und,Quant.,Valor Unit,Total
Composição, H0061 ,Próprio,"PORTA DE MADEIRA MEXICANA, MACIÇA (PESADA OU
SUPERPESADA),90X210MM. INCLUSO DOBRADIÇAS, BATENTE E FECHADURA 55MM. SEM ALIZAR",SEDI - SERVIÇOS DIVERSOS,,UN,"1,0000000","1.838,07","1.838,07"
Composição Auxiliar, 88316 ,SINAPI,SERVENTE COM ENCARGOS COMPLEMENTARES,Livro SINAPI: Cálculos e Parâmetros,,H,"0,3261177","23,37","7,62"
Composição Auxiliar, 88261 ,SINAPI,CARPINTEIRO DE ESQUADRIA COM ENCARGOS COMPLEMENTARES,Livro SINAPI: Cálculos e Parâmetros,,H,"0,6519380","27,87","18,16"
Composição Auxiliar, 90830 ,SINAPI,"FECHADURA DE EMBUTIR COM CILINDRO, EXTERNA, COMPLETA, ACABAMENTO PADRÃO MÉDIO, INCLUSO EXECUÇÃO DE FURO - FORNECIMENTO E INSTALAÇÃO. AF_12/2019",Esquadrias - Portas,,UN,"1,0000000","140,92","140,92"
Composição Auxiliar, 90806 ,SINAPI,"BATENTE PARA PORTA DE MADEIRA, FIXAÇÃO COM ARGAMASSA, PADRÃO MÉDIO - FORNECIMENTO E INSTALAÇÃO. AF_12/2019",Esquadrias - Portas,,UN,"1,0000000","374,11","374,11"
Insumo, 00011055 ,SINAPI,"PARAFUSO ROSCA SOBERBA ZINCADO CABECA CHATA FENDA SIMPLES 3,5 X 25 MM (1 "")",Material,,UN,"19,8000000","0,04","0,79"
Insumo, 00004998 ,SINAPI,"PORTA DE ABRIR / GIRO, EM MADEIRA MACICA (ANGELIM OU EQUIVALENTE REGIONAL), QUALQUER DESENHO (VERTICAL/DIAGONAL/HORIZ.), E = *3,5* CM, DIMENSOES 2,10 X 0,70 (SOMENTE FOLHA DE PORTA, ACABAMENTO NATURAL)",Material,,m²,"1,8900000","647,65","1.224,05"
Insumo, 00002432 ,SINAPI,"DOBRADICA EM ACO/FERRO, 3 1/2"" X 3"", E= 1,9 A 2 MM, COM ANEL, CROMADO OU ZINCADO, TAMPA BOLA, COM PARAFUSOS",Material,,UN,"3,0000000","24,14","72,42"
,,,,,,,,,
,,,,,,,,,
,,,,,,,,,
 8.18 ,Código,Banco,Descrição,Tipo,,Und,Quant.,Valor Unit,Total
Composição, 94805 ,SINAPI,"PORTA DE ALUMÍNIO DE ABRIR PARA VIDRO SEM GUARNIÇÃO, 87X210CM, FIXAÇÃO COM PARAFUSOS, INCLUSIVE VIDROS - FORNECIMENTO E INSTALAÇÃO. AF_12/2019",Esquadrias - Portas,,UN,"1,0000000","625,86","625,86"
Composição Auxiliar, 88309 ,SINAPI,PEDREIRO COM ENCARGOS COMPLEMENTARES,Livro SINAPI: Cálculos e Parâmetros,,H,"0,4815741","29,21","14,06"
Composição Auxiliar, 88316 ,SINAPI,SERVENTE COM ENCARGOS COMPLEMENTARES,Livro SINAPI: Cálculos e Parâmetros,,H,"0,2404171","23,37","5,61"
Insumo, 00000142 ,SINAPI,SELANTE ELASTICO MONOCOMPONENTE A BASE DE POLIURETANO (PU) PARA JUNTAS DIVERSAS,Material,,310ML,"1,6130000","39,74","64,10"
Insumo, 00007568 ,SINAPI,"BUCHA DE NYLON SEM ABA S10, COM PARAFUSO DE 6,10 X 65 MM EM ACO ZINCADO COM ROSCA SOBERBA, CABECA CHATA E FENDA PHILLIPS",Material,,UN,"8,8000000","0,74","6,51"
Insumo, 00039024 ,SINAPI,"PORTA DE ABRIR EM ALUMINIO COM DIVISAO HORIZONTAL PARA VIDROS, ACABAMENTO ANODIZADO NATURAL, VIDROS INCLUSOS, SEM GUARNICAO/ALIZAR/VISTA, 87 CM X 210 CM",Material,,UN,"1,0000000","535,58","535,58"
,,,,,,,,,
,,,,,,,,,
,,,,,,,,,
 8.19 ,Código,Banco,Descrição,Tipo,,Und,Quant.,Valor Unit,Total
Composição, H0055 ,Próprio,ALÇAPÃO EM CHAPA DE AÇO 70X70 CM,ESQV - ESQUADRIAS/FERRAGENS/VIDROS,,UN,"1,0000000","151,33","151,33"
Composição Auxiliar, 88309 ,SINAPI,PEDREIRO COM ENCARGOS COMPLEMENTARES,Livro SINAPI: Cálculos e Parâmetros,,H,"0,3877971","29,21","11,32"
Composição Auxiliar, 88316 ,SINAPI,SERVENTE COM ENCARGOS COMPLEMENTARES,Livro SINAPI: Cálculos e Parâmetros,,H,"0,2481902","23,37","5,80"
Composição Auxiliar, 88315 ,SINAPI,SERRALHEIRO COM ENCARGOS COMPLEMENTARES,Livro SINAPI: Cálculos e Parâmetros,,H,"0,6331382","29,01","18,36"
Insumo, 00011026 ,SINAPI,"CHAPA DE ACO GALVANIZADA BITOLA GSG 14, E = 1,95 MM (15,60 KG/M2)",Material,,KG,"7,6440000","9,00","68,79"
Insumo, 00000567 ,SINAPI,"CANTONEIRA (ABAS IGUAIS) EM ACO CARBONO, 25,4 MM X 3,17 MM (L X E), 1,27KG/M",Material,,M,"2,8000000","9,50","26,60"
Insumo, 00011002 ,SINAPI,"ELETRODO REVESTIDO AWS - E6013, DIAMETRO IGUAL A 2,50 MM",Material,,KG,"0,4900000","37,09","18,17"
Insumo, 00003119 ,SINAPI,"FERROLHO COM FECHO / TRINCO REDONDO, EM ACO GALVANIZADO / ZINCADO, DE SOBREPOR, COM COMPRIMENTO DE 2"" E ESPESSURA MINIMA DA CHAPA DE 0,90 MM, PARA PORTAS E JANELAS",Material,,UN,"1,0000000","2,29","2,29"
,,,,,,,,,
,,,,,,,,,
,,,,,,,,,
 8.20 ,Código,Banco,Descrição,Tipo,,Und,Quant.,Valor Unit,Total
Composição, H0059 ,Próprio,"BRISE METÁLICO 84 - SL4 (OU SIMILAR) COR PRATA COM ESTRUTURA E
MONTAGEM. EXCLUSIVE ANDAIME",SEDI - SERVIÇOS DIVERSOS,,M²,"1,0000000","312,00","312,00"
Insumo, 13006 ,ORSE,"Brise metálico Hunter Douglas ref. 84R - SL4 cor prata ou similar, com estrutura e montagem, exclusive Andaimes ou plataforma",Material,,m²,"1,0000000","312,00","312,00"
,,,,,,,,,
,,,,,,,,,
,,,,,,,,,
 8.21 ,Código,Banco,Descrição,Tipo,,Und,Quant.,Valor Unit,Total
Composição, R0010 ,Próprio,PINGADOR METÁLICO/ALUMÍNIO ( 1 X 1) CM  P/ FACHADAS,SEDI - SERVIÇOS DIVERSOS,,M,"1,0000000","35,98","35,98"
Composição Auxiliar, 88309 ,SINAPI,PEDREIRO COM ENCARGOS COMPLEMENTARES,Livro SINAPI: Cálculos e Parâmetros,,H,"0,4782865","29,21","13,97"
Composição Auxiliar, 88316 ,SINAPI,SERVENTE COM ENCARGOS COMPLEMENTARES,Livro SINAPI: Cálculos e Parâmetros,,H,"0,3188576","23,37","7,45"
Insumo, 00000142 ,SINAPI,SELANTE ELASTICO MONOCOMPONENTE A BASE DE POLIURETANO (PU) PARA JUNTAS DIVERSAS,Material,,310ML,"0,2110000","39,74","8,38"
Insumo, 00011552 ,SINAPI,"PERFIL EM ALUMINIO, FORMATO U, ABAS IGUAIS, LARGURA DE 12,70 MM (1/2 POL), ESPESSURA 1,58 MM (1/16 POL) E PESO LINEAR DE APROXIMADAMENTE 0,149 KG/M",Material,,M,"1,0000000","6,18","6,18"
,,,,,,,,,
,,,,,,,,,
,,,,,,,,,
 8.22 ,Código,Banco,Descrição,Tipo,,Und,Quant.,Valor Unit,Total
Composição, H0023 ,Próprio,"GUARDA-CORPO DE AÇO GALVANIZADO DE 1,10M COM MONTANTES A CADA 1M, COM ESPERA CHUMBADA EM PISO DURANTE A CONCRETAGEM",ESQV - ESQUADRIAS/FERRAGENS/VIDROS,,M,"1,0000000","252,37","252,37"
Composição Auxiliar, 88251 ,SINAPI,AUXILIAR DE SERRALHEIRO COM ENCARGOS COMPLEMENTARES,Livro SINAPI: Cálculos e Parâmetros,,H,"1,9747756","24,55","48,48"
Composição Auxiliar, 88315 ,SINAPI,SERRALHEIRO COM ENCARGOS COMPLEMENTARES,Livro SINAPI: Cálculos e Parâmetros,,H,"2,4062854","29,01","69,80"
Insumo, 00011002 ,SINAPI,"ELETRODO REVESTIDO AWS - E6013, DIAMETRO IGUAL A 2,50 MM",Material,,KG,"0,0128000","37,09","0,47"
Insumo, 00021012 ,SINAPI,"TUBO ACO GALVANIZADO COM COSTURA, CLASSE LEVE, DN 40 MM (1 1/2""), E = 3,00 MM, *3,48* KG/M (NBR 5580)",Material,,M,"3,1900000","41,89","133,62"
,,,,,,,,,
,,,,,,,,,
,,,,,,,,,
 8.23 ,Código,Banco,Descrição,Tipo,,Und,Quant.,Valor Unit,Total
Composição, H0024 ,Próprio,"GRADIL DE  TELA 5 X 5 CM, COM MOLDURA EM CANTONEIRA E BARRA CHATA, SEM PINTURA",ESQV - ESQUADRIAS/FERRAGENS/VIDROS,,M²,"1,0000000","105,39","105,39"
Composição Auxiliar, 88251 ,SINAPI,AUXILIAR DE SERRALHEIRO COM ENCARGOS COMPLEMENTARES,Livro SINAPI: Cálculos e Parâmetros,,H,"0,6351783","24,55","15,59"
Composição Auxiliar, 88315 ,SINAPI,SERRALHEIRO COM ENCARGOS COMPLEMENTARES,Livro SINAPI: Cálculos e Parâmetros,,H,"0,6351783","29,01","18,42"
Insumo, 00007164 ,SINAPI,"TELA DE ARAME ONDULADA, FIO *2,77* MM (12 BWG), MALHA 5 X 5 CM, H = 2 M",Material,,m²,"1,0000000","34,00","34,00"
Insumo, 00000567 ,SINAPI,"CANTONEIRA (ABAS IGUAIS) EM ACO CARBONO, 25,4 MM X 3,17 MM (L X E), 1,27KG/M",Material,,M,"0,0160000","9,50","0,15"
Insumo, 00011002 ,SINAPI,"ELETRODO REVESTIDO AWS - E6013, DIAMETRO IGUAL A 2,50 MM",Material,,KG,"1,0000000","37,09","37,09"
Insumo, 00000555 ,SINAPI,"BARRA DE ACO CHATO, RETANGULAR, 25,4 MM X 6,35 MM (L X E), 1,2265 KG/M",Material,,M,"0,0160000","9,19","0,14"
,,,,,,,,,
,,,,,,,,,
,,,,,,,,,
 9 ,,,COBERTURA,,,,,,
 9.1 ,Código,Banco,Descrição,Tipo,,Und,Quant.,Valor Unit,Total
Composição, 94213 ,SINAPI,"TELHAMENTO COM TELHA DE AÇO/ALUMÍNIO E = 0,5 MM, COM ATÉ 2 ÁGUAS, INCLUSO IÇAMENTO. AF_07/2019",Telhamento para Cobertura,,m²,"1,0000000","57,13","57,13"
Composição Auxiliar, 88316 ,SINAPI,SERVENTE COM ENCARGOS COMPLEMENTARES,Livro SINAPI: Cálculos e Parâmetros,,H,"0,0743314","23,37","1,73"
Composição Auxiliar, 88323 ,SINAPI,TELHADISTA COM ENCARGOS COMPLEMENTARES,Livro SINAPI: Cálculos e Parâmetros,,H,"0,0697336","28,53","1,98"
Composição Auxiliar, 93281 ,SINAPI,"GUINCHO ELÉTRICO DE COLUNA, CAPACIDADE 400 KG, COM MOTO FREIO, MOTOR TRIFÁSICO DE 1,25 CV - CHP DIURNO. AF_03/2016",Custos Horários Produtivo e Improdutivo dos Equipamentos,,CHP,"0,0009000","28,31","0,02"
Composição Auxiliar, 93282 ,SINAPI,"GUINCHO ELÉTRICO DE COLUNA, CAPACIDADE 400 KG, COM MOTO FREIO, MOTOR TRIFÁSICO DE 1,25 CV - CHI DIURNO. AF_03/2016",Custos Horários Produtivo e Improdutivo dos Equipamentos,,CHI,"0,0013000","27,52","0,03"
Insumo, 00007243 ,SINAPI,"TELHA TRAPEZOIDAL EM ACO ZINCADO, SEM PINTURA, ALTURA DE APROXIMADAMENTE 40 MM, ESPESSURA DE 0,50 MM E LARGURA UTIL DE 980 MM",Material,,m²,"1,1660000","42,01","48,98"
Insumo, 00011029 ,SINAPI,"HASTE RETA PARA GANCHO DE FERRO GALVANIZADO, COM ROSCA 1/4"" X 30 CM PARA FIXACAO DE TELHA METALICA, INCLUI PORCA E ARRUELAS DE VEDACAO",Material,,CJ,"4,1500000","1,06","4,39"
,,,,,,,,,
,,,,,,,,,
,,,,,,,,,
 9.2 ,Código,Banco,Descrição,Tipo,,Und,Quant.,Valor Unit,Total
Composição, i0002 ,Próprio,"CUMEEIRA NORMAL PARA TELHA TRAPEZOIDAL DE AÇO, E = 0,5 MM, INCLUSO
ACESSÓRIOS DE FIXAÇÃO E IÇAMENTO",SEDI - SERVIÇOS DIVERSOS,,M,"1,0000000","86,67","86,67"
Composição Auxiliar, 93282 ,SINAPI,"GUINCHO ELÉTRICO DE COLUNA, CAPACIDADE 400 KG, COM MOTO FREIO, MOTOR TRIFÁSICO DE 1,25 CV - CHI DIURNO. AF_03/2016",Custos Horários Produtivo e Improdutivo dos Equipamentos,,CHI,"0,0027000","27,52","0,07"
Composição Auxiliar, 93281 ,SINAPI,"GUINCHO ELÉTRICO DE COLUNA, CAPACIDADE 400 KG, COM MOTO FREIO, MOTOR TRIFÁSICO DE 1,25 CV - CHP DIURNO. AF_03/2016",Custos Horários Produtivo e Improdutivo dos Equipamentos,,CHP,"0,0020000","28,31","0,05"
Composição Auxiliar, 88323 ,SINAPI,TELHADISTA COM ENCARGOS COMPLEMENTARES,Livro SINAPI: Cálculos e Parâmetros,,H,"0,0584268","28,53","1,66"
Composição Auxiliar, 88316 ,SINAPI,SERVENTE COM ENCARGOS COMPLEMENTARES,Livro SINAPI: Cálculos e Parâmetros,,H,"0,0687808","23,37","1,60"
Insumo, 14552 ,ORSE,"Cumeeira em galvalume para telha trapezoidal galvalume standard, com 40 cm decada lado, e = 0,43mm, cor natural",Material,,m,"1,0800000","70,88","76,55"
Insumo, 00011029 ,SINAPI,"HASTE RETA PARA GANCHO DE FERRO GALVANIZADO, COM ROSCA 1/4"" X 30 CM PARA FIXACAO DE TELHA METALICA, INCLUI PORCA E ARRUELAS DE VEDACAO",Material,,CJ,"6,3600000","1,06","6,74"
,,,,,,,,,
,,,,,,,,,
,,,,,,,,,
 9.3 ,Código,Banco,Descrição,Tipo,,Und,Quant.,Valor Unit,Total
Composição, 92543 ,SINAPI,"TRAMA DE MADEIRA COMPOSTA POR TERÇAS PARA TELHADOS DE ATÉ 2 ÁGUAS PARA TELHA ONDULADA DE FIBROCIMENTO, METÁLICA, PLÁSTICA OU TERMOACÚSTICA, INCLUSO TRANSPORTE VERTICAL. AF_07/2019",Estrutura e Trama para Cobertura,,m²,"1,0000000","20,05","20,05"
Composição Auxiliar, 88239 ,SINAPI,AJUDANTE DE CARPINTEIRO COM ENCARGOS COMPLEMENTARES,Livro SINAPI: Cálculos e Parâmetros,,H,"0,0506015","24,38","1,23"
Composição Auxiliar, 88262 ,SINAPI,CARPINTEIRO DE FORMAS COM ENCARGOS COMPLEMENTARES,Livro SINAPI: Cálculos e Parâmetros,,H,"0,0918613","28,79","2,64"
Composição Auxiliar, 93281 ,SINAPI,"GUINCHO ELÉTRICO DE COLUNA, CAPACIDADE 400 KG, COM MOTO FREIO, MOTOR TRIFÁSICO DE 1,25 CV - CHP DIURNO. AF_03/2016",Custos Horários Produtivo e Improdutivo dos Equipamentos,,CHP,"0,0046000","28,31","0,13"
Composição Auxiliar, 93282 ,SINAPI,"GUINCHO ELÉTRICO DE COLUNA, CAPACIDADE 400 KG, COM MOTO FREIO, MOTOR TRIFÁSICO DE 1,25 CV - CHI DIURNO. AF_03/2016",Custos Horários Produtivo e Improdutivo dos Equipamentos,,CHI,"0,0064000","27,52","0,17"
Insumo, 00004425 ,SINAPI,"VIGA NAO APARELHADA *6 X 12* CM, EM MACARANDUBA/MASSARANDUBA, ANGELIM OU EQUIVALENTE DA REGIAO - BRUTA",Material,,M,"0,6340000","24,54","15,55"
Insumo, 00040568 ,SINAPI,PREGO DE ACO POLIDO COM CABECA 22 X 48 (4 1/4 X 5),Material,,KG,"0,0300000","11,01","0,33"
,,,,,,,,,
,,,,,,,,,
,,,,,,,,,
 9.4 ,Código,Banco,Descrição,Tipo,,Und,Quant.,Valor Unit,Total
Composição, 101979 ,SINAPI,"CHAPIM (RUFO CAPA) EM AÇO GALVANIZADO, CORTE 33. AF_11/2020",Peitoris e Chapins,,M,"1,0000000","34,90","34,90"
Composição Auxiliar, 88309 ,SINAPI,PEDREIRO COM ENCARGOS COMPLEMENTARES,Livro SINAPI: Cálculos e Parâmetros,,H,"0,1414041","29,21","4,13"
Composição Auxiliar, 88316 ,SINAPI,SERVENTE COM ENCARGOS COMPLEMENTARES,Livro SINAPI: Cálculos e Parâmetros,,H,"0,0710970","23,37","1,66"
Insumo, 00000142 ,SINAPI,SELANTE ELASTICO MONOCOMPONENTE A BASE DE POLIURETANO (PU) PARA JUNTAS DIVERSAS,Material,,310ML,"0,0920000","39,74","3,65"
Insumo, 00001113 ,SINAPI,"RUFO EXTERNO/INTERNO DE CHAPA DE ACO GALVANIZADA NUM 26, CORTE 33 CM",Material,,M,"1,1500000","21,86","25,13"
Insumo, 00011950 ,SINAPI,"BUCHA DE NYLON SEM ABA S6, COM PARAFUSO DE 4,20 X 40 MM EM ACO ZINCADO COM ROSCA SOBERBA, CABECA CHATA E FENDA PHILLIPS",Material,,UN,"1,3300000","0,25","0,33"
,,,,,,,,,
,,,,,,,,,
,,,,,,,,,
 9.5 ,Código,Banco,Descrição,Tipo,,Und,Quant.,Valor Unit,Total
Composição, 94228 ,SINAPI,"CALHA EM CHAPA DE AÇO GALVANIZADO NÚMERO 24, DESENVOLVIMENTO DE 50 CM, INCLUSO TRANSPORTE VERTICAL. AF_07/2019",Telhamento para Cobertura,,M,"1,0000000","72,72","72,72"
Composição Auxiliar, 88316 ,SINAPI,SERVENTE COM ENCARGOS COMPLEMENTARES,Livro SINAPI: Cálculos e Parâmetros,,H,"0,2891465","23,37","6,75"
Composição Auxiliar, 88323 ,SINAPI,TELHADISTA COM ENCARGOS COMPLEMENTARES,Livro SINAPI: Cálculos e Parâmetros,,H,"0,2158857","28,53","6,15"
Composição Auxiliar, 93281 ,SINAPI,"GUINCHO ELÉTRICO DE COLUNA, CAPACIDADE 400 KG, COM MOTO FREIO, MOTOR TRIFÁSICO DE 1,25 CV - CHP DIURNO. AF_03/2016",Custos Horários Produtivo e Improdutivo dos Equipamentos,,CHP,"0,0132000","28,31","0,37"
Composição Auxiliar, 93282 ,SINAPI,"GUINCHO ELÉTRICO DE COLUNA, CAPACIDADE 400 KG, COM MOTO FREIO, MOTOR TRIFÁSICO DE 1,25 CV - CHI DIURNO. AF_03/2016",Custos Horários Produtivo e Improdutivo dos Equipamentos,,CHI,"0,0183000","27,52","0,50"
Insumo, 00000142 ,SINAPI,SELANTE ELASTICO MONOCOMPONENTE A BASE DE POLIURETANO (PU) PARA JUNTAS DIVERSAS,Material,,310ML,"0,0810000","39,74","3,21"
Insumo, 00005061 ,SINAPI,PREGO DE ACO POLIDO COM CABECA 18 X 27 (2 1/2 X 10),Material,,KG,"0,0130000","10,74","0,13"
Insumo, 00005104 ,SINAPI,"REBITE DE REPUXO EM ALUMINIO VAZADO, DIAMETRO 3,2 X 8 MM DE COMPRIMENTO (1KG = 1025 UNIDADES)",Material,,KG,"0,0024000","59,40","0,14"
Insumo, 00013388 ,SINAPI,SOLDA EM BARRA DE ESTANHO-CHUMBO 50/50,Material,,KG,"0,0900000","187,96","16,91"
Insumo, 00040783 ,SINAPI,"CALHA QUADRADA DE CHAPA DE ACO GALVANIZADA NUM 24, CORTE 50 CM",Material,,M,"1,0500000","36,73","38,56"
,,,,,,,,,
,,,,,,,,,
,,,,,,,,,
 9.6 ,Código,Banco,Descrição,Tipo,,Und,Quant.,Valor Unit,Total
Composição, 100327 ,SINAPI,"RUFO EXTERNO/INTERNO EM CHAPA DE AÇO GALVANIZADO NÚMERO 26, CORTE DE 33 CM, INCLUSO IÇAMENTO. AF_07/2019",Telhamento para Cobertura,,M,"1,0000000","50,93","50,93"
Composição Auxiliar, 88316 ,SINAPI,SERVENTE COM ENCARGOS COMPLEMENTARES,Livro SINAPI: Cálculos e Parâmetros,,H,"0,1841373","23,37","4,30"
Composição Auxiliar, 88323 ,SINAPI,TELHADISTA COM ENCARGOS COMPLEMENTARES,Livro SINAPI: Cálculos e Parâmetros,,H,"0,1117150","28,53","3,18"
Composição Auxiliar, 93281 ,SINAPI,"GUINCHO ELÉTRICO DE COLUNA, CAPACIDADE 400 KG, COM MOTO FREIO, MOTOR TRIFÁSICO DE 1,25 CV - CHP DIURNO. AF_03/2016",Custos Horários Produtivo e Improdutivo dos Equipamentos,,CHP,"0,0132000","28,31","0,37"
Composição Auxiliar, 93282 ,SINAPI,"GUINCHO ELÉTRICO DE COLUNA, CAPACIDADE 400 KG, COM MOTO FREIO, MOTOR TRIFÁSICO DE 1,25 CV - CHI DIURNO. AF_03/2016",Custos Horários Produtivo e Improdutivo dos Equipamentos,,CHI,"0,0183000","27,52","0,50"
Insumo, 00000142 ,SINAPI,SELANTE ELASTICO MONOCOMPONENTE A BASE DE POLIURETANO (PU) PARA JUNTAS DIVERSAS,Material,,310ML,"0,2110000","39,74","8,38"
Insumo, 00001113 ,SINAPI,"RUFO EXTERNO/INTERNO DE CHAPA DE ACO GALVANIZADA NUM 26, CORTE 33 CM",Material,,M,"1,0500000","21,86","22,95"
Insumo, 00005061 ,SINAPI,PREGO DE ACO POLIDO COM CABECA 18 X 27 (2 1/2 X 10),Material,,KG,"0,0080000","10,74","0,08"
Insumo, 00005104 ,SINAPI,"REBITE DE REPUXO EM ALUMINIO VAZADO, DIAMETRO 3,2 X 8 MM DE COMPRIMENTO (1KG = 1025 UNIDADES)",Material,,KG,"0,0016000","59,40","0,09"
Insumo, 00013388 ,SINAPI,SOLDA EM BARRA DE ESTANHO-CHUMBO 50/50,Material,,KG,"0,0590000","187,96","11,08"
,,,,,,,,,
,,,,,,,,,
,,,,,,,,,
 10 ,,,INSTALAÇÕES ELÉTRICAS,,,,,,
 10.1 ,,,"INSTALAÇÃO ELÉTRICA DE MÉDIA TENSÃO, QGBT E ALIMENTADOR GERAL",,,,,,
 10.1.1 ,,,SUBESTAÇÃO,,,,,,
 10.1.1.1 ,Código,Banco,Descrição,Tipo,,Und,Quant.,Valor Unit,Total
Composição, J0159 ,Próprio,"REMOÇÃO DE POSTE 12 M, CARGA NOMINAL MENOR OU IGUAL A 1000 DAN,  ENGASTAMENTO SIMPLES COM 1,8 M",INEL - INSTALAÇÃO ELÉTRICA/ELETRIFICAÇÃO E ILUMINAÇÃO EXTERNA,,UN,"1,0000000","167,46","167,46"
Composição Auxiliar, 5928 ,SINAPI,"GUINDAUTO HIDRÁULICO, CAPACIDADE MÁXIMA DE CARGA 6200 KG, MOMENTO MÁXIMO DE CARGA 11,7 TM, ALCANCE MÁXIMO HORIZONTAL 9,70 M, INCLUSIVE CAMINHÃO TOCO PBT 16.000 KG, POTÊNCIA DE 189 CV - CHP DIURNO. AF_06/2014",Custos Horários Produtivo e Improdutivo dos Equipamentos,,CHP,"0,0800000","244,50","19,56"
Composição Auxiliar, 88264 ,SINAPI,ELETRICISTA COM ENCARGOS COMPLEMENTARES,Livro SINAPI: Cálculos e Parâmetros,,H,"3,9697823","29,57","117,38"
Composição Auxiliar, 88247 ,SINAPI,AUXILIAR DE ELETRICISTA COM ENCARGOS COMPLEMENTARES,Livro SINAPI: Cálculos e Parâmetros,,H,"1,2215326","24,99","30,52"
,,,,,,,,,
,,,,,,,,,
,,,,,,,,,
 10.1.1.2 ,Código,Banco,Descrição,Tipo,,Und,Quant.,Valor Unit,Total
Composição, J0184 ,Próprio,"POSTE DE CONCRETO ARMADO DE SECAO DUPLO T, EXTENSAO DE 12,00 M,  RESISTENCIA DE 600 DAN, TIPO B",INEL - INSTALAÇÃO ELÉTRICA/ELETRIFICAÇÃO E ILUMINAÇÃO EXTERNA,,UN,"1,0000000","1.611,21","1.611,21"
Composição Auxiliar, 88247 ,SINAPI,AUXILIAR DE ELETRICISTA COM ENCARGOS COMPLEMENTARES,Livro SINAPI: Cálculos e Parâmetros,,H,"1,1916112","24,99","29,77"
Composição Auxiliar, 88264 ,SINAPI,ELETRICISTA COM ENCARGOS COMPLEMENTARES,Livro SINAPI: Cálculos e Parâmetros,,H,"3,8725424","29,57","114,51"
Composição Auxiliar, 5928 ,SINAPI,"GUINDAUTO HIDRÁULICO, CAPACIDADE MÁXIMA DE CARGA 6200 KG, MOMENTO MÁXIMO DE CARGA 11,7 TM, ALCANCE MÁXIMO HORIZONTAL 9,70 M, INCLUSIVE CAMINHÃO TOCO PBT 16.000 KG, POTÊNCIA DE 189 CV - CHP DIURNO. AF_06/2014",Custos Horários Produtivo e Improdutivo dos Equipamentos,,CHP,"0,0800000","244,50","19,56"
Insumo, 00041209 ,SINAPI,"POSTE DE CONCRETO ARMADO DE SECAO DUPLO T, EXTENSAO DE 12,00 M, RESISTENCIA DE 600 DAN, TIPO B",Material,,UN,"1,0000000","1.447,37","1.447,37"
,,,,,,,,,
,,,,,,,,,
,,,,,,,,,
 10.1.1.3 ,Código,Banco,Descrição,Tipo,,Und,Quant.,Valor Unit,Total
Composição, J0165 ,Próprio,"DESMONTAGEM E REMONTAGEM DE ESTRUTURA N3.M3CF, REUTILIZANDO  TODO MATERIAL EXISTENTE (CRUZETAS, FERRAGENS, CHAVES FUSÍVEL, CABOS,  ISOLADORES, ETC)",INEL - INSTALAÇÃO ELÉTRICA/ELETRIFICAÇÃO E ILUMINAÇÃO EXTERNA,,UN,"1,0000000","171,77","171,77"
Composição Auxiliar, 5928 ,SINAPI,"GUINDAUTO HIDRÁULICO, CAPACIDADE MÁXIMA DE CARGA 6200 KG, MOMENTO MÁXIMO DE CARGA 11,7 TM, ALCANCE MÁXIMO HORIZONTAL 9,70 M, INCLUSIVE CAMINHÃO TOCO PBT 16.000 KG, POTÊNCIA DE 189 CV - CHP DIURNO. AF_06/2014",Custos Horários Produtivo e Improdutivo dos Equipamentos,,CHP,"0,4776000","244,50","116,77"
Composição Auxiliar, 88264 ,SINAPI,ELETRICISTA COM ENCARGOS COMPLEMENTARES,Livro SINAPI: Cálculos e Parâmetros,,H,"1,0083906","29,57","29,81"
Composição Auxiliar, 88247 ,SINAPI,AUXILIAR DE ELETRICISTA COM ENCARGOS COMPLEMENTARES,Livro SINAPI: Cálculos e Parâmetros,,H,"1,0083906","24,99","25,19"
,,,,,,,,,
,,,,,,,,,
,,,,,,,,,
 10.1.1.4 ,Código,Banco,Descrição,Tipo,,Und,Quant.,Valor Unit,Total
Composição, 102107 ,SINAPI,"TRANSFORMADOR DE DISTRIBUIÇÃO, 225 KVA, TRIFÁSICO, 60 HZ, CLASSE 15 KV, IMERSO EM ÓLEO MINERAL, INSTALAÇÃO EM POSTE (NÃO INCLUSO SUPORTE) - FORNECIMENTO E INSTALAÇÃO. AF_12/2020",Transformadores,,UN,"1,0000000","27.513,44","27.513,44"
Composição Auxiliar, 5928 ,SINAPI,"GUINDAUTO HIDRÁULICO, CAPACIDADE MÁXIMA DE CARGA 6200 KG, MOMENTO MÁXIMO DE CARGA 11,7 TM, ALCANCE MÁXIMO HORIZONTAL 9,70 M, INCLUSIVE CAMINHÃO TOCO PBT 16.000 KG, POTÊNCIA DE 189 CV - CHP DIURNO. AF_06/2014",Custos Horários Produtivo e Improdutivo dos Equipamentos,,CHP,"0,3595800","244,50","87,91"
Composição Auxiliar, 88247 ,SINAPI,AUXILIAR DE ELETRICISTA COM ENCARGOS COMPLEMENTARES,Livro SINAPI: Cálculos e Parâmetros,,H,"6,6543330","24,99","166,29"
Composição Auxiliar, 88264 ,SINAPI,ELETRICISTA COM ENCARGOS COMPLEMENTARES,Livro SINAPI: Cálculos e Parâmetros,,H,"6,6543330","29,57","196,76"
Insumo, 00007620 ,SINAPI,"TRANSFORMADOR TRIFASICO DE DISTRIBUICAO, POTENCIA DE 225 KVA, TENSAO NOMINAL DE 15 KV, TENSAO SECUNDARIA DE 220/127V, EM OLEO ISOLANTE TIPO MINERAL",Material,,UN,"1,0000000","27.062,48","27.062,48"
,,,,,,,,,
,,,,,,,,,
,,,,,,,,,
 10.1.1.5 ,Código,Banco,Descrição,Tipo,,Und,Quant.,Valor Unit,Total
Composição, 102110 ,SINAPI,SUPORTE PARA TRANSFORMADOR EM POSTE DE CONCRETO DUPLO T - FORNECIMENTO E INSTALAÇÃO. AF_12/2020,Transformadores,,UN,"1,0000000","132,06","132,06"
Composição Auxiliar, 88247 ,SINAPI,AUXILIAR DE ELETRICISTA COM ENCARGOS COMPLEMENTARES,Livro SINAPI: Cálculos e Parâmetros,,H,"0,3488218","24,99","8,71"
Composição Auxiliar, 88264 ,SINAPI,ELETRICISTA COM ENCARGOS COMPLEMENTARES,Livro SINAPI: Cálculos e Parâmetros,,H,"0,3488218","29,57","10,31"
Insumo, 00007576 ,SINAPI,"SUPORTE EM ACO GALVANIZADO PARA TRANSFORMADOR PARA POSTE DUPLO T 185 X 95 MM, CHAPA DE 5/16""",Material,,UN,"1,0000000","113,04","113,04"
,,,,,,,,,
,,,,,,,,,
,,,,,,,,,
 10.1.1.6 ,Código,Banco,Descrição,Tipo,,Und,Quant.,Valor Unit,Total
Composição, J0153 ,Próprio,PARA RAIO DE DISTRIBUIÇÃO 15 KV TIPO POLIMÉRICO - FORNECIMENTO E  INSTALAÇÃO,INEL - INSTALAÇÃO ELÉTRICA/ELETRIFICAÇÃO E ILUMINAÇÃO EXTERNA,,UN,"1,0000000","233,57","233,57"
Composição Auxiliar, 88264 ,SINAPI,ELETRICISTA COM ENCARGOS COMPLEMENTARES,Livro SINAPI: Cálculos e Parâmetros,,H,"1,1892545","29,57","35,16"
Composição Auxiliar, 88247 ,SINAPI,AUXILIAR DE ELETRICISTA COM ENCARGOS COMPLEMENTARES,Livro SINAPI: Cálculos e Parâmetros,,H,"1,1892545","24,99","29,71"
Insumo, 00004276 ,SINAPI,"PARA-RAIOS DE DISTRIBUICAO, TENSAO NOMINAL 15 KV, CORRENTE NOMINAL DE DESCARGA 5 KA",Material,,UN,"1,0000000","168,70","168,70"
,,,,,,,,,
,,,,,,,,,
,,,,,,,,,
 10.1.1.7 ,Código,Banco,Descrição,Tipo,,Und,Quant.,Valor Unit,Total
Composição, J0231 ,Próprio,"CABO DE ALUMÍNIO SIMPLES, TIPO CAA, BITOLA 1/0 AWG - FORNECIMENTO E
INSTALAÇÃO",SEDI - SERVIÇOS DIVERSOS,,M,"1,0000000","9,04","9,04"
Composição Auxiliar, 88264 ,SINAPI,ELETRICISTA COM ENCARGOS COMPLEMENTARES,Livro SINAPI: Cálculos e Parâmetros,,H,"0,0019436","29,57","0,05"
Composição Auxiliar, 88247 ,SINAPI,AUXILIAR DE ELETRICISTA COM ENCARGOS COMPLEMENTARES,Livro SINAPI: Cálculos e Parâmetros,,H,"0,0019436","24,99","0,04"
Insumo, 00025004 ,SINAPI,"CABO DE ALUMINIO NU COM ALMA DE ACO, BITOLA 1/0 AWG",Material,,KG,"0,2170000","41,28","8,95"
,,,,,,,,,
,,,,,,,,,
,,,,,,,,,
 10.1.1.8 ,Código,Banco,Descrição,Tipo,,Und,Quant.,Valor Unit,Total
Composição, J0155 ,Próprio,CONECTOR CUNHA - FORNECIMENTO E INSTALAÇÃO,INEL - INSTALAÇÃO ELÉTRICA/ELETRIFICAÇÃO E ILUMINAÇÃO EXTERNA,,UN,"1,0000000","20,17","20,17"
Composição Auxiliar, 88264 ,SINAPI,ELETRICISTA COM ENCARGOS COMPLEMENTARES,Livro SINAPI: Cálculos e Parâmetros,,H,"0,1591006","29,57","4,70"
Composição Auxiliar, 88247 ,SINAPI,AUXILIAR DE ELETRICISTA COM ENCARGOS COMPLEMENTARES,Livro SINAPI: Cálculos e Parâmetros,,H,"0,1591006","24,99","3,97"
Insumo, 3258 ,ORSE,Conector cunha 4 x 1/0 AWG CAA,Material,,Un,"1,0000000","11,50","11,50"
,,,,,,,,,
,,,,,,,,,
,,,,,,,,,
 10.1.1.9 ,Código,Banco,Descrição,Tipo,,Und,Quant.,Valor Unit,Total
Composição, J0156 ,Próprio,ESTRUTURA TIPO CFR (CONJUNTO TRIFÁSICO DE CHAVE FUSÍVEIS EM CRUZETA  REBAIXADA),INEL - INSTALAÇÃO ELÉTRICA/ELETRIFICAÇÃO E ILUMINAÇÃO EXTERNA,,UN,"1,0000000","1.209,46","1.209,46"
Composição Auxiliar, 5928 ,SINAPI,"GUINDAUTO HIDRÁULICO, CAPACIDADE MÁXIMA DE CARGA 6200 KG, MOMENTO MÁXIMO DE CARGA 11,7 TM, ALCANCE MÁXIMO HORIZONTAL 9,70 M, INCLUSIVE CAMINHÃO TOCO PBT 16.000 KG, POTÊNCIA DE 189 CV - CHP DIURNO. AF_06/2014",Custos Horários Produtivo e Improdutivo dos Equipamentos,,CHP,"0,2388000","244,50","58,38"
Composição Auxiliar, 88264 ,SINAPI,ELETRICISTA COM ENCARGOS COMPLEMENTARES,Livro SINAPI: Cálculos e Parâmetros,,H,"0,4529577","29,57","13,39"
Composição Auxiliar, 88247 ,SINAPI,AUXILIAR DE ELETRICISTA COM ENCARGOS COMPLEMENTARES,Livro SINAPI: Cálculos e Parâmetros,,H,"0,4529577","24,99","11,31"
Insumo, 00000379 ,SINAPI,"ARRUELA QUADRADA EM ACO GALVANIZADO, DIMENSAO = 38 MM, ESPESSURA = 3MM, DIAMETRO DO FURO= 18 MM",Material,,UN,"16,0000000","1,14","18,24"
Insumo, I8072 ,SEINFRA,PORCA QUADRADA PARA PARAFUSO M16 x 2,Material,,UN,"16,0000000","0,81","12,96"
Insumo, I0549 ,SEINFRA,CHAVE FUSIVEL INDICADORA 15KV/50A-RUPTURA 1200A,Material,,UN,"3,0000000","285,82","857,46"
Insumo, I9066 ,SEINFRA,"ELO FUSIVEL
",Material,,UN,"3,0000000","2,26","6,78"
Insumo, 00011790 ,SINAPI,"PARAFUSO M16 EM ACO GALVANIZADO, COMPRIMENTO = 450 MM, DIAMETRO = 16 MM, ROSCA MAQUINA, CABECA QUADRADA",Material,,UN,"4,0000000","25,73","102,92"
Insumo, I0914 ,SEINFRA,CRUZETA EM CONCRETO ARMADO-PADRÃO COELCE,Material,,UN,"2,0000000","64,01","128,02"
,,,,,,,,,
,,,,,,,,,
,,,,,,,,,
 10.1.1.10 ,Código,Banco,Descrição,Tipo,,Und,Quant.,Valor Unit,Total
Composição, J0169 ,Próprio,CAIXA DE PROTEÇÃO SECUNDÁRIA EM CHAPA DE AÇO ZINCADA  (420X270X200)MM PARA DISJUNTOR TRIFÁSICO DE 100A À 630A. INCLUSO  CONEXÕES E SUPORTE PARA FIXAÇÃO NO POSTE - FORNECIMENTO E  INSTALAÇÃO,INEL - INSTALAÇÃO ELÉTRICA/ELETRIFICAÇÃO E ILUMINAÇÃO EXTERNA,,UN,"1,0000000","210,34","210,34"
Composição Auxiliar, 88247 ,SINAPI,AUXILIAR DE ELETRICISTA COM ENCARGOS COMPLEMENTARES,Livro SINAPI: Cálculos e Parâmetros,,H,"0,5010623","24,99","12,52"
Composição Auxiliar, 88264 ,SINAPI,ELETRICISTA COM ENCARGOS COMPLEMENTARES,Livro SINAPI: Cálculos e Parâmetros,,H,"0,5010623","29,57","14,81"
Insumo, 00039803 ,SINAPI,"QUADRO DE DISTRIBUICAO, SEM BARRAMENTO, EM PVC, DE SOBREPOR, PARA 27 DISJUNTORES NEMA OU 36 DISJUNTORES DIN",Material,,UN,"1,0000000","183,01","183,01"
,,,,,,,,,
,,,,,,,,,
,,,,,,,,,
 10.1.1.11 ,Código,Banco,Descrição,Tipo,,Und,Quant.,Valor Unit,Total
Composição, 101898 ,SINAPI,"DISJUNTOR TERMOMAGNÉTICO TRIPOLAR, CORRENTE NOMINAL DE 400A - FORNECIMENTO E INSTALAÇÃO. AF_10/2020","Instalações Elétricas - Quadros, Cabos, Disjuntores, Contatores e Barramentos Blindados",,UN,"1,0000000","1.028,23","1.028,23"
Composição Auxiliar, 88247 ,SINAPI,AUXILIAR DE ELETRICISTA COM ENCARGOS COMPLEMENTARES,Livro SINAPI: Cálculos e Parâmetros,,H,"1,0112471","24,99","25,27"
Composição Auxiliar, 88264 ,SINAPI,ELETRICISTA COM ENCARGOS COMPLEMENTARES,Livro SINAPI: Cálculos e Parâmetros,,H,"1,0112471","29,57","29,90"
Insumo, 00001581 ,SINAPI,"TERMINAL A COMPRESSAO EM COBRE ESTANHADO PARA CABO 120 MM2, 1 FURO E 1 COMPRESSAO, PARA PARAFUSO DE FIXACAO M12",Material,,UN,"3,0000000","9,49","28,47"
Insumo, 00002379 ,SINAPI,"DISJUNTOR TERMOMAGNETICO TRIPOLAR 400 A / 600 V, TIPO JXD / ICC - 40 KA",Material,,UN,"1,0000000","944,59","944,59"
,,,,,,,,,
,,,,,,,,,
,,,,,,,,,
 10.1.1.12 ,Código,Banco,Descrição,Tipo,,Und,Quant.,Valor Unit,Total
Composição, 93012 ,SINAPI,"ELETRODUTO RÍGIDO ROSCÁVEL, PVC, DN 110 MM (4""), PARA REDE ENTERRADA DE DISTRIBUIÇÃO DE ENERGIA ELÉTRICA - FORNECIMENTO E INSTALAÇÃO. AF_12/2021",Redes Enterradas de Distribuição Elétrica,,M,"1,0000000","49,87","49,87"
Composição Auxiliar, 88247 ,SINAPI,AUXILIAR DE ELETRICISTA COM ENCARGOS COMPLEMENTARES,Livro SINAPI: Cálculos e Parâmetros,,H,"0,1680256","24,99","4,19"
Composição Auxiliar, 88264 ,SINAPI,ELETRICISTA COM ENCARGOS COMPLEMENTARES,Livro SINAPI: Cálculos e Parâmetros,,H,"0,1680256","29,57","4,96"
Insumo, 00002683 ,SINAPI,"ELETRODUTO DE PVC RIGIDO ROSCAVEL DE 4 "", SEM LUVA",Material,,M,"1,1000000","37,02","40,72"
,,,,,,,,,
,,,,,,,,,
,,,,,,,,,
 10.1.1.13 ,Código,Banco,Descrição,Tipo,,Und,Quant.,Valor Unit,Total
Composição, 93026 ,SINAPI,"CURVA 90 GRAUS PARA ELETRODUTO, PVC, ROSCÁVEL, DN 110 MM (4""), PARA REDE ENTERRADA DE DISTRIBUIÇÃO DE ENERGIA ELÉTRICA - FORNECIMENTO E INSTALAÇÃO. AF_12/2021",Redes Enterradas de Distribuição Elétrica,,UN,"1,0000000","56,28","56,28"
Composição Auxiliar, 88247 ,SINAPI,AUXILIAR DE ELETRICISTA COM ENCARGOS COMPLEMENTARES,Livro SINAPI: Cálculos e Parâmetros,,H,"0,5086045","24,99","12,71"
Composição Auxiliar, 88264 ,SINAPI,ELETRICISTA COM ENCARGOS COMPLEMENTARES,Livro SINAPI: Cálculos e Parâmetros,,H,"0,5086045","29,57","15,03"
Insumo, 00001878 ,SINAPI,"CURVA 90 GRAUS, LONGA, DE PVC RIGIDO ROSCAVEL, DE 4"", PARA ELETRODUTO",Material,,UN,"1,0000000","28,54","28,54"
,,,,,,,,,
,,,,,,,,,
,,,,,,,,,
 10.1.1.14 ,Código,Banco,Descrição,Tipo,,Und,Quant.,Valor Unit,Total
Composição, 93017 ,SINAPI,"LUVA PARA ELETRODUTO, PVC, ROSCÁVEL, DN 110 MM (4""), PARA REDE ENTERRADA DE DISTRIBUIÇÃO DE ENERGIA ELÉTRICA - FORNECIMENTO E INSTALAÇÃO. AF_12/2021",Redes Enterradas de Distribuição Elétrica,,UN,"1,0000000","34,72","34,72"
Composição Auxiliar, 88247 ,SINAPI,AUXILIAR DE ELETRICISTA COM ENCARGOS COMPLEMENTARES,Livro SINAPI: Cálculos e Parâmetros,,H,"0,3392207","24,99","8,47"
Composição Auxiliar, 88264 ,SINAPI,ELETRICISTA COM ENCARGOS COMPLEMENTARES,Livro SINAPI: Cálculos e Parâmetros,,H,"0,3392207","29,57","10,03"
Insumo, 00001895 ,SINAPI,"LUVA EM PVC RIGIDO ROSCAVEL, DE 4"", PARA ELETRODUTO",Material,,UN,"1,0000000","16,22","16,22"
,,,,,,,,,
,,,,,,,,,
,,,,,,,,,
 10.1.1.15 ,Código,Banco,Descrição,Tipo,,Und,Quant.,Valor Unit,Total
Composição, J0154 ,Próprio,FITA DE INOX P/ FIXAÇÃO DE ELETRODUTO - FORNECIMENTO E INSTALAÇÃO,INEL - INSTALAÇÃO ELÉTRICA/ELETRIFICAÇÃO E ILUMINAÇÃO EXTERNA,,M,"1,0000000","8,20","8,20"
Composição Auxiliar, 88264 ,SINAPI,ELETRICISTA COM ENCARGOS COMPLEMENTARES,Livro SINAPI: Cálculos e Parâmetros,,H,"0,1551173","29,57","4,58"
Composição Auxiliar, 88247 ,SINAPI,AUXILIAR DE ELETRICISTA COM ENCARGOS COMPLEMENTARES,Livro SINAPI: Cálculos e Parâmetros,,H,"0,0352321","24,99","0,88"
Insumo, I6422 ,SEINFRA,FITA DE INOX P/ FIXAÇÃO DO ELETRODUTO NO POSTE,Material,,M,"1,0000000","2,74","2,74"
,,,,,,,,,
,,,,,,,,,
,,,,,,,,,
 10.1.1.16 ,Código,Banco,Descrição,Tipo,,Und,Quant.,Valor Unit,Total
Composição, 93000 ,SINAPI,"CABO DE COBRE FLEXÍVEL ISOLADO, 240 MM², ANTI-CHAMA 0,6/1,0 KV, PARA REDE ENTERRADA DE DISTRIBUIÇÃO DE ENERGIA ELÉTRICA - FORNECIMENTO E INSTALAÇÃO. AF_12/2021",Redes Enterradas de Distribuição Elétrica,,M,"1,0000000","213,03","213,03"
Composição Auxiliar, 88247 ,SINAPI,AUXILIAR DE ELETRICISTA COM ENCARGOS COMPLEMENTARES,Livro SINAPI: Cálculos e Parâmetros,,H,"0,1912846","24,99","4,78"
Composição Auxiliar, 88264 ,SINAPI,ELETRICISTA COM ENCARGOS COMPLEMENTARES,Livro SINAPI: Cálculos e Parâmetros,,H,"0,1912846","29,57","5,65"
Insumo, 00001015 ,SINAPI,"CABO DE COBRE, FLEXIVEL, CLASSE 4 OU 5, ISOLACAO EM PVC/A, ANTICHAMA BWF-B, COBERTURA PVC-ST1, ANTICHAMA BWF-B, 1 CONDUTOR, 0,6/1 KV, SECAO NOMINAL 240 MM2",Material,,M,"1,0150000","199,59","202,58"
Insumo, 00021127 ,SINAPI,"FITA ISOLANTE ADESIVA ANTICHAMA, USO ATE 750 V, EM ROLO DE 19 MM X 5 M",Material,,UN,"0,0090000","3,02","0,02"
,,,,,,,,,
,,,,,,,,,
,,,,,,,,,
 10.1.1.17 ,Código,Banco,Descrição,Tipo,,Und,Quant.,Valor Unit,Total
Composição, 92994 ,SINAPI,"CABO DE COBRE FLEXÍVEL ISOLADO, 120 MM², ANTI-CHAMA 0,6/1,0 KV, PARA REDE ENTERRADA DE DISTRIBUIÇÃO DE ENERGIA ELÉTRICA - FORNECIMENTO E INSTALAÇÃO. AF_12/2021",Redes Enterradas de Distribuição Elétrica,,M,"1,0000000","108,52","108,52"
Composição Auxiliar, 88247 ,SINAPI,AUXILIAR DE ELETRICISTA COM ENCARGOS COMPLEMENTARES,Livro SINAPI: Cálculos e Parâmetros,,H,"0,1111938","24,99","2,77"
Composição Auxiliar, 88264 ,SINAPI,ELETRICISTA COM ENCARGOS COMPLEMENTARES,Livro SINAPI: Cálculos e Parâmetros,,H,"0,1111938","29,57","3,28"
Insumo, 00001017 ,SINAPI,"CABO DE COBRE, FLEXIVEL, CLASSE 4 OU 5, ISOLACAO EM PVC/A, ANTICHAMA BWF-B, COBERTURA PVC-ST1, ANTICHAMA BWF-B, 1 CONDUTOR, 0,6/1 KV, SECAO NOMINAL 120 MM2",Material,,M,"1,0150000","100,94","102,45"
Insumo, 00021127 ,SINAPI,"FITA ISOLANTE ADESIVA ANTICHAMA, USO ATE 750 V, EM ROLO DE 19 MM X 5 M",Material,,UN,"0,0090000","3,02","0,02"
,,,,,,,,,
,,,,,,,,,
,,,,,,,,,
 10.1.1.18 ,Código,Banco,Descrição,Tipo,,Und,Quant.,Valor Unit,Total
Composição, J0138 ,Próprio,TERMINAL A COMPRESSÃO PARA CABO DE 50 mm² A 120mm²,INEL - INSTALAÇÃO ELÉTRICA/ELETRIFICAÇÃO E ILUMINAÇÃO EXTERNA,,UN,"1,0000000","13,81","13,81"
Composição Auxiliar, 88247 ,SINAPI,AUXILIAR DE ELETRICISTA COM ENCARGOS COMPLEMENTARES,Livro SINAPI: Cálculos e Parâmetros,,H,"0,0793239","24,99","1,98"
Composição Auxiliar, 88264 ,SINAPI,ELETRICISTA COM ENCARGOS COMPLEMENTARES,Livro SINAPI: Cálculos e Parâmetros,,H,"0,0793239","29,57","2,34"
Insumo, 00001581 ,SINAPI,"TERMINAL A COMPRESSAO EM COBRE ESTANHADO PARA CABO 120 MM2, 1 FURO E 1 COMPRESSAO, PARA PARAFUSO DE FIXACAO M12",Material,,UN,"1,0000000","9,49","9,49"
,,,,,,,,,
,,,,,,,,,
,,,,,,,,,
 10.1.1.19 ,Código,Banco,Descrição,Tipo,,Und,Quant.,Valor Unit,Total
Composição, J0148 ,Próprio,TERMINAL A COMPRESSÃO PARA CABO DE 150 mm² A 240mm²,INEL - INSTALAÇÃO ELÉTRICA/ELETRIFICAÇÃO E ILUMINAÇÃO EXTERNA,,UN,"1,0000000","39,41","39,41"
Composição Auxiliar, 88247 ,SINAPI,AUXILIAR DE ELETRICISTA COM ENCARGOS COMPLEMENTARES,Livro SINAPI: Cálculos e Parâmetros,,H,"0,1581951","24,99","3,95"
Composição Auxiliar, 88264 ,SINAPI,ELETRICISTA COM ENCARGOS COMPLEMENTARES,Livro SINAPI: Cálculos e Parâmetros,,H,"0,1581951","29,57","4,67"
Insumo, 00011838 ,SINAPI,"TERMINAL METALICO A PRESSAO PARA 1 CABO DE 240 MM2, COM 1 FURO DE FIXACAO",Material,,UN,"1,0000000","30,79","30,79"
,,,,,,,,,
,,,,,,,,,
,,,,,,,,,
 10.1.2 ,,,MALHA DE TERRA,,,,,,
 10.1.2.1 ,Código,Banco,Descrição,Tipo,,Und,Quant.,Valor Unit,Total
Composição, 96977 ,SINAPI,"CORDOALHA DE COBRE NU 50 MM², ENTERRADA - FORNECIMENTO E INSTALAÇÃO. AF_08/2023",Sistema de Proteção contra Descargas Atmosféricas - SPDA,,M,"1,0000000","48,22","48,22"
Composição Auxiliar, 88247 ,SINAPI,AUXILIAR DE ELETRICISTA COM ENCARGOS COMPLEMENTARES,Livro SINAPI: Cálculos e Parâmetros,,H,"0,0241957","24,99","0,60"
Composição Auxiliar, 88264 ,SINAPI,ELETRICISTA COM ENCARGOS COMPLEMENTARES,Livro SINAPI: Cálculos e Parâmetros,,H,"0,0241957","29,57","0,71"
Insumo, 00000867 ,SINAPI,CABO DE COBRE NU 50 MM2 MEIO-DURO,Material,,M,"1,0500000","44,68","46,91"
,,,,,,,,,
,,,,,,,,,
,,,,,,,,,
 10.1.2.2 ,Código,Banco,Descrição,Tipo,,Und,Quant.,Valor Unit,Total
Composição, 96985 ,SINAPI,"HASTE DE ATERRAMENTO, DIÂMETRO 5/8"", COM 3 METROS - FORNECIMENTO E INSTALAÇÃO. AF_08/2023",Sistema de Proteção contra Descargas Atmosféricas - SPDA,,UN,"1,0000000","61,96","61,96"
Composição Auxiliar, 88247 ,SINAPI,AUXILIAR DE ELETRICISTA COM ENCARGOS COMPLEMENTARES,Livro SINAPI: Cálculos e Parâmetros,,H,"0,1957287","24,99","4,89"
Composição Auxiliar, 88264 ,SINAPI,ELETRICISTA COM ENCARGOS COMPLEMENTARES,Livro SINAPI: Cálculos e Parâmetros,,H,"0,1957287","29,57","5,78"
Insumo, 00003379 ,SINAPI,"HASTE DE ATERRAMENTO EM ACO COM 3,00 M DE COMPRIMENTO E DN = 5/8"", REVESTIDA COM BAIXA CAMADA DE COBRE, SEM CONECTOR",Material,,UN,"1,0000000","51,29","51,29"
,,,,,,,,,
,,,,,,,,,
,,,,,,,,,
 10.1.2.3 ,Código,Banco,Descrição,Tipo,,Und,Quant.,Valor Unit,Total
Composição, J0032 ,Próprio,SOLDA EXOTÉRMICA,INEL - INSTALAÇÃO ELÉTRICA/ELETRIFICAÇÃO E ILUMINAÇÃO EXTERNA,,UN,"1,0000000","32,36","32,36"
Composição Auxiliar, 88316 ,SINAPI,SERVENTE COM ENCARGOS COMPLEMENTARES,Livro SINAPI: Cálculos e Parâmetros,,H,"0,0625789","23,37","1,46"
Composição Auxiliar, 88264 ,SINAPI,ELETRICISTA COM ENCARGOS COMPLEMENTARES,Livro SINAPI: Cálculos e Parâmetros,,H,"0,0625789","29,57","1,85"
Insumo, I7377 ,SEINFRA,CARTUCHO DE SOLDA EXOTÉRMICA N.º 90,Material,,UN,"1,0000000","18,99","18,99"
Insumo, I7378 ,SEINFRA,IGNEX - PALITO IGNITOR PARA SOLDA EXOTÉRMICA,Material,,UN,"1,0000000","3,84","3,84"
Insumo, I7379 ,SEINFRA,"MOLDE P/ SOLDA TIPO ""T"" ATÉ 35mm²",Material,,UN,"0,0400000","155,74","6,22"
,,,,,,,,,
,,,,,,,,,
,,,,,,,,,
 10.1.2.4 ,Código,Banco,Descrição,Tipo,,Und,Quant.,Valor Unit,Total
Composição, 97886 ,SINAPI,"CAIXA ENTERRADA ELÉTRICA RETANGULAR, EM ALVENARIA COM TIJOLOS CERÂMICOS MACIÇOS, FUNDO COM BRITA, DIMENSÕES INTERNAS: 0,3X0,3X0,3 M. AF_12/2020",Caixas Enterradas,,UN,"1,0000000","137,69","137,69"
Composição Auxiliar, 100475 ,SINAPI,"ARGAMASSA TRAÇO 1:3 (EM VOLUME DE CIMENTO E AREIA MÉDIA ÚMIDA) COM ADIÇÃO DE IMPERMEABILIZANTE, PREPARO MECÂNICO COM BETONEIRA 400 L. AF_08/2019",Argamassas,,m³,"0,0278000","659,06","18,32"
Composição Auxiliar, 101619 ,SINAPI,"PREPARO DE FUNDO DE VALA COM LARGURA MENOR QUE 1,5 M, COM CAMADA DE BRITA, LANÇAMENTO MANUAL. AF_08/2020",Escoramento e Preparo de Fundo de Valas,,m³,"0,0360000","280,68","10,10"
Composição Auxiliar, 87316 ,SINAPI,"ARGAMASSA TRAÇO 1:4 (EM VOLUME DE CIMENTO E AREIA GROSSA ÚMIDA) PARA CHAPISCO CONVENCIONAL, PREPARO MECÂNICO COM BETONEIRA 400 L. AF_08/2019",Argamassas,,m³,"0,0039000","435,01","1,69"
Composição Auxiliar, 88309 ,SINAPI,PEDREIRO COM ENCARGOS COMPLEMENTARES,Livro SINAPI: Cálculos e Parâmetros,,H,"0,8112478","29,21","23,69"
Composição Auxiliar, 88316 ,SINAPI,SERVENTE COM ENCARGOS COMPLEMENTARES,Livro SINAPI: Cálculos e Parâmetros,,H,"0,6373724","23,37","14,89"
Composição Auxiliar, 97734 ,SINAPI,"PEÇA RETANGULAR PRÉ-MOLDADA, VOLUME DE CONCRETO DE 10 A 30 LITROS, TAXA DE AÇO APROXIMADA DE 30KG/M³. AF_03/2024",Estruturas Pré-Fabricadas e Pré-Moldadas,,m³,"0,0175000","2.926,81","51,21"
Insumo, 00007258 ,SINAPI,TIJOLO CERAMICO MACICO COMUM DE *5 X 10 X 20* CM (L X A X C),Material,,UN,"38,6910000","0,46","17,79"
,,,,,,,,,
,,,,,,,,,
,,,,,,,,,
 10.1.2.5 ,Código,Banco,Descrição,Tipo,,Und,Quant.,Valor Unit,Total
Composição, 93358 ,SINAPI,ESCAVAÇÃO MANUAL DE VALA. AF_09/2024,Escavação de Valas,,m³,"1,0000000","73,77","73,77"
Composição Auxiliar, 88316 ,SINAPI,SERVENTE COM ENCARGOS COMPLEMENTARES,Livro SINAPI: Cálculos e Parâmetros,,H,"3,1569648","23,37","73,77"
,,,,,,,,,
,,,,,,,,,
,,,,,,,,,
 10.1.2.6 ,Código,Banco,Descrição,Tipo,,Und,Quant.,Valor Unit,Total
Composição, 104737 ,SINAPI,"REATERRO MANUAL DE VALAS, COM PLACA VIBRATÓRIA. AF_08/2023",Aterro e Reaterro de Valas,,m³,"1,0000000","18,73","18,73"
Composição Auxiliar, 5901 ,SINAPI,"CAMINHÃO PIPA 10.000 L TRUCADO, PESO BRUTO TOTAL 23.000 KG, CARGA ÚTIL MÁXIMA 15.935 KG, DISTÂNCIA ENTRE EIXOS 4,8 M, POTÊNCIA 230 CV, INCLUSIVE TANQUE DE AÇO PARA TRANSPORTE DE ÁGUA - CHP DIURNO. AF_06/2014",Custos Horários Produtivo e Improdutivo dos Equipamentos,,CHP,"0,0054000","278,95","1,50"
Composição Auxiliar, 5903 ,SINAPI,"CAMINHÃO PIPA 10.000 L TRUCADO, PESO BRUTO TOTAL 23.000 KG, CARGA ÚTIL MÁXIMA 15.935 KG, DISTÂNCIA ENTRE EIXOS 4,8 M, POTÊNCIA 230 CV, INCLUSIVE TANQUE DE AÇO PARA TRANSPORTE DE ÁGUA - CHI DIURNO. AF_06/2014",Custos Horários Produtivo e Improdutivo dos Equipamentos,,CHI,"0,0006000","67,91","0,04"
Composição Auxiliar, 88316 ,SINAPI,SERVENTE COM ENCARGOS COMPLEMENTARES,Livro SINAPI: Cálculos e Parâmetros,,H,"0,7011960","23,37","16,38"
Composição Auxiliar, 91277 ,SINAPI,"PLACA VIBRATÓRIA REVERSÍVEL COM MOTOR 4 TEMPOS A GASOLINA, FORÇA CENTRÍFUGA DE 25 KN (2500 KGF), POTÊNCIA 5,5 CV - CHP DIURNO. AF_08/2015",Custos Horários Produtivo e Improdutivo dos Equipamentos,,CHP,"0,0942000","8,65","0,81"
,,,,,,,,,
,,,,,,,,,
,,,,,,,,,
 10.1.3 ,,,DESLOCAMENTO DE POSTE,,,,,,
 10.1.3.1 ,Código,Banco,Descrição,Tipo,,Und,Quant.,Valor Unit,Total
Composição, J0159 ,Próprio,"REMOÇÃO DE POSTE 12 M, CARGA NOMINAL MENOR OU IGUAL A 1000 DAN,  ENGASTAMENTO SIMPLES COM 1,8 M",INEL - INSTALAÇÃO ELÉTRICA/ELETRIFICAÇÃO E ILUMINAÇÃO EXTERNA,,UN,"1,0000000","167,46","167,46"
Composição Auxiliar, 5928 ,SINAPI,"GUINDAUTO HIDRÁULICO, CAPACIDADE MÁXIMA DE CARGA 6200 KG, MOMENTO MÁXIMO DE CARGA 11,7 TM, ALCANCE MÁXIMO HORIZONTAL 9,70 M, INCLUSIVE CAMINHÃO TOCO PBT 16.000 KG, POTÊNCIA DE 189 CV - CHP DIURNO. AF_06/2014",Custos Horários Produtivo e Improdutivo dos Equipamentos,,CHP,"0,0800000","244,50","19,56"
Composição Auxiliar, 88264 ,SINAPI,ELETRICISTA COM ENCARGOS COMPLEMENTARES,Livro SINAPI: Cálculos e Parâmetros,,H,"3,9697823","29,57","117,38"
Composição Auxiliar, 88247 ,SINAPI,AUXILIAR DE ELETRICISTA COM ENCARGOS COMPLEMENTARES,Livro SINAPI: Cálculos e Parâmetros,,H,"1,2215326","24,99","30,52"
,,,,,,,,,
,,,,,,,,,
,,,,,,,,,
 10.1.3.2 ,Código,Banco,Descrição,Tipo,,Und,Quant.,Valor Unit,Total
Composição, J0231 ,Próprio,"CABO DE ALUMÍNIO SIMPLES, TIPO CAA, BITOLA 1/0 AWG - FORNECIMENTO E
INSTALAÇÃO",SEDI - SERVIÇOS DIVERSOS,,M,"1,0000000","9,04","9,04"
Composição Auxiliar, 88264 ,SINAPI,ELETRICISTA COM ENCARGOS COMPLEMENTARES,Livro SINAPI: Cálculos e Parâmetros,,H,"0,0019436","29,57","0,05"
Composição Auxiliar, 88247 ,SINAPI,AUXILIAR DE ELETRICISTA COM ENCARGOS COMPLEMENTARES,Livro SINAPI: Cálculos e Parâmetros,,H,"0,0019436","24,99","0,04"
Insumo, 00025004 ,SINAPI,"CABO DE ALUMINIO NU COM ALMA DE ACO, BITOLA 1/0 AWG",Material,,KG,"0,2170000","41,28","8,95"
,,,,,,,,,
,,,,,,,,,
,,,,,,,,,
 10.1.3.3 ,Código,Banco,Descrição,Tipo,,Und,Quant.,Valor Unit,Total
Composição, J0155 ,Próprio,CONECTOR CUNHA - FORNECIMENTO E INSTALAÇÃO,INEL - INSTALAÇÃO ELÉTRICA/ELETRIFICAÇÃO E ILUMINAÇÃO EXTERNA,,UN,"1,0000000","20,17","20,17"
Composição Auxiliar, 88264 ,SINAPI,ELETRICISTA COM ENCARGOS COMPLEMENTARES,Livro SINAPI: Cálculos e Parâmetros,,H,"0,1591006","29,57","4,70"
Composição Auxiliar, 88247 ,SINAPI,AUXILIAR DE ELETRICISTA COM ENCARGOS COMPLEMENTARES,Livro SINAPI: Cálculos e Parâmetros,,H,"0,1591006","24,99","3,97"
Insumo, 3258 ,ORSE,Conector cunha 4 x 1/0 AWG CAA,Material,,Un,"1,0000000","11,50","11,50"
,,,,,,,,,
,,,,,,,,,
,,,,,,,,,
 10.1.4 ,,,CABOS E TERMINAIS DOS CABOS,,,,,,
 10.1.4.1 ,Código,Banco,Descrição,Tipo,,Und,Quant.,Valor Unit,Total
Composição, 93000 ,SINAPI,"CABO DE COBRE FLEXÍVEL ISOLADO, 240 MM², ANTI-CHAMA 0,6/1,0 KV, PARA REDE ENTERRADA DE DISTRIBUIÇÃO DE ENERGIA ELÉTRICA - FORNECIMENTO E INSTALAÇÃO. AF_12/2021",Redes Enterradas de Distribuição Elétrica,,M,"1,0000000","213,03","213,03"
Composição Auxiliar, 88247 ,SINAPI,AUXILIAR DE ELETRICISTA COM ENCARGOS COMPLEMENTARES,Livro SINAPI: Cálculos e Parâmetros,,H,"0,1912846","24,99","4,78"
Composição Auxiliar, 88264 ,SINAPI,ELETRICISTA COM ENCARGOS COMPLEMENTARES,Livro SINAPI: Cálculos e Parâmetros,,H,"0,1912846","29,57","5,65"
Insumo, 00001015 ,SINAPI,"CABO DE COBRE, FLEXIVEL, CLASSE 4 OU 5, ISOLACAO EM PVC/A, ANTICHAMA BWF-B, COBERTURA PVC-ST1, ANTICHAMA BWF-B, 1 CONDUTOR, 0,6/1 KV, SECAO NOMINAL 240 MM2",Material,,M,"1,0150000","199,59","202,58"
Insumo, 00021127 ,SINAPI,"FITA ISOLANTE ADESIVA ANTICHAMA, USO ATE 750 V, EM ROLO DE 19 MM X 5 M",Material,,UN,"0,0090000","3,02","0,02"
,,,,,,,,,
,,,,,,,,,
,,,,,,,,,
 10.1.4.2 ,Código,Banco,Descrição,Tipo,,Und,Quant.,Valor Unit,Total
Composição, 92994 ,SINAPI,"CABO DE COBRE FLEXÍVEL ISOLADO, 120 MM², ANTI-CHAMA 0,6/1,0 KV, PARA REDE ENTERRADA DE DISTRIBUIÇÃO DE ENERGIA ELÉTRICA - FORNECIMENTO E INSTALAÇÃO. AF_12/2021",Redes Enterradas de Distribuição Elétrica,,M,"1,0000000","108,52","108,52"
Composição Auxiliar, 88247 ,SINAPI,AUXILIAR DE ELETRICISTA COM ENCARGOS COMPLEMENTARES,Livro SINAPI: Cálculos e Parâmetros,,H,"0,1111938","24,99","2,77"
Composição Auxiliar, 88264 ,SINAPI,ELETRICISTA COM ENCARGOS COMPLEMENTARES,Livro SINAPI: Cálculos e Parâmetros,,H,"0,1111938","29,57","3,28"
Insumo, 00001017 ,SINAPI,"CABO DE COBRE, FLEXIVEL, CLASSE 4 OU 5, ISOLACAO EM PVC/A, ANTICHAMA BWF-B, COBERTURA PVC-ST1, ANTICHAMA BWF-B, 1 CONDUTOR, 0,6/1 KV, SECAO NOMINAL 120 MM2",Material,,M,"1,0150000","100,94","102,45"
Insumo, 00021127 ,SINAPI,"FITA ISOLANTE ADESIVA ANTICHAMA, USO ATE 750 V, EM ROLO DE 19 MM X 5 M",Material,,UN,"0,0090000","3,02","0,02"
,,,,,,,,,
,,,,,,,,,
,,,,,,,,,
 10.1.4.3 ,Código,Banco,Descrição,Tipo,,Und,Quant.,Valor Unit,Total
Composição, J0138 ,Próprio,TERMINAL A COMPRESSÃO PARA CABO DE 50 mm² A 120mm²,INEL - INSTALAÇÃO ELÉTRICA/ELETRIFICAÇÃO E ILUMINAÇÃO EXTERNA,,UN,"1,0000000","13,81","13,81"
Composição Auxiliar, 88247 ,SINAPI,AUXILIAR DE ELETRICISTA COM ENCARGOS COMPLEMENTARES,Livro SINAPI: Cálculos e Parâmetros,,H,"0,0793239","24,99","1,98"
Composição Auxiliar, 88264 ,SINAPI,ELETRICISTA COM ENCARGOS COMPLEMENTARES,Livro SINAPI: Cálculos e Parâmetros,,H,"0,0793239","29,57","2,34"
Insumo, 00001581 ,SINAPI,"TERMINAL A COMPRESSAO EM COBRE ESTANHADO PARA CABO 120 MM2, 1 FURO E 1 COMPRESSAO, PARA PARAFUSO DE FIXACAO M12",Material,,UN,"1,0000000","9,49","9,49"
,,,,,,,,,
,,,,,,,,,
,,,,,,,,,
 10.1.4.4 ,Código,Banco,Descrição,Tipo,,Und,Quant.,Valor Unit,Total
Composição, J0148 ,Próprio,TERMINAL A COMPRESSÃO PARA CABO DE 150 mm² A 240mm²,INEL - INSTALAÇÃO ELÉTRICA/ELETRIFICAÇÃO E ILUMINAÇÃO EXTERNA,,UN,"1,0000000","39,41","39,41"
Composição Auxiliar, 88247 ,SINAPI,AUXILIAR DE ELETRICISTA COM ENCARGOS COMPLEMENTARES,Livro SINAPI: Cálculos e Parâmetros,,H,"0,1581951","24,99","3,95"
Composição Auxiliar, 88264 ,SINAPI,ELETRICISTA COM ENCARGOS COMPLEMENTARES,Livro SINAPI: Cálculos e Parâmetros,,H,"0,1581951","29,57","4,67"
Insumo, 00011838 ,SINAPI,"TERMINAL METALICO A PRESSAO PARA 1 CABO DE 240 MM2, COM 1 FURO DE FIXACAO",Material,,UN,"1,0000000","30,79","30,79"
,,,,,,,,,
,,,,,,,,,
,,,,,,,,,
 10.1.5 ,,,ELETRODUTOS E ACESSÓRIOS,,,,,,
 10.1.5.1 ,Código,Banco,Descrição,Tipo,,Und,Quant.,Valor Unit,Total
Composição, 97670 ,SINAPI,"ELETRODUTO FLEXÍVEL CORRUGADO, PEAD, DN 100 (4""), PARA REDE ENTERRADA DE DISTRIBUIÇÃO DE ENERGIA ELÉTRICA - FORNECIMENTO E INSTALAÇÃO. AF_12/2021",Redes Enterradas de Distribuição Elétrica,,M,"1,0000000","17,78","17,78"
Composição Auxiliar, 88247 ,SINAPI,AUXILIAR DE ELETRICISTA COM ENCARGOS COMPLEMENTARES,Livro SINAPI: Cálculos e Parâmetros,,H,"0,1372374","24,99","3,42"
Composição Auxiliar, 88264 ,SINAPI,ELETRICISTA COM ENCARGOS COMPLEMENTARES,Livro SINAPI: Cálculos e Parâmetros,,H,"0,1372374","29,57","4,05"
Insumo, 00039248 ,SINAPI,"ELETRODUTO/DUTO PEAD FLEXIVEL PAREDE SIMPLES, CORRUGACAO HELICOIDAL, COR PRETA, SEM ROSCA, DE 4"", CRC 680 N, PARA CABEAMENTO SUBTERRANEO (NBR 15715)",Material,,M,"1,1000000","9,38","10,31"
,,,,,,,,,
,,,,,,,,,
,,,,,,,,,
 10.1.5.2 ,Código,Banco,Descrição,Tipo,,Und,Quant.,Valor Unit,Total
Composição, 93012 ,SINAPI,"ELETRODUTO RÍGIDO ROSCÁVEL, PVC, DN 110 MM (4""), PARA REDE ENTERRADA DE DISTRIBUIÇÃO DE ENERGIA ELÉTRICA - FORNECIMENTO E INSTALAÇÃO. AF_12/2021",Redes Enterradas de Distribuição Elétrica,,M,"1,0000000","49,87","49,87"
Composição Auxiliar, 88247 ,SINAPI,AUXILIAR DE ELETRICISTA COM ENCARGOS COMPLEMENTARES,Livro SINAPI: Cálculos e Parâmetros,,H,"0,1680256","24,99","4,19"
Composição Auxiliar, 88264 ,SINAPI,ELETRICISTA COM ENCARGOS COMPLEMENTARES,Livro SINAPI: Cálculos e Parâmetros,,H,"0,1680256","29,57","4,96"
Insumo, 00002683 ,SINAPI,"ELETRODUTO DE PVC RIGIDO ROSCAVEL DE 4 "", SEM LUVA",Material,,M,"1,1000000","37,02","40,72"
,,,,,,,,,
,,,,,,,,,
,,,,,,,,,
 10.1.5.3 ,Código,Banco,Descrição,Tipo,,Und,Quant.,Valor Unit,Total
Composição, 93026 ,SINAPI,"CURVA 90 GRAUS PARA ELETRODUTO, PVC, ROSCÁVEL, DN 110 MM (4""), PARA REDE ENTERRADA DE DISTRIBUIÇÃO DE ENERGIA ELÉTRICA - FORNECIMENTO E INSTALAÇÃO. AF_12/2021",Redes Enterradas de Distribuição Elétrica,,UN,"1,0000000","56,28","56,28"
Composição Auxiliar, 88247 ,SINAPI,AUXILIAR DE ELETRICISTA COM ENCARGOS COMPLEMENTARES,Livro SINAPI: Cálculos e Parâmetros,,H,"0,5086045","24,99","12,71"
Composição Auxiliar, 88264 ,SINAPI,ELETRICISTA COM ENCARGOS COMPLEMENTARES,Livro SINAPI: Cálculos e Parâmetros,,H,"0,5086045","29,57","15,03"
Insumo, 00001878 ,SINAPI,"CURVA 90 GRAUS, LONGA, DE PVC RIGIDO ROSCAVEL, DE 4"", PARA ELETRODUTO",Material,,UN,"1,0000000","28,54","28,54"
,,,,,,,,,
,,,,,,,,,
,,,,,,,,,
 10.1.5.4 ,Código,Banco,Descrição,Tipo,,Und,Quant.,Valor Unit,Total
Composição, 93017 ,SINAPI,"LUVA PARA ELETRODUTO, PVC, ROSCÁVEL, DN 110 MM (4""), PARA REDE ENTERRADA DE DISTRIBUIÇÃO DE ENERGIA ELÉTRICA - FORNECIMENTO E INSTALAÇÃO. AF_12/2021",Redes Enterradas de Distribuição Elétrica,,UN,"1,0000000","34,72","34,72"
Composição Auxiliar, 88247 ,SINAPI,AUXILIAR DE ELETRICISTA COM ENCARGOS COMPLEMENTARES,Livro SINAPI: Cálculos e Parâmetros,,H,"0,3392207","24,99","8,47"
Composição Auxiliar, 88264 ,SINAPI,ELETRICISTA COM ENCARGOS COMPLEMENTARES,Livro SINAPI: Cálculos e Parâmetros,,H,"0,3392207","29,57","10,03"
Insumo, 00001895 ,SINAPI,"LUVA EM PVC RIGIDO ROSCAVEL, DE 4"", PARA ELETRODUTO",Material,,UN,"1,0000000","16,22","16,22"
,,,,,,,,,
,,,,,,,,,
,,,,,,,,,
 10.1.5.5 ,Código,Banco,Descrição,Tipo,,Und,Quant.,Valor Unit,Total
Composição, 104785 ,SINAPI,"FIXAÇÃO DE ELETRODUTOS, DIÂMETROS MENORES OU IGUAIS A 40 MM, COM ABRAÇADEIRA METÁLICA RÍGIDA TIPO D COM PARAFUSO DE FIXAÇÃO 1 1/4"", FIXADA DIRETAMENTE NA LAJE OU PAREDE. AF_09/2023",Rasgos e Fixações,,M,"1,0000000","12,66","12,66"
Composição Auxiliar, 88247 ,SINAPI,AUXILIAR DE ELETRICISTA COM ENCARGOS COMPLEMENTARES,Livro SINAPI: Cálculos e Parâmetros,,H,"0,0351791","24,99","0,87"
Composição Auxiliar, 88264 ,SINAPI,ELETRICISTA COM ENCARGOS COMPLEMENTARES,Livro SINAPI: Cálculos e Parâmetros,,H,"0,1548836","29,57","4,57"
Insumo, 00000395 ,SINAPI,"ABRACADEIRA EM ACO PARA AMARRACAO DE ELETRODUTOS, TIPO D, COM 1 1/4"" E PARAFUSO DE FIXACAO",Material,,UN,"1,2500000","5,10","6,37"
Insumo, 00004350 ,SINAPI,"BUCHA DE NYLON, DIAMETRO DO FURO 8 MM, COMPRIMENTO 40 MM, COM PARAFUSO DE ROSCA SOBERBA, CABECA CHATA, FENDA SIMPLES, 4,8 X 50 MM",Material,,UN,"1,3125000","0,65","0,85"
,,,,,,,,,
,,,,,,,,,
,,,,,,,,,
 10.1.5.6 ,Código,Banco,Descrição,Tipo,,Und,Quant.,Valor Unit,Total
Composição, 93358 ,SINAPI,ESCAVAÇÃO MANUAL DE VALA. AF_09/2024,Escavação de Valas,,m³,"1,0000000","73,77","73,77"
Composição Auxiliar, 88316 ,SINAPI,SERVENTE COM ENCARGOS COMPLEMENTARES,Livro SINAPI: Cálculos e Parâmetros,,H,"3,1569648","23,37","73,77"
,,,,,,,,,
,,,,,,,,,
,,,,,,,,,
 10.1.5.7 ,Código,Banco,Descrição,Tipo,,Und,Quant.,Valor Unit,Total
Composição, 104737 ,SINAPI,"REATERRO MANUAL DE VALAS, COM PLACA VIBRATÓRIA. AF_08/2023",Aterro e Reaterro de Valas,,m³,"1,0000000","18,73","18,73"
Composição Auxiliar, 5901 ,SINAPI,"CAMINHÃO PIPA 10.000 L TRUCADO, PESO BRUTO TOTAL 23.000 KG, CARGA ÚTIL MÁXIMA 15.935 KG, DISTÂNCIA ENTRE EIXOS 4,8 M, POTÊNCIA 230 CV, INCLUSIVE TANQUE DE AÇO PARA TRANSPORTE DE ÁGUA - CHP DIURNO. AF_06/2014",Custos Horários Produtivo e Improdutivo dos Equipamentos,,CHP,"0,0054000","278,95","1,50"
Composição Auxiliar, 5903 ,SINAPI,"CAMINHÃO PIPA 10.000 L TRUCADO, PESO BRUTO TOTAL 23.000 KG, CARGA ÚTIL MÁXIMA 15.935 KG, DISTÂNCIA ENTRE EIXOS 4,8 M, POTÊNCIA 230 CV, INCLUSIVE TANQUE DE AÇO PARA TRANSPORTE DE ÁGUA - CHI DIURNO. AF_06/2014",Custos Horários Produtivo e Improdutivo dos Equipamentos,,CHI,"0,0006000","67,91","0,04"
Composição Auxiliar, 88316 ,SINAPI,SERVENTE COM ENCARGOS COMPLEMENTARES,Livro SINAPI: Cálculos e Parâmetros,,H,"0,7011960","23,37","16,38"
Composição Auxiliar, 91277 ,SINAPI,"PLACA VIBRATÓRIA REVERSÍVEL COM MOTOR 4 TEMPOS A GASOLINA, FORÇA CENTRÍFUGA DE 25 KN (2500 KGF), POTÊNCIA 5,5 CV - CHP DIURNO. AF_08/2015",Custos Horários Produtivo e Improdutivo dos Equipamentos,,CHP,"0,0942000","8,65","0,81"
,,,,,,,,,
,,,,,,,,,
,,,,,,,,,
 10.1.6 ,,,CAIXAS DE PASSAGEM E MANILHAS,,,,,,
 10.1.6.1 ,Código,Banco,Descrição,Tipo,,Und,Quant.,Valor Unit,Total
Composição, 97888 ,SINAPI,"CAIXA ENTERRADA ELÉTRICA RETANGULAR, EM ALVENARIA COM TIJOLOS CERÂMICOS MACIÇOS, FUNDO COM BRITA, DIMENSÕES INTERNAS: 0,6X0,6X0,6 M. AF_12/2020",Caixas Enterradas,,UN,"1,0000000","417,61","417,61"
Composição Auxiliar, 100475 ,SINAPI,"ARGAMASSA TRAÇO 1:3 (EM VOLUME DE CIMENTO E AREIA MÉDIA ÚMIDA) COM ADIÇÃO DE IMPERMEABILIZANTE, PREPARO MECÂNICO COM BETONEIRA 400 L. AF_08/2019",Argamassas,,m³,"0,1012000","659,06","66,69"
Composição Auxiliar, 101619 ,SINAPI,"PREPARO DE FUNDO DE VALA COM LARGURA MENOR QUE 1,5 M, COM CAMADA DE BRITA, LANÇAMENTO MANUAL. AF_08/2020",Escoramento e Preparo de Fundo de Valas,,m³,"0,0810000","280,68","22,73"
Composição Auxiliar, 5678 ,SINAPI,"RETROESCAVADEIRA SOBRE RODAS COM CARREGADEIRA, TRAÇÃO 4X4, POTÊNCIA LÍQ. 88 HP, CAÇAMBA CARREG. CAP. MÍN. 1 M3, CAÇAMBA RETRO CAP. 0,26 M3, PESO OPERACIONAL MÍN. 6.674 KG, PROFUNDIDADE ESCAVAÇÃO MÁX. 4,37 M - CHP DIURNO. AF_06/2014",Custos Horários Produtivo e Improdutivo dos Equipamentos,,CHP,"0,0087000","130,38","1,13"
Composição Auxiliar, 5679 ,SINAPI,"RETROESCAVADEIRA SOBRE RODAS COM CARREGADEIRA, TRAÇÃO 4X4, POTÊNCIA LÍQ. 88 HP, CAÇAMBA CARREG. CAP. MÍN. 1 M3, CAÇAMBA RETRO CAP. 0,26 M3, PESO OPERACIONAL MÍN. 6.674 KG, PROFUNDIDADE ESCAVAÇÃO MÁX. 4,37 M - CHI DIURNO. AF_06/2014",Custos Horários Produtivo e Improdutivo dos Equipamentos,,CHI,"0,0178000","59,48","1,05"
Composição Auxiliar, 87316 ,SINAPI,"ARGAMASSA TRAÇO 1:4 (EM VOLUME DE CIMENTO E AREIA GROSSA ÚMIDA) PARA CHAPISCO CONVENCIONAL, PREPARO MECÂNICO COM BETONEIRA 400 L. AF_08/2019",Argamassas,,m³,"0,0136000","435,01","5,91"
Composição Auxiliar, 88309 ,SINAPI,PEDREIRO COM ENCARGOS COMPLEMENTARES,Livro SINAPI: Cálculos e Parâmetros,,H,"3,2015130","29,21","93,51"
Composição Auxiliar, 88316 ,SINAPI,SERVENTE COM ENCARGOS COMPLEMENTARES,Livro SINAPI: Cálculos e Parâmetros,,H,"2,5154895","23,37","58,78"
Composição Auxiliar, 97735 ,SINAPI,"PEÇA RETANGULAR PRÉ-MOLDADA, VOLUME DE CONCRETO DE 30 A 100 LITROS, TAXA DE AÇO APROXIMADA DE 30KG/M³. AF_03/2024",Estruturas Pré-Fabricadas e Pré-Moldadas,,m³,"0,0448000","2.362,25","105,82"
Insumo, 00007258 ,SINAPI,TIJOLO CERAMICO MACICO COMUM DE *5 X 10 X 20* CM (L X A X C),Material,,UN,"134,7640000","0,46","61,99"
,,,,,,,,,
,,,,,,,,,
,,,,,,,,,
 10.1.6.2 ,Código,Banco,Descrição,Tipo,,Und,Quant.,Valor Unit,Total
Composição, 95565 ,SINAPI,"TUBO DE CONCRETO PARA REDES COLETORAS DE ÁGUAS PLUVIAIS, DIÂMETRO DE 300MM, JUNTA RÍGIDA, INSTALADO EM LOCAL COM BAIXO NÍVEL DE INTERFERÊNCIAS - FORNECIMENTO E ASSENTAMENTO. AF_03/2024",Assentamento de tubos de esgoto ou drenagem pluvial em concreto,,M,"1,0000000","120,38","120,38"
Composição Auxiliar, 5631 ,SINAPI,"ESCAVADEIRA HIDRÁULICA SOBRE ESTEIRAS, CAÇAMBA 0,80 M3, PESO OPERACIONAL 17 T, POTENCIA BRUTA 111 HP - CHP DIURNO. AF_06/2014",Custos Horários Produtivo e Improdutivo dos Equipamentos,,CHP,"0,0350000","185,35","6,48"
Composição Auxiliar, 5632 ,SINAPI,"ESCAVADEIRA HIDRÁULICA SOBRE ESTEIRAS, CAÇAMBA 0,80 M3, PESO OPERACIONAL 17 T, POTENCIA BRUTA 111 HP - CHI DIURNO. AF_06/2014",Custos Horários Produtivo e Improdutivo dos Equipamentos,,CHI,"0,0680000","81,21","5,52"
Composição Auxiliar, 88246 ,SINAPI,ASSENTADOR DE TUBOS COM ENCARGOS COMPLEMENTARES,Livro SINAPI: Cálculos e Parâmetros,,H,"0,1104922","22,02","2,43"
Composição Auxiliar, 88316 ,SINAPI,SERVENTE COM ENCARGOS COMPLEMENTARES,Livro SINAPI: Cálculos e Parâmetros,,H,"0,2209845","23,37","5,16"
Composição Auxiliar, 88629 ,SINAPI,"ARGAMASSA TRAÇO 1:3 (EM VOLUME DE CIMENTO E AREIA MÉDIA ÚMIDA), PREPARO MANUAL. AF_08/2019",Argamassas,,m³,"0,0007000","591,67","0,41"
Insumo, 00040334 ,SINAPI,"TUBO DE CONCRETO ARMADO PARA AGUAS PLUVIAIS, CLASSE PA-1, COM ENCAIXE PONTA E BOLSA, DIAMETRO NOMINAL DE 300 MM",Material,,M,"1,0300000","97,46","100,38"
,,,,,,,,,
,,,,,,,,,
,,,,,,,,,
 10.1.6.3 ,Código,Banco,Descrição,Tipo,,Und,Quant.,Valor Unit,Total
Composição, 93358 ,SINAPI,ESCAVAÇÃO MANUAL DE VALA. AF_09/2024,Escavação de Valas,,m³,"1,0000000","73,77","73,77"
Composição Auxiliar, 88316 ,SINAPI,SERVENTE COM ENCARGOS COMPLEMENTARES,Livro SINAPI: Cálculos e Parâmetros,,H,"3,1569648","23,37","73,77"
,,,,,,,,,
,,,,,,,,,
,,,,,,,,,
 10.1.6.4 ,Código,Banco,Descrição,Tipo,,Und,Quant.,Valor Unit,Total
Composição, 104737 ,SINAPI,"REATERRO MANUAL DE VALAS, COM PLACA VIBRATÓRIA. AF_08/2023",Aterro e Reaterro de Valas,,m³,"1,0000000","18,73","18,73"
Composição Auxiliar, 5901 ,SINAPI,"CAMINHÃO PIPA 10.000 L TRUCADO, PESO BRUTO TOTAL 23.000 KG, CARGA ÚTIL MÁXIMA 15.935 KG, DISTÂNCIA ENTRE EIXOS 4,8 M, POTÊNCIA 230 CV, INCLUSIVE TANQUE DE AÇO PARA TRANSPORTE DE ÁGUA - CHP DIURNO. AF_06/2014",Custos Horários Produtivo e Improdutivo dos Equipamentos,,CHP,"0,0054000","278,95","1,50"
Composição Auxiliar, 5903 ,SINAPI,"CAMINHÃO PIPA 10.000 L TRUCADO, PESO BRUTO TOTAL 23.000 KG, CARGA ÚTIL MÁXIMA 15.935 KG, DISTÂNCIA ENTRE EIXOS 4,8 M, POTÊNCIA 230 CV, INCLUSIVE TANQUE DE AÇO PARA TRANSPORTE DE ÁGUA - CHI DIURNO. AF_06/2014",Custos Horários Produtivo e Improdutivo dos Equipamentos,,CHI,"0,0006000","67,91","0,04"
Composição Auxiliar, 88316 ,SINAPI,SERVENTE COM ENCARGOS COMPLEMENTARES,Livro SINAPI: Cálculos e Parâmetros,,H,"0,7011960","23,37","16,38"
Composição Auxiliar, 91277 ,SINAPI,"PLACA VIBRATÓRIA REVERSÍVEL COM MOTOR 4 TEMPOS A GASOLINA, FORÇA CENTRÍFUGA DE 25 KN (2500 KGF), POTÊNCIA 5,5 CV - CHP DIURNO. AF_08/2015",Custos Horários Produtivo e Improdutivo dos Equipamentos,,CHP,"0,0942000","8,65","0,81"
,,,,,,,,,
,,,,,,,,,
,,,,,,,,,
 10.1.7 ,,,QGBT,,,,,,
 10.1.7.1 ,Código,Banco,Descrição,Tipo,,Und,Quant.,Valor Unit,Total
Composição, J0176 ,Próprio,"QUADRO DE DISTRIBUIÇÃO GERAL BAIXA TENSÃO, C/ACESSÓRIOS- 1UN DE  MEDIÇÃO - FORNECIMENTO E INSTALAÇÃO",INEL - INSTALAÇÃO ELÉTRICA/ELETRIFICAÇÃO E ILUMINAÇÃO EXTERNA,,UN,"1,0000000","1.444,60","1.444,60"
Composição Auxiliar, 88247 ,SINAPI,AUXILIAR DE ELETRICISTA COM ENCARGOS COMPLEMENTARES,Livro SINAPI: Cálculos e Parâmetros,,H,"3,1344703","24,99","78,33"
Composição Auxiliar, 88264 ,SINAPI,ELETRICISTA COM ENCARGOS COMPLEMENTARES,Livro SINAPI: Cálculos e Parâmetros,,H,"3,1344703","29,57","92,68"
Insumo, I0199 ,SEINFRA,BASE FUSIVEL DIAZED 25A. COMPLETA,Material,,UN,"1,0000000","32,14","32,14"
Insumo, I0546 ,SEINFRA,CHAVE COMUTADORA P/ AMPERIMETRO/VOLTIMETRO,Material,,UN,"2,0000000","75,79","151,58"
Insumo, I1204 ,SEINFRA,FUSIVEL DIAZED 25A,Material,,UN,"1,0000000","1,76","1,76"
Insumo, I1476 ,SEINFRA,LÂMPADA SINALIZADORAS ATE 5W,Material,,UN,"3,0000000","8,18","24,54"
Insumo, I7415 ,SEINFRA,ISOLADOR EPÓXI 1kV - 25mm,Material,,UN,"13,0000000","6,94","90,22"
Insumo, I1767 ,SEINFRA,"QUADRO METÁLICO P/QGBT (1,90 X 0,90 X 0,60)M",Material,,UN,"1,0000000","973,35","973,35"
,,,,,,,,,
,,,,,,,,,
,,,,,,,,,
 10.1.7.2 ,Código,Banco,Descrição,Tipo,,Und,Quant.,Valor Unit,Total
Composição, 101898 ,SINAPI,"DISJUNTOR TERMOMAGNÉTICO TRIPOLAR, CORRENTE NOMINAL DE 400A - FORNECIMENTO E INSTALAÇÃO. AF_10/2020","Instalações Elétricas - Quadros, Cabos, Disjuntores, Contatores e Barramentos Blindados",,UN,"1,0000000","1.028,23","1.028,23"
Composição Auxiliar, 88247 ,SINAPI,AUXILIAR DE ELETRICISTA COM ENCARGOS COMPLEMENTARES,Livro SINAPI: Cálculos e Parâmetros,,H,"1,0112471","24,99","25,27"
Composição Auxiliar, 88264 ,SINAPI,ELETRICISTA COM ENCARGOS COMPLEMENTARES,Livro SINAPI: Cálculos e Parâmetros,,H,"1,0112471","29,57","29,90"
Insumo, 00001581 ,SINAPI,"TERMINAL A COMPRESSAO EM COBRE ESTANHADO PARA CABO 120 MM2, 1 FURO E 1 COMPRESSAO, PARA PARAFUSO DE FIXACAO M12",Material,,UN,"3,0000000","9,49","28,47"
Insumo, 00002379 ,SINAPI,"DISJUNTOR TERMOMAGNETICO TRIPOLAR 400 A / 600 V, TIPO JXD / ICC - 40 KA",Material,,UN,"1,0000000","944,59","944,59"
,,,,,,,,,
,,,,,,,,,
,,,,,,,,,
 10.1.7.3 ,Código,Banco,Descrição,Tipo,,Und,Quant.,Valor Unit,Total
Composição, 93669 ,SINAPI,"DISJUNTOR TRIPOLAR TIPO DIN, CORRENTE NOMINAL DE 20A - FORNECIMENTO E INSTALAÇÃO. AF_10/2020","Instalações Elétricas - Quadros, Cabos, Disjuntores, Contatores e Barramentos Blindados",,UN,"1,0000000","58,96","58,96"
Composição Auxiliar, 88247 ,SINAPI,AUXILIAR DE ELETRICISTA COM ENCARGOS COMPLEMENTARES,Livro SINAPI: Cálculos e Parâmetros,,H,"0,1559386","24,99","3,89"
Composição Auxiliar, 88264 ,SINAPI,ELETRICISTA COM ENCARGOS COMPLEMENTARES,Livro SINAPI: Cálculos e Parâmetros,,H,"0,1559386","29,57","4,61"
Insumo, 00001571 ,SINAPI,"TERMINAL A COMPRESSAO EM COBRE ESTANHADO PARA CABO 4 MM2, 1 FURO E 1 COMPRESSAO, PARA PARAFUSO DE FIXACAO M5",Material,,UN,"3,0000000","1,06","3,18"
Insumo, 00034709 ,SINAPI,"DISJUNTOR TERMOMAGNETICO PARA TRILHO DIN (IEC), TRIPOLAR, 10 - 50 A",Material,,UN,"1,0000000","47,28","47,28"
,,,,,,,,,
,,,,,,,,,
,,,,,,,,,
 10.1.7.4 ,Código,Banco,Descrição,Tipo,,Und,Quant.,Valor Unit,Total
Composição, 93672 ,SINAPI,"DISJUNTOR TRIPOLAR TIPO DIN, CORRENTE NOMINAL DE 40A - FORNECIMENTO E INSTALAÇÃO. AF_10/2020","Instalações Elétricas - Quadros, Cabos, Disjuntores, Contatores e Barramentos Blindados",,UN,"1,0000000","68,92","68,92"
Composição Auxiliar, 88247 ,SINAPI,AUXILIAR DE ELETRICISTA COM ENCARGOS COMPLEMENTARES,Livro SINAPI: Cálculos e Parâmetros,,H,"0,3213353","24,99","8,03"
Composição Auxiliar, 88264 ,SINAPI,ELETRICISTA COM ENCARGOS COMPLEMENTARES,Livro SINAPI: Cálculos e Parâmetros,,H,"0,3213353","29,57","9,50"
Insumo, 00001574 ,SINAPI,"TERMINAL A COMPRESSAO EM COBRE ESTANHADO PARA CABO 10 MM2, 1 FURO E 1 COMPRESSAO, PARA PARAFUSO DE FIXACAO M6",Material,,UN,"3,0000000","1,37","4,11"
Insumo, 00034709 ,SINAPI,"DISJUNTOR TERMOMAGNETICO PARA TRILHO DIN (IEC), TRIPOLAR, 10 - 50 A",Material,,UN,"1,0000000","47,28","47,28"
,,,,,,,,,
,,,,,,,,,
,,,,,,,,,
 10.1.7.5 ,Código,Banco,Descrição,Tipo,,Und,Quant.,Valor Unit,Total
Composição, 93673 ,SINAPI,"DISJUNTOR TRIPOLAR TIPO DIN, CORRENTE NOMINAL DE 50A - FORNECIMENTO E INSTALAÇÃO. AF_10/2020","Instalações Elétricas - Quadros, Cabos, Disjuntores, Contatores e Barramentos Blindados",,UN,"1,0000000","76,73","76,73"
Composição Auxiliar, 88247 ,SINAPI,AUXILIAR DE ELETRICISTA COM ENCARGOS COMPLEMENTARES,Livro SINAPI: Cálculos e Parâmetros,,H,"0,4508875","24,99","11,26"
Composição Auxiliar, 88264 ,SINAPI,ELETRICISTA COM ENCARGOS COMPLEMENTARES,Livro SINAPI: Cálculos e Parâmetros,,H,"0,4508875","29,57","13,33"
Insumo, 00001575 ,SINAPI,"TERMINAL A COMPRESSAO EM COBRE ESTANHADO PARA CABO 16 MM2, 1 FURO E 1 COMPRESSAO, PARA PARAFUSO DE FIXACAO M6",Material,,UN,"3,0000000","1,62","4,86"
Insumo, 00034709 ,SINAPI,"DISJUNTOR TERMOMAGNETICO PARA TRILHO DIN (IEC), TRIPOLAR, 10 - 50 A",Material,,UN,"1,0000000","47,28","47,28"
,,,,,,,,,
,,,,,,,,,
,,,,,,,,,
 10.1.7.6 ,Código,Banco,Descrição,Tipo,,Und,Quant.,Valor Unit,Total
Composição, 101894 ,SINAPI,"DISJUNTOR TRIPOLAR TIPO NEMA, CORRENTE NOMINAL DE 60 ATÉ 100A - FORNECIMENTO E INSTALAÇÃO. AF_10/2020","Instalações Elétricas - Quadros, Cabos, Disjuntores, Contatores e Barramentos Blindados",,UN,"1,0000000","123,08","123,08"
Composição Auxiliar, 88247 ,SINAPI,AUXILIAR DE ELETRICISTA COM ENCARGOS COMPLEMENTARES,Livro SINAPI: Cálculos e Parâmetros,,H,"0,6207604","24,99","15,51"
Composição Auxiliar, 88264 ,SINAPI,ELETRICISTA COM ENCARGOS COMPLEMENTARES,Livro SINAPI: Cálculos e Parâmetros,,H,"0,6207604","29,57","18,35"
Insumo, 00001576 ,SINAPI,"TERMINAL A COMPRESSAO EM COBRE ESTANHADO PARA CABO 25 MM2, 1 FURO E 1 COMPRESSAO, PARA PARAFUSO DE FIXACAO M8",Material,,UN,"3,0000000","2,25","6,75"
Insumo, 00002373 ,SINAPI,"DISJUNTOR TIPO NEMA, TRIPOLAR 60 ATE 100 A, TENSAO MAXIMA DE 415 V",Material,,UN,"1,0000000","82,47","82,47"
,,,,,,,,,
,,,,,,,,,
,,,,,,,,,
 10.1.7.7 ,Código,Banco,Descrição,Tipo,,Und,Quant.,Valor Unit,Total
Composição, J0177 ,Próprio,DISPOSITIVO DE PROTEÇÃO CONTRA SURTOS DE TENSÃO (DPS) - 40 KA/275V -  FORNECIMENTO E INSTALAÇÃO,INEL - INSTALAÇÃO ELÉTRICA/ELETRIFICAÇÃO E ILUMINAÇÃO EXTERNA,,UN,"1,0000000","91,42","91,42"
Composição Auxiliar, 88264 ,SINAPI,ELETRICISTA COM ENCARGOS COMPLEMENTARES,Livro SINAPI: Cálculos e Parâmetros,,H,"0,1030023","29,57","3,04"
Composição Auxiliar, 88316 ,SINAPI,SERVENTE COM ENCARGOS COMPLEMENTARES,Livro SINAPI: Cálculos e Parâmetros,,H,"0,1030023","23,37","2,40"
Insumo, 00039471 ,SINAPI,"DISPOSITIVO DPS CLASSE II, 1 POLO, TENSAO MAXIMA DE 275 V, CORRENTE MAXIMA DE *45* KA (TIPO AC)",Material,,UN,"1,0000000","77,50","77,50"
Insumo, 00001571 ,SINAPI,"TERMINAL A COMPRESSAO EM COBRE ESTANHADO PARA CABO 4 MM2, 1 FURO E 1 COMPRESSAO, PARA PARAFUSO DE FIXACAO M5",Material,,UN,"8,0000000","1,06","8,48"
,,,,,,,,,
,,,,,,,,,
,,,,,,,,,
 10.1.7.8 ,Código,Banco,Descrição,Tipo,,Und,Quant.,Valor Unit,Total
Composição, J0178 ,Próprio,MULTIMEDIDOR DE GRANDEZAS ELÉTRICAS - FORNECIMENTO E INSTALAÇÃO,INEL - INSTALAÇÃO ELÉTRICA/ELETRIFICAÇÃO E ILUMINAÇÃO EXTERNA,,UN,"1,0000000","2.272,81","2.272,81"
Composição Auxiliar, 88264 ,SINAPI,ELETRICISTA COM ENCARGOS COMPLEMENTARES,Livro SINAPI: Cálculos e Parâmetros,,H,"0,7753697","29,57","22,92"
Composição Auxiliar, 88247 ,SINAPI,AUXILIAR DE ELETRICISTA COM ENCARGOS COMPLEMENTARES,Livro SINAPI: Cálculos e Parâmetros,,H,"0,7753697","24,99","19,37"
Insumo, I8930 ,SEINFRA,"MULTIMEDIDOR DE GRANDEZAS ELÉTRICAS, DIGITAL, COM MEMÓRIA DE MASSA 800KB, 4 REGISTROS DE DADOS, DISPLAY LCD, SAÍDA 485/234, OU ACOMPANHADO DE CONVERSOR, ENTRADA TRIFÁSICA ATÉ 600VCA, ENTRADA DE CORRENTE 5A",Material,,UN,"1,0000000","2.230,52","2.230,52"
,,,,,,,,,
,,,,,,,,,
,,,,,,,,,
 10.1.7.9 ,Código,Banco,Descrição,Tipo,,Und,Quant.,Valor Unit,Total
Composição, J0180 ,Próprio,TRANSFORMADOR DE CORRENTE EM QD - FAIXA 200 A 400/5A -  FORNECIMENTO E INSTALAÇÃO,INEL - INSTALAÇÃO ELÉTRICA/ELETRIFICAÇÃO E ILUMINAÇÃO EXTERNA,,UN,"1,0000000","143,07","143,07"
Composição Auxiliar, 88247 ,SINAPI,AUXILIAR DE ELETRICISTA COM ENCARGOS COMPLEMENTARES,Livro SINAPI: Cálculos e Parâmetros,,H,"0,3936009","24,99","9,83"
Composição Auxiliar, 88264 ,SINAPI,ELETRICISTA COM ENCARGOS COMPLEMENTARES,Livro SINAPI: Cálculos e Parâmetros,,H,"0,3936009","29,57","11,63"
Insumo, I2153 ,SEINFRA,TRANSFORMADOR CORRENTE EM QD DE 250 - 400/5A,Material,,UN,"1,0000000","121,61","121,61"
,,,,,,,,,
,,,,,,,,,
,,,,,,,,,
 10.1.7.10 ,Código,Banco,Descrição,Tipo,,Und,Quant.,Valor Unit,Total
Composição, 91927 ,SINAPI,"CABO DE COBRE FLEXÍVEL ISOLADO, 2,5 MM², ANTI-CHAMA 0,6/1,0 KV, PARA CIRCUITOS TERMINAIS - FORNECIMENTO E INSTALAÇÃO. AF_03/2023","Instalações Elétricas - Eletrodutos Embutidos, Cabos, Caixas, Tomadas e Interruptores",,M,"1,0000000","4,06","4,06"
Composição Auxiliar, 88247 ,SINAPI,AUXILIAR DE ELETRICISTA COM ENCARGOS COMPLEMENTARES,Livro SINAPI: Cálculos e Parâmetros,,H,"0,0231141","24,99","0,57"
Composição Auxiliar, 88264 ,SINAPI,ELETRICISTA COM ENCARGOS COMPLEMENTARES,Livro SINAPI: Cálculos e Parâmetros,,H,"0,0231141","29,57","0,68"
Insumo, 00001022 ,SINAPI,"CABO DE COBRE, FLEXIVEL, CLASSE 4 OU 5, ISOLACAO EM PVC/A, ANTICHAMA BWF-B, COBERTURA PVC-ST1, ANTICHAMA BWF-B, 1 CONDUTOR, 0,6/1 KV, SECAO NOMINAL 2,5 MM2",Material,,M,"1,2434000","2,25","2,79"
Insumo, 00021127 ,SINAPI,"FITA ISOLANTE ADESIVA ANTICHAMA, USO ATE 750 V, EM ROLO DE 19 MM X 5 M",Material,,UN,"0,0094000","3,02","0,02"
,,,,,,,,,
,,,,,,,,,
,,,,,,,,,
 10.2 ,,,ILUMINAÇÃO EXTERNA,,,,,,
 10.2.1 ,,,"POSTES, LUMINÁRIAS, CAIXAS, CABOS E ACESSÓRIOS",,,,,,
 10.2.1.1 ,Código,Banco,Descrição,Tipo,,Und,Quant.,Valor Unit,Total
Composição, J0170 ,Próprio,"POSTE CONICO CONTINUO EM ACO GALVANIZADO, RETO, ENGASTADO, H = 6  M",INEL - INSTALAÇÃO ELÉTRICA/ELETRIFICAÇÃO E ILUMINAÇÃO EXTERNA,,UN,"1,0000000","1.161,93","1.161,93"
Composição Auxiliar, 88247 ,SINAPI,AUXILIAR DE ELETRICISTA COM ENCARGOS COMPLEMENTARES,Livro SINAPI: Cálculos e Parâmetros,,H,"1,1001018","24,99","27,49"
Composição Auxiliar, 88264 ,SINAPI,ELETRICISTA COM ENCARGOS COMPLEMENTARES,Livro SINAPI: Cálculos e Parâmetros,,H,"3,5759146","29,57","105,73"
Composição Auxiliar, 5928 ,SINAPI,"GUINDAUTO HIDRÁULICO, CAPACIDADE MÁXIMA DE CARGA 6200 KG, MOMENTO MÁXIMO DE CARGA 11,7 TM, ALCANCE MÁXIMO HORIZONTAL 9,70 M, INCLUSIVE CAMINHÃO TOCO PBT 16.000 KG, POTÊNCIA DE 189 CV - CHP DIURNO. AF_06/2014",Custos Horários Produtivo e Improdutivo dos Equipamentos,,CHP,"0,1110000","244,50","27,13"
Insumo, 00014166 ,SINAPI,"POSTE CONICO CONTINUO EM ACO GALVANIZADO, RETO, ENGASTADO, H = 7 M, DIAMETRO INFERIOR = *125* MM",Material,,UN,"1,0000000","1.001,58","1.001,58"
,,,,,,,,,
,,,,,,,,,
,,,,,,,,,
 10.2.1.2 ,Código,Banco,Descrição,Tipo,,Und,Quant.,Valor Unit,Total
Composição, J0171 ,Próprio,POSTE CONCRETO SEÇÃO CIRCULAR COMPRIMENTO=12M CARGA NOMINAL  MENOR OU IGUAL A 1000 DN,INEL - INSTALAÇÃO ELÉTRICA/ELETRIFICAÇÃO E ILUMINAÇÃO EXTERNA,,UN,"1,0000000","1.480,77","1.480,77"
Composição Auxiliar, 88247 ,SINAPI,AUXILIAR DE ELETRICISTA COM ENCARGOS COMPLEMENTARES,Livro SINAPI: Cálculos e Parâmetros,,H,"1,1943994","24,99","29,84"
Composição Auxiliar, 88264 ,SINAPI,ELETRICISTA COM ENCARGOS COMPLEMENTARES,Livro SINAPI: Cálculos e Parâmetros,,H,"3,8816034","29,57","114,77"
Composição Auxiliar, 5928 ,SINAPI,"GUINDAUTO HIDRÁULICO, CAPACIDADE MÁXIMA DE CARGA 6200 KG, MOMENTO MÁXIMO DE CARGA 11,7 TM, ALCANCE MÁXIMO HORIZONTAL 9,70 M, INCLUSIVE CAMINHÃO TOCO PBT 16.000 KG, POTÊNCIA DE 189 CV - CHP DIURNO. AF_06/2014",Custos Horários Produtivo e Improdutivo dos Equipamentos,,CHP,"0,0800000","244,50","19,56"
Insumo, 00005035 ,SINAPI,"POSTE DE CONCRETO ARMADO DE SECAO CIRCULAR, EXTENSAO DE 11,00 M, RESISTENCIA DE 300 A 400 DAN, TIPO C-17",Material,,UN,"1,0000000","1.316,60","1.316,60"
,,,,,,,,,
,,,,,,,,,
,,,,,,,,,
 10.2.1.3 ,Código,Banco,Descrição,Tipo,,Und,Quant.,Valor Unit,Total
Composição, J0172 ,Próprio,"RACO P/ LUMINARIA PUBLICA (DUPLO) 2 X 1,50 M, EM TUBO ACO GALV 3/4,  P/ FIXACAO EM POSTE OU PAREDE - FORNECIMENTO E INSTALACAO",INEL - INSTALAÇÃO ELÉTRICA/ELETRIFICAÇÃO E ILUMINAÇÃO EXTERNA,,UN,"1,0000000","148,12","148,12"
Composição Auxiliar, 88247 ,SINAPI,AUXILIAR DE ELETRICISTA COM ENCARGOS COMPLEMENTARES,Livro SINAPI: Cálculos e Parâmetros,,H,"0,5012524","24,99","12,52"
Composição Auxiliar, 88264 ,SINAPI,ELETRICISTA COM ENCARGOS COMPLEMENTARES,Livro SINAPI: Cálculos e Parâmetros,,H,"0,5012524","29,57","14,82"
Composição Auxiliar, 5928 ,SINAPI,"GUINDAUTO HIDRÁULICO, CAPACIDADE MÁXIMA DE CARGA 6200 KG, MOMENTO MÁXIMO DE CARGA 11,7 TM, ALCANCE MÁXIMO HORIZONTAL 9,70 M, INCLUSIVE CAMINHÃO TOCO PBT 16.000 KG, POTÊNCIA DE 189 CV - CHP DIURNO. AF_06/2014",Custos Horários Produtivo e Improdutivo dos Equipamentos,,CHP,"0,2388000","244,50","58,38"
Insumo, 00002512 ,SINAPI,"BRACO P/ LUMINARIA PUBLICA 1 X 1,50M ROMAGNOLE OU EQUIV",Material,,UN,"2,0000000","31,20","62,40"
,,,,,,,,,
,,,,,,,,,
,,,,,,,,,
 10.2.1.4 ,Código,Banco,Descrição,Tipo,,Und,Quant.,Valor Unit,Total
Composição, 101657 ,SINAPI,"LUMINÁRIA DE LED PARA ILUMINAÇÃO PÚBLICA, DE 98 W ATÉ 137 W - FORNECIMENTO E INSTALAÇÃO. AF_02/2025_PS",Luminárias Externas,,UN,"1,0000000","320,29","320,29"
Composição Auxiliar, 5928 ,SINAPI,"GUINDAUTO HIDRÁULICO, CAPACIDADE MÁXIMA DE CARGA 6200 KG, MOMENTO MÁXIMO DE CARGA 11,7 TM, ALCANCE MÁXIMO HORIZONTAL 9,70 M, INCLUSIVE CAMINHÃO TOCO PBT 16.000 KG, POTÊNCIA DE 189 CV - CHP DIURNO. AF_06/2014",Custos Horários Produtivo e Improdutivo dos Equipamentos,,CHP,"0,2016071","244,50","49,29"
Composição Auxiliar, 5930 ,SINAPI,"GUINDAUTO HIDRÁULICO, CAPACIDADE MÁXIMA DE CARGA 6200 KG, MOMENTO MÁXIMO DE CARGA 11,7 TM, ALCANCE MÁXIMO HORIZONTAL 9,70 M, INCLUSIVE CAMINHÃO TOCO PBT 16.000 KG, POTÊNCIA DE 189 CV - CHI DIURNO. AF_06/2014",Custos Horários Produtivo e Improdutivo dos Equipamentos,,CHI,"0,0517014","68,10","3,52"
Composição Auxiliar, 88247 ,SINAPI,AUXILIAR DE ELETRICISTA COM ENCARGOS COMPLEMENTARES,Livro SINAPI: Cálculos e Parâmetros,,H,"0,1184132","24,99","2,95"
Composição Auxiliar, 88264 ,SINAPI,ELETRICISTA COM ENCARGOS COMPLEMENTARES,Livro SINAPI: Cálculos e Parâmetros,,H,"0,1184132","29,57","3,50"
Insumo, 00021127 ,SINAPI,"FITA ISOLANTE ADESIVA ANTICHAMA, USO ATE 750 V, EM ROLO DE 19 MM X 5 M",Material,,UN,"0,0140000","3,02","0,04"
Insumo, 00042243 ,SINAPI,"LUMINARIA DE LED PARA ILUMINACAO PUBLICA, DE 98 W ATE 137 W, INVOLUCRO EM ALUMINIO OU ACO INOX",Material,,UN,"1,0000000","260,99","260,99"
,,,,,,,,,
,,,,,,,,,
,,,,,,,,,
 10.2.1.5 ,Código,Banco,Descrição,Tipo,,Und,Quant.,Valor Unit,Total
Composição, 101658 ,SINAPI,"LUMINÁRIA DE LED PARA ILUMINAÇÃO PÚBLICA, DE 138 W ATÉ 180 W - FORNECIMENTO E INSTALAÇÃO. AF_02/2025_PS",Luminárias Externas,,UN,"1,0000000","411,66","411,66"
Composição Auxiliar, 5928 ,SINAPI,"GUINDAUTO HIDRÁULICO, CAPACIDADE MÁXIMA DE CARGA 6200 KG, MOMENTO MÁXIMO DE CARGA 11,7 TM, ALCANCE MÁXIMO HORIZONTAL 9,70 M, INCLUSIVE CAMINHÃO TOCO PBT 16.000 KG, POTÊNCIA DE 189 CV - CHP DIURNO. AF_06/2014",Custos Horários Produtivo e Improdutivo dos Equipamentos,,CHP,"0,2016071","244,50","49,29"
Composição Auxiliar, 5930 ,SINAPI,"GUINDAUTO HIDRÁULICO, CAPACIDADE MÁXIMA DE CARGA 6200 KG, MOMENTO MÁXIMO DE CARGA 11,7 TM, ALCANCE MÁXIMO HORIZONTAL 9,70 M, INCLUSIVE CAMINHÃO TOCO PBT 16.000 KG, POTÊNCIA DE 189 CV - CHI DIURNO. AF_06/2014",Custos Horários Produtivo e Improdutivo dos Equipamentos,,CHI,"0,0517014","68,10","3,52"
Composição Auxiliar, 88247 ,SINAPI,AUXILIAR DE ELETRICISTA COM ENCARGOS COMPLEMENTARES,Livro SINAPI: Cálculos e Parâmetros,,H,"0,1140366","24,99","2,84"
Composição Auxiliar, 88264 ,SINAPI,ELETRICISTA COM ENCARGOS COMPLEMENTARES,Livro SINAPI: Cálculos e Parâmetros,,H,"0,1140366","29,57","3,37"
Insumo, 00021127 ,SINAPI,"FITA ISOLANTE ADESIVA ANTICHAMA, USO ATE 750 V, EM ROLO DE 19 MM X 5 M",Material,,UN,"0,0140000","3,02","0,04"
Insumo, 00042247 ,SINAPI,"LUMINARIA DE LED PARA ILUMINACAO PUBLICA, DE 138 W ATE 180 W, INVOLUCRO EM ALUMINIO OU ACO INOX",Material,,UN,"1,0000000","352,60","352,60"
,,,,,,,,,
,,,,,,,,,
,,,,,,,,,
 10.2.1.6 ,Código,Banco,Descrição,Tipo,,Und,Quant.,Valor Unit,Total
Composição, J0234 ,Próprio,"REFLETOR DE LED EM ALUMÍNIO COM DRIVE INTERNO, IP 65, LUZ BRANCA,
POTÊNCIA ATÉ 50W.",SEDI - SERVIÇOS DIVERSOS,,UN,"1,0000000","31,80","31,80"
Composição Auxiliar, 88247 ,SINAPI,AUXILIAR DE ELETRICISTA COM ENCARGOS COMPLEMENTARES,Livro SINAPI: Cálculos e Parâmetros,,H,"0,1892018","24,99","4,72"
Composição Auxiliar, 88264 ,SINAPI,ELETRICISTA COM ENCARGOS COMPLEMENTARES,Livro SINAPI: Cálculos e Parâmetros,,H,"0,1892018","29,57","5,59"
Insumo, 00039390 ,SINAPI,"LUMINARIA LED REFLETOR RETANGULAR BIVOLT, LUZ BRANCA, 30 W",Material,,UN,"1,0000000","21,49","21,49"
,,,,,,,,,
,,,,,,,,,
,,,,,,,,,
 10.2.1.7 ,Código,Banco,Descrição,Tipo,,Und,Quant.,Valor Unit,Total
Composição, J0175 ,Próprio,REFLETOR DE LED EM ALUMÍNIO COM DRIVE INTERNO. LUZ BRANCA. POTÊNCIA  ATÉ 150W.,INEL - INSTALAÇÃO ELÉTRICA/ELETRIFICAÇÃO E ILUMINAÇÃO EXTERNA,,UN,"1,0000000","63,58","63,58"
Composição Auxiliar, 88247 ,SINAPI,AUXILIAR DE ELETRICISTA COM ENCARGOS COMPLEMENTARES,Livro SINAPI: Cálculos e Parâmetros,,H,"0,1875416","24,99","4,68"
Composição Auxiliar, 88264 ,SINAPI,ELETRICISTA COM ENCARGOS COMPLEMENTARES,Livro SINAPI: Cálculos e Parâmetros,,H,"0,1875416","29,57","5,54"
Insumo, 13791 ,ORSE,"Refletor Slim  LED 100W de potência, branco Frio, 6500k, Autovolt, marca G-light ou similar",Material,,un,"1,0000000","53,36","53,36"
,,,,,,,,,
,,,,,,,,,
,,,,,,,,,
 10.2.2 ,,,CABOS E TERMINAIS DOS CABOS,,,,,,
 10.2.2.1 ,Código,Banco,Descrição,Tipo,,Und,Quant.,Valor Unit,Total
Composição, 92980 ,SINAPI,"CABO DE COBRE FLEXÍVEL ISOLADO, 10 MM², ANTI-CHAMA 0,6/1,0 KV, PARA DISTRIBUIÇÃO - FORNECIMENTO E INSTALAÇÃO. AF_10/2020","Instalações Elétricas - Quadros, Cabos, Disjuntores, Contatores e Barramentos Blindados",,M,"1,0000000","8,83","8,83"
Composição Auxiliar, 88247 ,SINAPI,AUXILIAR DE ELETRICISTA COM ENCARGOS COMPLEMENTARES,Livro SINAPI: Cálculos e Parâmetros,,H,"0,0067362","24,99","0,16"
Composição Auxiliar, 88264 ,SINAPI,ELETRICISTA COM ENCARGOS COMPLEMENTARES,Livro SINAPI: Cálculos e Parâmetros,,H,"0,0067362","29,57","0,19"
Insumo, 00001020 ,SINAPI,"CABO DE COBRE, FLEXIVEL, CLASSE 4 OU 5, ISOLACAO EM PVC/A, ANTICHAMA BWF-B, COBERTURA PVC-ST1, ANTICHAMA BWF-B, 1 CONDUTOR, 0,6/1 KV, SECAO NOMINAL 10 MM2",Material,,M,"1,0270000","8,23","8,45"
Insumo, 00021127 ,SINAPI,"FITA ISOLANTE ADESIVA ANTICHAMA, USO ATE 750 V, EM ROLO DE 19 MM X 5 M",Material,,UN,"0,0100000","3,02","0,03"
,,,,,,,,,
,,,,,,,,,
,,,,,,,,,
 10.2.2.2 ,Código,Banco,Descrição,Tipo,,Und,Quant.,Valor Unit,Total
Composição, 92982 ,SINAPI,"CABO DE COBRE FLEXÍVEL ISOLADO, 16 MM², ANTI-CHAMA 0,6/1,0 KV, PARA DISTRIBUIÇÃO - FORNECIMENTO E INSTALAÇÃO. AF_10/2020","Instalações Elétricas - Quadros, Cabos, Disjuntores, Contatores e Barramentos Blindados",,M,"1,0000000","14,01","14,01"
Composição Auxiliar, 88247 ,SINAPI,AUXILIAR DE ELETRICISTA COM ENCARGOS COMPLEMENTARES,Livro SINAPI: Cálculos e Parâmetros,,H,"0,0096797","24,99","0,24"
Composição Auxiliar, 88264 ,SINAPI,ELETRICISTA COM ENCARGOS COMPLEMENTARES,Livro SINAPI: Cálculos e Parâmetros,,H,"0,0096797","29,57","0,28"
Insumo, 00000995 ,SINAPI,"CABO DE COBRE, FLEXIVEL, CLASSE 4 OU 5, ISOLACAO EM PVC/A, ANTICHAMA BWF-B, COBERTURA PVC-ST1, ANTICHAMA BWF-B, 1 CONDUTOR, 0,6/1 KV, SECAO NOMINAL 16 MM2",Material,,M,"1,0270000","13,11","13,46"
Insumo, 00021127 ,SINAPI,"FITA ISOLANTE ADESIVA ANTICHAMA, USO ATE 750 V, EM ROLO DE 19 MM X 5 M",Material,,UN,"0,0100000","3,02","0,03"
,,,,,,,,,
,,,,,,,,,
,,,,,,,,,
 10.2.2.3 ,Código,Banco,Descrição,Tipo,,Und,Quant.,Valor Unit,Total
Composição, 91927 ,SINAPI,"CABO DE COBRE FLEXÍVEL ISOLADO, 2,5 MM², ANTI-CHAMA 0,6/1,0 KV, PARA CIRCUITOS TERMINAIS - FORNECIMENTO E INSTALAÇÃO. AF_03/2023","Instalações Elétricas - Eletrodutos Embutidos, Cabos, Caixas, Tomadas e Interruptores",,M,"1,0000000","4,06","4,06"
Composição Auxiliar, 88247 ,SINAPI,AUXILIAR DE ELETRICISTA COM ENCARGOS COMPLEMENTARES,Livro SINAPI: Cálculos e Parâmetros,,H,"0,0231141","24,99","0,57"
Composição Auxiliar, 88264 ,SINAPI,ELETRICISTA COM ENCARGOS COMPLEMENTARES,Livro SINAPI: Cálculos e Parâmetros,,H,"0,0231141","29,57","0,68"
Insumo, 00001022 ,SINAPI,"CABO DE COBRE, FLEXIVEL, CLASSE 4 OU 5, ISOLACAO EM PVC/A, ANTICHAMA BWF-B, COBERTURA PVC-ST1, ANTICHAMA BWF-B, 1 CONDUTOR, 0,6/1 KV, SECAO NOMINAL 2,5 MM2",Material,,M,"1,2434000","2,25","2,79"
Insumo, 00021127 ,SINAPI,"FITA ISOLANTE ADESIVA ANTICHAMA, USO ATE 750 V, EM ROLO DE 19 MM X 5 M",Material,,UN,"0,0094000","3,02","0,02"
,,,,,,,,,
,,,,,,,,,
,,,,,,,,,
 10.2.2.4 ,Código,Banco,Descrição,Tipo,,Und,Quant.,Valor Unit,Total
Composição, J0136 ,Próprio,TERMINAL A COMPRESSÃO PARA CABO DE 10 mm² A 16mm²,INEL - INSTALAÇÃO ELÉTRICA/ELETRIFICAÇÃO E ILUMINAÇÃO EXTERNA,,UN,"1,0000000","5,96","5,96"
Composição Auxiliar, 88247 ,SINAPI,AUXILIAR DE ELETRICISTA COM ENCARGOS COMPLEMENTARES,Livro SINAPI: Cálculos e Parâmetros,,H,"0,0797766","24,99","1,99"
Composição Auxiliar, 88264 ,SINAPI,ELETRICISTA COM ENCARGOS COMPLEMENTARES,Livro SINAPI: Cálculos e Parâmetros,,H,"0,0797766","29,57","2,35"
Insumo, 00001575 ,SINAPI,"TERMINAL A COMPRESSAO EM COBRE ESTANHADO PARA CABO 16 MM2, 1 FURO E 1 COMPRESSAO, PARA PARAFUSO DE FIXACAO M6",Material,,UN,"1,0000000","1,62","1,62"
,,,,,,,,,
,,,,,,,,,
,,,,,,,,,
 10.2.3 ,,,ELETRODUTOS E ACESSÓRIOS,,,,,,
 10.2.3.1 ,Código,Banco,Descrição,Tipo,,Und,Quant.,Valor Unit,Total
Composição, 97667 ,SINAPI,"ELETRODUTO FLEXÍVEL CORRUGADO, PEAD, DN 50 (1 1/2""), PARA REDE ENTERRADA DE DISTRIBUIÇÃO DE ENERGIA ELÉTRICA - FORNECIMENTO E INSTALAÇÃO. AF_12/2021",Redes Enterradas de Distribuição Elétrica,,M,"1,0000000","6,58","6,58"
Composição Auxiliar, 88247 ,SINAPI,AUXILIAR DE ELETRICISTA COM ENCARGOS COMPLEMENTARES,Livro SINAPI: Cálculos e Parâmetros,,H,"0,0536172","24,99","1,33"
Composição Auxiliar, 88264 ,SINAPI,ELETRICISTA COM ENCARGOS COMPLEMENTARES,Livro SINAPI: Cálculos e Parâmetros,,H,"0,0536172","29,57","1,58"
Insumo, 00039246 ,SINAPI,"ELETRODUTO/DUTO PEAD FLEXIVEL PAREDE SIMPLES, CORRUGACAO HELICOIDAL, COR PRETA, SEM ROSCA, DE 1 1/2"", CRC 680 N, PARA CABEAMENTO SUBTERRANEO (NBR 15715)",Material,,M,"1,1000000","3,34","3,67"
,,,,,,,,,
,,,,,,,,,
,,,,,,,,,
 10.2.3.2 ,Código,Banco,Descrição,Tipo,,Und,Quant.,Valor Unit,Total
Composição, J0121 ,Próprio,FITA DE ADVERTÊNCIA DE REDE ELÉTRICA ENTERRADA,INEL - INSTALAÇÃO ELÉTRICA/ELETRIFICAÇÃO E ILUMINAÇÃO EXTERNA,,M,"1,0000000","2,07","2,07"
Composição Auxiliar, 88316 ,SINAPI,SERVENTE COM ENCARGOS COMPLEMENTARES,Livro SINAPI: Cálculos e Parâmetros,,H,"0,0401339","23,37","0,93"
Insumo, 11201 ,ORSE,Fita de advertência de rede elétrica enterrada,Material,,m,"1,0000000","1,14","1,14"
,,,,,,,,,
,,,,,,,,,
,,,,,,,,,
 10.2.3.3 ,Código,Banco,Descrição,Tipo,,Und,Quant.,Valor Unit,Total
Composição, 93008 ,SINAPI,"ELETRODUTO RÍGIDO ROSCÁVEL, PVC, DN 50 MM (1 1/2""), PARA REDE ENTERRADA DE DISTRIBUIÇÃO DE ENERGIA ELÉTRICA - FORNECIMENTO E INSTALAÇÃO. AF_12/2021",Redes Enterradas de Distribuição Elétrica,,M,"1,0000000","13,49","13,49"
Composição Auxiliar, 88247 ,SINAPI,AUXILIAR DE ELETRICISTA COM ENCARGOS COMPLEMENTARES,Livro SINAPI: Cálculos e Parâmetros,,H,"0,0891091","24,99","2,22"
Composição Auxiliar, 88264 ,SINAPI,ELETRICISTA COM ENCARGOS COMPLEMENTARES,Livro SINAPI: Cálculos e Parâmetros,,H,"0,0891091","29,57","2,63"
Insumo, 00002680 ,SINAPI,"ELETRODUTO DE PVC RIGIDO ROSCAVEL DE 1 1/2 "", SEM LUVA",Material,,M,"1,1000000","7,86","8,64"
,,,,,,,,,
,,,,,,,,,
,,,,,,,,,
 10.2.3.4 ,Código,Banco,Descrição,Tipo,,Und,Quant.,Valor Unit,Total
Composição, 93018 ,SINAPI,"CURVA 90 GRAUS PARA ELETRODUTO, PVC, ROSCÁVEL, DN 50 MM (1 1/2""), PARA REDE ENTERRADA DE DISTRIBUIÇÃO DE ENERGIA ELÉTRICA - FORNECIMENTO E INSTALAÇÃO. AF_12/2021",Redes Enterradas de Distribuição Elétrica,,UN,"1,0000000","18,05","18,05"
Composição Auxiliar, 88247 ,SINAPI,AUXILIAR DE ELETRICISTA COM ENCARGOS COMPLEMENTARES,Livro SINAPI: Cálculos e Parâmetros,,H,"0,2684350","24,99","6,70"
Composição Auxiliar, 88264 ,SINAPI,ELETRICISTA COM ENCARGOS COMPLEMENTARES,Livro SINAPI: Cálculos e Parâmetros,,H,"0,2684350","29,57","7,93"
Insumo, 00001875 ,SINAPI,"CURVA 90 GRAUS, LONGA, DE PVC RIGIDO ROSCAVEL, DE 1 1/2"", PARA ELETRODUTO",Material,,UN,"1,0000000","3,42","3,42"
,,,,,,,,,
,,,,,,,,,
,,,,,,,,,
 10.2.3.5 ,Código,Banco,Descrição,Tipo,,Und,Quant.,Valor Unit,Total
Composição, 93013 ,SINAPI,"LUVA PARA ELETRODUTO, PVC, ROSCÁVEL, DN 50 MM (1 1/2""), PARA REDE ENTERRADA DE DISTRIBUIÇÃO DE ENERGIA ELÉTRICA - FORNECIMENTO E INSTALAÇÃO. AF_12/2021",Redes Enterradas de Distribuição Elétrica,,UN,"1,0000000","11,89","11,89"
Composição Auxiliar, 88247 ,SINAPI,AUXILIAR DE ELETRICISTA COM ENCARGOS COMPLEMENTARES,Livro SINAPI: Cálculos e Parâmetros,,H,"0,1788729","24,99","4,47"
Composição Auxiliar, 88264 ,SINAPI,ELETRICISTA COM ENCARGOS COMPLEMENTARES,Livro SINAPI: Cálculos e Parâmetros,,H,"0,1788729","29,57","5,28"
Insumo, 00001893 ,SINAPI,"LUVA EM PVC RIGIDO ROSCAVEL, DE 1 1/2"", PARA ELETRODUTO",Material,,UN,"1,0000000","2,14","2,14"
,,,,,,,,,
,,,,,,,,,
,,,,,,,,,
 10.2.3.6 ,Código,Banco,Descrição,Tipo,,Und,Quant.,Valor Unit,Total
Composição, J0202 ,Próprio,"ELETRODUTO DE AÇO GALVANIZADO, MÉDIO, DN 25 MM (1'') -  FORNECIMENTO E INSTALAÇÃO",INEL - INSTALAÇÃO ELÉTRICA/ELETRIFICAÇÃO E ILUMINAÇÃO EXTERNA,,M,"1,0000000","17,73","17,73"
Composição Auxiliar, 88247 ,SINAPI,AUXILIAR DE ELETRICISTA COM ENCARGOS COMPLEMENTARES,Livro SINAPI: Cálculos e Parâmetros,,H,"0,0903054","24,99","2,25"
Composição Auxiliar, 88264 ,SINAPI,ELETRICISTA COM ENCARGOS COMPLEMENTARES,Livro SINAPI: Cálculos e Parâmetros,,H,"0,0903054","29,57","2,67"
Insumo, I1064 ,SEINFRA,"ELETRODUTO DE ALUMINIO DE 1""",Material,,M,"1,0000000","12,81","12,81"
,,,,,,,,,
,,,,,,,,,
,,,,,,,,,
 10.2.3.7 ,Código,Banco,Descrição,Tipo,,Und,Quant.,Valor Unit,Total
Composição, J0203 ,Próprio,LUVA PARA ELETRODUTO DE AÇO GALVANIZADO DN 25 MM (1'') -  FORNECIMENTO E INSTALAÇÃO,INEL - INSTALAÇÃO ELÉTRICA/ELETRIFICAÇÃO E ILUMINAÇÃO EXTERNA,,UN,"1,0000000","10,34","10,34"
Composição Auxiliar, 88247 ,SINAPI,AUXILIAR DE ELETRICISTA COM ENCARGOS COMPLEMENTARES,Livro SINAPI: Cálculos e Parâmetros,,H,"0,1597043","24,99","3,99"
Composição Auxiliar, 88264 ,SINAPI,ELETRICISTA COM ENCARGOS COMPLEMENTARES,Livro SINAPI: Cálculos e Parâmetros,,H,"0,1597043","29,57","4,72"
Insumo, 00002638 ,SINAPI,"LUVA PARA ELETRODUTO, EM ACO GALVANIZADO ELETROLITICO, COM ROSCA, DIAMETRO DE 25 MM (1"")",Material,,UN,"1,0000000","1,63","1,63"
,,,,,,,,,
,,,,,,,,,
,,,,,,,,,
 10.2.3.8 ,Código,Banco,Descrição,Tipo,,Und,Quant.,Valor Unit,Total
Composição, J0204 ,Próprio,CURVA PARA ELETRODUTO DE AÇO GALVANIZADO DN 25 MM (1'') -  FORNECIMENTO E INSTALAÇÃO,INEL - INSTALAÇÃO ELÉTRICA/ELETRIFICAÇÃO E ILUMINAÇÃO EXTERNA,,UN,"1,0000000","19,32","19,32"
Composição Auxiliar, 88247 ,SINAPI,AUXILIAR DE ELETRICISTA COM ENCARGOS COMPLEMENTARES,Livro SINAPI: Cálculos e Parâmetros,,H,"0,2614441","24,99","6,53"
Composição Auxiliar, 88264 ,SINAPI,ELETRICISTA COM ENCARGOS COMPLEMENTARES,Livro SINAPI: Cálculos e Parâmetros,,H,"0,2614441","29,57","7,73"
Insumo, 00002617 ,SINAPI,"CURVA 90 GRAUS PARA ELETRODUTO, EM ACO GALVANIZADO ELETROLITICO, COM ROSCA, DIAMETRO DE 25 MM (1""), ESPESSURA DE 1,50 MM",Material,,UN,"1,0000000","5,06","5,06"
,,,,,,,,,
,,,,,,,,,
,,,,,,,,,
 10.2.3.9 ,Código,Banco,Descrição,Tipo,,Und,Quant.,Valor Unit,Total
Composição, 104785 ,SINAPI,"FIXAÇÃO DE ELETRODUTOS, DIÂMETROS MENORES OU IGUAIS A 40 MM, COM ABRAÇADEIRA METÁLICA RÍGIDA TIPO D COM PARAFUSO DE FIXAÇÃO 1 1/4"", FIXADA DIRETAMENTE NA LAJE OU PAREDE. AF_09/2023",Rasgos e Fixações,,M,"1,0000000","12,66","12,66"
Composição Auxiliar, 88247 ,SINAPI,AUXILIAR DE ELETRICISTA COM ENCARGOS COMPLEMENTARES,Livro SINAPI: Cálculos e Parâmetros,,H,"0,0351791","24,99","0,87"
Composição Auxiliar, 88264 ,SINAPI,ELETRICISTA COM ENCARGOS COMPLEMENTARES,Livro SINAPI: Cálculos e Parâmetros,,H,"0,1548836","29,57","4,57"
Insumo, 00000395 ,SINAPI,"ABRACADEIRA EM ACO PARA AMARRACAO DE ELETRODUTOS, TIPO D, COM 1 1/4"" E PARAFUSO DE FIXACAO",Material,,UN,"1,2500000","5,10","6,37"
Insumo, 00004350 ,SINAPI,"BUCHA DE NYLON, DIAMETRO DO FURO 8 MM, COMPRIMENTO 40 MM, COM PARAFUSO DE ROSCA SOBERBA, CABECA CHATA, FENDA SIMPLES, 4,8 X 50 MM",Material,,UN,"1,3125000","0,65","0,85"
,,,,,,,,,
,,,,,,,,,
,,,,,,,,,
 10.2.3.10 ,Código,Banco,Descrição,Tipo,,Und,Quant.,Valor Unit,Total
Composição, 90105 ,SINAPI,"ESCAVAÇÃO MECANIZADA DE VALA COM PROFUNDIDADE ATÉ 1,5 M (MÉDIA MONTANTE E JUSANTE/UMA COMPOSIÇÃO POR TRECHO), RETROESCAV. (0,26 M3), LARGURA MENOR QUE 0,8 M, EM SOLO DE 1A CATEGORIA, LOCAIS COM BAIXO NÍVEL DE INTERFERÊNCIA. AF_09/2024",Escavação de Valas,,m³,"1,0000000","7,49","7,49"
Composição Auxiliar, 5678 ,SINAPI,"RETROESCAVADEIRA SOBRE RODAS COM CARREGADEIRA, TRAÇÃO 4X4, POTÊNCIA LÍQ. 88 HP, CAÇAMBA CARREG. CAP. MÍN. 1 M3, CAÇAMBA RETRO CAP. 0,26 M3, PESO OPERACIONAL MÍN. 6.674 KG, PROFUNDIDADE ESCAVAÇÃO MÁX. 4,37 M - CHP DIURNO. AF_06/2014",Custos Horários Produtivo e Improdutivo dos Equipamentos,,CHP,"0,0332585","130,38","4,33"
Composição Auxiliar, 5679 ,SINAPI,"RETROESCAVADEIRA SOBRE RODAS COM CARREGADEIRA, TRAÇÃO 4X4, POTÊNCIA LÍQ. 88 HP, CAÇAMBA CARREG. CAP. MÍN. 1 M3, CAÇAMBA RETRO CAP. 0,26 M3, PESO OPERACIONAL MÍN. 6.674 KG, PROFUNDIDADE ESCAVAÇÃO MÁX. 4,37 M - CHI DIURNO. AF_06/2014",Custos Horários Produtivo e Improdutivo dos Equipamentos,,CHI,"0,0375152","59,48","2,23"
Composição Auxiliar, 88316 ,SINAPI,SERVENTE COM ENCARGOS COMPLEMENTARES,Livro SINAPI: Cálculos e Parâmetros,,H,"0,0399162","23,37","0,93"
,,,,,,,,,
,,,,,,,,,
,,,,,,,,,
 10.2.3.11 ,Código,Banco,Descrição,Tipo,,Und,Quant.,Valor Unit,Total
Composição, 93378 ,SINAPI,"REATERRO MECANIZADO DE VALA COM RETROESCAVADEIRA (CAPACIDADE DA CAÇAMBA DA RETRO: 0,26 M³/POTÊNCIA: 88 HP), LARGURA ATÉ 0,8 M, PROFUNDIDADE ATÉ 1,5 M, COM SOLO (SEM SUBSTITUIÇÃO) DE 1ª CATEGORIA, COM COMPACTADOR DE SOLOS DE PERCUSSÃO. AF_08/2023",Aterro e Reaterro de Valas,,m³,"1,0000000","22,65","22,65"
Composição Auxiliar, 5678 ,SINAPI,"RETROESCAVADEIRA SOBRE RODAS COM CARREGADEIRA, TRAÇÃO 4X4, POTÊNCIA LÍQ. 88 HP, CAÇAMBA CARREG. CAP. MÍN. 1 M3, CAÇAMBA RETRO CAP. 0,26 M3, PESO OPERACIONAL MÍN. 6.674 KG, PROFUNDIDADE ESCAVAÇÃO MÁX. 4,37 M - CHP DIURNO. AF_06/2014",Custos Horários Produtivo e Improdutivo dos Equipamentos,,CHP,"0,0538000","130,38","7,01"
Composição Auxiliar, 5679 ,SINAPI,"RETROESCAVADEIRA SOBRE RODAS COM CARREGADEIRA, TRAÇÃO 4X4, POTÊNCIA LÍQ. 88 HP, CAÇAMBA CARREG. CAP. MÍN. 1 M3, CAÇAMBA RETRO CAP. 0,26 M3, PESO OPERACIONAL MÍN. 6.674 KG, PROFUNDIDADE ESCAVAÇÃO MÁX. 4,37 M - CHI DIURNO. AF_06/2014",Custos Horários Produtivo e Improdutivo dos Equipamentos,,CHI,"0,0777000","59,48","4,62"
Composição Auxiliar, 5901 ,SINAPI,"CAMINHÃO PIPA 10.000 L TRUCADO, PESO BRUTO TOTAL 23.000 KG, CARGA ÚTIL MÁXIMA 15.935 KG, DISTÂNCIA ENTRE EIXOS 4,8 M, POTÊNCIA 230 CV, INCLUSIVE TANQUE DE AÇO PARA TRANSPORTE DE ÁGUA - CHP DIURNO. AF_06/2014",Custos Horários Produtivo e Improdutivo dos Equipamentos,,CHP,"0,0054000","278,95","1,50"
Composição Auxiliar, 5903 ,SINAPI,"CAMINHÃO PIPA 10.000 L TRUCADO, PESO BRUTO TOTAL 23.000 KG, CARGA ÚTIL MÁXIMA 15.935 KG, DISTÂNCIA ENTRE EIXOS 4,8 M, POTÊNCIA 230 CV, INCLUSIVE TANQUE DE AÇO PARA TRANSPORTE DE ÁGUA - CHI DIURNO. AF_06/2014",Custos Horários Produtivo e Improdutivo dos Equipamentos,,CHI,"0,0006000","67,91","0,04"
Composição Auxiliar, 88316 ,SINAPI,SERVENTE COM ENCARGOS COMPLEMENTARES,Livro SINAPI: Cálculos e Parâmetros,,H,"0,0734000","23,37","1,71"
Composição Auxiliar, 91533 ,SINAPI,"COMPACTADOR DE SOLOS DE PERCUSSÃO (SOQUETE) COM MOTOR A GASOLINA 4 TEMPOS, POTÊNCIA 4 CV - CHP DIURNO. AF_08/2015",Custos Horários Produtivo e Improdutivo dos Equipamentos,,CHP,"0,1962000","39,63","7,77"
,,,,,,,,,
,,,,,,,,,
,,,,,,,,,
 10.2.3.12 ,Código,Banco,Descrição,Tipo,,Und,Quant.,Valor Unit,Total
Composição, 91854 ,SINAPI,"ELETRODUTO FLEXÍVEL CORRUGADO, PVC, DN 25 MM (3/4""), PARA CIRCUITOS TERMINAIS, INSTALADO EM PAREDE - FORNECIMENTO E INSTALAÇÃO. AF_03/2023","Instalações Elétricas - Eletrodutos Embutidos, Cabos, Caixas, Tomadas e Interruptores",,M,"1,0000000","7,65","7,65"
Composição Auxiliar, 88247 ,SINAPI,AUXILIAR DE ELETRICISTA COM ENCARGOS COMPLEMENTARES,Livro SINAPI: Cálculos e Parâmetros,,H,"0,1068343","24,99","2,66"
Composição Auxiliar, 88264 ,SINAPI,ELETRICISTA COM ENCARGOS COMPLEMENTARES,Livro SINAPI: Cálculos e Parâmetros,,H,"0,1068343","29,57","3,15"
Insumo, 00002688 ,SINAPI,"ELETRODUTO PVC FLEXIVEL CORRUGADO, COR AMARELA, DE 25 MM",Material,,M,"1,0170000","1,81","1,84"
,,,,,,,,,
,,,,,,,,,
,,,,,,,,,
 10.2.3.13 ,Código,Banco,Descrição,Tipo,,Und,Quant.,Valor Unit,Total
Composição, 91856 ,SINAPI,"ELETRODUTO FLEXÍVEL CORRUGADO, PVC, DN 32 MM (1""), PARA CIRCUITOS TERMINAIS, INSTALADO EM PAREDE - FORNECIMENTO E INSTALAÇÃO. AF_03/2023","Instalações Elétricas - Eletrodutos Embutidos, Cabos, Caixas, Tomadas e Interruptores",,M,"1,0000000","9,61","9,61"
Composição Auxiliar, 88247 ,SINAPI,AUXILIAR DE ELETRICISTA COM ENCARGOS COMPLEMENTARES,Livro SINAPI: Cálculos e Parâmetros,,H,"0,1188159","24,99","2,96"
Composição Auxiliar, 88264 ,SINAPI,ELETRICISTA COM ENCARGOS COMPLEMENTARES,Livro SINAPI: Cálculos e Parâmetros,,H,"0,1188159","29,57","3,51"
Insumo, 00002690 ,SINAPI,"ELETRODUTO PVC FLEXIVEL CORRUGADO, COR AMARELA, DE 32 MM",Material,,M,"1,0170000","3,09","3,14"
,,,,,,,,,
,,,,,,,,,
,,,,,,,,,
 10.2.3.14 ,Código,Banco,Descrição,Tipo,,Und,Quant.,Valor Unit,Total
Composição, 104780 ,SINAPI,"RASGO LINEAR MECANIZADO EM ALVENARIA, PARA ELETRODUTOS, DIÂMETROS MENORES OU IGUAIS A 40 MM. AF_09/2023",Rasgos e Fixações,,M,"1,0000000","5,64","5,64"
Composição Auxiliar, 88247 ,SINAPI,AUXILIAR DE ELETRICISTA COM ENCARGOS COMPLEMENTARES,Livro SINAPI: Cálculos e Parâmetros,,H,"0,0033484","24,99","0,08"
Composição Auxiliar, 91692 ,SINAPI,"SERRA CIRCULAR DE BANCADA COM MOTOR ELÉTRICO POTÊNCIA DE 5HP, COM COIFA PARA DISCO 10"" - CHP DIURNO. AF_08/2015",Custos Horários Produtivo e Improdutivo dos Equipamentos,,CHP,"0,0491000","33,75","1,65"
Composição Auxiliar, 91693 ,SINAPI,"SERRA CIRCULAR DE BANCADA COM MOTOR ELÉTRICO POTÊNCIA DE 5HP, COM COIFA PARA DISCO 10"" - CHI DIURNO. AF_08/2015",Custos Horários Produtivo e Improdutivo dos Equipamentos,,CHI,"0,1199000","32,69","3,91"
,,,,,,,,,
,,,,,,,,,
,,,,,,,,,
 10.2.3.15 ,Código,Banco,Descrição,Tipo,,Und,Quant.,Valor Unit,Total
Composição, 91941 ,SINAPI,"CAIXA RETANGULAR 4"" X 2"" BAIXA (0,30 M DO PISO), PVC, INSTALADA EM PAREDE - FORNECIMENTO E INSTALAÇÃO. AF_03/2023","Instalações Elétricas - Eletrodutos Embutidos, Cabos, Caixas, Tomadas e Interruptores",,UN,"1,0000000","9,03","9,03"
Composição Auxiliar, 88247 ,SINAPI,AUXILIAR DE ELETRICISTA COM ENCARGOS COMPLEMENTARES,Livro SINAPI: Cálculos e Parâmetros,,H,"0,1300429","24,99","3,24"
Composição Auxiliar, 88264 ,SINAPI,ELETRICISTA COM ENCARGOS COMPLEMENTARES,Livro SINAPI: Cálculos e Parâmetros,,H,"0,1300429","29,57","3,84"
Composição Auxiliar, 88629 ,SINAPI,"ARGAMASSA TRAÇO 1:3 (EM VOLUME DE CIMENTO E AREIA MÉDIA ÚMIDA), PREPARO MANUAL. AF_08/2019",Argamassas,,m³,"0,0009000","591,67","0,53"
Insumo, 00001872 ,SINAPI,"CAIXA DE PASSAGEM, EM PVC, DE 4"" X 2"", PARA ELETRODUTO FLEXIVEL CORRUGADO",Material,,UN,"1,0000000","1,42","1,42"
,,,,,,,,,
,,,,,,,,,
,,,,,,,,,
 10.2.4 ,,,CAIXAS DE PASSAGEM E MANILHAS,,,,,,
 10.2.4.1 ,Código,Banco,Descrição,Tipo,,Und,Quant.,Valor Unit,Total
Composição, 97888 ,SINAPI,"CAIXA ENTERRADA ELÉTRICA RETANGULAR, EM ALVENARIA COM TIJOLOS CERÂMICOS MACIÇOS, FUNDO COM BRITA, DIMENSÕES INTERNAS: 0,6X0,6X0,6 M. AF_12/2020",Caixas Enterradas,,UN,"1,0000000","417,61","417,61"
Composição Auxiliar, 100475 ,SINAPI,"ARGAMASSA TRAÇO 1:3 (EM VOLUME DE CIMENTO E AREIA MÉDIA ÚMIDA) COM ADIÇÃO DE IMPERMEABILIZANTE, PREPARO MECÂNICO COM BETONEIRA 400 L. AF_08/2019",Argamassas,,m³,"0,1012000","659,06","66,69"
Composição Auxiliar, 101619 ,SINAPI,"PREPARO DE FUNDO DE VALA COM LARGURA MENOR QUE 1,5 M, COM CAMADA DE BRITA, LANÇAMENTO MANUAL. AF_08/2020",Escoramento e Preparo de Fundo de Valas,,m³,"0,0810000","280,68","22,73"
Composição Auxiliar, 5678 ,SINAPI,"RETROESCAVADEIRA SOBRE RODAS COM CARREGADEIRA, TRAÇÃO 4X4, POTÊNCIA LÍQ. 88 HP, CAÇAMBA CARREG. CAP. MÍN. 1 M3, CAÇAMBA RETRO CAP. 0,26 M3, PESO OPERACIONAL MÍN. 6.674 KG, PROFUNDIDADE ESCAVAÇÃO MÁX. 4,37 M - CHP DIURNO. AF_06/2014",Custos Horários Produtivo e Improdutivo dos Equipamentos,,CHP,"0,0087000","130,38","1,13"
Composição Auxiliar, 5679 ,SINAPI,"RETROESCAVADEIRA SOBRE RODAS COM CARREGADEIRA, TRAÇÃO 4X4, POTÊNCIA LÍQ. 88 HP, CAÇAMBA CARREG. CAP. MÍN. 1 M3, CAÇAMBA RETRO CAP. 0,26 M3, PESO OPERACIONAL MÍN. 6.674 KG, PROFUNDIDADE ESCAVAÇÃO MÁX. 4,37 M - CHI DIURNO. AF_06/2014",Custos Horários Produtivo e Improdutivo dos Equipamentos,,CHI,"0,0178000","59,48","1,05"
Composição Auxiliar, 87316 ,SINAPI,"ARGAMASSA TRAÇO 1:4 (EM VOLUME DE CIMENTO E AREIA GROSSA ÚMIDA) PARA CHAPISCO CONVENCIONAL, PREPARO MECÂNICO COM BETONEIRA 400 L. AF_08/2019",Argamassas,,m³,"0,0136000","435,01","5,91"
Composição Auxiliar, 88309 ,SINAPI,PEDREIRO COM ENCARGOS COMPLEMENTARES,Livro SINAPI: Cálculos e Parâmetros,,H,"3,2015130","29,21","93,51"
Composição Auxiliar, 88316 ,SINAPI,SERVENTE COM ENCARGOS COMPLEMENTARES,Livro SINAPI: Cálculos e Parâmetros,,H,"2,5154895","23,37","58,78"
Composição Auxiliar, 97735 ,SINAPI,"PEÇA RETANGULAR PRÉ-MOLDADA, VOLUME DE CONCRETO DE 30 A 100 LITROS, TAXA DE AÇO APROXIMADA DE 30KG/M³. AF_03/2024",Estruturas Pré-Fabricadas e Pré-Moldadas,,m³,"0,0448000","2.362,25","105,82"
Insumo, 00007258 ,SINAPI,TIJOLO CERAMICO MACICO COMUM DE *5 X 10 X 20* CM (L X A X C),Material,,UN,"134,7640000","0,46","61,99"
,,,,,,,,,
,,,,,,,,,
,,,,,,,,,
 10.2.4.2 ,Código,Banco,Descrição,Tipo,,Und,Quant.,Valor Unit,Total
Composição, 95565 ,SINAPI,"TUBO DE CONCRETO PARA REDES COLETORAS DE ÁGUAS PLUVIAIS, DIÂMETRO DE 300MM, JUNTA RÍGIDA, INSTALADO EM LOCAL COM BAIXO NÍVEL DE INTERFERÊNCIAS - FORNECIMENTO E ASSENTAMENTO. AF_03/2024",Assentamento de tubos de esgoto ou drenagem pluvial em concreto,,M,"1,0000000","120,38","120,38"
Composição Auxiliar, 5631 ,SINAPI,"ESCAVADEIRA HIDRÁULICA SOBRE ESTEIRAS, CAÇAMBA 0,80 M3, PESO OPERACIONAL 17 T, POTENCIA BRUTA 111 HP - CHP DIURNO. AF_06/2014",Custos Horários Produtivo e Improdutivo dos Equipamentos,,CHP,"0,0350000","185,35","6,48"
Composição Auxiliar, 5632 ,SINAPI,"ESCAVADEIRA HIDRÁULICA SOBRE ESTEIRAS, CAÇAMBA 0,80 M3, PESO OPERACIONAL 17 T, POTENCIA BRUTA 111 HP - CHI DIURNO. AF_06/2014",Custos Horários Produtivo e Improdutivo dos Equipamentos,,CHI,"0,0680000","81,21","5,52"
Composição Auxiliar, 88246 ,SINAPI,ASSENTADOR DE TUBOS COM ENCARGOS COMPLEMENTARES,Livro SINAPI: Cálculos e Parâmetros,,H,"0,1104922","22,02","2,43"
Composição Auxiliar, 88316 ,SINAPI,SERVENTE COM ENCARGOS COMPLEMENTARES,Livro SINAPI: Cálculos e Parâmetros,,H,"0,2209845","23,37","5,16"
Composição Auxiliar, 88629 ,SINAPI,"ARGAMASSA TRAÇO 1:3 (EM VOLUME DE CIMENTO E AREIA MÉDIA ÚMIDA), PREPARO MANUAL. AF_08/2019",Argamassas,,m³,"0,0007000","591,67","0,41"
Insumo, 00040334 ,SINAPI,"TUBO DE CONCRETO ARMADO PARA AGUAS PLUVIAIS, CLASSE PA-1, COM ENCAIXE PONTA E BOLSA, DIAMETRO NOMINAL DE 300 MM",Material,,M,"1,0300000","97,46","100,38"
,,,,,,,,,
,,,,,,,,,
,,,,,,,,,
 10.2.4.3 ,Código,Banco,Descrição,Tipo,,Und,Quant.,Valor Unit,Total
Composição, 93358 ,SINAPI,ESCAVAÇÃO MANUAL DE VALA. AF_09/2024,Escavação de Valas,,m³,"1,0000000","73,77","73,77"
Composição Auxiliar, 88316 ,SINAPI,SERVENTE COM ENCARGOS COMPLEMENTARES,Livro SINAPI: Cálculos e Parâmetros,,H,"3,1569648","23,37","73,77"
,,,,,,,,,
,,,,,,,,,
,,,,,,,,,
 10.2.4.4 ,Código,Banco,Descrição,Tipo,,Und,Quant.,Valor Unit,Total
Composição, 104737 ,SINAPI,"REATERRO MANUAL DE VALAS, COM PLACA VIBRATÓRIA. AF_08/2023",Aterro e Reaterro de Valas,,m³,"1,0000000","18,73","18,73"
Composição Auxiliar, 5901 ,SINAPI,"CAMINHÃO PIPA 10.000 L TRUCADO, PESO BRUTO TOTAL 23.000 KG, CARGA ÚTIL MÁXIMA 15.935 KG, DISTÂNCIA ENTRE EIXOS 4,8 M, POTÊNCIA 230 CV, INCLUSIVE TANQUE DE AÇO PARA TRANSPORTE DE ÁGUA - CHP DIURNO. AF_06/2014",Custos Horários Produtivo e Improdutivo dos Equipamentos,,CHP,"0,0054000","278,95","1,50"
Composição Auxiliar, 5903 ,SINAPI,"CAMINHÃO PIPA 10.000 L TRUCADO, PESO BRUTO TOTAL 23.000 KG, CARGA ÚTIL MÁXIMA 15.935 KG, DISTÂNCIA ENTRE EIXOS 4,8 M, POTÊNCIA 230 CV, INCLUSIVE TANQUE DE AÇO PARA TRANSPORTE DE ÁGUA - CHI DIURNO. AF_06/2014",Custos Horários Produtivo e Improdutivo dos Equipamentos,,CHI,"0,0006000","67,91","0,04"
Composição Auxiliar, 88316 ,SINAPI,SERVENTE COM ENCARGOS COMPLEMENTARES,Livro SINAPI: Cálculos e Parâmetros,,H,"0,7011960","23,37","16,38"
Composição Auxiliar, 91277 ,SINAPI,"PLACA VIBRATÓRIA REVERSÍVEL COM MOTOR 4 TEMPOS A GASOLINA, FORÇA CENTRÍFUGA DE 25 KN (2500 KGF), POTÊNCIA 5,5 CV - CHP DIURNO. AF_08/2015",Custos Horários Produtivo e Improdutivo dos Equipamentos,,CHP,"0,0942000","8,65","0,81"
,,,,,,,,,
,,,,,,,,,
,,,,,,,,,
 10.2.5 ,,,QUADRO DE ILUMINAÇÃO EXTERNA (Q-ILUM),,,,,,
 10.2.5.1 ,Código,Banco,Descrição,Tipo,,Und,Quant.,Valor Unit,Total
Composição, J0071 ,Próprio,"QUADRO DE COMANDO EM AÇO CARBONO 1.6mm; TRATAMENTO QUÍMICO
ANTICORROSIVO , IP 54, TIPO SOBREPOR, DIMENSÕES 1200x760x300mm COM BASE DE METAL",SEDI - SERVIÇOS DIVERSOS,,UN,"1,0000000","1.145,07","1.145,07"
Composição Auxiliar, 88247 ,SINAPI,AUXILIAR DE ELETRICISTA COM ENCARGOS COMPLEMENTARES,Livro SINAPI: Cálculos e Parâmetros,,H,"3,1476004","24,99","78,65"
Composição Auxiliar, 88264 ,SINAPI,ELETRICISTA COM ENCARGOS COMPLEMENTARES,Livro SINAPI: Cálculos e Parâmetros,,H,"3,1476004","29,57","93,07"
Insumo, I1767 ,SEINFRA,"QUADRO METÁLICO P/QGBT (1,90 X 0,90 X 0,60)M",Material,,UN,"1,0000000","973,35","973,35"
,,,,,,,,,
,,,,,,,,,
,,,,,,,,,
 10.2.5.2 ,Código,Banco,Descrição,Tipo,,Und,Quant.,Valor Unit,Total
Composição, 93673 ,SINAPI,"DISJUNTOR TRIPOLAR TIPO DIN, CORRENTE NOMINAL DE 50A - FORNECIMENTO E INSTALAÇÃO. AF_10/2020","Instalações Elétricas - Quadros, Cabos, Disjuntores, Contatores e Barramentos Blindados",,UN,"1,0000000","76,73","76,73"
Composição Auxiliar, 88247 ,SINAPI,AUXILIAR DE ELETRICISTA COM ENCARGOS COMPLEMENTARES,Livro SINAPI: Cálculos e Parâmetros,,H,"0,4508875","24,99","11,26"
Composição Auxiliar, 88264 ,SINAPI,ELETRICISTA COM ENCARGOS COMPLEMENTARES,Livro SINAPI: Cálculos e Parâmetros,,H,"0,4508875","29,57","13,33"
Insumo, 00001575 ,SINAPI,"TERMINAL A COMPRESSAO EM COBRE ESTANHADO PARA CABO 16 MM2, 1 FURO E 1 COMPRESSAO, PARA PARAFUSO DE FIXACAO M6",Material,,UN,"3,0000000","1,62","4,86"
Insumo, 00034709 ,SINAPI,"DISJUNTOR TERMOMAGNETICO PARA TRILHO DIN (IEC), TRIPOLAR, 10 - 50 A",Material,,UN,"1,0000000","47,28","47,28"
,,,,,,,,,
,,,,,,,,,
,,,,,,,,,
 10.2.5.3 ,Código,Banco,Descrição,Tipo,,Und,Quant.,Valor Unit,Total
Composição, 93653 ,SINAPI,"DISJUNTOR MONOPOLAR TIPO DIN, CORRENTE NOMINAL DE 10A - FORNECIMENTO E INSTALAÇÃO. AF_10/2020","Instalações Elétricas - Quadros, Cabos, Disjuntores, Contatores e Barramentos Blindados",,UN,"1,0000000","9,05","9,05"
Composição Auxiliar, 88247 ,SINAPI,AUXILIAR DE ELETRICISTA COM ENCARGOS COMPLEMENTARES,Livro SINAPI: Cálculos e Parâmetros,,H,"0,0276541","24,99","0,69"
Composição Auxiliar, 88264 ,SINAPI,ELETRICISTA COM ENCARGOS COMPLEMENTARES,Livro SINAPI: Cálculos e Parâmetros,,H,"0,0276541","29,57","0,81"
Insumo, 00001570 ,SINAPI,"TERMINAL A COMPRESSAO EM COBRE ESTANHADO PARA CABO 2,5 MM2, 1 FURO E 1 COMPRESSAO, PARA PARAFUSO DE FIXACAO M5",Material,,UN,"1,0000000","0,82","0,82"
Insumo, 00034653 ,SINAPI,"DISJUNTOR TERMOMAGNETICO PARA TRILHO DIN (IEC), MONOPOLAR, 6 - 32 A",Material,,UN,"1,0000000","6,73","6,73"
,,,,,,,,,
,,,,,,,,,
,,,,,,,,,
 10.2.5.4 ,Código,Banco,Descrição,Tipo,,Und,Quant.,Valor Unit,Total
Composição, 93655 ,SINAPI,"DISJUNTOR MONOPOLAR TIPO DIN, CORRENTE NOMINAL DE 20A - FORNECIMENTO E INSTALAÇÃO. AF_10/2020","Instalações Elétricas - Quadros, Cabos, Disjuntores, Contatores e Barramentos Blindados",,UN,"1,0000000","10,65","10,65"
Composição Auxiliar, 88247 ,SINAPI,AUXILIAR DE ELETRICISTA COM ENCARGOS COMPLEMENTARES,Livro SINAPI: Cálculos e Parâmetros,,H,"0,0527172","24,99","1,31"
Composição Auxiliar, 88264 ,SINAPI,ELETRICISTA COM ENCARGOS COMPLEMENTARES,Livro SINAPI: Cálculos e Parâmetros,,H,"0,0527172","29,57","1,55"
Insumo, 00001571 ,SINAPI,"TERMINAL A COMPRESSAO EM COBRE ESTANHADO PARA CABO 4 MM2, 1 FURO E 1 COMPRESSAO, PARA PARAFUSO DE FIXACAO M5",Material,,UN,"1,0000000","1,06","1,06"
Insumo, 00034653 ,SINAPI,"DISJUNTOR TERMOMAGNETICO PARA TRILHO DIN (IEC), MONOPOLAR, 6 - 32 A",Material,,UN,"1,0000000","6,73","6,73"
,,,,,,,,,
,,,,,,,,,
,,,,,,,,,
 10.2.5.5 ,Código,Banco,Descrição,Tipo,,Und,Quant.,Valor Unit,Total
Composição, J0043 ,Próprio,"DISJUNTOR DIFERENCIAL DR – 16A – 40A, 30mA",INEL - INSTALAÇÃO ELÉTRICA/ELETRIFICAÇÃO E ILUMINAÇÃO EXTERNA,,UN,"1,0000000","133,20","133,20"
Composição Auxiliar, 88247 ,SINAPI,AUXILIAR DE ELETRICISTA COM ENCARGOS COMPLEMENTARES,Livro SINAPI: Cálculos e Parâmetros,,H,"0,4739812","24,99","11,84"
Composição Auxiliar, 88264 ,SINAPI,ELETRICISTA COM ENCARGOS COMPLEMENTARES,Livro SINAPI: Cálculos e Parâmetros,,H,"0,4739812","29,57","14,01"
Insumo, I8365 ,SEINFRA,"DISJUNTOR DIFERENCIAL DR-16A - 40A, 30mA",Material,,UN,"1,0000000","107,35","107,35"
,,,,,,,,,
,,,,,,,,,
,,,,,,,,,
 10.2.5.6 ,Código,Banco,Descrição,Tipo,,Und,Quant.,Valor Unit,Total
Composição, J0177 ,Próprio,DISPOSITIVO DE PROTEÇÃO CONTRA SURTOS DE TENSÃO (DPS) - 40 KA/275V -  FORNECIMENTO E INSTALAÇÃO,INEL - INSTALAÇÃO ELÉTRICA/ELETRIFICAÇÃO E ILUMINAÇÃO EXTERNA,,UN,"1,0000000","91,42","91,42"
Composição Auxiliar, 88264 ,SINAPI,ELETRICISTA COM ENCARGOS COMPLEMENTARES,Livro SINAPI: Cálculos e Parâmetros,,H,"0,1030023","29,57","3,04"
Composição Auxiliar, 88316 ,SINAPI,SERVENTE COM ENCARGOS COMPLEMENTARES,Livro SINAPI: Cálculos e Parâmetros,,H,"0,1030023","23,37","2,40"
Insumo, 00039471 ,SINAPI,"DISPOSITIVO DPS CLASSE II, 1 POLO, TENSAO MAXIMA DE 275 V, CORRENTE MAXIMA DE *45* KA (TIPO AC)",Material,,UN,"1,0000000","77,50","77,50"
Insumo, 00001571 ,SINAPI,"TERMINAL A COMPRESSAO EM COBRE ESTANHADO PARA CABO 4 MM2, 1 FURO E 1 COMPRESSAO, PARA PARAFUSO DE FIXACAO M5",Material,,UN,"8,0000000","1,06","8,48"
,,,,,,,,,
,,,,,,,,,
,,,,,,,,,
 10.2.5.7 ,Código,Banco,Descrição,Tipo,,Und,Quant.,Valor Unit,Total
Composição, 101894 ,SINAPI,"DISJUNTOR TRIPOLAR TIPO NEMA, CORRENTE NOMINAL DE 60 ATÉ 100A - FORNECIMENTO E INSTALAÇÃO. AF_10/2020","Instalações Elétricas - Quadros, Cabos, Disjuntores, Contatores e Barramentos Blindados",,UN,"1,0000000","123,08","123,08"
Composição Auxiliar, 88247 ,SINAPI,AUXILIAR DE ELETRICISTA COM ENCARGOS COMPLEMENTARES,Livro SINAPI: Cálculos e Parâmetros,,H,"0,6207604","24,99","15,51"
Composição Auxiliar, 88264 ,SINAPI,ELETRICISTA COM ENCARGOS COMPLEMENTARES,Livro SINAPI: Cálculos e Parâmetros,,H,"0,6207604","29,57","18,35"
Insumo, 00001576 ,SINAPI,"TERMINAL A COMPRESSAO EM COBRE ESTANHADO PARA CABO 25 MM2, 1 FURO E 1 COMPRESSAO, PARA PARAFUSO DE FIXACAO M8",Material,,UN,"3,0000000","2,25","6,75"
Insumo, 00002373 ,SINAPI,"DISJUNTOR TIPO NEMA, TRIPOLAR 60 ATE 100 A, TENSAO MAXIMA DE 415 V",Material,,UN,"1,0000000","82,47","82,47"
,,,,,,,,,
,,,,,,,,,
,,,,,,,,,
 10.2.5.8 ,Código,Banco,Descrição,Tipo,,Und,Quant.,Valor Unit,Total
Composição, 101902 ,SINAPI,CONTATOR TRIPOLAR I NOMINAL 22A - FORNECIMENTO E INSTALAÇÃO. AF_10/2020,"Instalações Elétricas - Quadros, Cabos, Disjuntores, Contatores e Barramentos Blindados",,UN,"1,0000000","175,37","175,37"
Composição Auxiliar, 88247 ,SINAPI,AUXILIAR DE ELETRICISTA COM ENCARGOS COMPLEMENTARES,Livro SINAPI: Cálculos e Parâmetros,,H,"0,1506564","24,99","3,76"
Composição Auxiliar, 88264 ,SINAPI,ELETRICISTA COM ENCARGOS COMPLEMENTARES,Livro SINAPI: Cálculos e Parâmetros,,H,"0,1506564","29,57","4,45"
Insumo, 00001571 ,SINAPI,"TERMINAL A COMPRESSAO EM COBRE ESTANHADO PARA CABO 4 MM2, 1 FURO E 1 COMPRESSAO, PARA PARAFUSO DE FIXACAO M5",Material,,UN,"3,0000000","1,06","3,18"
Insumo, 00001625 ,SINAPI,"CONTATOR TRIPOLAR, CORRENTE DE *22* A, TENSAO NOMINAL DE *500* V, CATEGORIA AC-2 E AC-3",Material,,UN,"1,0000000","163,98","163,98"
,,,,,,,,,
,,,,,,,,,
,,,,,,,,,
 10.2.5.9 ,Código,Banco,Descrição,Tipo,,Und,Quant.,Valor Unit,Total
Composição, J0057 ,Próprio,TIMER DIGITAL 16A 230V,SEDI - SERVIÇOS DIVERSOS,,UN,"1,0000000","374,79","374,79"
Composição Auxiliar, 88247 ,SINAPI,AUXILIAR DE ELETRICISTA COM ENCARGOS COMPLEMENTARES,Livro SINAPI: Cálculos e Parâmetros,,H,"0,2228796","24,99","5,56"
Composição Auxiliar, 88264 ,SINAPI,ELETRICISTA COM ENCARGOS COMPLEMENTARES,Livro SINAPI: Cálculos e Parâmetros,,H,"0,2228796","29,57","6,59"
Insumo, 3494 ,ORSE,Timer digital 7LF4-4210 Siemens,Material,,un,"1,0000000","362,64","362,64"
,,,,,,,,,
,,,,,,,,,
,,,,,,,,,
 10.2.5.10 ,Código,Banco,Descrição,Tipo,,Und,Quant.,Valor Unit,Total
Composição, J0058 ,Próprio,COMUTADOR DE 2 POSIÇÕES,SEDI - SERVIÇOS DIVERSOS,,UN,"1,0000000","67,36","67,36"
Composição Auxiliar, 88247 ,SINAPI,AUXILIAR DE ELETRICISTA COM ENCARGOS COMPLEMENTARES,Livro SINAPI: Cálculos e Parâmetros,,H,"0,1985082","24,99","4,96"
Composição Auxiliar, 88264 ,SINAPI,ELETRICISTA COM ENCARGOS COMPLEMENTARES,Livro SINAPI: Cálculos e Parâmetros,,H,"0,5955244","29,57","17,60"
Insumo, 3003 ,ORSE,Comutador de 2 posições,Material,,un,"1,0000000","44,80","44,80"
,,,,,,,,,
,,,,,,,,,
,,,,,,,,,
 10.2.5.11 ,Código,Banco,Descrição,Tipo,,Und,Quant.,Valor Unit,Total
Composição, J0059 ,Próprio,BOTÃO DE COMANDO DUPLO,SEDI - SERVIÇOS DIVERSOS,,UN,"1,0000000","86,51","86,51"
Composição Auxiliar, 88247 ,SINAPI,AUXILIAR DE ELETRICISTA COM ENCARGOS COMPLEMENTARES,Livro SINAPI: Cálculos e Parâmetros,,H,"0,1980735","24,99","4,94"
Composição Auxiliar, 88264 ,SINAPI,ELETRICISTA COM ENCARGOS COMPLEMENTARES,Livro SINAPI: Cálculos e Parâmetros,,H,"0,5942207","29,57","17,57"
Insumo, 3001 ,ORSE,Botão de comando duplo,Material,,un,"1,0000000","64,00","64,00"
,,,,,,,,,
,,,,,,,,,
,,,,,,,,,
 10.2.5.12 ,Código,Banco,Descrição,Tipo,,Und,Quant.,Valor Unit,Total
Composição, J0060 ,Próprio,CONTACTOR AUXILIAR 2NA + 2NF,SEDI - SERVIÇOS DIVERSOS,,UN,"1,0000000","137,91","137,91"
Composição Auxiliar, 88247 ,SINAPI,AUXILIAR DE ELETRICISTA COM ENCARGOS COMPLEMENTARES,Livro SINAPI: Cálculos e Parâmetros,,H,"0,1969149","24,99","4,92"
Composição Auxiliar, 88264 ,SINAPI,ELETRICISTA COM ENCARGOS COMPLEMENTARES,Livro SINAPI: Cálculos e Parâmetros,,H,"0,5907445","29,57","17,46"
Insumo, I0648 ,SEINFRA,CONTACTOR AUXILIAR 2NA + 2NF,Material,,UN,"1,0000000","115,53","115,53"
,,,,,,,,,
,,,,,,,,,
,,,,,,,,,
 10.2.5.13 ,Código,Banco,Descrição,Tipo,,Und,Quant.,Valor Unit,Total
Composição, J0062 ,Próprio,SINALEIRO MONOBLOCO LED 110/220V,SEDI - SERVIÇOS DIVERSOS,,UN,"1,0000000","44,22","44,22"
Composição Auxiliar, 88247 ,SINAPI,AUXILIAR DE ELETRICISTA COM ENCARGOS COMPLEMENTARES,Livro SINAPI: Cálculos e Parâmetros,,H,"0,3180502","24,99","7,94"
Composição Auxiliar, 88264 ,SINAPI,ELETRICISTA COM ENCARGOS COMPLEMENTARES,Livro SINAPI: Cálculos e Parâmetros,,H,"0,3180502","29,57","9,40"
Insumo, 12405 ,ORSE,Sinaleiro monobloco led110/220V,Material,,un,"1,0000000","26,88","26,88"
,,,,,,,,,
,,,,,,,,,
,,,,,,,,,
 10.3 ,,,SISTEMA DE PROTEÇÃO CONTRA DESCARGAS ATMOSFÉRICAS (SPDA),,,,,,
 10.3.1 ,,,"CAIXAS, CABOS E ACESSÓRIOS",,,,,,
 10.3.1.1 ,Código,Banco,Descrição,Tipo,,Und,Quant.,Valor Unit,Total
Composição, 97881 ,SINAPI,"CAIXA ENTERRADA ELÉTRICA RETANGULAR, EM CONCRETO PRÉ-MOLDADO, FUNDO COM BRITA, DIMENSÕES INTERNAS: 0,3X0,3X0,3 M. AF_12/2020",Caixas Enterradas,,UN,"1,0000000","127,12","127,12"
Composição Auxiliar, 101619 ,SINAPI,"PREPARO DE FUNDO DE VALA COM LARGURA MENOR QUE 1,5 M, COM CAMADA DE BRITA, LANÇAMENTO MANUAL. AF_08/2020",Escoramento e Preparo de Fundo de Valas,,m³,"0,0360000","280,68","10,10"
Composição Auxiliar, 88309 ,SINAPI,PEDREIRO COM ENCARGOS COMPLEMENTARES,Livro SINAPI: Cálculos e Parâmetros,,H,"0,0243000","29,21","0,70"
Composição Auxiliar, 88316 ,SINAPI,SERVENTE COM ENCARGOS COMPLEMENTARES,Livro SINAPI: Cálculos e Parâmetros,,H,"0,0191000","23,37","0,44"
Composição Auxiliar, 97733 ,SINAPI,"PEÇA RETANGULAR PRÉ-MOLDADA, VOLUME DE CONCRETO DE ATÉ 10 LITROS, TAXA DE AÇO APROXIMADA DE 30KG/M³. AF_03/2024",Estruturas Pré-Fabricadas e Pré-Moldadas,,m³,"0,0091000","3.330,02","30,30"
Insumo, 00043429 ,SINAPI,"CAIXA DE CONCRETO ARMADO PRE-MOLDADO, SEM FUNDO, QUADRADA, DIMENSOES DE 0,30 X 0,30 X 0,30 M",Material,,UN,"1,0000000","85,58","85,58"
,,,,,,,,,
,,,,,,,,,
,,,,,,,,,
 10.3.1.2 ,Código,Banco,Descrição,Tipo,,Und,Quant.,Valor Unit,Total
Composição, 96985 ,SINAPI,"HASTE DE ATERRAMENTO, DIÂMETRO 5/8"", COM 3 METROS - FORNECIMENTO E INSTALAÇÃO. AF_08/2023",Sistema de Proteção contra Descargas Atmosféricas - SPDA,,UN,"1,0000000","61,96","61,96"
Composição Auxiliar, 88247 ,SINAPI,AUXILIAR DE ELETRICISTA COM ENCARGOS COMPLEMENTARES,Livro SINAPI: Cálculos e Parâmetros,,H,"0,1957287","24,99","4,89"
Composição Auxiliar, 88264 ,SINAPI,ELETRICISTA COM ENCARGOS COMPLEMENTARES,Livro SINAPI: Cálculos e Parâmetros,,H,"0,1957287","29,57","5,78"
Insumo, 00003379 ,SINAPI,"HASTE DE ATERRAMENTO EM ACO COM 3,00 M DE COMPRIMENTO E DN = 5/8"", REVESTIDA COM BAIXA CAMADA DE COBRE, SEM CONECTOR",Material,,UN,"1,0000000","51,29","51,29"
,,,,,,,,,
,,,,,,,,,
,,,,,,,,,
 10.3.1.3 ,Código,Banco,Descrição,Tipo,,Und,Quant.,Valor Unit,Total
Composição, 96977 ,SINAPI,"CORDOALHA DE COBRE NU 50 MM², ENTERRADA - FORNECIMENTO E INSTALAÇÃO. AF_08/2023",Sistema de Proteção contra Descargas Atmosféricas - SPDA,,M,"1,0000000","48,22","48,22"
Composição Auxiliar, 88247 ,SINAPI,AUXILIAR DE ELETRICISTA COM ENCARGOS COMPLEMENTARES,Livro SINAPI: Cálculos e Parâmetros,,H,"0,0241957","24,99","0,60"
Composição Auxiliar, 88264 ,SINAPI,ELETRICISTA COM ENCARGOS COMPLEMENTARES,Livro SINAPI: Cálculos e Parâmetros,,H,"0,0241957","29,57","0,71"
Insumo, 00000867 ,SINAPI,CABO DE COBRE NU 50 MM2 MEIO-DURO,Material,,M,"1,0500000","44,68","46,91"
,,,,,,,,,
,,,,,,,,,
,,,,,,,,,
 10.3.1.4 ,Código,Banco,Descrição,Tipo,,Und,Quant.,Valor Unit,Total
Composição, 90105 ,SINAPI,"ESCAVAÇÃO MECANIZADA DE VALA COM PROFUNDIDADE ATÉ 1,5 M (MÉDIA MONTANTE E JUSANTE/UMA COMPOSIÇÃO POR TRECHO), RETROESCAV. (0,26 M3), LARGURA MENOR QUE 0,8 M, EM SOLO DE 1A CATEGORIA, LOCAIS COM BAIXO NÍVEL DE INTERFERÊNCIA. AF_09/2024",Escavação de Valas,,m³,"1,0000000","7,49","7,49"
Composição Auxiliar, 5678 ,SINAPI,"RETROESCAVADEIRA SOBRE RODAS COM CARREGADEIRA, TRAÇÃO 4X4, POTÊNCIA LÍQ. 88 HP, CAÇAMBA CARREG. CAP. MÍN. 1 M3, CAÇAMBA RETRO CAP. 0,26 M3, PESO OPERACIONAL MÍN. 6.674 KG, PROFUNDIDADE ESCAVAÇÃO MÁX. 4,37 M - CHP DIURNO. AF_06/2014",Custos Horários Produtivo e Improdutivo dos Equipamentos,,CHP,"0,0332585","130,38","4,33"
Composição Auxiliar, 5679 ,SINAPI,"RETROESCAVADEIRA SOBRE RODAS COM CARREGADEIRA, TRAÇÃO 4X4, POTÊNCIA LÍQ. 88 HP, CAÇAMBA CARREG. CAP. MÍN. 1 M3, CAÇAMBA RETRO CAP. 0,26 M3, PESO OPERACIONAL MÍN. 6.674 KG, PROFUNDIDADE ESCAVAÇÃO MÁX. 4,37 M - CHI DIURNO. AF_06/2014",Custos Horários Produtivo e Improdutivo dos Equipamentos,,CHI,"0,0375152","59,48","2,23"
Composição Auxiliar, 88316 ,SINAPI,SERVENTE COM ENCARGOS COMPLEMENTARES,Livro SINAPI: Cálculos e Parâmetros,,H,"0,0399162","23,37","0,93"
,,,,,,,,,
,,,,,,,,,
,,,,,,,,,
 10.3.1.5 ,Código,Banco,Descrição,Tipo,,Und,Quant.,Valor Unit,Total
Composição, 93378 ,SINAPI,"REATERRO MECANIZADO DE VALA COM RETROESCAVADEIRA (CAPACIDADE DA CAÇAMBA DA RETRO: 0,26 M³/POTÊNCIA: 88 HP), LARGURA ATÉ 0,8 M, PROFUNDIDADE ATÉ 1,5 M, COM SOLO (SEM SUBSTITUIÇÃO) DE 1ª CATEGORIA, COM COMPACTADOR DE SOLOS DE PERCUSSÃO. AF_08/2023",Aterro e Reaterro de Valas,,m³,"1,0000000","22,65","22,65"
Composição Auxiliar, 5678 ,SINAPI,"RETROESCAVADEIRA SOBRE RODAS COM CARREGADEIRA, TRAÇÃO 4X4, POTÊNCIA LÍQ. 88 HP, CAÇAMBA CARREG. CAP. MÍN. 1 M3, CAÇAMBA RETRO CAP. 0,26 M3, PESO OPERACIONAL MÍN. 6.674 KG, PROFUNDIDADE ESCAVAÇÃO MÁX. 4,37 M - CHP DIURNO. AF_06/2014",Custos Horários Produtivo e Improdutivo dos Equipamentos,,CHP,"0,0538000","130,38","7,01"
Composição Auxiliar, 5679 ,SINAPI,"RETROESCAVADEIRA SOBRE RODAS COM CARREGADEIRA, TRAÇÃO 4X4, POTÊNCIA LÍQ. 88 HP, CAÇAMBA CARREG. CAP. MÍN. 1 M3, CAÇAMBA RETRO CAP. 0,26 M3, PESO OPERACIONAL MÍN. 6.674 KG, PROFUNDIDADE ESCAVAÇÃO MÁX. 4,37 M - CHI DIURNO. AF_06/2014",Custos Horários Produtivo e Improdutivo dos Equipamentos,,CHI,"0,0777000","59,48","4,62"
Composição Auxiliar, 5901 ,SINAPI,"CAMINHÃO PIPA 10.000 L TRUCADO, PESO BRUTO TOTAL 23.000 KG, CARGA ÚTIL MÁXIMA 15.935 KG, DISTÂNCIA ENTRE EIXOS 4,8 M, POTÊNCIA 230 CV, INCLUSIVE TANQUE DE AÇO PARA TRANSPORTE DE ÁGUA - CHP DIURNO. AF_06/2014",Custos Horários Produtivo e Improdutivo dos Equipamentos,,CHP,"0,0054000","278,95","1,50"
Composição Auxiliar, 5903 ,SINAPI,"CAMINHÃO PIPA 10.000 L TRUCADO, PESO BRUTO TOTAL 23.000 KG, CARGA ÚTIL MÁXIMA 15.935 KG, DISTÂNCIA ENTRE EIXOS 4,8 M, POTÊNCIA 230 CV, INCLUSIVE TANQUE DE AÇO PARA TRANSPORTE DE ÁGUA - CHI DIURNO. AF_06/2014",Custos Horários Produtivo e Improdutivo dos Equipamentos,,CHI,"0,0006000","67,91","0,04"
Composição Auxiliar, 88316 ,SINAPI,SERVENTE COM ENCARGOS COMPLEMENTARES,Livro SINAPI: Cálculos e Parâmetros,,H,"0,0734000","23,37","1,71"
Composição Auxiliar, 91533 ,SINAPI,"COMPACTADOR DE SOLOS DE PERCUSSÃO (SOQUETE) COM MOTOR A GASOLINA 4 TEMPOS, POTÊNCIA 4 CV - CHP DIURNO. AF_08/2015",Custos Horários Produtivo e Improdutivo dos Equipamentos,,CHP,"0,1962000","39,63","7,77"
,,,,,,,,,
,,,,,,,,,
,,,,,,,,,
 10.3.1.6 ,Código,Banco,Descrição,Tipo,,Und,Quant.,Valor Unit,Total
Composição, J0032 ,Próprio,SOLDA EXOTÉRMICA,INEL - INSTALAÇÃO ELÉTRICA/ELETRIFICAÇÃO E ILUMINAÇÃO EXTERNA,,UN,"1,0000000","32,36","32,36"
Composição Auxiliar, 88316 ,SINAPI,SERVENTE COM ENCARGOS COMPLEMENTARES,Livro SINAPI: Cálculos e Parâmetros,,H,"0,0625789","23,37","1,46"
Composição Auxiliar, 88264 ,SINAPI,ELETRICISTA COM ENCARGOS COMPLEMENTARES,Livro SINAPI: Cálculos e Parâmetros,,H,"0,0625789","29,57","1,85"
Insumo, I7377 ,SEINFRA,CARTUCHO DE SOLDA EXOTÉRMICA N.º 90,Material,,UN,"1,0000000","18,99","18,99"
Insumo, I7378 ,SEINFRA,IGNEX - PALITO IGNITOR PARA SOLDA EXOTÉRMICA,Material,,UN,"1,0000000","3,84","3,84"
Insumo, I7379 ,SEINFRA,"MOLDE P/ SOLDA TIPO ""T"" ATÉ 35mm²",Material,,UN,"0,0400000","155,74","6,22"
,,,,,,,,,
,,,,,,,,,
,,,,,,,,,
 10.3.1.7 ,Código,Banco,Descrição,Tipo,,Und,Quant.,Valor Unit,Total
Composição, J0101 ,Próprio,"BARRA DE AÇO REDONDA RE-BAR 3/8” x 3,00m",INEL - INSTALAÇÃO ELÉTRICA/ELETRIFICAÇÃO E ILUMINAÇÃO EXTERNA,,UN,"1,0000000","45,28","45,28"
Composição Auxiliar, 88316 ,SINAPI,SERVENTE COM ENCARGOS COMPLEMENTARES,Livro SINAPI: Cálculos e Parâmetros,,H,"0,2379374","23,37","5,56"
Composição Auxiliar, 88264 ,SINAPI,ELETRICISTA COM ENCARGOS COMPLEMENTARES,Livro SINAPI: Cálculos e Parâmetros,,H,"0,2379374","29,57","7,03"
Insumo, 11846 ,ORSE,"Barra de aço redonda re-bar3/8"" x 3,00m",Material,,un,"1,0000000","32,69","32,69"
,,,,,,,,,
,,,,,,,,,
,,,,,,,,,
 10.3.1.8 ,Código,Banco,Descrição,Tipo,,Und,Quant.,Valor Unit,Total
Composição, J0085 ,Próprio,"CAIXA DE EQUIPOTENCIALIZAÇÃO EM  AÇO, COM 9 TERMINAIS",INEL - INSTALAÇÃO ELÉTRICA/ELETRIFICAÇÃO E ILUMINAÇÃO EXTERNA,,UN,"1,0000000","319,96","319,96"
Composição Auxiliar, 88264 ,SINAPI,ELETRICISTA COM ENCARGOS COMPLEMENTARES,Livro SINAPI: Cálculos e Parâmetros,,H,"1,1730716","29,57","34,68"
Insumo, 12141 ,ORSE,"Caixa de equipotencialização em aço 200x200x90mm, para embutir com tampa, com9 terminais, ref:TEL-901 ou similar (SPDA)",Material,,un,"1,0000000","285,28","285,28"
,,,,,,,,,
,,,,,,,,,
,,,,,,,,,
 10.3.1.9 ,Código,Banco,Descrição,Tipo,,Und,Quant.,Valor Unit,Total
Composição, J0097 ,Próprio,BARRA CHATA DE ALUMÍNIO 7/8”x 1/8',INEL - INSTALAÇÃO ELÉTRICA/ELETRIFICAÇÃO E ILUMINAÇÃO EXTERNA,,M,"1,0000000","14,06","14,06"
Composição Auxiliar, 88264 ,SINAPI,ELETRICISTA COM ENCARGOS COMPLEMENTARES,Livro SINAPI: Cálculos e Parâmetros,,H,"0,1429630","29,57","4,22"
Insumo, 11095 ,ORSE,"Barra chata de aluminio 7/8"" x 1/8""",Material,,m,"1,0000000","9,84","9,84"
,,,,,,,,,
,,,,,,,,,
,,,,,,,,,
 10.3.1.10 ,Código,Banco,Descrição,Tipo,,Und,Quant.,Valor Unit,Total
Composição, J0120 ,Próprio,PARAFUSO INOX COM PORCA DE ¼”,INEL - INSTALAÇÃO ELÉTRICA/ELETRIFICAÇÃO E ILUMINAÇÃO EXTERNA,,UN,"1,0000000","4,82","4,82"
Composição Auxiliar, 88247 ,SINAPI,AUXILIAR DE ELETRICISTA COM ENCARGOS COMPLEMENTARES,Livro SINAPI: Cálculos e Parâmetros,,H,"0,0797766","24,99","1,99"
Composição Auxiliar, 88264 ,SINAPI,ELETRICISTA COM ENCARGOS COMPLEMENTARES,Livro SINAPI: Cálculos e Parâmetros,,H,"0,0797766","29,57","2,35"
Insumo, I2525 ,SEINFRA,"PARAFUSO C/PORCA E ARRUELA DE 1/4X1 1/2""",Material,,UN,"1,0000000","0,48","0,48"
,,,,,,,,,
,,,,,,,,,
,,,,,,,,,
 10.3.1.11 ,Código,Banco,Descrição,Tipo,,Und,Quant.,Valor Unit,Total
Composição, J0123 ,Próprio,SUPORTE ISOLADOR COLÁVEL/PARAFUSÁVEL PARA BARRA CHATA DE ALUMÍNIO,INEL - INSTALAÇÃO ELÉTRICA/ELETRIFICAÇÃO E ILUMINAÇÃO EXTERNA,,UN,"1,0000000","11,75","11,75"
Composição Auxiliar, 88247 ,SINAPI,AUXILIAR DE ELETRICISTA COM ENCARGOS COMPLEMENTARES,Livro SINAPI: Cálculos e Parâmetros,,H,"0,0796257","24,99","1,98"
Composição Auxiliar, 88264 ,SINAPI,ELETRICISTA COM ENCARGOS COMPLEMENTARES,Livro SINAPI: Cálculos e Parâmetros,,H,"0,0796257","29,57","2,35"
Insumo, I7415 ,SEINFRA,ISOLADOR EPÓXI 1kV - 25mm,Material,,UN,"1,0000000","6,94","6,94"
Insumo, I2525 ,SEINFRA,"PARAFUSO C/PORCA E ARRUELA DE 1/4X1 1/2""",Material,,UN,"1,0000000","0,48","0,48"
,,,,,,,,,
,,,,,,,,,
,,,,,,,,,
 10.3.1.12 ,Código,Banco,Descrição,Tipo,,Und,Quant.,Valor Unit,Total
Composição, J0098 ,Próprio,"CONECTOR METÁLICO TIPO PARAFUSO FENDIDO (SPLIT BOLT), PARA CABOS ATÉ 50 MM2",INEL - INSTALAÇÃO ELÉTRICA/ELETRIFICAÇÃO E ILUMINAÇÃO EXTERNA,,UN,"1,0000000","15,96","15,96"
Composição Auxiliar, 88247 ,SINAPI,AUXILIAR DE ELETRICISTA COM ENCARGOS COMPLEMENTARES,Livro SINAPI: Cálculos e Parâmetros,,H,"0,0791730","24,99","1,97"
Composição Auxiliar, 88264 ,SINAPI,ELETRICISTA COM ENCARGOS COMPLEMENTARES,Livro SINAPI: Cálculos e Parâmetros,,H,"0,0791730","29,57","2,34"
Insumo, 00011862 ,SINAPI,"CONECTOR METALICO TIPO PARAFUSO FENDIDO (SPLIT BOLT), PARA CABOS ATE 50 MM2",Material,,UN,"1,0000000","11,65","11,65"
,,,,,,,,,
,,,,,,,,,
,,,,,,,,,
 10.4 ,,,CIRCUITOS DE CONDICIONADORES DE AR,,,,,,
 10.4.1 ,,,CABOS E TERMINAIS DOS CABOS,,,,,,
 10.4.1.1 ,Código,Banco,Descrição,Tipo,,Und,Quant.,Valor Unit,Total
Composição, 91926 ,SINAPI,"CABO DE COBRE FLEXÍVEL ISOLADO, 2,5 MM², ANTI-CHAMA 450/750 V, PARA CIRCUITOS TERMINAIS - FORNECIMENTO E INSTALAÇÃO. AF_03/2023","Instalações Elétricas - Eletrodutos Embutidos, Cabos, Caixas, Tomadas e Interruptores",,M,"1,0000000","3,62","3,62"
Composição Auxiliar, 88247 ,SINAPI,AUXILIAR DE ELETRICISTA COM ENCARGOS COMPLEMENTARES,Livro SINAPI: Cálculos e Parâmetros,,H,"0,0229632","24,99","0,57"
Composição Auxiliar, 88264 ,SINAPI,ELETRICISTA COM ENCARGOS COMPLEMENTARES,Livro SINAPI: Cálculos e Parâmetros,,H,"0,0229632","29,57","0,67"
Insumo, 00001014 ,SINAPI,"CABO DE COBRE, FLEXIVEL, CLASSE 4 OU 5, ISOLACAO EM PVC/A, ANTICHAMA BWF-B, 1 CONDUTOR, 450/750 V, SECAO NOMINAL 2,5 MM2",Material,,M,"1,2434000","1,90","2,36"
Insumo, 00021127 ,SINAPI,"FITA ISOLANTE ADESIVA ANTICHAMA, USO ATE 750 V, EM ROLO DE 19 MM X 5 M",Material,,UN,"0,0094000","3,02","0,02"
,,,,,,,,,
,,,,,,,,,
,,,,,,,,,
 10.4.1.2 ,Código,Banco,Descrição,Tipo,,Und,Quant.,Valor Unit,Total
Composição, 91928 ,SINAPI,"CABO DE COBRE FLEXÍVEL ISOLADO, 4 MM², ANTI-CHAMA 450/750 V, PARA CIRCUITOS TERMINAIS - FORNECIMENTO E INSTALAÇÃO. AF_03/2023","Instalações Elétricas - Eletrodutos Embutidos, Cabos, Caixas, Tomadas e Interruptores",,M,"1,0000000","5,61","5,61"
Composição Auxiliar, 88247 ,SINAPI,AUXILIAR DE ELETRICISTA COM ENCARGOS COMPLEMENTARES,Livro SINAPI: Cálculos e Parâmetros,,H,"0,0311521","24,99","0,77"
Composição Auxiliar, 88264 ,SINAPI,ELETRICISTA COM ENCARGOS COMPLEMENTARES,Livro SINAPI: Cálculos e Parâmetros,,H,"0,0311521","29,57","0,92"
Insumo, 00000981 ,SINAPI,"CABO DE COBRE, FLEXIVEL, CLASSE 4 OU 5, ISOLACAO EM PVC/A, ANTICHAMA BWF-B, 1 CONDUTOR, 450/750 V, SECAO NOMINAL 4 MM2",Material,,M,"1,2434000","3,14","3,90"
Insumo, 00021127 ,SINAPI,"FITA ISOLANTE ADESIVA ANTICHAMA, USO ATE 750 V, EM ROLO DE 19 MM X 5 M",Material,,UN,"0,0094000","3,02","0,02"
,,,,,,,,,
,,,,,,,,,
,,,,,,,,,
 10.4.1.3 ,Código,Banco,Descrição,Tipo,,Und,Quant.,Valor Unit,Total
Composição, 91930 ,SINAPI,"CABO DE COBRE FLEXÍVEL ISOLADO, 6 MM², ANTI-CHAMA 450/750 V, PARA CIRCUITOS TERMINAIS - FORNECIMENTO E INSTALAÇÃO. AF_03/2023","Instalações Elétricas - Eletrodutos Embutidos, Cabos, Caixas, Tomadas e Interruptores",,M,"1,0000000","7,84","7,84"
Composição Auxiliar, 88247 ,SINAPI,AUXILIAR DE ELETRICISTA COM ENCARGOS COMPLEMENTARES,Livro SINAPI: Cálculos e Parâmetros,,H,"0,0404356","24,99","1,01"
Composição Auxiliar, 88264 ,SINAPI,ELETRICISTA COM ENCARGOS COMPLEMENTARES,Livro SINAPI: Cálculos e Parâmetros,,H,"0,0404356","29,57","1,19"
Insumo, 00000982 ,SINAPI,"CABO DE COBRE, FLEXIVEL, CLASSE 4 OU 5, ISOLACAO EM PVC/A, ANTICHAMA BWF-B, 1 CONDUTOR, 450/750 V, SECAO NOMINAL 6 MM2",Material,,M,"1,2434000","4,52","5,62"
Insumo, 00021127 ,SINAPI,"FITA ISOLANTE ADESIVA ANTICHAMA, USO ATE 750 V, EM ROLO DE 19 MM X 5 M",Material,,UN,"0,0094000","3,02","0,02"
,,,,,,,,,
,,,,,,,,,
,,,,,,,,,
 10.4.1.4 ,Código,Banco,Descrição,Tipo,,Und,Quant.,Valor Unit,Total
Composição, J0135 ,Próprio,"TERMINAL OLHAL PARA CABO DE 4,00MM2 À 6,00MM2",INEL - INSTALAÇÃO ELÉTRICA/ELETRIFICAÇÃO E ILUMINAÇÃO EXTERNA,,UN,"1,0000000","7,78","7,78"
Composição Auxiliar, 88247 ,SINAPI,AUXILIAR DE ELETRICISTA COM ENCARGOS COMPLEMENTARES,Livro SINAPI: Cálculos e Parâmetros,,H,"0,0796257","24,99","1,98"
Composição Auxiliar, 88264 ,SINAPI,ELETRICISTA COM ENCARGOS COMPLEMENTARES,Livro SINAPI: Cálculos e Parâmetros,,H,"0,0796257","29,57","2,35"
Insumo, I6161 ,SEINFRA,"TERMINAL OLHAL PARA CABO DE 4,00mm2  A  6,00mm2",Material,,UN,"1,0000000","3,45","3,45"
,,,,,,,,,
,,,,,,,,,
,,,,,,,,,
 10.4.2 ,,,"ELETROCALHAS, ELETRODUTOS E ACESSÓRIOS",,,,,,
 10.4.2.1 ,Código,Banco,Descrição,Tipo,,Und,Quant.,Valor Unit,Total
Composição, 91863 ,SINAPI,"ELETRODUTO RÍGIDO ROSCÁVEL, PVC, DN 25 MM (3/4""), PARA CIRCUITOS TERMINAIS, INSTALADO EM FORRO - FORNECIMENTO E INSTALAÇÃO. AF_03/2023","Instalações Elétricas - Eletrodutos Embutidos, Cabos, Caixas, Tomadas e Interruptores",,M,"1,0000000","8,65","8,65"
Composição Auxiliar, 88247 ,SINAPI,AUXILIAR DE ELETRICISTA COM ENCARGOS COMPLEMENTARES,Livro SINAPI: Cálculos e Parâmetros,,H,"0,0950036","24,99","2,37"
Composição Auxiliar, 88264 ,SINAPI,ELETRICISTA COM ENCARGOS COMPLEMENTARES,Livro SINAPI: Cálculos e Parâmetros,,H,"0,0950036","29,57","2,80"
Insumo, 00002674 ,SINAPI,"ELETRODUTO DE PVC RIGIDO ROSCAVEL DE 3/4 "", SEM LUVA",Material,,M,"1,0170000","3,43","3,48"
,,,,,,,,,
,,,,,,,,,
,,,,,,,,,
 10.4.2.2 ,Código,Banco,Descrição,Tipo,,Und,Quant.,Valor Unit,Total
Composição, 91875 ,SINAPI,"LUVA PARA ELETRODUTO, PVC, ROSCÁVEL, DN 25 MM (3/4""), PARA CIRCUITOS TERMINAIS, INSTALADA EM FORRO - FORNECIMENTO E INSTALAÇÃO. AF_03/2023","Instalações Elétricas - Eletrodutos Embutidos, Cabos, Caixas, Tomadas e Interruptores",,UN,"1,0000000","6,67","6,67"
Composição Auxiliar, 88247 ,SINAPI,AUXILIAR DE ELETRICISTA COM ENCARGOS COMPLEMENTARES,Livro SINAPI: Cálculos e Parâmetros,,H,"0,1095325","24,99","2,73"
Composição Auxiliar, 88264 ,SINAPI,ELETRICISTA COM ENCARGOS COMPLEMENTARES,Livro SINAPI: Cálculos e Parâmetros,,H,"0,1095325","29,57","3,23"
Insumo, 00001891 ,SINAPI,"LUVA EM PVC RIGIDO ROSCAVEL, DE 3/4"", PARA ELETRODUTO",Material,,UN,"1,0000000","0,71","0,71"
,,,,,,,,,
,,,,,,,,,
,,,,,,,,,
 10.4.2.3 ,Código,Banco,Descrição,Tipo,,Und,Quant.,Valor Unit,Total
Composição, 91890 ,SINAPI,"CURVA 90 GRAUS PARA ELETRODUTO, PVC, ROSCÁVEL, DN 25 MM (3/4""), PARA CIRCUITOS TERMINAIS, INSTALADA EM FORRO - FORNECIMENTO E INSTALAÇÃO. AF_03/2023","Instalações Elétricas - Eletrodutos Embutidos, Cabos, Caixas, Tomadas e Interruptores",,UN,"1,0000000","10,62","10,62"
Composição Auxiliar, 88247 ,SINAPI,AUXILIAR DE ELETRICISTA COM ENCARGOS COMPLEMENTARES,Livro SINAPI: Cálculos e Parâmetros,,H,"0,1644969","24,99","4,11"
Composição Auxiliar, 88264 ,SINAPI,ELETRICISTA COM ENCARGOS COMPLEMENTARES,Livro SINAPI: Cálculos e Parâmetros,,H,"0,1644969","29,57","4,86"
Insumo, 00001879 ,SINAPI,"CURVA 90 GRAUS, LONGA, DE PVC RIGIDO ROSCAVEL, DE 3/4"", PARA ELETRODUTO",Material,,UN,"1,0000000","1,65","1,65"
,,,,,,,,,
,,,,,,,,,
,,,,,,,,,
 10.4.2.4 ,Código,Banco,Descrição,Tipo,,Und,Quant.,Valor Unit,Total
Composição, 91941 ,SINAPI,"CAIXA RETANGULAR 4"" X 2"" BAIXA (0,30 M DO PISO), PVC, INSTALADA EM PAREDE - FORNECIMENTO E INSTALAÇÃO. AF_03/2023","Instalações Elétricas - Eletrodutos Embutidos, Cabos, Caixas, Tomadas e Interruptores",,UN,"1,0000000","9,03","9,03"
Composição Auxiliar, 88247 ,SINAPI,AUXILIAR DE ELETRICISTA COM ENCARGOS COMPLEMENTARES,Livro SINAPI: Cálculos e Parâmetros,,H,"0,1300429","24,99","3,24"
Composição Auxiliar, 88264 ,SINAPI,ELETRICISTA COM ENCARGOS COMPLEMENTARES,Livro SINAPI: Cálculos e Parâmetros,,H,"0,1300429","29,57","3,84"
Composição Auxiliar, 88629 ,SINAPI,"ARGAMASSA TRAÇO 1:3 (EM VOLUME DE CIMENTO E AREIA MÉDIA ÚMIDA), PREPARO MANUAL. AF_08/2019",Argamassas,,m³,"0,0009000","591,67","0,53"
Insumo, 00001872 ,SINAPI,"CAIXA DE PASSAGEM, EM PVC, DE 4"" X 2"", PARA ELETRODUTO FLEXIVEL CORRUGADO",Material,,UN,"1,0000000","1,42","1,42"
,,,,,,,,,
,,,,,,,,,
,,,,,,,,,
 10.4.2.5 ,Código,Banco,Descrição,Tipo,,Und,Quant.,Valor Unit,Total
Composição, 91947 ,SINAPI,"SUPORTE PARAFUSADO COM PLACA DE ENCAIXE 4"" X 2"" BAIXO (0,30 M DO PISO) PARA PONTO ELÉTRICO - FORNECIMENTO E INSTALAÇÃO. AF_03/2023","Instalações Elétricas - Eletrodutos Embutidos, Cabos, Caixas, Tomadas e Interruptores",,UN,"1,0000000","7,58","7,58"
Composição Auxiliar, 88247 ,SINAPI,AUXILIAR DE ELETRICISTA COM ENCARGOS COMPLEMENTARES,Livro SINAPI: Cálculos e Parâmetros,,H,"0,0725877","24,99","1,81"
Composição Auxiliar, 88264 ,SINAPI,ELETRICISTA COM ENCARGOS COMPLEMENTARES,Livro SINAPI: Cálculos e Parâmetros,,H,"0,0725877","29,57","2,14"
Insumo, 00038094 ,SINAPI,"ESPELHO / PLACA DE 3 POSTOS 4"" X 2"", PARA INSTALACAO DE TOMADAS E INTERRUPTORES",Material,,UN,"1,0000000","2,39","2,39"
Insumo, 00038099 ,SINAPI,"SUPORTE DE FIXACAO PARA ESPELHO / PLACA 4"" X 2"", PARA 3 MODULOS, PARA INSTALACAO DE TOMADAS E INTERRUPTORES (SOMENTE SUPORTE)",Material,,UN,"1,0000000","1,24","1,24"
,,,,,,,,,
,,,,,,,,,
,,,,,,,,,
 10.4.2.6 ,Código,Banco,Descrição,Tipo,,Und,Quant.,Valor Unit,Total
Composição, 104780 ,SINAPI,"RASGO LINEAR MECANIZADO EM ALVENARIA, PARA ELETRODUTOS, DIÂMETROS MENORES OU IGUAIS A 40 MM. AF_09/2023",Rasgos e Fixações,,M,"1,0000000","5,64","5,64"
Composição Auxiliar, 88247 ,SINAPI,AUXILIAR DE ELETRICISTA COM ENCARGOS COMPLEMENTARES,Livro SINAPI: Cálculos e Parâmetros,,H,"0,0033484","24,99","0,08"
Composição Auxiliar, 91692 ,SINAPI,"SERRA CIRCULAR DE BANCADA COM MOTOR ELÉTRICO POTÊNCIA DE 5HP, COM COIFA PARA DISCO 10"" - CHP DIURNO. AF_08/2015",Custos Horários Produtivo e Improdutivo dos Equipamentos,,CHP,"0,0491000","33,75","1,65"
Composição Auxiliar, 91693 ,SINAPI,"SERRA CIRCULAR DE BANCADA COM MOTOR ELÉTRICO POTÊNCIA DE 5HP, COM COIFA PARA DISCO 10"" - CHI DIURNO. AF_08/2015",Custos Horários Produtivo e Improdutivo dos Equipamentos,,CHI,"0,1199000","32,69","3,91"
,,,,,,,,,
,,,,,,,,,
,,,,,,,,,
 10.4.2.7 ,Código,Banco,Descrição,Tipo,,Und,Quant.,Valor Unit,Total
Composição, 104785 ,SINAPI,"FIXAÇÃO DE ELETRODUTOS, DIÂMETROS MENORES OU IGUAIS A 40 MM, COM ABRAÇADEIRA METÁLICA RÍGIDA TIPO D COM PARAFUSO DE FIXAÇÃO 1 1/4"", FIXADA DIRETAMENTE NA LAJE OU PAREDE. AF_09/2023",Rasgos e Fixações,,M,"1,0000000","12,66","12,66"
Composição Auxiliar, 88247 ,SINAPI,AUXILIAR DE ELETRICISTA COM ENCARGOS COMPLEMENTARES,Livro SINAPI: Cálculos e Parâmetros,,H,"0,0351791","24,99","0,87"
Composição Auxiliar, 88264 ,SINAPI,ELETRICISTA COM ENCARGOS COMPLEMENTARES,Livro SINAPI: Cálculos e Parâmetros,,H,"0,1548836","29,57","4,57"
Insumo, 00000395 ,SINAPI,"ABRACADEIRA EM ACO PARA AMARRACAO DE ELETRODUTOS, TIPO D, COM 1 1/4"" E PARAFUSO DE FIXACAO",Material,,UN,"1,2500000","5,10","6,37"
Insumo, 00004350 ,SINAPI,"BUCHA DE NYLON, DIAMETRO DO FURO 8 MM, COMPRIMENTO 40 MM, COM PARAFUSO DE ROSCA SOBERBA, CABECA CHATA, FENDA SIMPLES, 4,8 X 50 MM",Material,,UN,"1,3125000","0,65","0,85"
,,,,,,,,,
,,,,,,,,,
,,,,,,,,,
 10.4.2.8 ,Código,Banco,Descrição,Tipo,,Und,Quant.,Valor Unit,Total
Composição, J0124 ,Próprio,ELETROCALHA PERFURADA 50x100mm - FORNECIMENTO E INSTALAÇÃO,INEL - INSTALAÇÃO ELÉTRICA/ELETRIFICAÇÃO E ILUMINAÇÃO EXTERNA,,M,"1,0000000","54,20","54,20"
Composição Auxiliar, 88247 ,SINAPI,AUXILIAR DE ELETRICISTA COM ENCARGOS COMPLEMENTARES,Livro SINAPI: Cálculos e Parâmetros,,H,"0,7175371","24,99","17,93"
Composição Auxiliar, 88264 ,SINAPI,ELETRICISTA COM ENCARGOS COMPLEMENTARES,Livro SINAPI: Cálculos e Parâmetros,,H,"0,7175371","29,57","21,21"
Insumo, I1048 ,SEINFRA,DUTO PERFURADO-ELETROCALHA CHAPA DE AÇO (50X100)MM,Material,,M,"1,0000000","15,06","15,06"
,,,,,,,,,
,,,,,,,,,
,,,,,,,,,
 10.4.2.9 ,Código,Banco,Descrição,Tipo,,Und,Quant.,Valor Unit,Total
Composição, J0187 ,Próprio,SUPORTE VERTICAL 100X50MM PARA ELETROCALHA METÁLICA,INEL - INSTALAÇÃO ELÉTRICA/ELETRIFICAÇÃO E ILUMINAÇÃO EXTERNA,,UN,"1,0000000","14,29","14,29"
Composição Auxiliar, 88247 ,SINAPI,AUXILIAR DE ELETRICISTA COM ENCARGOS COMPLEMENTARES,Livro SINAPI: Cálculos e Parâmetros,,H,"0,1597043","24,99","3,99"
Composição Auxiliar, 88264 ,SINAPI,ELETRICISTA COM ENCARGOS COMPLEMENTARES,Livro SINAPI: Cálculos e Parâmetros,,H,"0,1597043","29,57","4,72"
Insumo, 3637 ,ORSE,Suporte vertical  100 x 50 mm  para fixação de eletrocalha metálica ( ref.: Mopa ou similar),Material,,un,"1,0000000","3,60","3,60"
Insumo, 00039997 ,SINAPI,"PORCA ZINCADA, SEXTAVADA, DIAMETRO 1/4""",Material,,UN,"2,0000000","0,30","0,60"
Insumo, I9566 ,SEINFRA,"ARRUELA DE PRESSÃO 3/8"" AÇO CARBONO",Material,,UN,"2,0000000","0,08","0,16"
Insumo, 00011976 ,SINAPI,"CHUMBADOR DE ACO ZINCADO, DIAMETRO 1/4"" COM PARAFUSO 1/4"" X 40 MM",Material,,UN,"1,0000000","1,22","1,22"
,,,,,,,,,
,,,,,,,,,
,,,,,,,,,
 10.4.2.10 ,Código,Banco,Descrição,Tipo,,Und,Quant.,Valor Unit,Total
Composição, J0188 ,Próprio,TÊ HORIZONTAL PARA ELETROCALHA PERFURADA 50x100mm -  FORNECIMENTO E INSTALAÇÃO,INEL - INSTALAÇÃO ELÉTRICA/ELETRIFICAÇÃO E ILUMINAÇÃO EXTERNA,,UN,"1,0000000","36,05","36,05"
Composição Auxiliar, 88247 ,SINAPI,AUXILIAR DE ELETRICISTA COM ENCARGOS COMPLEMENTARES,Livro SINAPI: Cálculos e Parâmetros,,H,"0,1601570","24,99","4,00"
Composição Auxiliar, 88264 ,SINAPI,ELETRICISTA COM ENCARGOS COMPLEMENTARES,Livro SINAPI: Cálculos e Parâmetros,,H,"0,1601570","29,57","4,73"
Insumo, 4095 ,ORSE,Tê horizontal 100 x 50 mm para eletrocalha metálica (ref. Mopa ou similar),Material,,un,"1,0000000","21,56","21,56"
Insumo, I9919 ,SEINFRA,"PARAFUSO CABEÇA LENTILHA AUTO TRAVANTE 1/4"" X 1/2""",Material,,UN,"12,0000000","0,10","1,20"
Insumo, 00039997 ,SINAPI,"PORCA ZINCADA, SEXTAVADA, DIAMETRO 1/4""",Material,,UN,"12,0000000","0,30","3,60"
Insumo, I9566 ,SEINFRA,"ARRUELA DE PRESSÃO 3/8"" AÇO CARBONO",Material,,UN,"12,0000000","0,08","0,96"
,,,,,,,,,
,,,,,,,,,
,,,,,,,,,
 10.4.2.11 ,Código,Banco,Descrição,Tipo,,Und,Quant.,Valor Unit,Total
Composição, J0127 ,Próprio,EMENDA INTERNA PARA ELETROCALHA PERFURADA 50x100mm - FORNECIMENTO E INSTALAÇÃO,INEL - INSTALAÇÃO ELÉTRICA/ELETRIFICAÇÃO E ILUMINAÇÃO EXTERNA,,UN,"1,0000000","12,86","12,86"
Composição Auxiliar, 88316 ,SINAPI,SERVENTE COM ENCARGOS COMPLEMENTARES,Livro SINAPI: Cálculos e Parâmetros,,H,"0,1600248","23,37","3,73"
Composição Auxiliar, 88264 ,SINAPI,ELETRICISTA COM ENCARGOS COMPLEMENTARES,Livro SINAPI: Cálculos e Parâmetros,,H,"0,1600248","29,57","4,73"
Insumo, 4032 ,ORSE,Emenda interna 100 x 50 mm com base lisa perfurada para eletrocalha metálica (ref. Mopa ou similar),Material,,un,"1,0000000","2,48","2,48"
Insumo, I9919 ,SEINFRA,"PARAFUSO CABEÇA LENTILHA AUTO TRAVANTE 1/4"" X 1/2""",Material,,UN,"4,0000000","0,10","0,40"
Insumo, 00039997 ,SINAPI,"PORCA ZINCADA, SEXTAVADA, DIAMETRO 1/4""",Material,,UN,"4,0000000","0,30","1,20"
Insumo, I9566 ,SEINFRA,"ARRUELA DE PRESSÃO 3/8"" AÇO CARBONO",Material,,UN,"4,0000000","0,08","0,32"
,,,,,,,,,
,,,,,,,,,
,,,,,,,,,
 10.4.2.12 ,Código,Banco,Descrição,Tipo,,Und,Quant.,Valor Unit,Total
Composição, J0212 ,Próprio,ELETROCALHA PERFURADA 50x50mm,SEDI - SERVIÇOS DIVERSOS,,M,"1,0000000","51,19","51,19"
Composição Auxiliar, 88247 ,SINAPI,AUXILIAR DE ELETRICISTA COM ENCARGOS COMPLEMENTARES,Livro SINAPI: Cálculos e Parâmetros,,H,"0,7178389","24,99","17,93"
Composição Auxiliar, 88264 ,SINAPI,ELETRICISTA COM ENCARGOS COMPLEMENTARES,Livro SINAPI: Cálculos e Parâmetros,,H,"0,7178389","29,57","21,22"
Insumo, I1049 ,SEINFRA,DUTO PERFURADO-ELETROCALHA CHAPA DE AÇO (50X50)MM,Material,,M,"1,0000000","12,04","12,04"
,,,,,,,,,
,,,,,,,,,
,,,,,,,,,
 10.4.2.13 ,Código,Banco,Descrição,Tipo,,Und,Quant.,Valor Unit,Total
Composição, J0213 ,Próprio,SUPORTE VERTICAL 50X50MM PARA ELETROCALHA METÁLICA,SEDI - SERVIÇOS DIVERSOS,,M,"1,0000000","13,67","13,67"
Composição Auxiliar, 88247 ,SINAPI,AUXILIAR DE ELETRICISTA COM ENCARGOS COMPLEMENTARES,Livro SINAPI: Cálculos e Parâmetros,,H,"0,1595534","24,99","3,98"
Composição Auxiliar, 88264 ,SINAPI,ELETRICISTA COM ENCARGOS COMPLEMENTARES,Livro SINAPI: Cálculos e Parâmetros,,H,"0,1595534","29,57","4,71"
Insumo, 4112 ,ORSE,Suporte vertical 50 x 50mm para fixação de eletrocalha metálica (ref. Mopa ousimilar),Material,,un,"1,0000000","3,00","3,00"
Insumo, 00039997 ,SINAPI,"PORCA ZINCADA, SEXTAVADA, DIAMETRO 1/4""",Material,,UN,"2,0000000","0,30","0,60"
Insumo, I9566 ,SEINFRA,"ARRUELA DE PRESSÃO 3/8"" AÇO CARBONO",Material,,UN,"2,0000000","0,08","0,16"
Insumo, 00011976 ,SINAPI,"CHUMBADOR DE ACO ZINCADO, DIAMETRO 1/4"" COM PARAFUSO 1/4"" X 40 MM",Material,,UN,"1,0000000","1,22","1,22"
,,,,,,,,,
,,,,,,,,,
,,,,,,,,,
 10.4.2.14 ,Código,Banco,Descrição,Tipo,,Und,Quant.,Valor Unit,Total
Composição, J0215 ,Próprio,EMENDA INTERNA PARA ELETROCALHA PERFURADA 50x50mm,SEDI - SERVIÇOS DIVERSOS,,M,"1,0000000","12,32","12,32"
Composição Auxiliar, 88247 ,SINAPI,AUXILIAR DE ELETRICISTA COM ENCARGOS COMPLEMENTARES,Livro SINAPI: Cálculos e Parâmetros,,H,"0,1600061","24,99","3,99"
Composição Auxiliar, 88264 ,SINAPI,ELETRICISTA COM ENCARGOS COMPLEMENTARES,Livro SINAPI: Cálculos e Parâmetros,,H,"0,1600061","29,57","4,73"
Insumo, 887 ,ORSE,Emenda interna 50 x 50 mm com base lisa  para eletrocalha metálica (ref. vl 3.01-21-50/50 ge valemam ou similar),Material,,un,"1,0000000","1,68","1,68"
Insumo, I9919 ,SEINFRA,"PARAFUSO CABEÇA LENTILHA AUTO TRAVANTE 1/4"" X 1/2""",Material,,UN,"4,0000000","0,10","0,40"
Insumo, 00039997 ,SINAPI,"PORCA ZINCADA, SEXTAVADA, DIAMETRO 1/4""",Material,,UN,"4,0000000","0,30","1,20"
Insumo, I9566 ,SEINFRA,"ARRUELA DE PRESSÃO 3/8"" AÇO CARBONO",Material,,UN,"4,0000000","0,08","0,32"
,,,,,,,,,
,,,,,,,,,
,,,,,,,,,
 10.4.2.15 ,Código,Banco,Descrição,Tipo,,Und,Quant.,Valor Unit,Total
Composição, J0189 ,Próprio,"SAÍDA HORIZONTAL PARA ELETRODUTO ATÉ 1""",INEL - INSTALAÇÃO ELÉTRICA/ELETRIFICAÇÃO E ILUMINAÇÃO EXTERNA,,UN,"1,0000000","8,39","8,39"
Composição Auxiliar, 88247 ,SINAPI,AUXILIAR DE ELETRICISTA COM ENCARGOS COMPLEMENTARES,Livro SINAPI: Cálculos e Parâmetros,,H,"0,0955509","24,99","2,38"
Composição Auxiliar, 88264 ,SINAPI,ELETRICISTA COM ENCARGOS COMPLEMENTARES,Livro SINAPI: Cálculos e Parâmetros,,H,"0,0955509","29,57","2,82"
Insumo, 2001 ,ORSE,"Saída horizontal para eletroduto 1"" (ref. vl 33 valemam ou similar)",Material,,un,"1,0000000","3,19","3,19"
,,,,,,,,,
,,,,,,,,,
,,,,,,,,,
 10.4.2.16 ,Código,Banco,Descrição,Tipo,,Und,Quant.,Valor Unit,Total
Composição, J0191 ,Próprio,"VERGALHÃO TIRANTE COM ROSCA 1/4""",INEL - INSTALAÇÃO ELÉTRICA/ELETRIFICAÇÃO E ILUMINAÇÃO EXTERNA,,M,"1,0000000","10,83","10,83"
Composição Auxiliar, 88247 ,SINAPI,AUXILIAR DE ELETRICISTA COM ENCARGOS COMPLEMENTARES,Livro SINAPI: Cálculos e Parâmetros,,H,"0,1355901","24,99","3,38"
Composição Auxiliar, 88264 ,SINAPI,ELETRICISTA COM ENCARGOS COMPLEMENTARES,Livro SINAPI: Cálculos e Parâmetros,,H,"0,1355901","29,57","4,00"
Insumo, 00039996 ,SINAPI,"VERGALHAO ZINCADO ROSCA TOTAL, 1/4"" (6,3 MM)",Material,,M,"1,0000000","3,45","3,45"
,,,,,,,,,
,,,,,,,,,
,,,,,,,,,
 10.5 ,,,ILUMINAÇÃO E TOMADAS,,,,,,
 10.5.1 ,,,"TOMADAS, INTERRUPTORES E CAIXAS DE PASSAGEM",,,,,,
 10.5.1.1 ,Código,Banco,Descrição,Tipo,,Und,Quant.,Valor Unit,Total
Composição, 92000 ,SINAPI,"TOMADA BAIXA DE EMBUTIR (1 MÓDULO), 2P+T 10 A, INCLUINDO SUPORTE E PLACA - FORNECIMENTO E INSTALAÇÃO. AF_03/2023","Instalações Elétricas - Eletrodutos Embutidos, Cabos, Caixas, Tomadas e Interruptores",,UN,"1,0000000","30,22","30,22"
Composição Auxiliar, 91946 ,SINAPI,"SUPORTE PARAFUSADO COM PLACA DE ENCAIXE 4"" X 2"" MÉDIO (1,30 M DO PISO) PARA PONTO ELÉTRICO - FORNECIMENTO E INSTALAÇÃO. AF_03/2023","Instalações Elétricas - Eletrodutos Embutidos, Cabos, Caixas, Tomadas e Interruptores",,UN,"1,0000000","10,60","10,60"
Composição Auxiliar, 91998 ,SINAPI,"TOMADA BAIXA DE EMBUTIR (1 MÓDULO), 2P+T 10 A, SEM SUPORTE E SEM PLACA - FORNECIMENTO E INSTALAÇÃO. AF_03/2023","Instalações Elétricas - Eletrodutos Embutidos, Cabos, Caixas, Tomadas e Interruptores",,UN,"1,0000000","19,62","19,62"
,,,,,,,,,
,,,,,,,,,
,,,,,,,,,
 10.5.1.2 ,Código,Banco,Descrição,Tipo,,Und,Quant.,Valor Unit,Total
Composição, 91996 ,SINAPI,"TOMADA MÉDIA DE EMBUTIR (1 MÓDULO), 2P+T 10 A, INCLUINDO SUPORTE E PLACA - FORNECIMENTO E INSTALAÇÃO. AF_03/2023","Instalações Elétricas - Eletrodutos Embutidos, Cabos, Caixas, Tomadas e Interruptores",,UN,"1,0000000","34,32","34,32"
Composição Auxiliar, 91946 ,SINAPI,"SUPORTE PARAFUSADO COM PLACA DE ENCAIXE 4"" X 2"" MÉDIO (1,30 M DO PISO) PARA PONTO ELÉTRICO - FORNECIMENTO E INSTALAÇÃO. AF_03/2023","Instalações Elétricas - Eletrodutos Embutidos, Cabos, Caixas, Tomadas e Interruptores",,UN,"1,0000000","10,60","10,60"
Composição Auxiliar, 91994 ,SINAPI,"TOMADA MÉDIA DE EMBUTIR (1 MÓDULO), 2P+T 10 A, SEM SUPORTE E SEM PLACA - FORNECIMENTO E INSTALAÇÃO. AF_03/2023","Instalações Elétricas - Eletrodutos Embutidos, Cabos, Caixas, Tomadas e Interruptores",,UN,"1,0000000","23,72","23,72"
,,,,,,,,,
,,,,,,,,,
,,,,,,,,,
 10.5.1.3 ,Código,Banco,Descrição,Tipo,,Und,Quant.,Valor Unit,Total
Composição, 91992 ,SINAPI,"TOMADA ALTA DE EMBUTIR (1 MÓDULO), 2P+T 10 A, INCLUINDO SUPORTE E PLACA - FORNECIMENTO E INSTALAÇÃO. AF_03/2023","Instalações Elétricas - Eletrodutos Embutidos, Cabos, Caixas, Tomadas e Interruptores",,UN,"1,0000000","44,90","44,90"
Composição Auxiliar, 91946 ,SINAPI,"SUPORTE PARAFUSADO COM PLACA DE ENCAIXE 4"" X 2"" MÉDIO (1,30 M DO PISO) PARA PONTO ELÉTRICO - FORNECIMENTO E INSTALAÇÃO. AF_03/2023","Instalações Elétricas - Eletrodutos Embutidos, Cabos, Caixas, Tomadas e Interruptores",,UN,"1,0000000","10,60","10,60"
Composição Auxiliar, 91990 ,SINAPI,"TOMADA ALTA DE EMBUTIR (1 MÓDULO), 2P+T 10 A, SEM SUPORTE E SEM PLACA - FORNECIMENTO E INSTALAÇÃO. AF_03/2023","Instalações Elétricas - Eletrodutos Embutidos, Cabos, Caixas, Tomadas e Interruptores",,UN,"1,0000000","34,30","34,30"
,,,,,,,,,
,,,,,,,,,
,,,,,,,,,
 10.5.1.4 ,Código,Banco,Descrição,Tipo,,Und,Quant.,Valor Unit,Total
Composição, 92008 ,SINAPI,"TOMADA BAIXA DE EMBUTIR (2 MÓDULOS), 2P+T 10 A, INCLUINDO SUPORTE E PLACA - FORNECIMENTO E INSTALAÇÃO. AF_03/2023","Instalações Elétricas - Eletrodutos Embutidos, Cabos, Caixas, Tomadas e Interruptores",,UN,"1,0000000","46,42","46,42"
Composição Auxiliar, 91946 ,SINAPI,"SUPORTE PARAFUSADO COM PLACA DE ENCAIXE 4"" X 2"" MÉDIO (1,30 M DO PISO) PARA PONTO ELÉTRICO - FORNECIMENTO E INSTALAÇÃO. AF_03/2023","Instalações Elétricas - Eletrodutos Embutidos, Cabos, Caixas, Tomadas e Interruptores",,UN,"1,0000000","10,60","10,60"
Composição Auxiliar, 92006 ,SINAPI,"TOMADA BAIXA DE EMBUTIR (2 MÓDULOS), 2P+T 10 A, SEM SUPORTE E SEM PLACA - FORNECIMENTO E INSTALAÇÃO. AF_03/2023","Instalações Elétricas - Eletrodutos Embutidos, Cabos, Caixas, Tomadas e Interruptores",,UN,"1,0000000","35,82","35,82"
,,,,,,,,,
,,,,,,,,,
,,,,,,,,,
 10.5.1.5 ,Código,Banco,Descrição,Tipo,,Und,Quant.,Valor Unit,Total
Composição, 92004 ,SINAPI,"TOMADA MÉDIA DE EMBUTIR (2 MÓDULOS), 2P+T 10 A, INCLUINDO SUPORTE E PLACA - FORNECIMENTO E INSTALAÇÃO. AF_03/2023","Instalações Elétricas - Eletrodutos Embutidos, Cabos, Caixas, Tomadas e Interruptores",,UN,"1,0000000","54,66","54,66"
Composição Auxiliar, 91946 ,SINAPI,"SUPORTE PARAFUSADO COM PLACA DE ENCAIXE 4"" X 2"" MÉDIO (1,30 M DO PISO) PARA PONTO ELÉTRICO - FORNECIMENTO E INSTALAÇÃO. AF_03/2023","Instalações Elétricas - Eletrodutos Embutidos, Cabos, Caixas, Tomadas e Interruptores",,UN,"1,0000000","10,60","10,60"
Composição Auxiliar, 92002 ,SINAPI,"TOMADA MÉDIA DE EMBUTIR (2 MÓDULOS), 2P+T 10 A, SEM SUPORTE E SEM PLACA - FORNECIMENTO E INSTALAÇÃO. AF_03/2023","Instalações Elétricas - Eletrodutos Embutidos, Cabos, Caixas, Tomadas e Interruptores",,UN,"1,0000000","44,06","44,06"
,,,,,,,,,
,,,,,,,,,
,,,,,,,,,
 10.5.1.6 ,Código,Banco,Descrição,Tipo,,Und,Quant.,Valor Unit,Total
Composição, 91953 ,SINAPI,"INTERRUPTOR SIMPLES (1 MÓDULO), 10A/250V, INCLUINDO SUPORTE E PLACA - FORNECIMENTO E INSTALAÇÃO. AF_03/2023","Instalações Elétricas - Eletrodutos Embutidos, Cabos, Caixas, Tomadas e Interruptores",,UN,"1,0000000","28,90","28,90"
Composição Auxiliar, 91946 ,SINAPI,"SUPORTE PARAFUSADO COM PLACA DE ENCAIXE 4"" X 2"" MÉDIO (1,30 M DO PISO) PARA PONTO ELÉTRICO - FORNECIMENTO E INSTALAÇÃO. AF_03/2023","Instalações Elétricas - Eletrodutos Embutidos, Cabos, Caixas, Tomadas e Interruptores",,UN,"1,0000000","10,60","10,60"
Composição Auxiliar, 91952 ,SINAPI,"INTERRUPTOR SIMPLES (1 MÓDULO), 10A/250V, SEM SUPORTE E SEM PLACA - FORNECIMENTO E INSTALAÇÃO. AF_03/2023","Instalações Elétricas - Eletrodutos Embutidos, Cabos, Caixas, Tomadas e Interruptores",,UN,"1,0000000","18,30","18,30"
,,,,,,,,,
,,,,,,,,,
,,,,,,,,,
 10.5.1.7 ,Código,Banco,Descrição,Tipo,,Und,Quant.,Valor Unit,Total
Composição, 91959 ,SINAPI,"INTERRUPTOR SIMPLES (2 MÓDULOS), 10A/250V, INCLUINDO SUPORTE E PLACA - FORNECIMENTO E INSTALAÇÃO. AF_03/2023","Instalações Elétricas - Eletrodutos Embutidos, Cabos, Caixas, Tomadas e Interruptores",,UN,"1,0000000","43,82","43,82"
Composição Auxiliar, 91946 ,SINAPI,"SUPORTE PARAFUSADO COM PLACA DE ENCAIXE 4"" X 2"" MÉDIO (1,30 M DO PISO) PARA PONTO ELÉTRICO - FORNECIMENTO E INSTALAÇÃO. AF_03/2023","Instalações Elétricas - Eletrodutos Embutidos, Cabos, Caixas, Tomadas e Interruptores",,UN,"1,0000000","10,60","10,60"
Composição Auxiliar, 91958 ,SINAPI,"INTERRUPTOR SIMPLES (2 MÓDULOS), 10A/250V, SEM SUPORTE E SEM PLACA - FORNECIMENTO E INSTALAÇÃO. AF_03/2023","Instalações Elétricas - Eletrodutos Embutidos, Cabos, Caixas, Tomadas e Interruptores",,UN,"1,0000000","33,22","33,22"
,,,,,,,,,
,,,,,,,,,
,,,,,,,,,
 10.5.1.8 ,Código,Banco,Descrição,Tipo,,Und,Quant.,Valor Unit,Total
Composição, 91967 ,SINAPI,"INTERRUPTOR SIMPLES (3 MÓDULOS), 10A/250V, INCLUINDO SUPORTE E PLACA - FORNECIMENTO E INSTALAÇÃO. AF_03/2023","Instalações Elétricas - Eletrodutos Embutidos, Cabos, Caixas, Tomadas e Interruptores",,UN,"1,0000000","58,75","58,75"
Composição Auxiliar, 91946 ,SINAPI,"SUPORTE PARAFUSADO COM PLACA DE ENCAIXE 4"" X 2"" MÉDIO (1,30 M DO PISO) PARA PONTO ELÉTRICO - FORNECIMENTO E INSTALAÇÃO. AF_03/2023","Instalações Elétricas - Eletrodutos Embutidos, Cabos, Caixas, Tomadas e Interruptores",,UN,"1,0000000","10,60","10,60"
Composição Auxiliar, 91966 ,SINAPI,"INTERRUPTOR SIMPLES (3 MÓDULOS), 10A/250V, SEM SUPORTE E SEM PLACA - FORNECIMENTO E INSTALAÇÃO. AF_03/2023","Instalações Elétricas - Eletrodutos Embutidos, Cabos, Caixas, Tomadas e Interruptores",,UN,"1,0000000","48,15","48,15"
,,,,,,,,,
,,,,,,,,,
,,,,,,,,,
 10.5.1.9 ,Código,Banco,Descrição,Tipo,,Und,Quant.,Valor Unit,Total
Composição, 91955 ,SINAPI,"INTERRUPTOR PARALELO (1 MÓDULO), 10A/250V, INCLUINDO SUPORTE E PLACA - FORNECIMENTO E INSTALAÇÃO. AF_03/2023","Instalações Elétricas - Eletrodutos Embutidos, Cabos, Caixas, Tomadas e Interruptores",,UN,"1,0000000","35,25","35,25"
Composição Auxiliar, 91946 ,SINAPI,"SUPORTE PARAFUSADO COM PLACA DE ENCAIXE 4"" X 2"" MÉDIO (1,30 M DO PISO) PARA PONTO ELÉTRICO - FORNECIMENTO E INSTALAÇÃO. AF_03/2023","Instalações Elétricas - Eletrodutos Embutidos, Cabos, Caixas, Tomadas e Interruptores",,UN,"1,0000000","10,60","10,60"
Composição Auxiliar, 91954 ,SINAPI,"INTERRUPTOR PARALELO (1 MÓDULO), 10A/250V, SEM SUPORTE E SEM PLACA - FORNECIMENTO E INSTALAÇÃO. AF_03/2023","Instalações Elétricas - Eletrodutos Embutidos, Cabos, Caixas, Tomadas e Interruptores",,UN,"1,0000000","24,65","24,65"
,,,,,,,,,
,,,,,,,,,
,,,,,,,,,
 10.5.1.10 ,Código,Banco,Descrição,Tipo,,Und,Quant.,Valor Unit,Total
Composição, 91941 ,SINAPI,"CAIXA RETANGULAR 4"" X 2"" BAIXA (0,30 M DO PISO), PVC, INSTALADA EM PAREDE - FORNECIMENTO E INSTALAÇÃO. AF_03/2023","Instalações Elétricas - Eletrodutos Embutidos, Cabos, Caixas, Tomadas e Interruptores",,UN,"1,0000000","9,03","9,03"
Composição Auxiliar, 88247 ,SINAPI,AUXILIAR DE ELETRICISTA COM ENCARGOS COMPLEMENTARES,Livro SINAPI: Cálculos e Parâmetros,,H,"0,1300429","24,99","3,24"
Composição Auxiliar, 88264 ,SINAPI,ELETRICISTA COM ENCARGOS COMPLEMENTARES,Livro SINAPI: Cálculos e Parâmetros,,H,"0,1300429","29,57","3,84"
Composição Auxiliar, 88629 ,SINAPI,"ARGAMASSA TRAÇO 1:3 (EM VOLUME DE CIMENTO E AREIA MÉDIA ÚMIDA), PREPARO MANUAL. AF_08/2019",Argamassas,,m³,"0,0009000","591,67","0,53"
Insumo, 00001872 ,SINAPI,"CAIXA DE PASSAGEM, EM PVC, DE 4"" X 2"", PARA ELETRODUTO FLEXIVEL CORRUGADO",Material,,UN,"1,0000000","1,42","1,42"
,,,,,,,,,
,,,,,,,,,
,,,,,,,,,
 10.5.1.11 ,Código,Banco,Descrição,Tipo,,Und,Quant.,Valor Unit,Total
Composição, 91940 ,SINAPI,"CAIXA RETANGULAR 4"" X 2"" MÉDIA (1,30 M DO PISO), PVC, INSTALADA EM PAREDE - FORNECIMENTO E INSTALAÇÃO. AF_03/2023","Instalações Elétricas - Eletrodutos Embutidos, Cabos, Caixas, Tomadas e Interruptores",,UN,"1,0000000","14,57","14,57"
Composição Auxiliar, 88247 ,SINAPI,AUXILIAR DE ELETRICISTA COM ENCARGOS COMPLEMENTARES,Livro SINAPI: Cálculos e Parâmetros,,H,"0,2315373","24,99","5,78"
Composição Auxiliar, 88264 ,SINAPI,ELETRICISTA COM ENCARGOS COMPLEMENTARES,Livro SINAPI: Cálculos e Parâmetros,,H,"0,2315373","29,57","6,84"
Composição Auxiliar, 88629 ,SINAPI,"ARGAMASSA TRAÇO 1:3 (EM VOLUME DE CIMENTO E AREIA MÉDIA ÚMIDA), PREPARO MANUAL. AF_08/2019",Argamassas,,m³,"0,0009000","591,67","0,53"
Insumo, 00001872 ,SINAPI,"CAIXA DE PASSAGEM, EM PVC, DE 4"" X 2"", PARA ELETRODUTO FLEXIVEL CORRUGADO",Material,,UN,"1,0000000","1,42","1,42"
,,,,,,,,,
,,,,,,,,,
,,,,,,,,,
 10.5.1.12 ,Código,Banco,Descrição,Tipo,,Und,Quant.,Valor Unit,Total
Composição, 91939 ,SINAPI,"CAIXA RETANGULAR 4"" X 2"" ALTA (2,00 M DO PISO), PVC, INSTALADA EM PAREDE - FORNECIMENTO E INSTALAÇÃO. AF_03/2023","Instalações Elétricas - Eletrodutos Embutidos, Cabos, Caixas, Tomadas e Interruptores",,UN,"1,0000000","25,86","25,86"
Composição Auxiliar, 88247 ,SINAPI,AUXILIAR DE ELETRICISTA COM ENCARGOS COMPLEMENTARES,Livro SINAPI: Cálculos e Parâmetros,,H,"0,4383187","24,99","10,95"
Composição Auxiliar, 88264 ,SINAPI,ELETRICISTA COM ENCARGOS COMPLEMENTARES,Livro SINAPI: Cálculos e Parâmetros,,H,"0,4383187","29,57","12,96"
Composição Auxiliar, 88629 ,SINAPI,"ARGAMASSA TRAÇO 1:3 (EM VOLUME DE CIMENTO E AREIA MÉDIA ÚMIDA), PREPARO MANUAL. AF_08/2019",Argamassas,,m³,"0,0009000","591,67","0,53"
Insumo, 00001872 ,SINAPI,"CAIXA DE PASSAGEM, EM PVC, DE 4"" X 2"", PARA ELETRODUTO FLEXIVEL CORRUGADO",Material,,UN,"1,0000000","1,42","1,42"
,,,,,,,,,
,,,,,,,,,
,,,,,,,,,
 10.5.1.13 ,Código,Banco,Descrição,Tipo,,Und,Quant.,Valor Unit,Total
Composição, 91936 ,SINAPI,"CAIXA OCTOGONAL 4"" X 4"", PVC, INSTALADA EM LAJE - FORNECIMENTO E INSTALAÇÃO. AF_03/2023","Instalações Elétricas - Eletrodutos Embutidos, Cabos, Caixas, Tomadas e Interruptores",,UN,"1,0000000","13,34","13,34"
Composição Auxiliar, 88247 ,SINAPI,AUXILIAR DE ELETRICISTA COM ENCARGOS COMPLEMENTARES,Livro SINAPI: Cálculos e Parâmetros,,H,"0,1768747","24,99","4,42"
Composição Auxiliar, 88264 ,SINAPI,ELETRICISTA COM ENCARGOS COMPLEMENTARES,Livro SINAPI: Cálculos e Parâmetros,,H,"0,1768747","29,57","5,23"
Insumo, 00012001 ,SINAPI,"CAIXA OCTOGONAL DE FUNDO MOVEL, EM PVC, DE 4"" X 4"", PARA ELETRODUTO FLEXIVEL CORRUGADO",Material,,UN,"1,0000000","3,69","3,69"
,,,,,,,,,
,,,,,,,,,
,,,,,,,,,
 10.5.2 ,,,LUMINÁRIAS E LÂMPADAS,,,,,,
 10.5.2.1 ,Código,Banco,Descrição,Tipo,,Und,Quant.,Valor Unit,Total
Composição, J0102 ,Próprio,"LUMINÁRIA TIPO CALHA, DE EMBUTIR, CORPO/REFLETOR E ALETAS  FABRICADAS EM CHAPA DE AÇO TRATADA E PINTADA EM EPOXI BRANCO, COM  DUAS LÂMPADAS TUBULARES LED DE 18W",INEL - INSTALAÇÃO ELÉTRICA/ELETRIFICAÇÃO E ILUMINAÇÃO EXTERNA,,UN,"1,0000000","126,79","126,79"
Composição Auxiliar, 88247 ,SINAPI,AUXILIAR DE ELETRICISTA COM ENCARGOS COMPLEMENTARES,Livro SINAPI: Cálculos e Parâmetros,,H,"0,1415781","24,99","3,53"
Composição Auxiliar, 88264 ,SINAPI,ELETRICISTA COM ENCARGOS COMPLEMENTARES,Livro SINAPI: Cálculos e Parâmetros,,H,"0,4530182","29,57","13,39"
Insumo, 11434 ,ORSE,"Luminária fluorescente 2 x 40w, ref: A 407, de embutir  Abalux ou similar",Material,,un,"1,0000000","94,11","94,11"
Insumo, 00039387 ,SINAPI,"LAMPADA LED TUBULAR BIVOLT 18/20 W, BASE G13",Material,,UN,"2,0000000","7,88","15,76"
,,,,,,,,,
,,,,,,,,,
,,,,,,,,,
 10.5.2.2 ,Código,Banco,Descrição,Tipo,,Und,Quant.,Valor Unit,Total
Composição, J0103 ,Próprio,"LUMINÁRIA TIPO CALHA, DE SOBREPOR/EMBUTIR, CORPO/REFLETOR E ALETAS  FABRICADAS EM CHAPA DE AÇO TRATADA E PINTADA EM EPOXI BRANCO, COM  DUAS LÂMPADAS TUBULARES LED DE 9W",INEL - INSTALAÇÃO ELÉTRICA/ELETRIFICAÇÃO E ILUMINAÇÃO EXTERNA,,UN,"1,0000000","130,31","130,31"
Composição Auxiliar, 88247 ,SINAPI,AUXILIAR DE ELETRICISTA COM ENCARGOS COMPLEMENTARES,Livro SINAPI: Cálculos e Parâmetros,,H,"0,1415093","24,99","3,53"
Composição Auxiliar, 88264 ,SINAPI,ELETRICISTA COM ENCARGOS COMPLEMENTARES,Livro SINAPI: Cálculos e Parâmetros,,H,"0,4527979","29,57","13,38"
Insumo, 7294 ,ORSE,"Luminária fluorescente 2 x 20 w, ref: A01, Abalux ou similar",Material,,Un,"1,0000000","102,40","102,40"
Insumo, 00039386 ,SINAPI,"LAMPADA LED TUBULAR BIVOLT 9/10 W, BASE G13",Material,,UN,"2,0000000","5,50","11,00"
,,,,,,,,,
,,,,,,,,,
,,,,,,,,,
 10.5.2.3 ,Código,Banco,Descrição,Tipo,,Und,Quant.,Valor Unit,Total
Composição, 97599 ,SINAPI,"LUMINÁRIA DE EMERGÊNCIA, COM 30 LÂMPADAS LED DE 2 W, SEM REATOR - FORNECIMENTO E INSTALAÇÃO. AF_09/2024",Iluminação Predial e Monitoramento,,UN,"1,0000000","15,55","15,55"
Composição Auxiliar, 88247 ,SINAPI,AUXILIAR DE ELETRICISTA COM ENCARGOS COMPLEMENTARES,Livro SINAPI: Cálculos e Parâmetros,,H,"0,0437286","24,99","1,09"
Composição Auxiliar, 88264 ,SINAPI,ELETRICISTA COM ENCARGOS COMPLEMENTARES,Livro SINAPI: Cálculos e Parâmetros,,H,"0,1399315","29,57","4,13"
Insumo, 00038774 ,SINAPI,"LUMINARIA DE EMERGENCIA 30 LEDS, POTENCIA 2 W, BATERIA DE LITIO, AUTONOMIA DE 6 HORAS",Material,,UN,"1,0000000","10,33","10,33"
,,,,,,,,,
,,,,,,,,,
,,,,,,,,,
 10.5.2.4 ,Código,Banco,Descrição,Tipo,,Und,Quant.,Valor Unit,Total
Composição, J0206 ,Próprio,"LUMINÁRIA DE EMERGÊNCIA DE SOBREPOR, COM BLOCO AUTÔNOMO, 1200  LUMENS",INEL - INSTALAÇÃO ELÉTRICA/ELETRIFICAÇÃO E ILUMINAÇÃO EXTERNA,,UN,"1,0000000","173,41","173,41"
Composição Auxiliar, 88247 ,SINAPI,AUXILIAR DE ELETRICISTA COM ENCARGOS COMPLEMENTARES,Livro SINAPI: Cálculos e Parâmetros,,H,"0,0404587","24,99","1,01"
Composição Auxiliar, 88264 ,SINAPI,ELETRICISTA COM ENCARGOS COMPLEMENTARES,Livro SINAPI: Cálculos e Parâmetros,,H,"0,1293654","29,57","3,82"
Insumo, 12699 ,ORSE,"Luminária de emergência, de sobrepor, tipo balizamento com bloco autônomo, com autonomia de 3h, modelo LLE 1106-1DFB, da KBR ou similar",Material,,un,"1,0000000","168,58","168,58"
,,,,,,,,,
,,,,,,,,,
,,,,,,,,,
 10.5.2.5 ,Código,Banco,Descrição,Tipo,,Und,Quant.,Valor Unit,Total
Composição, J0233 ,Próprio,FITA DE LED DE BAIXA LUMINOSIDADE AUTOCOLANTE SEM PERFIL E COM FONTE,SEDI - SERVIÇOS DIVERSOS,,M,"1,0000000","24,97","24,97"
Composição Auxiliar, 88264 ,SINAPI,ELETRICISTA COM ENCARGOS COMPLEMENTARES,Livro SINAPI: Cálculos e Parâmetros,,H,"0,1582289","29,57","4,67"
Insumo, 14330 ,ORSE,"Fita de LED auto colante com fonte bivolt, 5m, e = 8mm, 2.700K (luz amarela),tipo cob, g-light ou similar",Material,,un,"0,2000000","101,54","20,30"
,,,,,,,,,
,,,,,,,,,
,,,,,,,,,
 10.5.3 ,,,"CANALETAS, ELETRODUTOS E ACESSÓRIOS",,,,,,
 10.5.3.1 ,Código,Banco,Descrição,Tipo,,Und,Quant.,Valor Unit,Total
Composição, 91867 ,SINAPI,"ELETRODUTO RÍGIDO ROSCÁVEL, PVC, DN 25 MM (3/4""), PARA CIRCUITOS TERMINAIS, INSTALADO EM LAJE - FORNECIMENTO E INSTALAÇÃO. AF_03/2023","Instalações Elétricas - Eletrodutos Embutidos, Cabos, Caixas, Tomadas e Interruptores",,M,"1,0000000","7,56","7,56"
Composição Auxiliar, 88247 ,SINAPI,AUXILIAR DE ELETRICISTA COM ENCARGOS COMPLEMENTARES,Livro SINAPI: Cálculos e Parâmetros,,H,"0,0746822","24,99","1,86"
Composição Auxiliar, 88264 ,SINAPI,ELETRICISTA COM ENCARGOS COMPLEMENTARES,Livro SINAPI: Cálculos e Parâmetros,,H,"0,0746822","29,57","2,20"
Insumo, 00002674 ,SINAPI,"ELETRODUTO DE PVC RIGIDO ROSCAVEL DE 3/4 "", SEM LUVA",Material,,M,"1,0170000","3,43","3,48"
Insumo, 00043132 ,SINAPI,"ARAME RECOZIDO 16 BWG, D = 1,65 MM (0,016 KG/M) OU 18 BWG, D = 1,25 MM (0,01 KG/M)",Material,,KG,"0,0018000","12,66","0,02"
,,,,,,,,,
,,,,,,,,,
,,,,,,,,,
 10.5.3.2 ,Código,Banco,Descrição,Tipo,,Und,Quant.,Valor Unit,Total
Composição, 91871 ,SINAPI,"ELETRODUTO RÍGIDO ROSCÁVEL, PVC, DN 25 MM (3/4""), PARA CIRCUITOS TERMINAIS, INSTALADO EM PAREDE - FORNECIMENTO E INSTALAÇÃO. AF_03/2023","Instalações Elétricas - Eletrodutos Embutidos, Cabos, Caixas, Tomadas e Interruptores",,M,"1,0000000","11,17","11,17"
Composição Auxiliar, 88247 ,SINAPI,AUXILIAR DE ELETRICISTA COM ENCARGOS COMPLEMENTARES,Livro SINAPI: Cálculos e Parâmetros,,H,"0,1412319","24,99","3,52"
Composição Auxiliar, 88264 ,SINAPI,ELETRICISTA COM ENCARGOS COMPLEMENTARES,Livro SINAPI: Cálculos e Parâmetros,,H,"0,1412319","29,57","4,17"
Insumo, 00002674 ,SINAPI,"ELETRODUTO DE PVC RIGIDO ROSCAVEL DE 3/4 "", SEM LUVA",Material,,M,"1,0170000","3,43","3,48"
,,,,,,,,,
,,,,,,,,,
,,,,,,,,,
 10.5.3.3 ,Código,Banco,Descrição,Tipo,,Und,Quant.,Valor Unit,Total
Composição, 91902 ,SINAPI,"CURVA 90 GRAUS PARA ELETRODUTO, PVC, ROSCÁVEL, DN 25 MM (3/4""), PARA CIRCUITOS TERMINAIS, INSTALADA EM LAJE - FORNECIMENTO E INSTALAÇÃO. AF_03/2023","Instalações Elétricas - Eletrodutos Embutidos, Cabos, Caixas, Tomadas e Interruptores",,UN,"1,0000000","8,69","8,69"
Composição Auxiliar, 88247 ,SINAPI,AUXILIAR DE ELETRICISTA COM ENCARGOS COMPLEMENTARES,Livro SINAPI: Cálculos e Parâmetros,,H,"0,1292502","24,99","3,22"
Composição Auxiliar, 88264 ,SINAPI,ELETRICISTA COM ENCARGOS COMPLEMENTARES,Livro SINAPI: Cálculos e Parâmetros,,H,"0,1292502","29,57","3,82"
Insumo, 00001879 ,SINAPI,"CURVA 90 GRAUS, LONGA, DE PVC RIGIDO ROSCAVEL, DE 3/4"", PARA ELETRODUTO",Material,,UN,"1,0000000","1,65","1,65"
,,,,,,,,,
,,,,,,,,,
,,,,,,,,,
 10.5.3.4 ,Código,Banco,Descrição,Tipo,,Und,Quant.,Valor Unit,Total
Composição, 91914 ,SINAPI,"CURVA 90 GRAUS PARA ELETRODUTO, PVC, ROSCÁVEL, DN 25 MM (3/4""), PARA CIRCUITOS TERMINAIS, INSTALADA EM PAREDE - FORNECIMENTO E INSTALAÇÃO. AF_03/2023","Instalações Elétricas - Eletrodutos Embutidos, Cabos, Caixas, Tomadas e Interruptores",,UN,"1,0000000","14,49","14,49"
Composição Auxiliar, 88247 ,SINAPI,AUXILIAR DE ELETRICISTA COM ENCARGOS COMPLEMENTARES,Livro SINAPI: Cálculos e Parâmetros,,H,"0,2353864","24,99","5,88"
Composição Auxiliar, 88264 ,SINAPI,ELETRICISTA COM ENCARGOS COMPLEMENTARES,Livro SINAPI: Cálculos e Parâmetros,,H,"0,2353864","29,57","6,96"
Insumo, 00001879 ,SINAPI,"CURVA 90 GRAUS, LONGA, DE PVC RIGIDO ROSCAVEL, DE 3/4"", PARA ELETRODUTO",Material,,UN,"1,0000000","1,65","1,65"
,,,,,,,,,
,,,,,,,,,
,,,,,,,,,
 10.5.3.5 ,Código,Banco,Descrição,Tipo,,Und,Quant.,Valor Unit,Total
Composição, 91879 ,SINAPI,"LUVA PARA ELETRODUTO, PVC, ROSCÁVEL, DN 25 MM (3/4""), PARA CIRCUITOS TERMINAIS, INSTALADA EM LAJE - FORNECIMENTO E INSTALAÇÃO. AF_03/2023","Instalações Elétricas - Eletrodutos Embutidos, Cabos, Caixas, Tomadas e Interruptores",,UN,"1,0000000","5,40","5,40"
Composição Auxiliar, 88247 ,SINAPI,AUXILIAR DE ELETRICISTA COM ENCARGOS COMPLEMENTARES,Livro SINAPI: Cálculos e Parâmetros,,H,"0,0861164","24,99","2,15"
Composição Auxiliar, 88264 ,SINAPI,ELETRICISTA COM ENCARGOS COMPLEMENTARES,Livro SINAPI: Cálculos e Parâmetros,,H,"0,0861164","29,57","2,54"
Insumo, 00001891 ,SINAPI,"LUVA EM PVC RIGIDO ROSCAVEL, DE 3/4"", PARA ELETRODUTO",Material,,UN,"1,0000000","0,71","0,71"
,,,,,,,,,
,,,,,,,,,
,,,,,,,,,
 10.5.3.6 ,Código,Banco,Descrição,Tipo,,Und,Quant.,Valor Unit,Total
Composição, 91884 ,SINAPI,"LUVA PARA ELETRODUTO, PVC, ROSCÁVEL, DN 25 MM (3/4""), PARA CIRCUITOS TERMINAIS, INSTALADA EM PAREDE - FORNECIMENTO E INSTALAÇÃO. AF_03/2023","Instalações Elétricas - Eletrodutos Embutidos, Cabos, Caixas, Tomadas e Interruptores",,UN,"1,0000000","9,27","9,27"
Composição Auxiliar, 88247 ,SINAPI,AUXILIAR DE ELETRICISTA COM ENCARGOS COMPLEMENTARES,Livro SINAPI: Cálculos e Parâmetros,,H,"0,1571570","24,99","3,92"
Composição Auxiliar, 88264 ,SINAPI,ELETRICISTA COM ENCARGOS COMPLEMENTARES,Livro SINAPI: Cálculos e Parâmetros,,H,"0,1571570","29,57","4,64"
Insumo, 00001891 ,SINAPI,"LUVA EM PVC RIGIDO ROSCAVEL, DE 3/4"", PARA ELETRODUTO",Material,,UN,"1,0000000","0,71","0,71"
,,,,,,,,,
,,,,,,,,,
,,,,,,,,,
 10.5.3.7 ,Código,Banco,Descrição,Tipo,,Und,Quant.,Valor Unit,Total
Composição, 91868 ,SINAPI,"ELETRODUTO RÍGIDO ROSCÁVEL, PVC, DN 32 MM (1""), PARA CIRCUITOS TERMINAIS, INSTALADO EM LAJE - FORNECIMENTO E INSTALAÇÃO. AF_03/2023","Instalações Elétricas - Eletrodutos Embutidos, Cabos, Caixas, Tomadas e Interruptores",,M,"1,0000000","10,42","10,42"
Composição Auxiliar, 88247 ,SINAPI,AUXILIAR DE ELETRICISTA COM ENCARGOS COMPLEMENTARES,Livro SINAPI: Cálculos e Parâmetros,,H,"0,0907582","24,99","2,26"
Composição Auxiliar, 88264 ,SINAPI,ELETRICISTA COM ENCARGOS COMPLEMENTARES,Livro SINAPI: Cálculos e Parâmetros,,H,"0,0907582","29,57","2,68"
Insumo, 00002685 ,SINAPI,"ELETRODUTO DE PVC RIGIDO ROSCAVEL DE 1 "", SEM LUVA",Material,,M,"1,0170000","5,37","5,46"
Insumo, 00043132 ,SINAPI,"ARAME RECOZIDO 16 BWG, D = 1,65 MM (0,016 KG/M) OU 18 BWG, D = 1,25 MM (0,01 KG/M)",Material,,KG,"0,0020000","12,66","0,02"
,,,,,,,,,
,,,,,,,,,
,,,,,,,,,
 10.5.3.8 ,Código,Banco,Descrição,Tipo,,Und,Quant.,Valor Unit,Total
Composição, 91905 ,SINAPI,"CURVA 90 GRAUS PARA ELETRODUTO, PVC, ROSCÁVEL, DN 32 MM (1""), PARA CIRCUITOS TERMINAIS, INSTALADA EM LAJE - FORNECIMENTO E INSTALAÇÃO. AF_03/2023","Instalações Elétricas - Eletrodutos Embutidos, Cabos, Caixas, Tomadas e Interruptores",,UN,"1,0000000","11,02","11,02"
Composição Auxiliar, 88247 ,SINAPI,AUXILIAR DE ELETRICISTA COM ENCARGOS COMPLEMENTARES,Livro SINAPI: Cálculos e Parâmetros,,H,"0,1563079","24,99","3,90"
Composição Auxiliar, 88264 ,SINAPI,ELETRICISTA COM ENCARGOS COMPLEMENTARES,Livro SINAPI: Cálculos e Parâmetros,,H,"0,1563079","29,57","4,62"
Insumo, 00001884 ,SINAPI,"CURVA 90 GRAUS, LONGA, DE PVC RIGIDO ROSCAVEL, DE 1"", PARA ELETRODUTO",Material,,UN,"1,0000000","2,50","2,50"
,,,,,,,,,
,,,,,,,,,
,,,,,,,,,
 10.5.3.9 ,Código,Banco,Descrição,Tipo,,Und,Quant.,Valor Unit,Total
Composição, 91880 ,SINAPI,"LUVA PARA ELETRODUTO, PVC, ROSCÁVEL, DN 32 MM (1""), PARA CIRCUITOS TERMINAIS, INSTALADA EM LAJE - FORNECIMENTO E INSTALAÇÃO. AF_03/2023","Instalações Elétricas - Eletrodutos Embutidos, Cabos, Caixas, Tomadas e Interruptores",,UN,"1,0000000","6,70","6,70"
Composição Auxiliar, 88247 ,SINAPI,AUXILIAR DE ELETRICISTA COM ENCARGOS COMPLEMENTARES,Livro SINAPI: Cálculos e Parâmetros,,H,"0,1047398","24,99","2,61"
Composição Auxiliar, 88264 ,SINAPI,ELETRICISTA COM ENCARGOS COMPLEMENTARES,Livro SINAPI: Cálculos e Parâmetros,,H,"0,1047398","29,57","3,09"
Insumo, 00001892 ,SINAPI,"LUVA EM PVC RIGIDO ROSCAVEL, DE 1"", PARA ELETRODUTO",Material,,UN,"1,0000000","1,00","1,00"
,,,,,,,,,
,,,,,,,,,
,,,,,,,,,
 10.5.3.10 ,Código,Banco,Descrição,Tipo,,Und,Quant.,Valor Unit,Total
Composição, J0011 ,Próprio,"CANALETA EVOLUTIVA SISTEMA DLP 60X50 MM COM DIVISÓRIA INTERNA -
FORNECIMENTO E INSTALAÇÃO",SEDI - SERVIÇOS DIVERSOS,,M,"1,0000000","69,10","69,10"
Composição Auxiliar, 88247 ,SINAPI,AUXILIAR DE ELETRICISTA COM ENCARGOS COMPLEMENTARES,Livro SINAPI: Cálculos e Parâmetros,,H,"0,1012841","24,99","2,53"
Composição Auxiliar, 88264 ,SINAPI,ELETRICISTA COM ENCARGOS COMPLEMENTARES,Livro SINAPI: Cálculos e Parâmetros,,H,"0,1324484","29,57","3,91"
Insumo, I6173 ,SEINFRA,CANALETA SISTEMA DLP 60MM X 50MM,Material,,M,"1,0000000","62,66","62,66"
,,,,,,,,,
,,,,,,,,,
,,,,,,,,,
 10.5.3.11 ,Código,Banco,Descrição,Tipo,,Und,Quant.,Valor Unit,Total
Composição, J0015 ,Próprio,"SUPORTE PARA 3 MÓDULOS DE TOMADAS E/OU INTERRUPTORES EM CANALETA
EVOLUTIVA - FORNECIMENTO E INSTALAÇÃO",SEDI - SERVIÇOS DIVERSOS,,UN,"1,0000000","18,78","18,78"
Composição Auxiliar, 88247 ,SINAPI,AUXILIAR DE ELETRICISTA COM ENCARGOS COMPLEMENTARES,Livro SINAPI: Cálculos e Parâmetros,,H,"0,0791730","24,99","1,97"
Composição Auxiliar, 88264 ,SINAPI,ELETRICISTA COM ENCARGOS COMPLEMENTARES,Livro SINAPI: Cálculos e Parâmetros,,H,"0,0791730","29,57","2,34"
Insumo, I6168 ,SEINFRA,SUPORTE DE EQUIPAMENTOS,Material,,UN,"1,0000000","14,47","14,47"
,,,,,,,,,
,,,,,,,,,
,,,,,,,,,
 10.5.3.12 ,Código,Banco,Descrição,Tipo,,Und,Quant.,Valor Unit,Total
Composição, 91947 ,SINAPI,"SUPORTE PARAFUSADO COM PLACA DE ENCAIXE 4"" X 2"" BAIXO (0,30 M DO PISO) PARA PONTO ELÉTRICO - FORNECIMENTO E INSTALAÇÃO. AF_03/2023","Instalações Elétricas - Eletrodutos Embutidos, Cabos, Caixas, Tomadas e Interruptores",,UN,"1,0000000","7,58","7,58"
Composição Auxiliar, 88247 ,SINAPI,AUXILIAR DE ELETRICISTA COM ENCARGOS COMPLEMENTARES,Livro SINAPI: Cálculos e Parâmetros,,H,"0,0725877","24,99","1,81"
Composição Auxiliar, 88264 ,SINAPI,ELETRICISTA COM ENCARGOS COMPLEMENTARES,Livro SINAPI: Cálculos e Parâmetros,,H,"0,0725877","29,57","2,14"
Insumo, 00038094 ,SINAPI,"ESPELHO / PLACA DE 3 POSTOS 4"" X 2"", PARA INSTALACAO DE TOMADAS E INTERRUPTORES",Material,,UN,"1,0000000","2,39","2,39"
Insumo, 00038099 ,SINAPI,"SUPORTE DE FIXACAO PARA ESPELHO / PLACA 4"" X 2"", PARA 3 MODULOS, PARA INSTALACAO DE TOMADAS E INTERRUPTORES (SOMENTE SUPORTE)",Material,,UN,"1,0000000","1,24","1,24"
,,,,,,,,,
,,,,,,,,,
,,,,,,,,,
 10.5.4 ,,,ELETROCALHAS E ACESSÓRIOS,,,,,,
 10.5.4.1 ,Código,Banco,Descrição,Tipo,,Und,Quant.,Valor Unit,Total
Composição, J0212 ,Próprio,ELETROCALHA PERFURADA 50x50mm,SEDI - SERVIÇOS DIVERSOS,,M,"1,0000000","51,19","51,19"
Composição Auxiliar, 88247 ,SINAPI,AUXILIAR DE ELETRICISTA COM ENCARGOS COMPLEMENTARES,Livro SINAPI: Cálculos e Parâmetros,,H,"0,7178389","24,99","17,93"
Composição Auxiliar, 88264 ,SINAPI,ELETRICISTA COM ENCARGOS COMPLEMENTARES,Livro SINAPI: Cálculos e Parâmetros,,H,"0,7178389","29,57","21,22"
Insumo, I1049 ,SEINFRA,DUTO PERFURADO-ELETROCALHA CHAPA DE AÇO (50X50)MM,Material,,M,"1,0000000","12,04","12,04"
,,,,,,,,,
,,,,,,,,,
,,,,,,,,,
 10.5.4.2 ,Código,Banco,Descrição,Tipo,,Und,Quant.,Valor Unit,Total
Composição, J0213 ,Próprio,SUPORTE VERTICAL 50X50MM PARA ELETROCALHA METÁLICA,SEDI - SERVIÇOS DIVERSOS,,M,"1,0000000","13,67","13,67"
Composição Auxiliar, 88247 ,SINAPI,AUXILIAR DE ELETRICISTA COM ENCARGOS COMPLEMENTARES,Livro SINAPI: Cálculos e Parâmetros,,H,"0,1595534","24,99","3,98"
Composição Auxiliar, 88264 ,SINAPI,ELETRICISTA COM ENCARGOS COMPLEMENTARES,Livro SINAPI: Cálculos e Parâmetros,,H,"0,1595534","29,57","4,71"
Insumo, 4112 ,ORSE,Suporte vertical 50 x 50mm para fixação de eletrocalha metálica (ref. Mopa ousimilar),Material,,un,"1,0000000","3,00","3,00"
Insumo, 00039997 ,SINAPI,"PORCA ZINCADA, SEXTAVADA, DIAMETRO 1/4""",Material,,UN,"2,0000000","0,30","0,60"
Insumo, I9566 ,SEINFRA,"ARRUELA DE PRESSÃO 3/8"" AÇO CARBONO",Material,,UN,"2,0000000","0,08","0,16"
Insumo, 00011976 ,SINAPI,"CHUMBADOR DE ACO ZINCADO, DIAMETRO 1/4"" COM PARAFUSO 1/4"" X 40 MM",Material,,UN,"1,0000000","1,22","1,22"
,,,,,,,,,
,,,,,,,,,
,,,,,,,,,
 10.5.4.3 ,Código,Banco,Descrição,Tipo,,Und,Quant.,Valor Unit,Total
Composição, J0214 ,Próprio,TÊ HORIZONTAL PARA ELETROCALHA PERFURADA 50x50mm,SEDI - SERVIÇOS DIVERSOS,,M,"1,0000000","28,78","28,78"
Composição Auxiliar, 88247 ,SINAPI,AUXILIAR DE ELETRICISTA COM ENCARGOS COMPLEMENTARES,Livro SINAPI: Cálculos e Parâmetros,,H,"0,1604588","24,99","4,00"
Composição Auxiliar, 88264 ,SINAPI,ELETRICISTA COM ENCARGOS COMPLEMENTARES,Livro SINAPI: Cálculos e Parâmetros,,H,"0,1604588","29,57","4,74"
Insumo, 6611 ,ORSE,Tê horizontal 50 x 50 mm para eletrocalha metálica (ref. Mopa ou similar),Material,,un,"1,0000000","14,28","14,28"
Insumo, I9919 ,SEINFRA,"PARAFUSO CABEÇA LENTILHA AUTO TRAVANTE 1/4"" X 1/2""",Material,,UN,"12,0000000","0,10","1,20"
Insumo, 00039997 ,SINAPI,"PORCA ZINCADA, SEXTAVADA, DIAMETRO 1/4""",Material,,UN,"12,0000000","0,30","3,60"
Insumo, I9566 ,SEINFRA,"ARRUELA DE PRESSÃO 3/8"" AÇO CARBONO",Material,,UN,"12,0000000","0,08","0,96"
,,,,,,,,,
,,,,,,,,,
,,,,,,,,,
 10.5.4.4 ,Código,Banco,Descrição,Tipo,,Und,Quant.,Valor Unit,Total
Composição, J0215 ,Próprio,EMENDA INTERNA PARA ELETROCALHA PERFURADA 50x50mm,SEDI - SERVIÇOS DIVERSOS,,M,"1,0000000","12,32","12,32"
Composição Auxiliar, 88247 ,SINAPI,AUXILIAR DE ELETRICISTA COM ENCARGOS COMPLEMENTARES,Livro SINAPI: Cálculos e Parâmetros,,H,"0,1600061","24,99","3,99"
Composição Auxiliar, 88264 ,SINAPI,ELETRICISTA COM ENCARGOS COMPLEMENTARES,Livro SINAPI: Cálculos e Parâmetros,,H,"0,1600061","29,57","4,73"
Insumo, 887 ,ORSE,Emenda interna 50 x 50 mm com base lisa  para eletrocalha metálica (ref. vl 3.01-21-50/50 ge valemam ou similar),Material,,un,"1,0000000","1,68","1,68"
Insumo, I9919 ,SEINFRA,"PARAFUSO CABEÇA LENTILHA AUTO TRAVANTE 1/4"" X 1/2""",Material,,UN,"4,0000000","0,10","0,40"
Insumo, 00039997 ,SINAPI,"PORCA ZINCADA, SEXTAVADA, DIAMETRO 1/4""",Material,,UN,"4,0000000","0,30","1,20"
Insumo, I9566 ,SEINFRA,"ARRUELA DE PRESSÃO 3/8"" AÇO CARBONO",Material,,UN,"4,0000000","0,08","0,32"
,,,,,,,,,
,,,,,,,,,
,,,,,,,,,
 10.5.4.5 ,Código,Banco,Descrição,Tipo,,Und,Quant.,Valor Unit,Total
Composição, J0189 ,Próprio,"SAÍDA HORIZONTAL PARA ELETRODUTO ATÉ 1""",INEL - INSTALAÇÃO ELÉTRICA/ELETRIFICAÇÃO E ILUMINAÇÃO EXTERNA,,UN,"1,0000000","8,39","8,39"
Composição Auxiliar, 88247 ,SINAPI,AUXILIAR DE ELETRICISTA COM ENCARGOS COMPLEMENTARES,Livro SINAPI: Cálculos e Parâmetros,,H,"0,0955509","24,99","2,38"
Composição Auxiliar, 88264 ,SINAPI,ELETRICISTA COM ENCARGOS COMPLEMENTARES,Livro SINAPI: Cálculos e Parâmetros,,H,"0,0955509","29,57","2,82"
Insumo, 2001 ,ORSE,"Saída horizontal para eletroduto 1"" (ref. vl 33 valemam ou similar)",Material,,un,"1,0000000","3,19","3,19"
,,,,,,,,,
,,,,,,,,,
,,,,,,,,,
 10.5.5 ,,,CABOS E TERMINAIS DOS CABOS,,,,,,
 10.5.5.1 ,Código,Banco,Descrição,Tipo,,Und,Quant.,Valor Unit,Total
Composição, 91926 ,SINAPI,"CABO DE COBRE FLEXÍVEL ISOLADO, 2,5 MM², ANTI-CHAMA 450/750 V, PARA CIRCUITOS TERMINAIS - FORNECIMENTO E INSTALAÇÃO. AF_03/2023","Instalações Elétricas - Eletrodutos Embutidos, Cabos, Caixas, Tomadas e Interruptores",,M,"1,0000000","3,62","3,62"
Composição Auxiliar, 88247 ,SINAPI,AUXILIAR DE ELETRICISTA COM ENCARGOS COMPLEMENTARES,Livro SINAPI: Cálculos e Parâmetros,,H,"0,0229632","24,99","0,57"
Composição Auxiliar, 88264 ,SINAPI,ELETRICISTA COM ENCARGOS COMPLEMENTARES,Livro SINAPI: Cálculos e Parâmetros,,H,"0,0229632","29,57","0,67"
Insumo, 00001014 ,SINAPI,"CABO DE COBRE, FLEXIVEL, CLASSE 4 OU 5, ISOLACAO EM PVC/A, ANTICHAMA BWF-B, 1 CONDUTOR, 450/750 V, SECAO NOMINAL 2,5 MM2",Material,,M,"1,2434000","1,90","2,36"
Insumo, 00021127 ,SINAPI,"FITA ISOLANTE ADESIVA ANTICHAMA, USO ATE 750 V, EM ROLO DE 19 MM X 5 M",Material,,UN,"0,0094000","3,02","0,02"
,,,,,,,,,
,,,,,,,,,
,,,,,,,,,
 10.6 ,,,ALIMENTADORES ELÉTRICOS,,,,,,
 10.6.1 ,,,CABOS E TERMINAIS DOS CABOS,,,,,,
 10.6.1.1 ,Código,Banco,Descrição,Tipo,,Und,Quant.,Valor Unit,Total
Composição, 91931 ,SINAPI,"CABO DE COBRE FLEXÍVEL ISOLADO, 6 MM², ANTI-CHAMA 0,6/1,0 KV, PARA CIRCUITOS TERMINAIS - FORNECIMENTO E INSTALAÇÃO. AF_03/2023","Instalações Elétricas - Eletrodutos Embutidos, Cabos, Caixas, Tomadas e Interruptores",,M,"1,0000000","8,46","8,46"
Composição Auxiliar, 88247 ,SINAPI,AUXILIAR DE ELETRICISTA COM ENCARGOS COMPLEMENTARES,Livro SINAPI: Cálculos e Parâmetros,,H,"0,0404356","24,99","1,01"
Composição Auxiliar, 88264 ,SINAPI,ELETRICISTA COM ENCARGOS COMPLEMENTARES,Livro SINAPI: Cálculos e Parâmetros,,H,"0,0404356","29,57","1,19"
Insumo, 00000994 ,SINAPI,"CABO DE COBRE, FLEXIVEL, CLASSE 4 OU 5, ISOLACAO EM PVC/A, ANTICHAMA BWF-B, COBERTURA PVC-ST1, ANTICHAMA BWF-B, 1 CONDUTOR, 0,6/1 KV, SECAO NOMINAL 6 MM2",Material,,M,"1,2434000","5,02","6,24"
Insumo, 00021127 ,SINAPI,"FITA ISOLANTE ADESIVA ANTICHAMA, USO ATE 750 V, EM ROLO DE 19 MM X 5 M",Material,,UN,"0,0094000","3,02","0,02"
,,,,,,,,,
,,,,,,,,,
,,,,,,,,,
 10.6.1.2 ,Código,Banco,Descrição,Tipo,,Und,Quant.,Valor Unit,Total
Composição, 91929 ,SINAPI,"CABO DE COBRE FLEXÍVEL ISOLADO, 4 MM², ANTI-CHAMA 0,6/1,0 KV, PARA CIRCUITOS TERMINAIS - FORNECIMENTO E INSTALAÇÃO. AF_03/2023","Instalações Elétricas - Eletrodutos Embutidos, Cabos, Caixas, Tomadas e Interruptores",,M,"1,0000000","6,00","6,00"
Composição Auxiliar, 88247 ,SINAPI,AUXILIAR DE ELETRICISTA COM ENCARGOS COMPLEMENTARES,Livro SINAPI: Cálculos e Parâmetros,,H,"0,0310013","24,99","0,77"
Composição Auxiliar, 88264 ,SINAPI,ELETRICISTA COM ENCARGOS COMPLEMENTARES,Livro SINAPI: Cálculos e Parâmetros,,H,"0,0310013","29,57","0,91"
Insumo, 00001021 ,SINAPI,"CABO DE COBRE, FLEXIVEL, CLASSE 4 OU 5, ISOLACAO EM PVC/A, ANTICHAMA BWF-B, COBERTURA PVC-ST1, ANTICHAMA BWF-B, 1 CONDUTOR, 0,6/1 KV, SECAO NOMINAL 4 MM2",Material,,M,"1,2434000","3,46","4,30"
Insumo, 00021127 ,SINAPI,"FITA ISOLANTE ADESIVA ANTICHAMA, USO ATE 750 V, EM ROLO DE 19 MM X 5 M",Material,,UN,"0,0094000","3,02","0,02"
,,,,,,,,,
,,,,,,,,,
,,,,,,,,,
 10.6.1.3 ,Código,Banco,Descrição,Tipo,,Und,Quant.,Valor Unit,Total
Composição, 92982 ,SINAPI,"CABO DE COBRE FLEXÍVEL ISOLADO, 16 MM², ANTI-CHAMA 0,6/1,0 KV, PARA DISTRIBUIÇÃO - FORNECIMENTO E INSTALAÇÃO. AF_10/2020","Instalações Elétricas - Quadros, Cabos, Disjuntores, Contatores e Barramentos Blindados",,M,"1,0000000","14,01","14,01"
Composição Auxiliar, 88247 ,SINAPI,AUXILIAR DE ELETRICISTA COM ENCARGOS COMPLEMENTARES,Livro SINAPI: Cálculos e Parâmetros,,H,"0,0096797","24,99","0,24"
Composição Auxiliar, 88264 ,SINAPI,ELETRICISTA COM ENCARGOS COMPLEMENTARES,Livro SINAPI: Cálculos e Parâmetros,,H,"0,0096797","29,57","0,28"
Insumo, 00000995 ,SINAPI,"CABO DE COBRE, FLEXIVEL, CLASSE 4 OU 5, ISOLACAO EM PVC/A, ANTICHAMA BWF-B, COBERTURA PVC-ST1, ANTICHAMA BWF-B, 1 CONDUTOR, 0,6/1 KV, SECAO NOMINAL 16 MM2",Material,,M,"1,0270000","13,11","13,46"
Insumo, 00021127 ,SINAPI,"FITA ISOLANTE ADESIVA ANTICHAMA, USO ATE 750 V, EM ROLO DE 19 MM X 5 M",Material,,UN,"0,0100000","3,02","0,03"
,,,,,,,,,
,,,,,,,,,
,,,,,,,,,
 10.6.1.4 ,Código,Banco,Descrição,Tipo,,Und,Quant.,Valor Unit,Total
Composição, 101889 ,SINAPI,"CABO DE COBRE ISOLADO, 25 MM², ANTI-CHAMA 0,6/1 KV, INSTALADO EM ELETROCALHA OU PERFILADO - FORNECIMENTO E INSTALAÇÃO. AF_10/2020","Instalações Elétricas - Quadros, Cabos, Disjuntores, Contatores e Barramentos Blindados",,M,"1,0000000","21,36","21,36"
Composição Auxiliar, 88247 ,SINAPI,AUXILIAR DE ELETRICISTA COM ENCARGOS COMPLEMENTARES,Livro SINAPI: Cálculos e Parâmetros,,H,"0,0084288","24,99","0,21"
Composição Auxiliar, 88264 ,SINAPI,ELETRICISTA COM ENCARGOS COMPLEMENTARES,Livro SINAPI: Cálculos e Parâmetros,,H,"0,0084288","29,57","0,24"
Insumo, 00000996 ,SINAPI,"CABO DE COBRE, FLEXIVEL, CLASSE 4 OU 5, ISOLACAO EM PVC/A, ANTICHAMA BWF-B, COBERTURA PVC-ST1, ANTICHAMA BWF-B, 1 CONDUTOR, 0,6/1 KV, SECAO NOMINAL 25 MM2",Material,,M,"1,0270000","20,34","20,88"
Insumo, 00021127 ,SINAPI,"FITA ISOLANTE ADESIVA ANTICHAMA, USO ATE 750 V, EM ROLO DE 19 MM X 5 M",Material,,UN,"0,0100000","3,02","0,03"
,,,,,,,,,
,,,,,,,,,
,,,,,,,,,
 10.6.1.5 ,Código,Banco,Descrição,Tipo,,Und,Quant.,Valor Unit,Total
Composição, 92986 ,SINAPI,"CABO DE COBRE FLEXÍVEL ISOLADO, 35 MM², ANTI-CHAMA 0,6/1,0 KV, PARA REDE ENTERRADA DE DISTRIBUIÇÃO DE ENERGIA ELÉTRICA - FORNECIMENTO E INSTALAÇÃO. AF_12/2021",Redes Enterradas de Distribuição Elétrica,,M,"1,0000000","32,14","32,14"
Composição Auxiliar, 88247 ,SINAPI,AUXILIAR DE ELETRICISTA COM ENCARGOS COMPLEMENTARES,Livro SINAPI: Cálculos e Parâmetros,,H,"0,0543061","24,99","1,35"
Composição Auxiliar, 88264 ,SINAPI,ELETRICISTA COM ENCARGOS COMPLEMENTARES,Livro SINAPI: Cálculos e Parâmetros,,H,"0,0543061","29,57","1,60"
Insumo, 00001019 ,SINAPI,"CABO DE COBRE, FLEXIVEL, CLASSE 4 OU 5, ISOLACAO EM PVC/A, ANTICHAMA BWF-B, COBERTURA PVC-ST1, ANTICHAMA BWF-B, 1 CONDUTOR, 0,6/1 KV, SECAO NOMINAL 35 MM2",Material,,M,"1,0150000","28,74","29,17"
Insumo, 00021127 ,SINAPI,"FITA ISOLANTE ADESIVA ANTICHAMA, USO ATE 750 V, EM ROLO DE 19 MM X 5 M",Material,,UN,"0,0090000","3,02","0,02"
,,,,,,,,,
,,,,,,,,,
,,,,,,,,,
 10.6.1.6 ,Código,Banco,Descrição,Tipo,,Und,Quant.,Valor Unit,Total
Composição, J0134 ,Próprio,"CABO DE COBRE ISOLADO, 50 MM², ANTI-CHAMA 0,6/1 KV, INSTALADO EM ELETROCALHA OU PERFILADO - FORNECIMENTO E INSTALAÇÃO",INEL - INSTALAÇÃO ELÉTRICA/ELETRIFICAÇÃO E ILUMINAÇÃO EXTERNA,,M,"1,0000000","42,92","42,92"
Composição Auxiliar, 88247 ,SINAPI,AUXILIAR DE ELETRICISTA COM ENCARGOS COMPLEMENTARES,Livro SINAPI: Cálculos e Parâmetros,,H,"0,0073724","24,99","0,18"
Composição Auxiliar, 88264 ,SINAPI,ELETRICISTA COM ENCARGOS COMPLEMENTARES,Livro SINAPI: Cálculos e Parâmetros,,H,"0,0073724","29,57","0,21"
Insumo, 00021127 ,SINAPI,"FITA ISOLANTE ADESIVA ANTICHAMA, USO ATE 750 V, EM ROLO DE 19 MM X 5 M",Material,,UN,"0,0100000","3,02","0,03"
Insumo, 00001018 ,SINAPI,"CABO DE COBRE, FLEXIVEL, CLASSE 4 OU 5, ISOLACAO EM PVC/A, ANTICHAMA BWF-B, COBERTURA PVC-ST1, ANTICHAMA BWF-B, 1 CONDUTOR, 0,6/1 KV, SECAO NOMINAL 50 MM2",Material,,M,"1,0000000","42,50","42,50"
,,,,,,,,,
,,,,,,,,,
,,,,,,,,,
 10.6.1.7 ,Código,Banco,Descrição,Tipo,,Und,Quant.,Valor Unit,Total
Composição, J0135 ,Próprio,"TERMINAL OLHAL PARA CABO DE 4,00MM2 À 6,00MM2",INEL - INSTALAÇÃO ELÉTRICA/ELETRIFICAÇÃO E ILUMINAÇÃO EXTERNA,,UN,"1,0000000","7,78","7,78"
Composição Auxiliar, 88247 ,SINAPI,AUXILIAR DE ELETRICISTA COM ENCARGOS COMPLEMENTARES,Livro SINAPI: Cálculos e Parâmetros,,H,"0,0796257","24,99","1,98"
Composição Auxiliar, 88264 ,SINAPI,ELETRICISTA COM ENCARGOS COMPLEMENTARES,Livro SINAPI: Cálculos e Parâmetros,,H,"0,0796257","29,57","2,35"
Insumo, I6161 ,SEINFRA,"TERMINAL OLHAL PARA CABO DE 4,00mm2  A  6,00mm2",Material,,UN,"1,0000000","3,45","3,45"
,,,,,,,,,
,,,,,,,,,
,,,,,,,,,
 10.6.1.8 ,Código,Banco,Descrição,Tipo,,Und,Quant.,Valor Unit,Total
Composição, J0136 ,Próprio,TERMINAL A COMPRESSÃO PARA CABO DE 10 mm² A 16mm²,INEL - INSTALAÇÃO ELÉTRICA/ELETRIFICAÇÃO E ILUMINAÇÃO EXTERNA,,UN,"1,0000000","5,96","5,96"
Composição Auxiliar, 88247 ,SINAPI,AUXILIAR DE ELETRICISTA COM ENCARGOS COMPLEMENTARES,Livro SINAPI: Cálculos e Parâmetros,,H,"0,0797766","24,99","1,99"
Composição Auxiliar, 88264 ,SINAPI,ELETRICISTA COM ENCARGOS COMPLEMENTARES,Livro SINAPI: Cálculos e Parâmetros,,H,"0,0797766","29,57","2,35"
Insumo, 00001575 ,SINAPI,"TERMINAL A COMPRESSAO EM COBRE ESTANHADO PARA CABO 16 MM2, 1 FURO E 1 COMPRESSAO, PARA PARAFUSO DE FIXACAO M6",Material,,UN,"1,0000000","1,62","1,62"
,,,,,,,,,
,,,,,,,,,
,,,,,,,,,
 10.6.1.9 ,Código,Banco,Descrição,Tipo,,Und,Quant.,Valor Unit,Total
Composição, J0137 ,Próprio,TERMINAL A COMPRESSÃO PARA CABO DE 25 mm² A 35mm²,ASTU - ASSENTAMENTO DE TUBOS E PECAS,,UN,"1,0000000","6,87","6,87"
Composição Auxiliar, 88247 ,SINAPI,AUXILIAR DE ELETRICISTA COM ENCARGOS COMPLEMENTARES,Livro SINAPI: Cálculos e Parâmetros,,H,"0,0796257","24,99","1,98"
Composição Auxiliar, 88264 ,SINAPI,ELETRICISTA COM ENCARGOS COMPLEMENTARES,Livro SINAPI: Cálculos e Parâmetros,,H,"0,0796257","29,57","2,35"
Insumo, 00001577 ,SINAPI,"TERMINAL A COMPRESSAO EM COBRE ESTANHADO PARA CABO 35 MM2, 1 FURO E 1 COMPRESSAO, PARA PARAFUSO DE FIXACAO M8",Material,,UN,"1,0000000","2,54","2,54"
,,,,,,,,,
,,,,,,,,,
,,,,,,,,,
 10.6.1.10 ,Código,Banco,Descrição,Tipo,,Und,Quant.,Valor Unit,Total
Composição, J0138 ,Próprio,TERMINAL A COMPRESSÃO PARA CABO DE 50 mm² A 120mm²,INEL - INSTALAÇÃO ELÉTRICA/ELETRIFICAÇÃO E ILUMINAÇÃO EXTERNA,,UN,"1,0000000","13,81","13,81"
Composição Auxiliar, 88247 ,SINAPI,AUXILIAR DE ELETRICISTA COM ENCARGOS COMPLEMENTARES,Livro SINAPI: Cálculos e Parâmetros,,H,"0,0793239","24,99","1,98"
Composição Auxiliar, 88264 ,SINAPI,ELETRICISTA COM ENCARGOS COMPLEMENTARES,Livro SINAPI: Cálculos e Parâmetros,,H,"0,0793239","29,57","2,34"
Insumo, 00001581 ,SINAPI,"TERMINAL A COMPRESSAO EM COBRE ESTANHADO PARA CABO 120 MM2, 1 FURO E 1 COMPRESSAO, PARA PARAFUSO DE FIXACAO M12",Material,,UN,"1,0000000","9,49","9,49"
,,,,,,,,,
,,,,,,,,,
,,,,,,,,,
 10.6.2 ,,,ELETROCALHA E ACESSÓRIOS,,,,,,
 10.6.2.1 ,Código,Banco,Descrição,Tipo,,Und,Quant.,Valor Unit,Total
Composição, J0125 ,Próprio,ELETROCALHA PERFURADA 50x200mm - FORNECIMENTO E INSTALAÇÃO,INEL - INSTALAÇÃO ELÉTRICA/ELETRIFICAÇÃO E ILUMINAÇÃO EXTERNA,,M,"1,0000000","77,44","77,44"
Composição Auxiliar, 88247 ,SINAPI,AUXILIAR DE ELETRICISTA COM ENCARGOS COMPLEMENTARES,Livro SINAPI: Cálculos e Parâmetros,,H,"1,0364928","24,99","25,90"
Composição Auxiliar, 88264 ,SINAPI,ELETRICISTA COM ENCARGOS COMPLEMENTARES,Livro SINAPI: Cálculos e Parâmetros,,H,"1,0364928","29,57","30,64"
Insumo, 2692 ,ORSE,Eletrocalha metálica perfurada 200 x 50 x 3000 mm (ref. mopa ou similar),Material,,m,"1,0000000","20,90","20,90"
,,,,,,,,,
,,,,,,,,,
,,,,,,,,,
 10.6.2.2 ,Código,Banco,Descrição,Tipo,,Und,Quant.,Valor Unit,Total
Composição, J0128 ,Próprio,EMENDA INTERNA PARA ELETROCALHA PERFURADA 50x200mm - FORNECIMENTO E INSTALAÇÃO,INEL - INSTALAÇÃO ELÉTRICA/ELETRIFICAÇÃO E ILUMINAÇÃO EXTERNA,,UN,"1,0000000","11,95","11,95"
Composição Auxiliar, 88316 ,SINAPI,SERVENTE COM ENCARGOS COMPLEMENTARES,Livro SINAPI: Cálculos e Parâmetros,,H,"0,1201353","23,37","2,80"
Composição Auxiliar, 88264 ,SINAPI,ELETRICISTA COM ENCARGOS COMPLEMENTARES,Livro SINAPI: Cálculos e Parâmetros,,H,"0,1201353","29,57","3,55"
Insumo, 4036 ,ORSE,Emenda interna 200 x 50 mm com base lisa perfurada para eletrocalha metálica (ref. Mopa ou similar),Material,,un,"1,0000000","3,68","3,68"
Insumo, I9919 ,SEINFRA,"PARAFUSO CABEÇA LENTILHA AUTO TRAVANTE 1/4"" X 1/2""",Material,,UN,"4,0000000","0,10","0,40"
Insumo, 00039997 ,SINAPI,"PORCA ZINCADA, SEXTAVADA, DIAMETRO 1/4""",Material,,UN,"4,0000000","0,30","1,20"
Insumo, I9566 ,SEINFRA,"ARRUELA DE PRESSÃO 3/8"" AÇO CARBONO",Material,,UN,"4,0000000","0,08","0,32"
,,,,,,,,,
,,,,,,,,,
,,,,,,,,,
 10.6.2.3 ,Código,Banco,Descrição,Tipo,,Und,Quant.,Valor Unit,Total
Composição, J0132 ,Próprio,CURVA HORIZONTAL 90° PARA ELETROCALHA 50x200mm - FORNECIMENTO E  INSTALAÇÃO,INEL - INSTALAÇÃO ELÉTRICA/ELETRIFICAÇÃO E ILUMINAÇÃO EXTERNA,,UN,"1,0000000","30,34","30,34"
Composição Auxiliar, 88316 ,SINAPI,SERVENTE COM ENCARGOS COMPLEMENTARES,Livro SINAPI: Cálculos e Parâmetros,,H,"0,1592472","23,37","3,72"
Composição Auxiliar, 88264 ,SINAPI,ELETRICISTA COM ENCARGOS COMPLEMENTARES,Livro SINAPI: Cálculos e Parâmetros,,H,"0,1592472","29,57","4,70"
Insumo, 6552 ,ORSE,"Curva horizontal 200 x 50 mm para eletrocalha metálica, com ângulo 90° (ref.:mopa ou similar)",Material,,un,"1,0000000","20,00","20,00"
Insumo, I9919 ,SEINFRA,"PARAFUSO CABEÇA LENTILHA AUTO TRAVANTE 1/4"" X 1/2""",Material,,UN,"4,0000000","0,10","0,40"
Insumo, 00039997 ,SINAPI,"PORCA ZINCADA, SEXTAVADA, DIAMETRO 1/4""",Material,,UN,"4,0000000","0,30","1,20"
Insumo, I9566 ,SEINFRA,"ARRUELA DE PRESSÃO 3/8"" AÇO CARBONO",Material,,UN,"4,0000000","0,08","0,32"
,,,,,,,,,
,,,,,,,,,
,,,,,,,,,
 10.6.2.4 ,Código,Banco,Descrição,Tipo,,Und,Quant.,Valor Unit,Total
Composição, J0130 ,Próprio,REDUÇÃO CONCÊNTRICA DA ELETROCALHA PERFURADA 50x200mm / 50X100mm - FORNECIMENTO E INSTALAÇÃO,INEL - INSTALAÇÃO ELÉTRICA/ELETRIFICAÇÃO E ILUMINAÇÃO EXTERNA,,UN,"1,0000000","39,41","39,41"
Composição Auxiliar, 88316 ,SINAPI,SERVENTE COM ENCARGOS COMPLEMENTARES,Livro SINAPI: Cálculos e Parâmetros,,H,"0,1193577","23,37","2,78"
Composição Auxiliar, 88264 ,SINAPI,ELETRICISTA COM ENCARGOS COMPLEMENTARES,Livro SINAPI: Cálculos e Parâmetros,,H,"0,1193577","29,57","3,52"
Insumo, 8314 ,ORSE,Redução concêntrica 200 x 50mm / 100 x 50mm para eletrocalha metálica (ref. mopa ou similar),Material,,un,"1,0000000","29,27","29,27"
Insumo, I9919 ,SEINFRA,"PARAFUSO CABEÇA LENTILHA AUTO TRAVANTE 1/4"" X 1/2""",Material,,UN,"8,0000000","0,10","0,80"
Insumo, 00039997 ,SINAPI,"PORCA ZINCADA, SEXTAVADA, DIAMETRO 1/4""",Material,,UN,"8,0000000","0,30","2,40"
Insumo, I9566 ,SEINFRA,"ARRUELA DE PRESSÃO 3/8"" AÇO CARBONO",Material,,UN,"8,0000000","0,08","0,64"
,,,,,,,,,
,,,,,,,,,
,,,,,,,,,
 10.6.2.5 ,Código,Banco,Descrição,Tipo,,Und,Quant.,Valor Unit,Total
Composição, J0147 ,Próprio,"SUPORTE TIRANTE PARA ELETROCALHA 50x200mm COM VERGALHÃO,  PORCAS, ARRUELAS E PARABOLTS - FORNECIMENTO E INSTALAÇÃO",INEL - INSTALAÇÃO ELÉTRICA/ELETRIFICAÇÃO E ILUMINAÇÃO EXTERNA,,UN,"1,0000000","23,35","23,35"
Composição Auxiliar, 88316 ,SINAPI,SERVENTE COM ENCARGOS COMPLEMENTARES,Livro SINAPI: Cálculos e Parâmetros,,H,"0,2393374","23,37","5,59"
Composição Auxiliar, 88264 ,SINAPI,ELETRICISTA COM ENCARGOS COMPLEMENTARES,Livro SINAPI: Cálculos e Parâmetros,,H,"0,2393374","29,57","7,07"
Insumo, 13682 ,ORSE,Suporte vertical  200 x50 mm  para fixação de eletrocalha metálica ( ref.: Mopa ou similar),Material,,un,"1,0000000","6,80","6,80"
Insumo, 00039996 ,SINAPI,"VERGALHAO ZINCADO ROSCA TOTAL, 1/4"" (6,3 MM)",Material,,M,"0,5560000","3,45","1,91"
Insumo, 00039997 ,SINAPI,"PORCA ZINCADA, SEXTAVADA, DIAMETRO 1/4""",Material,,UN,"2,0000000","0,30","0,60"
Insumo, I9566 ,SEINFRA,"ARRUELA DE PRESSÃO 3/8"" AÇO CARBONO",Material,,UN,"2,0000000","0,08","0,16"
Insumo, 00011976 ,SINAPI,"CHUMBADOR DE ACO ZINCADO, DIAMETRO 1/4"" COM PARAFUSO 1/4"" X 40 MM",Material,,UN,"1,0000000","1,22","1,22"
,,,,,,,,,
,,,,,,,,,
,,,,,,,,,
 10.6.2.6 ,Código,Banco,Descrição,Tipo,,Und,Quant.,Valor Unit,Total
Composição, J0124 ,Próprio,ELETROCALHA PERFURADA 50x100mm - FORNECIMENTO E INSTALAÇÃO,INEL - INSTALAÇÃO ELÉTRICA/ELETRIFICAÇÃO E ILUMINAÇÃO EXTERNA,,M,"1,0000000","54,20","54,20"
Composição Auxiliar, 88247 ,SINAPI,AUXILIAR DE ELETRICISTA COM ENCARGOS COMPLEMENTARES,Livro SINAPI: Cálculos e Parâmetros,,H,"0,7175371","24,99","17,93"
Composição Auxiliar, 88264 ,SINAPI,ELETRICISTA COM ENCARGOS COMPLEMENTARES,Livro SINAPI: Cálculos e Parâmetros,,H,"0,7175371","29,57","21,21"
Insumo, I1048 ,SEINFRA,DUTO PERFURADO-ELETROCALHA CHAPA DE AÇO (50X100)MM,Material,,M,"1,0000000","15,06","15,06"
,,,,,,,,,
,,,,,,,,,
,,,,,,,,,
 10.6.2.7 ,Código,Banco,Descrição,Tipo,,Und,Quant.,Valor Unit,Total
Composição, J0188 ,Próprio,TÊ HORIZONTAL PARA ELETROCALHA PERFURADA 50x100mm -  FORNECIMENTO E INSTALAÇÃO,INEL - INSTALAÇÃO ELÉTRICA/ELETRIFICAÇÃO E ILUMINAÇÃO EXTERNA,,UN,"1,0000000","36,05","36,05"
Composição Auxiliar, 88247 ,SINAPI,AUXILIAR DE ELETRICISTA COM ENCARGOS COMPLEMENTARES,Livro SINAPI: Cálculos e Parâmetros,,H,"0,1601570","24,99","4,00"
Composição Auxiliar, 88264 ,SINAPI,ELETRICISTA COM ENCARGOS COMPLEMENTARES,Livro SINAPI: Cálculos e Parâmetros,,H,"0,1601570","29,57","4,73"
Insumo, 4095 ,ORSE,Tê horizontal 100 x 50 mm para eletrocalha metálica (ref. Mopa ou similar),Material,,un,"1,0000000","21,56","21,56"
Insumo, I9919 ,SEINFRA,"PARAFUSO CABEÇA LENTILHA AUTO TRAVANTE 1/4"" X 1/2""",Material,,UN,"12,0000000","0,10","1,20"
Insumo, 00039997 ,SINAPI,"PORCA ZINCADA, SEXTAVADA, DIAMETRO 1/4""",Material,,UN,"12,0000000","0,30","3,60"
Insumo, I9566 ,SEINFRA,"ARRUELA DE PRESSÃO 3/8"" AÇO CARBONO",Material,,UN,"12,0000000","0,08","0,96"
,,,,,,,,,
,,,,,,,,,
,,,,,,,,,
 10.6.3 ,,,ELETRODUTOS E ACESSÓRIOS,,,,,,
 10.6.3.1 ,Código,Banco,Descrição,Tipo,,Und,Quant.,Valor Unit,Total
Composição, 97667 ,SINAPI,"ELETRODUTO FLEXÍVEL CORRUGADO, PEAD, DN 50 (1 1/2""), PARA REDE ENTERRADA DE DISTRIBUIÇÃO DE ENERGIA ELÉTRICA - FORNECIMENTO E INSTALAÇÃO. AF_12/2021",Redes Enterradas de Distribuição Elétrica,,M,"1,0000000","6,58","6,58"
Composição Auxiliar, 88247 ,SINAPI,AUXILIAR DE ELETRICISTA COM ENCARGOS COMPLEMENTARES,Livro SINAPI: Cálculos e Parâmetros,,H,"0,0536172","24,99","1,33"
Composição Auxiliar, 88264 ,SINAPI,ELETRICISTA COM ENCARGOS COMPLEMENTARES,Livro SINAPI: Cálculos e Parâmetros,,H,"0,0536172","29,57","1,58"
Insumo, 00039246 ,SINAPI,"ELETRODUTO/DUTO PEAD FLEXIVEL PAREDE SIMPLES, CORRUGACAO HELICOIDAL, COR PRETA, SEM ROSCA, DE 1 1/2"", CRC 680 N, PARA CABEAMENTO SUBTERRANEO (NBR 15715)",Material,,M,"1,1000000","3,34","3,67"
,,,,,,,,,
,,,,,,,,,
,,,,,,,,,
 10.6.3.2 ,Código,Banco,Descrição,Tipo,,Und,Quant.,Valor Unit,Total
Composição, J0121 ,Próprio,FITA DE ADVERTÊNCIA DE REDE ELÉTRICA ENTERRADA,INEL - INSTALAÇÃO ELÉTRICA/ELETRIFICAÇÃO E ILUMINAÇÃO EXTERNA,,M,"1,0000000","2,07","2,07"
Composição Auxiliar, 88316 ,SINAPI,SERVENTE COM ENCARGOS COMPLEMENTARES,Livro SINAPI: Cálculos e Parâmetros,,H,"0,0401339","23,37","0,93"
Insumo, 11201 ,ORSE,Fita de advertência de rede elétrica enterrada,Material,,m,"1,0000000","1,14","1,14"
,,,,,,,,,
,,,,,,,,,
,,,,,,,,,
 10.6.3.3 ,Código,Banco,Descrição,Tipo,,Und,Quant.,Valor Unit,Total
Composição, 93009 ,SINAPI,"ELETRODUTO RÍGIDO ROSCÁVEL, PVC, DN 60 MM (2""), PARA REDE ENTERRADA DE DISTRIBUIÇÃO DE ENERGIA ELÉTRICA - FORNECIMENTO E INSTALAÇÃO. AF_12/2021",Redes Enterradas de Distribuição Elétrica,,M,"1,0000000","19,69","19,69"
Composição Auxiliar, 88247 ,SINAPI,AUXILIAR DE ELETRICISTA COM ENCARGOS COMPLEMENTARES,Livro SINAPI: Cálculos e Parâmetros,,H,"0,1024380","24,99","2,55"
Composição Auxiliar, 88264 ,SINAPI,ELETRICISTA COM ENCARGOS COMPLEMENTARES,Livro SINAPI: Cálculos e Parâmetros,,H,"0,1024380","29,57","3,02"
Insumo, 00002681 ,SINAPI,"ELETRODUTO DE PVC RIGIDO ROSCAVEL DE 2 "", SEM LUVA",Material,,M,"1,1000000","12,84","14,12"
,,,,,,,,,
,,,,,,,,,
,,,,,,,,,
 10.6.3.4 ,Código,Banco,Descrição,Tipo,,Und,Quant.,Valor Unit,Total
Composição, 93014 ,SINAPI,"LUVA PARA ELETRODUTO, PVC, ROSCÁVEL, DN 60 MM (2""), PARA REDE ENTERRADA DE DISTRIBUIÇÃO DE ENERGIA ELÉTRICA - FORNECIMENTO E INSTALAÇÃO. AF_12/2021",Redes Enterradas de Distribuição Elétrica,,UN,"1,0000000","14,30","14,30"
Composição Auxiliar, 88247 ,SINAPI,AUXILIAR DE ELETRICISTA COM ENCARGOS COMPLEMENTARES,Livro SINAPI: Cálculos e Parâmetros,,H,"0,2056814","24,99","5,13"
Composição Auxiliar, 88264 ,SINAPI,ELETRICISTA COM ENCARGOS COMPLEMENTARES,Livro SINAPI: Cálculos e Parâmetros,,H,"0,2056814","29,57","6,08"
Insumo, 00001894 ,SINAPI,"LUVA EM PVC RIGIDO ROSCAVEL, DE 2"", PARA ELETRODUTO",Material,,UN,"1,0000000","3,09","3,09"
,,,,,,,,,
,,,,,,,,,
,,,,,,,,,
 10.6.3.5 ,Código,Banco,Descrição,Tipo,,Und,Quant.,Valor Unit,Total
Composição, 97888 ,SINAPI,"CAIXA ENTERRADA ELÉTRICA RETANGULAR, EM ALVENARIA COM TIJOLOS CERÂMICOS MACIÇOS, FUNDO COM BRITA, DIMENSÕES INTERNAS: 0,6X0,6X0,6 M. AF_12/2020",Caixas Enterradas,,UN,"1,0000000","417,61","417,61"
Composição Auxiliar, 100475 ,SINAPI,"ARGAMASSA TRAÇO 1:3 (EM VOLUME DE CIMENTO E AREIA MÉDIA ÚMIDA) COM ADIÇÃO DE IMPERMEABILIZANTE, PREPARO MECÂNICO COM BETONEIRA 400 L. AF_08/2019",Argamassas,,m³,"0,1012000","659,06","66,69"
Composição Auxiliar, 101619 ,SINAPI,"PREPARO DE FUNDO DE VALA COM LARGURA MENOR QUE 1,5 M, COM CAMADA DE BRITA, LANÇAMENTO MANUAL. AF_08/2020",Escoramento e Preparo de Fundo de Valas,,m³,"0,0810000","280,68","22,73"
Composição Auxiliar, 5678 ,SINAPI,"RETROESCAVADEIRA SOBRE RODAS COM CARREGADEIRA, TRAÇÃO 4X4, POTÊNCIA LÍQ. 88 HP, CAÇAMBA CARREG. CAP. MÍN. 1 M3, CAÇAMBA RETRO CAP. 0,26 M3, PESO OPERACIONAL MÍN. 6.674 KG, PROFUNDIDADE ESCAVAÇÃO MÁX. 4,37 M - CHP DIURNO. AF_06/2014",Custos Horários Produtivo e Improdutivo dos Equipamentos,,CHP,"0,0087000","130,38","1,13"
Composição Auxiliar, 5679 ,SINAPI,"RETROESCAVADEIRA SOBRE RODAS COM CARREGADEIRA, TRAÇÃO 4X4, POTÊNCIA LÍQ. 88 HP, CAÇAMBA CARREG. CAP. MÍN. 1 M3, CAÇAMBA RETRO CAP. 0,26 M3, PESO OPERACIONAL MÍN. 6.674 KG, PROFUNDIDADE ESCAVAÇÃO MÁX. 4,37 M - CHI DIURNO. AF_06/2014",Custos Horários Produtivo e Improdutivo dos Equipamentos,,CHI,"0,0178000","59,48","1,05"
Composição Auxiliar, 87316 ,SINAPI,"ARGAMASSA TRAÇO 1:4 (EM VOLUME DE CIMENTO E AREIA GROSSA ÚMIDA) PARA CHAPISCO CONVENCIONAL, PREPARO MECÂNICO COM BETONEIRA 400 L. AF_08/2019",Argamassas,,m³,"0,0136000","435,01","5,91"
Composição Auxiliar, 88309 ,SINAPI,PEDREIRO COM ENCARGOS COMPLEMENTARES,Livro SINAPI: Cálculos e Parâmetros,,H,"3,2015130","29,21","93,51"
Composição Auxiliar, 88316 ,SINAPI,SERVENTE COM ENCARGOS COMPLEMENTARES,Livro SINAPI: Cálculos e Parâmetros,,H,"2,5154895","23,37","58,78"
Composição Auxiliar, 97735 ,SINAPI,"PEÇA RETANGULAR PRÉ-MOLDADA, VOLUME DE CONCRETO DE 30 A 100 LITROS, TAXA DE AÇO APROXIMADA DE 30KG/M³. AF_03/2024",Estruturas Pré-Fabricadas e Pré-Moldadas,,m³,"0,0448000","2.362,25","105,82"
Insumo, 00007258 ,SINAPI,TIJOLO CERAMICO MACICO COMUM DE *5 X 10 X 20* CM (L X A X C),Material,,UN,"134,7640000","0,46","61,99"
,,,,,,,,,
,,,,,,,,,
,,,,,,,,,
 10.6.3.6 ,Código,Banco,Descrição,Tipo,,Und,Quant.,Valor Unit,Total
Composição, 91867 ,SINAPI,"ELETRODUTO RÍGIDO ROSCÁVEL, PVC, DN 25 MM (3/4""), PARA CIRCUITOS TERMINAIS, INSTALADO EM LAJE - FORNECIMENTO E INSTALAÇÃO. AF_03/2023","Instalações Elétricas - Eletrodutos Embutidos, Cabos, Caixas, Tomadas e Interruptores",,M,"1,0000000","7,56","7,56"
Composição Auxiliar, 88247 ,SINAPI,AUXILIAR DE ELETRICISTA COM ENCARGOS COMPLEMENTARES,Livro SINAPI: Cálculos e Parâmetros,,H,"0,0746822","24,99","1,86"
Composição Auxiliar, 88264 ,SINAPI,ELETRICISTA COM ENCARGOS COMPLEMENTARES,Livro SINAPI: Cálculos e Parâmetros,,H,"0,0746822","29,57","2,20"
Insumo, 00002674 ,SINAPI,"ELETRODUTO DE PVC RIGIDO ROSCAVEL DE 3/4 "", SEM LUVA",Material,,M,"1,0170000","3,43","3,48"
Insumo, 00043132 ,SINAPI,"ARAME RECOZIDO 16 BWG, D = 1,65 MM (0,016 KG/M) OU 18 BWG, D = 1,25 MM (0,01 KG/M)",Material,,KG,"0,0018000","12,66","0,02"
,,,,,,,,,
,,,,,,,,,
,,,,,,,,,
 10.6.3.7 ,Código,Banco,Descrição,Tipo,,Und,Quant.,Valor Unit,Total
Composição, 91869 ,SINAPI,"ELETRODUTO RÍGIDO ROSCÁVEL, PVC, DN 40 MM (1 1/4""), PARA CIRCUITOS TERMINAIS, INSTALADO EM LAJE - FORNECIMENTO E INSTALAÇÃO. AF_03/2023","Instalações Elétricas - Eletrodutos Embutidos, Cabos, Caixas, Tomadas e Interruptores",,M,"1,0000000","13,19","13,19"
Composição Auxiliar, 88247 ,SINAPI,AUXILIAR DE ELETRICISTA COM ENCARGOS COMPLEMENTARES,Livro SINAPI: Cálculos e Parâmetros,,H,"0,1083816","24,99","2,70"
Composição Auxiliar, 88264 ,SINAPI,ELETRICISTA COM ENCARGOS COMPLEMENTARES,Livro SINAPI: Cálculos e Parâmetros,,H,"0,1083816","29,57","3,20"
Insumo, 00002684 ,SINAPI,"ELETRODUTO DE PVC RIGIDO ROSCAVEL DE 1 1/4 "", SEM LUVA",Material,,M,"1,0170000","7,15","7,27"
Insumo, 00043132 ,SINAPI,"ARAME RECOZIDO 16 BWG, D = 1,65 MM (0,016 KG/M) OU 18 BWG, D = 1,25 MM (0,01 KG/M)",Material,,KG,"0,0023000","12,66","0,02"
,,,,,,,,,
,,,,,,,,,
,,,,,,,,,
 10.6.3.8 ,Código,Banco,Descrição,Tipo,,Und,Quant.,Valor Unit,Total
Composição, J0202 ,Próprio,"ELETRODUTO DE AÇO GALVANIZADO, MÉDIO, DN 25 MM (1'') -  FORNECIMENTO E INSTALAÇÃO",INEL - INSTALAÇÃO ELÉTRICA/ELETRIFICAÇÃO E ILUMINAÇÃO EXTERNA,,M,"1,0000000","17,73","17,73"
Composição Auxiliar, 88247 ,SINAPI,AUXILIAR DE ELETRICISTA COM ENCARGOS COMPLEMENTARES,Livro SINAPI: Cálculos e Parâmetros,,H,"0,0903054","24,99","2,25"
Composição Auxiliar, 88264 ,SINAPI,ELETRICISTA COM ENCARGOS COMPLEMENTARES,Livro SINAPI: Cálculos e Parâmetros,,H,"0,0903054","29,57","2,67"
Insumo, I1064 ,SEINFRA,"ELETRODUTO DE ALUMINIO DE 1""",Material,,M,"1,0000000","12,81","12,81"
,,,,,,,,,
,,,,,,,,,
,,,,,,,,,
 10.6.3.9 ,Código,Banco,Descrição,Tipo,,Und,Quant.,Valor Unit,Total
Composição, J0203 ,Próprio,LUVA PARA ELETRODUTO DE AÇO GALVANIZADO DN 25 MM (1'') -  FORNECIMENTO E INSTALAÇÃO,INEL - INSTALAÇÃO ELÉTRICA/ELETRIFICAÇÃO E ILUMINAÇÃO EXTERNA,,UN,"1,0000000","10,34","10,34"
Composição Auxiliar, 88247 ,SINAPI,AUXILIAR DE ELETRICISTA COM ENCARGOS COMPLEMENTARES,Livro SINAPI: Cálculos e Parâmetros,,H,"0,1597043","24,99","3,99"
Composição Auxiliar, 88264 ,SINAPI,ELETRICISTA COM ENCARGOS COMPLEMENTARES,Livro SINAPI: Cálculos e Parâmetros,,H,"0,1597043","29,57","4,72"
Insumo, 00002638 ,SINAPI,"LUVA PARA ELETRODUTO, EM ACO GALVANIZADO ELETROLITICO, COM ROSCA, DIAMETRO DE 25 MM (1"")",Material,,UN,"1,0000000","1,63","1,63"
,,,,,,,,,
,,,,,,,,,
,,,,,,,,,
 10.6.3.10 ,Código,Banco,Descrição,Tipo,,Und,Quant.,Valor Unit,Total
Composição, J0204 ,Próprio,CURVA PARA ELETRODUTO DE AÇO GALVANIZADO DN 25 MM (1'') -  FORNECIMENTO E INSTALAÇÃO,INEL - INSTALAÇÃO ELÉTRICA/ELETRIFICAÇÃO E ILUMINAÇÃO EXTERNA,,UN,"1,0000000","19,32","19,32"
Composição Auxiliar, 88247 ,SINAPI,AUXILIAR DE ELETRICISTA COM ENCARGOS COMPLEMENTARES,Livro SINAPI: Cálculos e Parâmetros,,H,"0,2614441","24,99","6,53"
Composição Auxiliar, 88264 ,SINAPI,ELETRICISTA COM ENCARGOS COMPLEMENTARES,Livro SINAPI: Cálculos e Parâmetros,,H,"0,2614441","29,57","7,73"
Insumo, 00002617 ,SINAPI,"CURVA 90 GRAUS PARA ELETRODUTO, EM ACO GALVANIZADO ELETROLITICO, COM ROSCA, DIAMETRO DE 25 MM (1""), ESPESSURA DE 1,50 MM",Material,,UN,"1,0000000","5,06","5,06"
,,,,,,,,,
,,,,,,,,,
,,,,,,,,,
 10.6.4 ,,,MANILHAS,,,,,,
 10.6.4.1 ,Código,Banco,Descrição,Tipo,,Und,Quant.,Valor Unit,Total
Composição, 95565 ,SINAPI,"TUBO DE CONCRETO PARA REDES COLETORAS DE ÁGUAS PLUVIAIS, DIÂMETRO DE 300MM, JUNTA RÍGIDA, INSTALADO EM LOCAL COM BAIXO NÍVEL DE INTERFERÊNCIAS - FORNECIMENTO E ASSENTAMENTO. AF_03/2024",Assentamento de tubos de esgoto ou drenagem pluvial em concreto,,M,"1,0000000","120,38","120,38"
Composição Auxiliar, 5631 ,SINAPI,"ESCAVADEIRA HIDRÁULICA SOBRE ESTEIRAS, CAÇAMBA 0,80 M3, PESO OPERACIONAL 17 T, POTENCIA BRUTA 111 HP - CHP DIURNO. AF_06/2014",Custos Horários Produtivo e Improdutivo dos Equipamentos,,CHP,"0,0350000","185,35","6,48"
Composição Auxiliar, 5632 ,SINAPI,"ESCAVADEIRA HIDRÁULICA SOBRE ESTEIRAS, CAÇAMBA 0,80 M3, PESO OPERACIONAL 17 T, POTENCIA BRUTA 111 HP - CHI DIURNO. AF_06/2014",Custos Horários Produtivo e Improdutivo dos Equipamentos,,CHI,"0,0680000","81,21","5,52"
Composição Auxiliar, 88246 ,SINAPI,ASSENTADOR DE TUBOS COM ENCARGOS COMPLEMENTARES,Livro SINAPI: Cálculos e Parâmetros,,H,"0,1104922","22,02","2,43"
Composição Auxiliar, 88316 ,SINAPI,SERVENTE COM ENCARGOS COMPLEMENTARES,Livro SINAPI: Cálculos e Parâmetros,,H,"0,2209845","23,37","5,16"
Composição Auxiliar, 88629 ,SINAPI,"ARGAMASSA TRAÇO 1:3 (EM VOLUME DE CIMENTO E AREIA MÉDIA ÚMIDA), PREPARO MANUAL. AF_08/2019",Argamassas,,m³,"0,0007000","591,67","0,41"
Insumo, 00040334 ,SINAPI,"TUBO DE CONCRETO ARMADO PARA AGUAS PLUVIAIS, CLASSE PA-1, COM ENCAIXE PONTA E BOLSA, DIAMETRO NOMINAL DE 300 MM",Material,,M,"1,0300000","97,46","100,38"
,,,,,,,,,
,,,,,,,,,
,,,,,,,,,
 10.6.4.2 ,Código,Banco,Descrição,Tipo,,Und,Quant.,Valor Unit,Total
Composição, 93358 ,SINAPI,ESCAVAÇÃO MANUAL DE VALA. AF_09/2024,Escavação de Valas,,m³,"1,0000000","73,77","73,77"
Composição Auxiliar, 88316 ,SINAPI,SERVENTE COM ENCARGOS COMPLEMENTARES,Livro SINAPI: Cálculos e Parâmetros,,H,"3,1569648","23,37","73,77"
,,,,,,,,,
,,,,,,,,,
,,,,,,,,,
 10.6.4.3 ,Código,Banco,Descrição,Tipo,,Und,Quant.,Valor Unit,Total
Composição, 104737 ,SINAPI,"REATERRO MANUAL DE VALAS, COM PLACA VIBRATÓRIA. AF_08/2023",Aterro e Reaterro de Valas,,m³,"1,0000000","18,73","18,73"
Composição Auxiliar, 5901 ,SINAPI,"CAMINHÃO PIPA 10.000 L TRUCADO, PESO BRUTO TOTAL 23.000 KG, CARGA ÚTIL MÁXIMA 15.935 KG, DISTÂNCIA ENTRE EIXOS 4,8 M, POTÊNCIA 230 CV, INCLUSIVE TANQUE DE AÇO PARA TRANSPORTE DE ÁGUA - CHP DIURNO. AF_06/2014",Custos Horários Produtivo e Improdutivo dos Equipamentos,,CHP,"0,0054000","278,95","1,50"
Composição Auxiliar, 5903 ,SINAPI,"CAMINHÃO PIPA 10.000 L TRUCADO, PESO BRUTO TOTAL 23.000 KG, CARGA ÚTIL MÁXIMA 15.935 KG, DISTÂNCIA ENTRE EIXOS 4,8 M, POTÊNCIA 230 CV, INCLUSIVE TANQUE DE AÇO PARA TRANSPORTE DE ÁGUA - CHI DIURNO. AF_06/2014",Custos Horários Produtivo e Improdutivo dos Equipamentos,,CHI,"0,0006000","67,91","0,04"
Composição Auxiliar, 88316 ,SINAPI,SERVENTE COM ENCARGOS COMPLEMENTARES,Livro SINAPI: Cálculos e Parâmetros,,H,"0,7011960","23,37","16,38"
Composição Auxiliar, 91277 ,SINAPI,"PLACA VIBRATÓRIA REVERSÍVEL COM MOTOR 4 TEMPOS A GASOLINA, FORÇA CENTRÍFUGA DE 25 KN (2500 KGF), POTÊNCIA 5,5 CV - CHP DIURNO. AF_08/2015",Custos Horários Produtivo e Improdutivo dos Equipamentos,,CHP,"0,0942000","8,65","0,81"
,,,,,,,,,
,,,,,,,,,
,,,,,,,,,
 10.7 ,,,QUADROS DISTRIBUIDORES E DE BOMBAS,,,,,,
 10.7.1 ,,,QLF-T,,,,,,
 10.7.1.1 ,Código,Banco,Descrição,Tipo,,Und,Quant.,Valor Unit,Total
Composição, 101881 ,SINAPI,"QUADRO DE DISTRIBUIÇÃO DE ENERGIA EM CHAPA DE AÇO GALVANIZADO, DE EMBUTIR, COM BARRAMENTO TRIFÁSICO, PARA 40 DISJUNTORES DIN 100A - FORNECIMENTO E INSTALAÇÃO. AF_10/2020","Instalações Elétricas - Quadros, Cabos, Disjuntores, Contatores e Barramentos Blindados",,UN,"1,0000000","710,67","710,67"
Composição Auxiliar, 87367 ,SINAPI,"ARGAMASSA TRAÇO 1:1:6 (EM VOLUME DE CIMENTO, CAL E AREIA MÉDIA ÚMIDA) PARA EMBOÇO/MASSA ÚNICA/ASSENTAMENTO DE ALVENARIA DE VEDAÇÃO, PREPARO MANUAL. AF_08/2019",Argamassas,,m³,"0,0189000","649,04","12,26"
Composição Auxiliar, 88247 ,SINAPI,AUXILIAR DE ELETRICISTA COM ENCARGOS COMPLEMENTARES,Livro SINAPI: Cálculos e Parâmetros,,H,"0,4597101","24,99","11,48"
Composição Auxiliar, 88264 ,SINAPI,ELETRICISTA COM ENCARGOS COMPLEMENTARES,Livro SINAPI: Cálculos e Parâmetros,,H,"0,4597101","29,57","13,59"
Insumo, 00012042 ,SINAPI,"QUADRO DE DISTRIBUICAO COM BARRAMENTO TRIFASICO, DE EMBUTIR, EM CHAPA DE ACO GALVANIZADO, PARA 40 DISJUNTORES DIN, 100 A",Material,,UN,"1,0000000","673,34","673,34"
,,,,,,,,,
,,,,,,,,,
,,,,,,,,,
 10.7.1.2 ,Código,Banco,Descrição,Tipo,,Und,Quant.,Valor Unit,Total
Composição, 93654 ,SINAPI,"DISJUNTOR MONOPOLAR TIPO DIN, CORRENTE NOMINAL DE 16A - FORNECIMENTO E INSTALAÇÃO. AF_10/2020","Instalações Elétricas - Quadros, Cabos, Disjuntores, Contatores e Barramentos Blindados",,UN,"1,0000000","9,58","9,58"
Composição Auxiliar, 88247 ,SINAPI,AUXILIAR DE ELETRICISTA COM ENCARGOS COMPLEMENTARES,Livro SINAPI: Cálculos e Parâmetros,,H,"0,0373375","24,99","0,93"
Composição Auxiliar, 88264 ,SINAPI,ELETRICISTA COM ENCARGOS COMPLEMENTARES,Livro SINAPI: Cálculos e Parâmetros,,H,"0,0373375","29,57","1,10"
Insumo, 00001570 ,SINAPI,"TERMINAL A COMPRESSAO EM COBRE ESTANHADO PARA CABO 2,5 MM2, 1 FURO E 1 COMPRESSAO, PARA PARAFUSO DE FIXACAO M5",Material,,UN,"1,0000000","0,82","0,82"
Insumo, 00034653 ,SINAPI,"DISJUNTOR TERMOMAGNETICO PARA TRILHO DIN (IEC), MONOPOLAR, 6 - 32 A",Material,,UN,"1,0000000","6,73","6,73"
,,,,,,,,,
,,,,,,,,,
,,,,,,,,,
 10.7.1.3 ,Código,Banco,Descrição,Tipo,,Und,Quant.,Valor Unit,Total
Composição, 93655 ,SINAPI,"DISJUNTOR MONOPOLAR TIPO DIN, CORRENTE NOMINAL DE 20A - FORNECIMENTO E INSTALAÇÃO. AF_10/2020","Instalações Elétricas - Quadros, Cabos, Disjuntores, Contatores e Barramentos Blindados",,UN,"1,0000000","10,65","10,65"
Composição Auxiliar, 88247 ,SINAPI,AUXILIAR DE ELETRICISTA COM ENCARGOS COMPLEMENTARES,Livro SINAPI: Cálculos e Parâmetros,,H,"0,0527172","24,99","1,31"
Composição Auxiliar, 88264 ,SINAPI,ELETRICISTA COM ENCARGOS COMPLEMENTARES,Livro SINAPI: Cálculos e Parâmetros,,H,"0,0527172","29,57","1,55"
Insumo, 00001571 ,SINAPI,"TERMINAL A COMPRESSAO EM COBRE ESTANHADO PARA CABO 4 MM2, 1 FURO E 1 COMPRESSAO, PARA PARAFUSO DE FIXACAO M5",Material,,UN,"1,0000000","1,06","1,06"
Insumo, 00034653 ,SINAPI,"DISJUNTOR TERMOMAGNETICO PARA TRILHO DIN (IEC), MONOPOLAR, 6 - 32 A",Material,,UN,"1,0000000","6,73","6,73"
,,,,,,,,,
,,,,,,,,,
,,,,,,,,,
 10.7.1.4 ,Código,Banco,Descrição,Tipo,,Und,Quant.,Valor Unit,Total
Composição, 101894 ,SINAPI,"DISJUNTOR TRIPOLAR TIPO NEMA, CORRENTE NOMINAL DE 60 ATÉ 100A - FORNECIMENTO E INSTALAÇÃO. AF_10/2020","Instalações Elétricas - Quadros, Cabos, Disjuntores, Contatores e Barramentos Blindados",,UN,"1,0000000","123,08","123,08"
Composição Auxiliar, 88247 ,SINAPI,AUXILIAR DE ELETRICISTA COM ENCARGOS COMPLEMENTARES,Livro SINAPI: Cálculos e Parâmetros,,H,"0,6207604","24,99","15,51"
Composição Auxiliar, 88264 ,SINAPI,ELETRICISTA COM ENCARGOS COMPLEMENTARES,Livro SINAPI: Cálculos e Parâmetros,,H,"0,6207604","29,57","18,35"
Insumo, 00001576 ,SINAPI,"TERMINAL A COMPRESSAO EM COBRE ESTANHADO PARA CABO 25 MM2, 1 FURO E 1 COMPRESSAO, PARA PARAFUSO DE FIXACAO M8",Material,,UN,"3,0000000","2,25","6,75"
Insumo, 00002373 ,SINAPI,"DISJUNTOR TIPO NEMA, TRIPOLAR 60 ATE 100 A, TENSAO MAXIMA DE 415 V",Material,,UN,"1,0000000","82,47","82,47"
,,,,,,,,,
,,,,,,,,,
,,,,,,,,,
 10.7.1.5 ,Código,Banco,Descrição,Tipo,,Und,Quant.,Valor Unit,Total
Composição, J0177 ,Próprio,DISPOSITIVO DE PROTEÇÃO CONTRA SURTOS DE TENSÃO (DPS) - 40 KA/275V -  FORNECIMENTO E INSTALAÇÃO,INEL - INSTALAÇÃO ELÉTRICA/ELETRIFICAÇÃO E ILUMINAÇÃO EXTERNA,,UN,"1,0000000","91,42","91,42"
Composição Auxiliar, 88264 ,SINAPI,ELETRICISTA COM ENCARGOS COMPLEMENTARES,Livro SINAPI: Cálculos e Parâmetros,,H,"0,1030023","29,57","3,04"
Composição Auxiliar, 88316 ,SINAPI,SERVENTE COM ENCARGOS COMPLEMENTARES,Livro SINAPI: Cálculos e Parâmetros,,H,"0,1030023","23,37","2,40"
Insumo, 00039471 ,SINAPI,"DISPOSITIVO DPS CLASSE II, 1 POLO, TENSAO MAXIMA DE 275 V, CORRENTE MAXIMA DE *45* KA (TIPO AC)",Material,,UN,"1,0000000","77,50","77,50"
Insumo, 00001571 ,SINAPI,"TERMINAL A COMPRESSAO EM COBRE ESTANHADO PARA CABO 4 MM2, 1 FURO E 1 COMPRESSAO, PARA PARAFUSO DE FIXACAO M5",Material,,UN,"8,0000000","1,06","8,48"
,,,,,,,,,
,,,,,,,,,
,,,,,,,,,
 10.7.1.6 ,Código,Banco,Descrição,Tipo,,Und,Quant.,Valor Unit,Total
Composição, J0137 ,Próprio,TERMINAL A COMPRESSÃO PARA CABO DE 25 mm² A 35mm²,ASTU - ASSENTAMENTO DE TUBOS E PECAS,,UN,"1,0000000","6,87","6,87"
Composição Auxiliar, 88247 ,SINAPI,AUXILIAR DE ELETRICISTA COM ENCARGOS COMPLEMENTARES,Livro SINAPI: Cálculos e Parâmetros,,H,"0,0796257","24,99","1,98"
Composição Auxiliar, 88264 ,SINAPI,ELETRICISTA COM ENCARGOS COMPLEMENTARES,Livro SINAPI: Cálculos e Parâmetros,,H,"0,0796257","29,57","2,35"
Insumo, 00001577 ,SINAPI,"TERMINAL A COMPRESSAO EM COBRE ESTANHADO PARA CABO 35 MM2, 1 FURO E 1 COMPRESSAO, PARA PARAFUSO DE FIXACAO M8",Material,,UN,"1,0000000","2,54","2,54"
,,,,,,,,,
,,,,,,,,,
,,,,,,,,,
 10.7.1.7 ,Código,Banco,Descrição,Tipo,,Und,Quant.,Valor Unit,Total
Composição, J0043 ,Próprio,"DISJUNTOR DIFERENCIAL DR – 16A – 40A, 30mA",INEL - INSTALAÇÃO ELÉTRICA/ELETRIFICAÇÃO E ILUMINAÇÃO EXTERNA,,UN,"1,0000000","133,20","133,20"
Composição Auxiliar, 88247 ,SINAPI,AUXILIAR DE ELETRICISTA COM ENCARGOS COMPLEMENTARES,Livro SINAPI: Cálculos e Parâmetros,,H,"0,4739812","24,99","11,84"
Composição Auxiliar, 88264 ,SINAPI,ELETRICISTA COM ENCARGOS COMPLEMENTARES,Livro SINAPI: Cálculos e Parâmetros,,H,"0,4739812","29,57","14,01"
Insumo, I8365 ,SEINFRA,"DISJUNTOR DIFERENCIAL DR-16A - 40A, 30mA",Material,,UN,"1,0000000","107,35","107,35"
,,,,,,,,,
,,,,,,,,,
,,,,,,,,,
 10.7.2 ,,,QLF-S,,,,,,
 10.7.2.1 ,Código,Banco,Descrição,Tipo,,Und,Quant.,Valor Unit,Total
Composição, 101881 ,SINAPI,"QUADRO DE DISTRIBUIÇÃO DE ENERGIA EM CHAPA DE AÇO GALVANIZADO, DE EMBUTIR, COM BARRAMENTO TRIFÁSICO, PARA 40 DISJUNTORES DIN 100A - FORNECIMENTO E INSTALAÇÃO. AF_10/2020","Instalações Elétricas - Quadros, Cabos, Disjuntores, Contatores e Barramentos Blindados",,UN,"1,0000000","710,67","710,67"
Composição Auxiliar, 87367 ,SINAPI,"ARGAMASSA TRAÇO 1:1:6 (EM VOLUME DE CIMENTO, CAL E AREIA MÉDIA ÚMIDA) PARA EMBOÇO/MASSA ÚNICA/ASSENTAMENTO DE ALVENARIA DE VEDAÇÃO, PREPARO MANUAL. AF_08/2019",Argamassas,,m³,"0,0189000","649,04","12,26"
Composição Auxiliar, 88247 ,SINAPI,AUXILIAR DE ELETRICISTA COM ENCARGOS COMPLEMENTARES,Livro SINAPI: Cálculos e Parâmetros,,H,"0,4597101","24,99","11,48"
Composição Auxiliar, 88264 ,SINAPI,ELETRICISTA COM ENCARGOS COMPLEMENTARES,Livro SINAPI: Cálculos e Parâmetros,,H,"0,4597101","29,57","13,59"
Insumo, 00012042 ,SINAPI,"QUADRO DE DISTRIBUICAO COM BARRAMENTO TRIFASICO, DE EMBUTIR, EM CHAPA DE ACO GALVANIZADO, PARA 40 DISJUNTORES DIN, 100 A",Material,,UN,"1,0000000","673,34","673,34"
,,,,,,,,,
,,,,,,,,,
,,,,,,,,,
 10.7.2.2 ,Código,Banco,Descrição,Tipo,,Und,Quant.,Valor Unit,Total
Composição, 93654 ,SINAPI,"DISJUNTOR MONOPOLAR TIPO DIN, CORRENTE NOMINAL DE 16A - FORNECIMENTO E INSTALAÇÃO. AF_10/2020","Instalações Elétricas - Quadros, Cabos, Disjuntores, Contatores e Barramentos Blindados",,UN,"1,0000000","9,58","9,58"
Composição Auxiliar, 88247 ,SINAPI,AUXILIAR DE ELETRICISTA COM ENCARGOS COMPLEMENTARES,Livro SINAPI: Cálculos e Parâmetros,,H,"0,0373375","24,99","0,93"
Composição Auxiliar, 88264 ,SINAPI,ELETRICISTA COM ENCARGOS COMPLEMENTARES,Livro SINAPI: Cálculos e Parâmetros,,H,"0,0373375","29,57","1,10"
Insumo, 00001570 ,SINAPI,"TERMINAL A COMPRESSAO EM COBRE ESTANHADO PARA CABO 2,5 MM2, 1 FURO E 1 COMPRESSAO, PARA PARAFUSO DE FIXACAO M5",Material,,UN,"1,0000000","0,82","0,82"
Insumo, 00034653 ,SINAPI,"DISJUNTOR TERMOMAGNETICO PARA TRILHO DIN (IEC), MONOPOLAR, 6 - 32 A",Material,,UN,"1,0000000","6,73","6,73"
,,,,,,,,,
,,,,,,,,,
,,,,,,,,,
 10.7.2.3 ,Código,Banco,Descrição,Tipo,,Und,Quant.,Valor Unit,Total
Composição, 93655 ,SINAPI,"DISJUNTOR MONOPOLAR TIPO DIN, CORRENTE NOMINAL DE 20A - FORNECIMENTO E INSTALAÇÃO. AF_10/2020","Instalações Elétricas - Quadros, Cabos, Disjuntores, Contatores e Barramentos Blindados",,UN,"1,0000000","10,65","10,65"
Composição Auxiliar, 88247 ,SINAPI,AUXILIAR DE ELETRICISTA COM ENCARGOS COMPLEMENTARES,Livro SINAPI: Cálculos e Parâmetros,,H,"0,0527172","24,99","1,31"
Composição Auxiliar, 88264 ,SINAPI,ELETRICISTA COM ENCARGOS COMPLEMENTARES,Livro SINAPI: Cálculos e Parâmetros,,H,"0,0527172","29,57","1,55"
Insumo, 00001571 ,SINAPI,"TERMINAL A COMPRESSAO EM COBRE ESTANHADO PARA CABO 4 MM2, 1 FURO E 1 COMPRESSAO, PARA PARAFUSO DE FIXACAO M5",Material,,UN,"1,0000000","1,06","1,06"
Insumo, 00034653 ,SINAPI,"DISJUNTOR TERMOMAGNETICO PARA TRILHO DIN (IEC), MONOPOLAR, 6 - 32 A",Material,,UN,"1,0000000","6,73","6,73"
,,,,,,,,,
,,,,,,,,,
,,,,,,,,,
 10.7.2.4 ,Código,Banco,Descrição,Tipo,,Und,Quant.,Valor Unit,Total
Composição, 101894 ,SINAPI,"DISJUNTOR TRIPOLAR TIPO NEMA, CORRENTE NOMINAL DE 60 ATÉ 100A - FORNECIMENTO E INSTALAÇÃO. AF_10/2020","Instalações Elétricas - Quadros, Cabos, Disjuntores, Contatores e Barramentos Blindados",,UN,"1,0000000","123,08","123,08"
Composição Auxiliar, 88247 ,SINAPI,AUXILIAR DE ELETRICISTA COM ENCARGOS COMPLEMENTARES,Livro SINAPI: Cálculos e Parâmetros,,H,"0,6207604","24,99","15,51"
Composição Auxiliar, 88264 ,SINAPI,ELETRICISTA COM ENCARGOS COMPLEMENTARES,Livro SINAPI: Cálculos e Parâmetros,,H,"0,6207604","29,57","18,35"
Insumo, 00001576 ,SINAPI,"TERMINAL A COMPRESSAO EM COBRE ESTANHADO PARA CABO 25 MM2, 1 FURO E 1 COMPRESSAO, PARA PARAFUSO DE FIXACAO M8",Material,,UN,"3,0000000","2,25","6,75"
Insumo, 00002373 ,SINAPI,"DISJUNTOR TIPO NEMA, TRIPOLAR 60 ATE 100 A, TENSAO MAXIMA DE 415 V",Material,,UN,"1,0000000","82,47","82,47"
,,,,,,,,,
,,,,,,,,,
,,,,,,,,,
 10.7.2.5 ,Código,Banco,Descrição,Tipo,,Und,Quant.,Valor Unit,Total
Composição, J0177 ,Próprio,DISPOSITIVO DE PROTEÇÃO CONTRA SURTOS DE TENSÃO (DPS) - 40 KA/275V -  FORNECIMENTO E INSTALAÇÃO,INEL - INSTALAÇÃO ELÉTRICA/ELETRIFICAÇÃO E ILUMINAÇÃO EXTERNA,,UN,"1,0000000","91,42","91,42"
Composição Auxiliar, 88264 ,SINAPI,ELETRICISTA COM ENCARGOS COMPLEMENTARES,Livro SINAPI: Cálculos e Parâmetros,,H,"0,1030023","29,57","3,04"
Composição Auxiliar, 88316 ,SINAPI,SERVENTE COM ENCARGOS COMPLEMENTARES,Livro SINAPI: Cálculos e Parâmetros,,H,"0,1030023","23,37","2,40"
Insumo, 00039471 ,SINAPI,"DISPOSITIVO DPS CLASSE II, 1 POLO, TENSAO MAXIMA DE 275 V, CORRENTE MAXIMA DE *45* KA (TIPO AC)",Material,,UN,"1,0000000","77,50","77,50"
Insumo, 00001571 ,SINAPI,"TERMINAL A COMPRESSAO EM COBRE ESTANHADO PARA CABO 4 MM2, 1 FURO E 1 COMPRESSAO, PARA PARAFUSO DE FIXACAO M5",Material,,UN,"8,0000000","1,06","8,48"
,,,,,,,,,
,,,,,,,,,
,,,,,,,,,
 10.7.2.6 ,Código,Banco,Descrição,Tipo,,Und,Quant.,Valor Unit,Total
Composição, J0136 ,Próprio,TERMINAL A COMPRESSÃO PARA CABO DE 10 mm² A 16mm²,INEL - INSTALAÇÃO ELÉTRICA/ELETRIFICAÇÃO E ILUMINAÇÃO EXTERNA,,UN,"1,0000000","5,96","5,96"
Composição Auxiliar, 88247 ,SINAPI,AUXILIAR DE ELETRICISTA COM ENCARGOS COMPLEMENTARES,Livro SINAPI: Cálculos e Parâmetros,,H,"0,0797766","24,99","1,99"
Composição Auxiliar, 88264 ,SINAPI,ELETRICISTA COM ENCARGOS COMPLEMENTARES,Livro SINAPI: Cálculos e Parâmetros,,H,"0,0797766","29,57","2,35"
Insumo, 00001575 ,SINAPI,"TERMINAL A COMPRESSAO EM COBRE ESTANHADO PARA CABO 16 MM2, 1 FURO E 1 COMPRESSAO, PARA PARAFUSO DE FIXACAO M6",Material,,UN,"1,0000000","1,62","1,62"
,,,,,,,,,
,,,,,,,,,
,,,,,,,,,
 10.7.2.7 ,Código,Banco,Descrição,Tipo,,Und,Quant.,Valor Unit,Total
Composição, J0043 ,Próprio,"DISJUNTOR DIFERENCIAL DR – 16A – 40A, 30mA",INEL - INSTALAÇÃO ELÉTRICA/ELETRIFICAÇÃO E ILUMINAÇÃO EXTERNA,,UN,"1,0000000","133,20","133,20"
Composição Auxiliar, 88247 ,SINAPI,AUXILIAR DE ELETRICISTA COM ENCARGOS COMPLEMENTARES,Livro SINAPI: Cálculos e Parâmetros,,H,"0,4739812","24,99","11,84"
Composição Auxiliar, 88264 ,SINAPI,ELETRICISTA COM ENCARGOS COMPLEMENTARES,Livro SINAPI: Cálculos e Parâmetros,,H,"0,4739812","29,57","14,01"
Insumo, I8365 ,SEINFRA,"DISJUNTOR DIFERENCIAL DR-16A - 40A, 30mA",Material,,UN,"1,0000000","107,35","107,35"
,,,,,,,,,
,,,,,,,,,
,,,,,,,,,
 10.7.3 ,,,QFAC-T,,,,,,
 10.7.3.1 ,Código,Banco,Descrição,Tipo,,Und,Quant.,Valor Unit,Total
Composição, 101880 ,SINAPI,"QUADRO DE DISTRIBUIÇÃO DE ENERGIA EM CHAPA DE AÇO GALVANIZADO, DE EMBUTIR, COM BARRAMENTO TRIFÁSICO, PARA 30 DISJUNTORES DIN 150A - FORNECIMENTO E INSTALAÇÃO. AF_10/2020","Instalações Elétricas - Quadros, Cabos, Disjuntores, Contatores e Barramentos Blindados",,UN,"1,0000000","496,73","496,73"
Composição Auxiliar, 87367 ,SINAPI,"ARGAMASSA TRAÇO 1:1:6 (EM VOLUME DE CIMENTO, CAL E AREIA MÉDIA ÚMIDA) PARA EMBOÇO/MASSA ÚNICA/ASSENTAMENTO DE ALVENARIA DE VEDAÇÃO, PREPARO MANUAL. AF_08/2019",Argamassas,,m³,"0,0192000","649,04","12,46"
Composição Auxiliar, 88247 ,SINAPI,AUXILIAR DE ELETRICISTA COM ENCARGOS COMPLEMENTARES,Livro SINAPI: Cálculos e Parâmetros,,H,"0,4654235","24,99","11,63"
Composição Auxiliar, 88264 ,SINAPI,ELETRICISTA COM ENCARGOS COMPLEMENTARES,Livro SINAPI: Cálculos e Parâmetros,,H,"0,4654235","29,57","13,76"
Insumo, 00012041 ,SINAPI,"QUADRO DE DISTRIBUICAO COM BARRAMENTO TRIFASICO, DE EMBUTIR, EM CHAPA DE ACO GALVANIZADO, PARA 30 DISJUNTORES DIN, 150 A",Material,,UN,"1,0000000","458,88","458,88"
,,,,,,,,,
,,,,,,,,,
,,,,,,,,,
 10.7.3.2 ,Código,Banco,Descrição,Tipo,,Und,Quant.,Valor Unit,Total
Composição, 93656 ,SINAPI,"DISJUNTOR MONOPOLAR TIPO DIN, CORRENTE NOMINAL DE 25A - FORNECIMENTO E INSTALAÇÃO. AF_10/2020","Instalações Elétricas - Quadros, Cabos, Disjuntores, Contatores e Barramentos Blindados",,UN,"1,0000000","10,65","10,65"
Composição Auxiliar, 88247 ,SINAPI,AUXILIAR DE ELETRICISTA COM ENCARGOS COMPLEMENTARES,Livro SINAPI: Cálculos e Parâmetros,,H,"0,0527172","24,99","1,31"
Composição Auxiliar, 88264 ,SINAPI,ELETRICISTA COM ENCARGOS COMPLEMENTARES,Livro SINAPI: Cálculos e Parâmetros,,H,"0,0527172","29,57","1,55"
Insumo, 00001571 ,SINAPI,"TERMINAL A COMPRESSAO EM COBRE ESTANHADO PARA CABO 4 MM2, 1 FURO E 1 COMPRESSAO, PARA PARAFUSO DE FIXACAO M5",Material,,UN,"1,0000000","1,06","1,06"
Insumo, 00034653 ,SINAPI,"DISJUNTOR TERMOMAGNETICO PARA TRILHO DIN (IEC), MONOPOLAR, 6 - 32 A",Material,,UN,"1,0000000","6,73","6,73"
,,,,,,,,,
,,,,,,,,,
,,,,,,,,,
 10.7.3.3 ,Código,Banco,Descrição,Tipo,,Und,Quant.,Valor Unit,Total
Composição, 93657 ,SINAPI,"DISJUNTOR MONOPOLAR TIPO DIN, CORRENTE NOMINAL DE 32A - FORNECIMENTO E INSTALAÇÃO. AF_10/2020","Instalações Elétricas - Quadros, Cabos, Disjuntores, Contatores e Barramentos Blindados",,UN,"1,0000000","11,93","11,93"
Composição Auxiliar, 88247 ,SINAPI,AUXILIAR DE ELETRICISTA COM ENCARGOS COMPLEMENTARES,Livro SINAPI: Cálculos e Parâmetros,,H,"0,0723858","24,99","1,80"
Composição Auxiliar, 88264 ,SINAPI,ELETRICISTA COM ENCARGOS COMPLEMENTARES,Livro SINAPI: Cálculos e Parâmetros,,H,"0,0723858","29,57","2,14"
Insumo, 00001573 ,SINAPI,"TERMINAL A COMPRESSAO EM COBRE ESTANHADO PARA CABO 6 MM2, 1 FURO E 1 COMPRESSAO, PARA PARAFUSO DE FIXACAO M6",Material,,UN,"1,0000000","1,26","1,26"
Insumo, 00034653 ,SINAPI,"DISJUNTOR TERMOMAGNETICO PARA TRILHO DIN (IEC), MONOPOLAR, 6 - 32 A",Material,,UN,"1,0000000","6,73","6,73"
,,,,,,,,,
,,,,,,,,,
,,,,,,,,,
 10.7.3.4 ,Código,Banco,Descrição,Tipo,,Und,Quant.,Valor Unit,Total
Composição, 101894 ,SINAPI,"DISJUNTOR TRIPOLAR TIPO NEMA, CORRENTE NOMINAL DE 60 ATÉ 100A - FORNECIMENTO E INSTALAÇÃO. AF_10/2020","Instalações Elétricas - Quadros, Cabos, Disjuntores, Contatores e Barramentos Blindados",,UN,"1,0000000","123,08","123,08"
Composição Auxiliar, 88247 ,SINAPI,AUXILIAR DE ELETRICISTA COM ENCARGOS COMPLEMENTARES,Livro SINAPI: Cálculos e Parâmetros,,H,"0,6207604","24,99","15,51"
Composição Auxiliar, 88264 ,SINAPI,ELETRICISTA COM ENCARGOS COMPLEMENTARES,Livro SINAPI: Cálculos e Parâmetros,,H,"0,6207604","29,57","18,35"
Insumo, 00001576 ,SINAPI,"TERMINAL A COMPRESSAO EM COBRE ESTANHADO PARA CABO 25 MM2, 1 FURO E 1 COMPRESSAO, PARA PARAFUSO DE FIXACAO M8",Material,,UN,"3,0000000","2,25","6,75"
Insumo, 00002373 ,SINAPI,"DISJUNTOR TIPO NEMA, TRIPOLAR 60 ATE 100 A, TENSAO MAXIMA DE 415 V",Material,,UN,"1,0000000","82,47","82,47"
,,,,,,,,,
,,,,,,,,,
,,,,,,,,,
 10.7.3.5 ,Código,Banco,Descrição,Tipo,,Und,Quant.,Valor Unit,Total
Composição, 101895 ,SINAPI,"DISJUNTOR TERMOMAGNÉTICO TRIPOLAR, CORRENTE NOMINAL DE 125A - FORNECIMENTO E INSTALAÇÃO. AF_10/2020","Instalações Elétricas - Quadros, Cabos, Disjuntores, Contatores e Barramentos Blindados",,UN,"1,0000000","328,00","328,00"
Composição Auxiliar, 88247 ,SINAPI,AUXILIAR DE ELETRICISTA COM ENCARGOS COMPLEMENTARES,Livro SINAPI: Cálculos e Parâmetros,,H,"1,0435441","24,99","26,07"
Composição Auxiliar, 88264 ,SINAPI,ELETRICISTA COM ENCARGOS COMPLEMENTARES,Livro SINAPI: Cálculos e Parâmetros,,H,"1,0435441","29,57","30,85"
Insumo, 00001578 ,SINAPI,"TERMINAL A COMPRESSAO EM COBRE ESTANHADO PARA CABO 50 MM2, 1 FURO E 1 COMPRESSAO, PARA PARAFUSO DE FIXACAO M8",Material,,UN,"3,0000000","4,39","13,17"
Insumo, 00002391 ,SINAPI,DISJUNTOR TERMOMAGNETICO TRIPOLAR 125 A / 425 V / ICC - 25 KA,Material,,UN,"1,0000000","257,91","257,91"
,,,,,,,,,
,,,,,,,,,
,,,,,,,,,
 10.7.3.6 ,Código,Banco,Descrição,Tipo,,Und,Quant.,Valor Unit,Total
Composição, J0177 ,Próprio,DISPOSITIVO DE PROTEÇÃO CONTRA SURTOS DE TENSÃO (DPS) - 40 KA/275V -  FORNECIMENTO E INSTALAÇÃO,INEL - INSTALAÇÃO ELÉTRICA/ELETRIFICAÇÃO E ILUMINAÇÃO EXTERNA,,UN,"1,0000000","91,42","91,42"
Composição Auxiliar, 88264 ,SINAPI,ELETRICISTA COM ENCARGOS COMPLEMENTARES,Livro SINAPI: Cálculos e Parâmetros,,H,"0,1030023","29,57","3,04"
Composição Auxiliar, 88316 ,SINAPI,SERVENTE COM ENCARGOS COMPLEMENTARES,Livro SINAPI: Cálculos e Parâmetros,,H,"0,1030023","23,37","2,40"
Insumo, 00039471 ,SINAPI,"DISPOSITIVO DPS CLASSE II, 1 POLO, TENSAO MAXIMA DE 275 V, CORRENTE MAXIMA DE *45* KA (TIPO AC)",Material,,UN,"1,0000000","77,50","77,50"
Insumo, 00001571 ,SINAPI,"TERMINAL A COMPRESSAO EM COBRE ESTANHADO PARA CABO 4 MM2, 1 FURO E 1 COMPRESSAO, PARA PARAFUSO DE FIXACAO M5",Material,,UN,"8,0000000","1,06","8,48"
,,,,,,,,,
,,,,,,,,,
,,,,,,,,,
 10.7.4 ,,,QFAC-S,,,,,,
 10.7.4.1 ,Código,Banco,Descrição,Tipo,,Und,Quant.,Valor Unit,Total
Composição, 101880 ,SINAPI,"QUADRO DE DISTRIBUIÇÃO DE ENERGIA EM CHAPA DE AÇO GALVANIZADO, DE EMBUTIR, COM BARRAMENTO TRIFÁSICO, PARA 30 DISJUNTORES DIN 150A - FORNECIMENTO E INSTALAÇÃO. AF_10/2020","Instalações Elétricas - Quadros, Cabos, Disjuntores, Contatores e Barramentos Blindados",,UN,"1,0000000","496,73","496,73"
Composição Auxiliar, 87367 ,SINAPI,"ARGAMASSA TRAÇO 1:1:6 (EM VOLUME DE CIMENTO, CAL E AREIA MÉDIA ÚMIDA) PARA EMBOÇO/MASSA ÚNICA/ASSENTAMENTO DE ALVENARIA DE VEDAÇÃO, PREPARO MANUAL. AF_08/2019",Argamassas,,m³,"0,0192000","649,04","12,46"
Composição Auxiliar, 88247 ,SINAPI,AUXILIAR DE ELETRICISTA COM ENCARGOS COMPLEMENTARES,Livro SINAPI: Cálculos e Parâmetros,,H,"0,4654235","24,99","11,63"
Composição Auxiliar, 88264 ,SINAPI,ELETRICISTA COM ENCARGOS COMPLEMENTARES,Livro SINAPI: Cálculos e Parâmetros,,H,"0,4654235","29,57","13,76"
Insumo, 00012041 ,SINAPI,"QUADRO DE DISTRIBUICAO COM BARRAMENTO TRIFASICO, DE EMBUTIR, EM CHAPA DE ACO GALVANIZADO, PARA 30 DISJUNTORES DIN, 150 A",Material,,UN,"1,0000000","458,88","458,88"
,,,,,,,,,
,,,,,,,,,
,,,,,,,,,
 10.7.4.2 ,Código,Banco,Descrição,Tipo,,Und,Quant.,Valor Unit,Total
Composição, 93655 ,SINAPI,"DISJUNTOR MONOPOLAR TIPO DIN, CORRENTE NOMINAL DE 20A - FORNECIMENTO E INSTALAÇÃO. AF_10/2020","Instalações Elétricas - Quadros, Cabos, Disjuntores, Contatores e Barramentos Blindados",,UN,"1,0000000","10,65","10,65"
Composição Auxiliar, 88247 ,SINAPI,AUXILIAR DE ELETRICISTA COM ENCARGOS COMPLEMENTARES,Livro SINAPI: Cálculos e Parâmetros,,H,"0,0527172","24,99","1,31"
Composição Auxiliar, 88264 ,SINAPI,ELETRICISTA COM ENCARGOS COMPLEMENTARES,Livro SINAPI: Cálculos e Parâmetros,,H,"0,0527172","29,57","1,55"
Insumo, 00001571 ,SINAPI,"TERMINAL A COMPRESSAO EM COBRE ESTANHADO PARA CABO 4 MM2, 1 FURO E 1 COMPRESSAO, PARA PARAFUSO DE FIXACAO M5",Material,,UN,"1,0000000","1,06","1,06"
Insumo, 00034653 ,SINAPI,"DISJUNTOR TERMOMAGNETICO PARA TRILHO DIN (IEC), MONOPOLAR, 6 - 32 A",Material,,UN,"1,0000000","6,73","6,73"
,,,,,,,,,
,,,,,,,,,
,,,,,,,,,
 10.7.4.3 ,Código,Banco,Descrição,Tipo,,Und,Quant.,Valor Unit,Total
Composição, 93657 ,SINAPI,"DISJUNTOR MONOPOLAR TIPO DIN, CORRENTE NOMINAL DE 32A - FORNECIMENTO E INSTALAÇÃO. AF_10/2020","Instalações Elétricas - Quadros, Cabos, Disjuntores, Contatores e Barramentos Blindados",,UN,"1,0000000","11,93","11,93"
Composição Auxiliar, 88247 ,SINAPI,AUXILIAR DE ELETRICISTA COM ENCARGOS COMPLEMENTARES,Livro SINAPI: Cálculos e Parâmetros,,H,"0,0723858","24,99","1,80"
Composição Auxiliar, 88264 ,SINAPI,ELETRICISTA COM ENCARGOS COMPLEMENTARES,Livro SINAPI: Cálculos e Parâmetros,,H,"0,0723858","29,57","2,14"
Insumo, 00001573 ,SINAPI,"TERMINAL A COMPRESSAO EM COBRE ESTANHADO PARA CABO 6 MM2, 1 FURO E 1 COMPRESSAO, PARA PARAFUSO DE FIXACAO M6",Material,,UN,"1,0000000","1,26","1,26"
Insumo, 00034653 ,SINAPI,"DISJUNTOR TERMOMAGNETICO PARA TRILHO DIN (IEC), MONOPOLAR, 6 - 32 A",Material,,UN,"1,0000000","6,73","6,73"
,,,,,,,,,
,,,,,,,,,
,,,,,,,,,
 10.7.4.4 ,Código,Banco,Descrição,Tipo,,Und,Quant.,Valor Unit,Total
Composição, 101894 ,SINAPI,"DISJUNTOR TRIPOLAR TIPO NEMA, CORRENTE NOMINAL DE 60 ATÉ 100A - FORNECIMENTO E INSTALAÇÃO. AF_10/2020","Instalações Elétricas - Quadros, Cabos, Disjuntores, Contatores e Barramentos Blindados",,UN,"1,0000000","123,08","123,08"
Composição Auxiliar, 88247 ,SINAPI,AUXILIAR DE ELETRICISTA COM ENCARGOS COMPLEMENTARES,Livro SINAPI: Cálculos e Parâmetros,,H,"0,6207604","24,99","15,51"
Composição Auxiliar, 88264 ,SINAPI,ELETRICISTA COM ENCARGOS COMPLEMENTARES,Livro SINAPI: Cálculos e Parâmetros,,H,"0,6207604","29,57","18,35"
Insumo, 00001576 ,SINAPI,"TERMINAL A COMPRESSAO EM COBRE ESTANHADO PARA CABO 25 MM2, 1 FURO E 1 COMPRESSAO, PARA PARAFUSO DE FIXACAO M8",Material,,UN,"3,0000000","2,25","6,75"
Insumo, 00002373 ,SINAPI,"DISJUNTOR TIPO NEMA, TRIPOLAR 60 ATE 100 A, TENSAO MAXIMA DE 415 V",Material,,UN,"1,0000000","82,47","82,47"
,,,,,,,,,
,,,,,,,,,
,,,,,,,,,
 10.7.4.5 ,Código,Banco,Descrição,Tipo,,Und,Quant.,Valor Unit,Total
Composição, J0177 ,Próprio,DISPOSITIVO DE PROTEÇÃO CONTRA SURTOS DE TENSÃO (DPS) - 40 KA/275V -  FORNECIMENTO E INSTALAÇÃO,INEL - INSTALAÇÃO ELÉTRICA/ELETRIFICAÇÃO E ILUMINAÇÃO EXTERNA,,UN,"1,0000000","91,42","91,42"
Composição Auxiliar, 88264 ,SINAPI,ELETRICISTA COM ENCARGOS COMPLEMENTARES,Livro SINAPI: Cálculos e Parâmetros,,H,"0,1030023","29,57","3,04"
Composição Auxiliar, 88316 ,SINAPI,SERVENTE COM ENCARGOS COMPLEMENTARES,Livro SINAPI: Cálculos e Parâmetros,,H,"0,1030023","23,37","2,40"
Insumo, 00039471 ,SINAPI,"DISPOSITIVO DPS CLASSE II, 1 POLO, TENSAO MAXIMA DE 275 V, CORRENTE MAXIMA DE *45* KA (TIPO AC)",Material,,UN,"1,0000000","77,50","77,50"
Insumo, 00001571 ,SINAPI,"TERMINAL A COMPRESSAO EM COBRE ESTANHADO PARA CABO 4 MM2, 1 FURO E 1 COMPRESSAO, PARA PARAFUSO DE FIXACAO M5",Material,,UN,"8,0000000","1,06","8,48"
,,,,,,,,,
,,,,,,,,,
,,,,,,,,,
 10.7.5 ,,,QB RECALQUE,,,,,,
 10.7.5.1 ,Código,Banco,Descrição,Tipo,,Und,Quant.,Valor Unit,Total
Composição, J0108 ,Próprio,"QUADRO DE BOMBA DE RECALQUE, COMPLETO - PARA 1 BOMBA",INEL - INSTALAÇÃO ELÉTRICA/ELETRIFICAÇÃO E ILUMINAÇÃO EXTERNA,,UN,"1,0000000","830,69","830,69"
Composição Auxiliar, 88247 ,SINAPI,AUXILIAR DE ELETRICISTA COM ENCARGOS COMPLEMENTARES,Livro SINAPI: Cálculos e Parâmetros,,H,"1,0846539","24,99","27,10"
Composição Auxiliar, 88264 ,SINAPI,ELETRICISTA COM ENCARGOS COMPLEMENTARES,Livro SINAPI: Cálculos e Parâmetros,,H,"1,0846539","29,57","32,07"
Insumo, 3001 ,ORSE,Botão de comando duplo,Material,,un,"1,0000000","64,00","64,00"
Insumo, I0648 ,SEINFRA,CONTACTOR AUXILIAR 2NA + 2NF,Material,,UN,"1,0000000","115,53","115,53"
Insumo, 00001625 ,SINAPI,"CONTATOR TRIPOLAR, CORRENTE DE *22* A, TENSAO NOMINAL DE *500* V, CATEGORIA AC-2 E AC-3",Material,,UN,"1,0000000","163,98","163,98"
Insumo, 12405 ,ORSE,Sinaleiro monobloco led110/220V,Material,,un,"2,0000000","26,88","53,76"
Insumo, 00034709 ,SINAPI,"DISJUNTOR TERMOMAGNETICO PARA TRILHO DIN (IEC), TRIPOLAR, 10 - 50 A",Material,,UN,"1,0000000","47,28","47,28"
Insumo, I0436 ,SEINFRA,CAIXA TIPO 'J' 50X60X27CM,Material,,UN,"1,0000000","71,90","71,90"
Insumo, I7417 ,SEINFRA,RELÉ BIMETÁLICO SOBRECARGA 3UA52 P/ 3TF42/43,Material,,UN,"1,0000000","86,88","86,88"
Insumo, I8953 ,SEINFRA,RELÉ DE NÍVEL COM 2 ELETRODOS CONTATOS DE 10A - 250V,Material,,UN,"1,0000000","101,42","101,42"
Insumo, 11937 ,ORSE,Chave comutadora de 3 posições em retenção ref. S1-3SB3001-2AA21 da Siemens ou similar,Material,,un,"1,0000000","66,77","66,77"
,,,,,,,,,
,,,,,,,,,
,,,,,,,,,
 10.7.6 ,,,QB INCÊNDIO,,,,,,
 10.7.6.1 ,Código,Banco,Descrição,Tipo,,Und,Quant.,Valor Unit,Total
Composição, J0110 ,Próprio,"QUADRO DE BOMBA DE INCÊNDIO, COMPLETO - PARA 1 BOMBA",ASTU - ASSENTAMENTO DE TUBOS E PECAS,,UN,"1,0000000","729,51","729,51"
Composição Auxiliar, 88247 ,SINAPI,AUXILIAR DE ELETRICISTA COM ENCARGOS COMPLEMENTARES,Livro SINAPI: Cálculos e Parâmetros,,H,"1,0891814","24,99","27,21"
Composição Auxiliar, 88264 ,SINAPI,ELETRICISTA COM ENCARGOS COMPLEMENTARES,Livro SINAPI: Cálculos e Parâmetros,,H,"1,0891814","29,57","32,20"
Insumo, I0648 ,SEINFRA,CONTACTOR AUXILIAR 2NA + 2NF,Material,,UN,"1,0000000","115,53","115,53"
Insumo, 12405 ,ORSE,Sinaleiro monobloco led110/220V,Material,,un,"2,0000000","26,88","53,76"
Insumo, 00034709 ,SINAPI,"DISJUNTOR TERMOMAGNETICO PARA TRILHO DIN (IEC), TRIPOLAR, 10 - 50 A",Material,,UN,"1,0000000","47,28","47,28"
Insumo, I0436 ,SEINFRA,CAIXA TIPO 'J' 50X60X27CM,Material,,UN,"1,0000000","71,90","71,90"
Insumo, I7417 ,SEINFRA,RELÉ BIMETÁLICO SOBRECARGA 3UA52 P/ 3TF42/43,Material,,UN,"1,0000000","86,88","86,88"
Insumo, 11937 ,ORSE,Chave comutadora de 3 posições em retenção ref. S1-3SB3001-2AA21 da Siemens ou similar,Material,,un,"1,0000000","66,77","66,77"
Insumo, 3001 ,ORSE,Botão de comando duplo,Material,,un,"1,0000000","64,00","64,00"
Insumo, 00001625 ,SINAPI,"CONTATOR TRIPOLAR, CORRENTE DE *22* A, TENSAO NOMINAL DE *500* V, CATEGORIA AC-2 E AC-3",Material,,UN,"1,0000000","163,98","163,98"
,,,,,,,,,
,,,,,,,,,
,,,,,,,,,
 11 ,,,INSTALAÇÕES LÓGICA/TELEFÔNICA/SOM,,,,,,
 11.1 ,,,INSTALAÇÃO TERMINAL,,,,,,
 11.1.1 ,,,RACK DE INTERNET,,,,,,
 11.1.1.1 ,Código,Banco,Descrição,Tipo,,Und,Quant.,Valor Unit,Total
Composição, 98305 ,SINAPI,RACK FECHADO PARA SERVIDOR - FORNECIMENTO E INSTALAÇÃO. AF_11/2019,"Redes de Lógica, Telefonia e Imagem",,UN,"1,0000000","2.167,60","2.167,60"
Composição Auxiliar, 88247 ,SINAPI,AUXILIAR DE ELETRICISTA COM ENCARGOS COMPLEMENTARES,Livro SINAPI: Cálculos e Parâmetros,,H,"0,7211913","24,99","18,02"
Composição Auxiliar, 88264 ,SINAPI,ELETRICISTA COM ENCARGOS COMPLEMENTARES,Livro SINAPI: Cálculos e Parâmetros,,H,"0,7211913","29,57","21,32"
Insumo, 00043836 ,SINAPI,"RACK DE PISO PARA SERVIDOR, FECHADO, 44U, COM PORTA, 44U X *570* MM",Material,,UN,"1,0000000","2.128,26","2.128,26"
,,,,,,,,,
,,,,,,,,,
,,,,,,,,,
 11.1.1.2 ,Código,Banco,Descrição,Tipo,,Und,Quant.,Valor Unit,Total
Composição, 98302 ,SINAPI,"PATCH PANEL 24 PORTAS, CATEGORIA 6 - FORNECIMENTO E INSTALAÇÃO. AF_11/2019","Redes de Lógica, Telefonia e Imagem",,UN,"1,0000000","968,60","968,60"
Composição Auxiliar, 88247 ,SINAPI,AUXILIAR DE ELETRICISTA COM ENCARGOS COMPLEMENTARES,Livro SINAPI: Cálculos e Parâmetros,,H,"4,9160638","24,99","122,85"
Composição Auxiliar, 88264 ,SINAPI,ELETRICISTA COM ENCARGOS COMPLEMENTARES,Livro SINAPI: Cálculos e Parâmetros,,H,"4,9160638","29,57","145,36"
Insumo, 00039596 ,SINAPI,"PATCH PANEL, 24 PORTAS, CATEGORIA 6, COM RACKS DE 19"" DE LARGURA E 1 U DE ALTURA",Material,,UN,"1,0000000","700,39","700,39"
,,,,,,,,,
,,,,,,,,,
,,,,,,,,,
 11.1.1.3 ,Código,Banco,Descrição,Tipo,,Und,Quant.,Valor Unit,Total
Composição, K0016 ,Próprio,"ORGANIZADOR DE CABOS HORIZONTAL, ABERTO, PADRÃO RACK 19""",SEDI - SERVIÇOS DIVERSOS,,UN,"1,0000000","32,83","32,83"
Composição Auxiliar, 88247 ,SINAPI,AUXILIAR DE ELETRICISTA COM ENCARGOS COMPLEMENTARES,Livro SINAPI: Cálculos e Parâmetros,,H,"0,1966227","24,99","4,91"
Insumo, I8448 ,SEINFRA,"ORGANIZADOR DE CABOS HORIZONTAL, ABERTO, PADRÃO RACK 19""",Material,,UN,"1,0000000","27,92","27,92"
,,,,,,,,,
,,,,,,,,,
,,,,,,,,,
 11.1.1.4 ,Código,Banco,Descrição,Tipo,,Und,Quant.,Valor Unit,Total
Composição, K0006 ,Próprio,"MINI DIO – DISTRIBUIDOR INTERNO ÓPTICO COM ACESSÓRIOS, COM 06  ACOPLADORES OPTICO DUPLEX SM LC 12 PIG TAIL SIMPLEX SM LC, INCLUSO  FORNECIMENTO E INSTALAÇÃO",INES - INSTALAÇÕES ESPECIAIS,,UN,"1,0000000","437,96","437,96"
Composição Auxiliar, 88247 ,SINAPI,AUXILIAR DE ELETRICISTA COM ENCARGOS COMPLEMENTARES,Livro SINAPI: Cálculos e Parâmetros,,H,"1,9799276","24,99","49,47"
Composição Auxiliar, 88264 ,SINAPI,ELETRICISTA COM ENCARGOS COMPLEMENTARES,Livro SINAPI: Cálculos e Parâmetros,,H,"1,9799276","29,57","58,54"
Insumo, I8444 ,SEINFRA,"DISTRIBUIDOR INTERNO ÓPTICO - D.I.O. PARA 12 FIBRAS MONO-MODO, COM CONCETORES ST, PADRÃO 19""",Material,,UN,"1,0000000","329,95","329,95"
,,,,,,,,,
,,,,,,,,,
,,,,,,,,,
 11.1.2 ,,,CABOS DOS CIRCUITOS TERMINAIS DE DADOS,,,,,,
 11.1.2.1 ,Código,Banco,Descrição,Tipo,,Und,Quant.,Valor Unit,Total
Composição, 98297 ,SINAPI,"CABO ELETRÔNICO CATEGORIA 6, INSTALADO EM EDIFICAÇÃO INSTITUCIONAL - FORNECIMENTO E INSTALAÇÃO. AF_11/2019","Redes de Lógica, Telefonia e Imagem",,M,"1,0000000","6,38","6,38"
Composição Auxiliar, 88247 ,SINAPI,AUXILIAR DE ELETRICISTA COM ENCARGOS COMPLEMENTARES,Livro SINAPI: Cálculos e Parâmetros,,H,"0,0035945","24,99","0,08"
Composição Auxiliar, 88264 ,SINAPI,ELETRICISTA COM ENCARGOS COMPLEMENTARES,Livro SINAPI: Cálculos e Parâmetros,,H,"0,0035945","29,57","0,10"
Insumo, 00039599 ,SINAPI,"CABO DE REDE, PAR TRANCADO UTP, 4 PARES, CATEGORIA 6 (CAT 6), ISOLAMENTO PVC (LSZH)",Material,,M,"1,0500000","5,91","6,20"
,,,,,,,,,
,,,,,,,,,
,,,,,,,,,
 11.1.2.2 ,Código,Banco,Descrição,Tipo,,Und,Quant.,Valor Unit,Total
Composição, K0014 ,Próprio,"MÓDULO DE TOMADA RJ45, 8 FIOS, CATEGORIA 6 - FORNECIMENTO E  INSTALAÇÃO",INES - INSTALAÇÕES ESPECIAIS,,UN,"1,0000000","35,39","35,39"
Composição Auxiliar, 88247 ,SINAPI,AUXILIAR DE ELETRICISTA COM ENCARGOS COMPLEMENTARES,Livro SINAPI: Cálculos e Parâmetros,,H,"0,1633386","24,99","4,08"
Composição Auxiliar, 88264 ,SINAPI,ELETRICISTA COM ENCARGOS COMPLEMENTARES,Livro SINAPI: Cálculos e Parâmetros,,H,"0,1633386","29,57","4,82"
Insumo, 00038104 ,SINAPI,"TOMADA RJ45, 8 FIOS, CAT 5E (APENAS MODULO)",Material,,UN,"1,0000000","26,49","26,49"
,,,,,,,,,
,,,,,,,,,
,,,,,,,,,
 11.1.2.3 ,Código,Banco,Descrição,Tipo,,Und,Quant.,Valor Unit,Total
Composição, K0017 ,Próprio,"PATCH CORD, CATEGORIA 6, EXTENSÃO DE 1,50 M",INES - INSTALAÇÕES ESPECIAIS,,UN,"1,0000000","18,83","18,83"
Composição Auxiliar, 88247 ,SINAPI,AUXILIAR DE ELETRICISTA COM ENCARGOS COMPLEMENTARES,Livro SINAPI: Cálculos e Parâmetros,,H,"0,0028399","24,99","0,07"
Composição Auxiliar, 88264 ,SINAPI,ELETRICISTA COM ENCARGOS COMPLEMENTARES,Livro SINAPI: Cálculos e Parâmetros,,H,"0,0028399","29,57","0,08"
Insumo, 00039606 ,SINAPI,"PATCH CORD (CABO DE REDE), CATEGORIA 6 (CAT 6) UTP, 23 AWG, 4 PARES, EXTENSAO DE 1,50 M",Material,,UN,"1,0000000","18,68","18,68"
,,,,,,,,,
,,,,,,,,,
,,,,,,,,,
 11.1.3 ,,,PONTOS DE LÓGICA,,,,,,
 11.1.3.1 ,Código,Banco,Descrição,Tipo,,Und,Quant.,Valor Unit,Total
Composição, 91941 ,SINAPI,"CAIXA RETANGULAR 4"" X 2"" BAIXA (0,30 M DO PISO), PVC, INSTALADA EM PAREDE - FORNECIMENTO E INSTALAÇÃO. AF_03/2023","Instalações Elétricas - Eletrodutos Embutidos, Cabos, Caixas, Tomadas e Interruptores",,UN,"1,0000000","9,03","9,03"
Composição Auxiliar, 88247 ,SINAPI,AUXILIAR DE ELETRICISTA COM ENCARGOS COMPLEMENTARES,Livro SINAPI: Cálculos e Parâmetros,,H,"0,1300429","24,99","3,24"
Composição Auxiliar, 88264 ,SINAPI,ELETRICISTA COM ENCARGOS COMPLEMENTARES,Livro SINAPI: Cálculos e Parâmetros,,H,"0,1300429","29,57","3,84"
Composição Auxiliar, 88629 ,SINAPI,"ARGAMASSA TRAÇO 1:3 (EM VOLUME DE CIMENTO E AREIA MÉDIA ÚMIDA), PREPARO MANUAL. AF_08/2019",Argamassas,,m³,"0,0009000","591,67","0,53"
Insumo, 00001872 ,SINAPI,"CAIXA DE PASSAGEM, EM PVC, DE 4"" X 2"", PARA ELETRODUTO FLEXIVEL CORRUGADO",Material,,UN,"1,0000000","1,42","1,42"
,,,,,,,,,
,,,,,,,,,
,,,,,,,,,
 11.1.3.2 ,Código,Banco,Descrição,Tipo,,Und,Quant.,Valor Unit,Total
Composição, 91940 ,SINAPI,"CAIXA RETANGULAR 4"" X 2"" MÉDIA (1,30 M DO PISO), PVC, INSTALADA EM PAREDE - FORNECIMENTO E INSTALAÇÃO. AF_03/2023","Instalações Elétricas - Eletrodutos Embutidos, Cabos, Caixas, Tomadas e Interruptores",,UN,"1,0000000","14,57","14,57"
Composição Auxiliar, 88247 ,SINAPI,AUXILIAR DE ELETRICISTA COM ENCARGOS COMPLEMENTARES,Livro SINAPI: Cálculos e Parâmetros,,H,"0,2315373","24,99","5,78"
Composição Auxiliar, 88264 ,SINAPI,ELETRICISTA COM ENCARGOS COMPLEMENTARES,Livro SINAPI: Cálculos e Parâmetros,,H,"0,2315373","29,57","6,84"
Composição Auxiliar, 88629 ,SINAPI,"ARGAMASSA TRAÇO 1:3 (EM VOLUME DE CIMENTO E AREIA MÉDIA ÚMIDA), PREPARO MANUAL. AF_08/2019",Argamassas,,m³,"0,0009000","591,67","0,53"
Insumo, 00001872 ,SINAPI,"CAIXA DE PASSAGEM, EM PVC, DE 4"" X 2"", PARA ELETRODUTO FLEXIVEL CORRUGADO",Material,,UN,"1,0000000","1,42","1,42"
,,,,,,,,,
,,,,,,,,,
,,,,,,,,,
 11.1.3.3 ,Código,Banco,Descrição,Tipo,,Und,Quant.,Valor Unit,Total
Composição, 91939 ,SINAPI,"CAIXA RETANGULAR 4"" X 2"" ALTA (2,00 M DO PISO), PVC, INSTALADA EM PAREDE - FORNECIMENTO E INSTALAÇÃO. AF_03/2023","Instalações Elétricas - Eletrodutos Embutidos, Cabos, Caixas, Tomadas e Interruptores",,UN,"1,0000000","25,86","25,86"
Composição Auxiliar, 88247 ,SINAPI,AUXILIAR DE ELETRICISTA COM ENCARGOS COMPLEMENTARES,Livro SINAPI: Cálculos e Parâmetros,,H,"0,4383187","24,99","10,95"
Composição Auxiliar, 88264 ,SINAPI,ELETRICISTA COM ENCARGOS COMPLEMENTARES,Livro SINAPI: Cálculos e Parâmetros,,H,"0,4383187","29,57","12,96"
Composição Auxiliar, 88629 ,SINAPI,"ARGAMASSA TRAÇO 1:3 (EM VOLUME DE CIMENTO E AREIA MÉDIA ÚMIDA), PREPARO MANUAL. AF_08/2019",Argamassas,,m³,"0,0009000","591,67","0,53"
Insumo, 00001872 ,SINAPI,"CAIXA DE PASSAGEM, EM PVC, DE 4"" X 2"", PARA ELETRODUTO FLEXIVEL CORRUGADO",Material,,UN,"1,0000000","1,42","1,42"
,,,,,,,,,
,,,,,,,,,
,,,,,,,,,
 11.1.4 ,,,ELETROCALHA E ACESSÓRIOS,,,,,,
 11.1.4.1 ,Código,Banco,Descrição,Tipo,,Und,Quant.,Valor Unit,Total
Composição, J0007 ,Próprio,ELETROCALHA PERFURADA 100X100MM - FORNECIMENTO E INSTALAÇÃO,SEDI - SERVIÇOS DIVERSOS,,M,"1,0000000","74,88","74,88"
Composição Auxiliar, 88247 ,SINAPI,AUXILIAR DE ELETRICISTA COM ENCARGOS COMPLEMENTARES,Livro SINAPI: Cálculos e Parâmetros,,H,"0,9565651","24,99","23,90"
Composição Auxiliar, 88264 ,SINAPI,ELETRICISTA COM ENCARGOS COMPLEMENTARES,Livro SINAPI: Cálculos e Parâmetros,,H,"0,9565651","29,57","28,28"
Insumo, I1044 ,SEINFRA,DUTO PERFURADO-ELETROCALHA CHAPA DE AÇO (100X100)MM,Material,,M,"1,0000000","22,70","22,70"
,,,,,,,,,
,,,,,,,,,
,,,,,,,,,
 11.1.4.2 ,Código,Banco,Descrição,Tipo,,Und,Quant.,Valor Unit,Total
Composição, J0126 ,Próprio,MÃO FRANCESA 300MM PARA ELETROCALHA - FORNECIMENTO E INSTALAÇÃO,INEL - INSTALAÇÃO ELÉTRICA/ELETRIFICAÇÃO E ILUMINAÇÃO EXTERNA,,UN,"1,0000000","28,62","28,62"
Composição Auxiliar, 88316 ,SINAPI,SERVENTE COM ENCARGOS COMPLEMENTARES,Livro SINAPI: Cálculos e Parâmetros,,H,"0,1185799","23,37","2,77"
Composição Auxiliar, 88264 ,SINAPI,ELETRICISTA COM ENCARGOS COMPLEMENTARES,Livro SINAPI: Cálculos e Parâmetros,,H,"0,1185799","29,57","3,50"
Insumo, 4416 ,ORSE,Mão francesa simples 300 mm,Material,,un,"1,0000000","10,55","10,55"
Insumo, 00004374 ,SINAPI,BUCHA DE NYLON SEM ABA S10,Material,,UN,"3,0000000","0,44","1,32"
Insumo, 00011948 ,SINAPI,"PARAFUSO ZINCADO, SEXTAVADO, COM ROSCA SOBERBA, DIAMETRO 5/16"", COMPRIMENTO 40 MM",Material,,UN,"4,0000000","0,69","2,76"
Insumo, I0138 ,SEINFRA,ARRUELA LISA 5/16''X5/8'',Material,,UN,"6,0000000","0,38","2,28"
Insumo, I9918 ,SEINFRA,"PARAFUSO CABEÇA LENTILHA AUTO TRAVANTE 1/4"" X 5/8""",Material,,UN,"2,0000000","0,14","0,28"
Insumo, 00039997 ,SINAPI,"PORCA ZINCADA, SEXTAVADA, DIAMETRO 1/4""",Material,,UN,"2,0000000","0,30","0,60"
Insumo, 00011267 ,SINAPI,"ARRUELA LISA, REDONDA, DE LATAO POLIDO, DIAMETRO NOMINAL 5/8"", DIAMETRO EXTERNO = 34 MM, DIAMETRO DO FURO = 17 MM, ESPESSURA = *2,5* MM",Material,,UN,"4,0000000","1,14","4,56"
,,,,,,,,,
,,,,,,,,,
,,,,,,,,,
 11.1.4.3 ,Código,Banco,Descrição,Tipo,,Und,Quant.,Valor Unit,Total
Composição, J0127 ,Próprio,EMENDA INTERNA PARA ELETROCALHA PERFURADA 50x100mm - FORNECIMENTO E INSTALAÇÃO,INEL - INSTALAÇÃO ELÉTRICA/ELETRIFICAÇÃO E ILUMINAÇÃO EXTERNA,,UN,"1,0000000","12,86","12,86"
Composição Auxiliar, 88316 ,SINAPI,SERVENTE COM ENCARGOS COMPLEMENTARES,Livro SINAPI: Cálculos e Parâmetros,,H,"0,1600248","23,37","3,73"
Composição Auxiliar, 88264 ,SINAPI,ELETRICISTA COM ENCARGOS COMPLEMENTARES,Livro SINAPI: Cálculos e Parâmetros,,H,"0,1600248","29,57","4,73"
Insumo, 4032 ,ORSE,Emenda interna 100 x 50 mm com base lisa perfurada para eletrocalha metálica (ref. Mopa ou similar),Material,,un,"1,0000000","2,48","2,48"
Insumo, I9919 ,SEINFRA,"PARAFUSO CABEÇA LENTILHA AUTO TRAVANTE 1/4"" X 1/2""",Material,,UN,"4,0000000","0,10","0,40"
Insumo, 00039997 ,SINAPI,"PORCA ZINCADA, SEXTAVADA, DIAMETRO 1/4""",Material,,UN,"4,0000000","0,30","1,20"
Insumo, I9566 ,SEINFRA,"ARRUELA DE PRESSÃO 3/8"" AÇO CARBONO",Material,,UN,"4,0000000","0,08","0,32"
,,,,,,,,,
,,,,,,,,,
,,,,,,,,,
 11.1.4.4 ,Código,Banco,Descrição,Tipo,,Und,Quant.,Valor Unit,Total
Composição, J0232 ,Próprio,"CURVA HORIZONTAL 90° PARA ELETROCALHA 100x100mm - FORNECIMENTO E
INSTALAÇÃO",SEDI - SERVIÇOS DIVERSOS,,M,"1,0000000","36,52","36,52"
Composição Auxiliar, 88264 ,SINAPI,ELETRICISTA COM ENCARGOS COMPLEMENTARES,Livro SINAPI: Cálculos e Parâmetros,,H,"0,1600061","29,57","4,73"
Composição Auxiliar, 88247 ,SINAPI,AUXILIAR DE ELETRICISTA COM ENCARGOS COMPLEMENTARES,Livro SINAPI: Cálculos e Parâmetros,,H,"0,1600061","24,99","3,99"
Insumo, 8945 ,ORSE,"Curva horizontal 100 x 100 mm para eletrocalha metálica, com ângulo 90°",Material,,un,"1,0000000","15,48","15,48"
Insumo, I9919 ,SEINFRA,"PARAFUSO CABEÇA LENTILHA AUTO TRAVANTE 1/4"" X 1/2""",Material,,UN,"8,0000000","0,10","0,80"
Insumo, 00039997 ,SINAPI,"PORCA ZINCADA, SEXTAVADA, DIAMETRO 1/4""",Material,,UN,"8,0000000","0,30","2,40"
Insumo, 00011267 ,SINAPI,"ARRUELA LISA, REDONDA, DE LATAO POLIDO, DIAMETRO NOMINAL 5/8"", DIAMETRO EXTERNO = 34 MM, DIAMETRO DO FURO = 17 MM, ESPESSURA = *2,5* MM",Material,,UN,"8,0000000","1,14","9,12"
,,,,,,,,,
,,,,,,,,,
,,,,,,,,,
 11.1.5 ,,,ELETRODUTOS E ACESSÓRIOS,,,,,,
 11.1.5.1 ,Código,Banco,Descrição,Tipo,,Und,Quant.,Valor Unit,Total
Composição, 91867 ,SINAPI,"ELETRODUTO RÍGIDO ROSCÁVEL, PVC, DN 25 MM (3/4""), PARA CIRCUITOS TERMINAIS, INSTALADO EM LAJE - FORNECIMENTO E INSTALAÇÃO. AF_03/2023","Instalações Elétricas - Eletrodutos Embutidos, Cabos, Caixas, Tomadas e Interruptores",,M,"1,0000000","7,56","7,56"
Composição Auxiliar, 88247 ,SINAPI,AUXILIAR DE ELETRICISTA COM ENCARGOS COMPLEMENTARES,Livro SINAPI: Cálculos e Parâmetros,,H,"0,0746822","24,99","1,86"
Composição Auxiliar, 88264 ,SINAPI,ELETRICISTA COM ENCARGOS COMPLEMENTARES,Livro SINAPI: Cálculos e Parâmetros,,H,"0,0746822","29,57","2,20"
Insumo, 00002674 ,SINAPI,"ELETRODUTO DE PVC RIGIDO ROSCAVEL DE 3/4 "", SEM LUVA",Material,,M,"1,0170000","3,43","3,48"
Insumo, 00043132 ,SINAPI,"ARAME RECOZIDO 16 BWG, D = 1,65 MM (0,016 KG/M) OU 18 BWG, D = 1,25 MM (0,01 KG/M)",Material,,KG,"0,0018000","12,66","0,02"
,,,,,,,,,
,,,,,,,,,
,,,,,,,,,
 11.1.5.2 ,Código,Banco,Descrição,Tipo,,Und,Quant.,Valor Unit,Total
Composição, 91871 ,SINAPI,"ELETRODUTO RÍGIDO ROSCÁVEL, PVC, DN 25 MM (3/4""), PARA CIRCUITOS TERMINAIS, INSTALADO EM PAREDE - FORNECIMENTO E INSTALAÇÃO. AF_03/2023","Instalações Elétricas - Eletrodutos Embutidos, Cabos, Caixas, Tomadas e Interruptores",,M,"1,0000000","11,17","11,17"
Composição Auxiliar, 88247 ,SINAPI,AUXILIAR DE ELETRICISTA COM ENCARGOS COMPLEMENTARES,Livro SINAPI: Cálculos e Parâmetros,,H,"0,1412319","24,99","3,52"
Composição Auxiliar, 88264 ,SINAPI,ELETRICISTA COM ENCARGOS COMPLEMENTARES,Livro SINAPI: Cálculos e Parâmetros,,H,"0,1412319","29,57","4,17"
Insumo, 00002674 ,SINAPI,"ELETRODUTO DE PVC RIGIDO ROSCAVEL DE 3/4 "", SEM LUVA",Material,,M,"1,0170000","3,43","3,48"
,,,,,,,,,
,,,,,,,,,
,,,,,,,,,
 11.1.5.3 ,Código,Banco,Descrição,Tipo,,Und,Quant.,Valor Unit,Total
Composição, 91854 ,SINAPI,"ELETRODUTO FLEXÍVEL CORRUGADO, PVC, DN 25 MM (3/4""), PARA CIRCUITOS TERMINAIS, INSTALADO EM PAREDE - FORNECIMENTO E INSTALAÇÃO. AF_03/2023","Instalações Elétricas - Eletrodutos Embutidos, Cabos, Caixas, Tomadas e Interruptores",,M,"1,0000000","7,65","7,65"
Composição Auxiliar, 88247 ,SINAPI,AUXILIAR DE ELETRICISTA COM ENCARGOS COMPLEMENTARES,Livro SINAPI: Cálculos e Parâmetros,,H,"0,1068343","24,99","2,66"
Composição Auxiliar, 88264 ,SINAPI,ELETRICISTA COM ENCARGOS COMPLEMENTARES,Livro SINAPI: Cálculos e Parâmetros,,H,"0,1068343","29,57","3,15"
Insumo, 00002688 ,SINAPI,"ELETRODUTO PVC FLEXIVEL CORRUGADO, COR AMARELA, DE 25 MM",Material,,M,"1,0170000","1,81","1,84"
,,,,,,,,,
,,,,,,,,,
,,,,,,,,,
 11.1.5.4 ,Código,Banco,Descrição,Tipo,,Und,Quant.,Valor Unit,Total
Composição, 91902 ,SINAPI,"CURVA 90 GRAUS PARA ELETRODUTO, PVC, ROSCÁVEL, DN 25 MM (3/4""), PARA CIRCUITOS TERMINAIS, INSTALADA EM LAJE - FORNECIMENTO E INSTALAÇÃO. AF_03/2023","Instalações Elétricas - Eletrodutos Embutidos, Cabos, Caixas, Tomadas e Interruptores",,UN,"1,0000000","8,69","8,69"
Composição Auxiliar, 88247 ,SINAPI,AUXILIAR DE ELETRICISTA COM ENCARGOS COMPLEMENTARES,Livro SINAPI: Cálculos e Parâmetros,,H,"0,1292502","24,99","3,22"
Composição Auxiliar, 88264 ,SINAPI,ELETRICISTA COM ENCARGOS COMPLEMENTARES,Livro SINAPI: Cálculos e Parâmetros,,H,"0,1292502","29,57","3,82"
Insumo, 00001879 ,SINAPI,"CURVA 90 GRAUS, LONGA, DE PVC RIGIDO ROSCAVEL, DE 3/4"", PARA ELETRODUTO",Material,,UN,"1,0000000","1,65","1,65"
,,,,,,,,,
,,,,,,,,,
,,,,,,,,,
 11.1.5.5 ,Código,Banco,Descrição,Tipo,,Und,Quant.,Valor Unit,Total
Composição, 91914 ,SINAPI,"CURVA 90 GRAUS PARA ELETRODUTO, PVC, ROSCÁVEL, DN 25 MM (3/4""), PARA CIRCUITOS TERMINAIS, INSTALADA EM PAREDE - FORNECIMENTO E INSTALAÇÃO. AF_03/2023","Instalações Elétricas - Eletrodutos Embutidos, Cabos, Caixas, Tomadas e Interruptores",,UN,"1,0000000","14,49","14,49"
Composição Auxiliar, 88247 ,SINAPI,AUXILIAR DE ELETRICISTA COM ENCARGOS COMPLEMENTARES,Livro SINAPI: Cálculos e Parâmetros,,H,"0,2353864","24,99","5,88"
Composição Auxiliar, 88264 ,SINAPI,ELETRICISTA COM ENCARGOS COMPLEMENTARES,Livro SINAPI: Cálculos e Parâmetros,,H,"0,2353864","29,57","6,96"
Insumo, 00001879 ,SINAPI,"CURVA 90 GRAUS, LONGA, DE PVC RIGIDO ROSCAVEL, DE 3/4"", PARA ELETRODUTO",Material,,UN,"1,0000000","1,65","1,65"
,,,,,,,,,
,,,,,,,,,
,,,,,,,,,
 11.1.5.6 ,Código,Banco,Descrição,Tipo,,Und,Quant.,Valor Unit,Total
Composição, 91879 ,SINAPI,"LUVA PARA ELETRODUTO, PVC, ROSCÁVEL, DN 25 MM (3/4""), PARA CIRCUITOS TERMINAIS, INSTALADA EM LAJE - FORNECIMENTO E INSTALAÇÃO. AF_03/2023","Instalações Elétricas - Eletrodutos Embutidos, Cabos, Caixas, Tomadas e Interruptores",,UN,"1,0000000","5,40","5,40"
Composição Auxiliar, 88247 ,SINAPI,AUXILIAR DE ELETRICISTA COM ENCARGOS COMPLEMENTARES,Livro SINAPI: Cálculos e Parâmetros,,H,"0,0861164","24,99","2,15"
Composição Auxiliar, 88264 ,SINAPI,ELETRICISTA COM ENCARGOS COMPLEMENTARES,Livro SINAPI: Cálculos e Parâmetros,,H,"0,0861164","29,57","2,54"
Insumo, 00001891 ,SINAPI,"LUVA EM PVC RIGIDO ROSCAVEL, DE 3/4"", PARA ELETRODUTO",Material,,UN,"1,0000000","0,71","0,71"
,,,,,,,,,
,,,,,,,,,
,,,,,,,,,
 11.1.5.7 ,Código,Banco,Descrição,Tipo,,Und,Quant.,Valor Unit,Total
Composição, 91884 ,SINAPI,"LUVA PARA ELETRODUTO, PVC, ROSCÁVEL, DN 25 MM (3/4""), PARA CIRCUITOS TERMINAIS, INSTALADA EM PAREDE - FORNECIMENTO E INSTALAÇÃO. AF_03/2023","Instalações Elétricas - Eletrodutos Embutidos, Cabos, Caixas, Tomadas e Interruptores",,UN,"1,0000000","9,27","9,27"
Composição Auxiliar, 88247 ,SINAPI,AUXILIAR DE ELETRICISTA COM ENCARGOS COMPLEMENTARES,Livro SINAPI: Cálculos e Parâmetros,,H,"0,1571570","24,99","3,92"
Composição Auxiliar, 88264 ,SINAPI,ELETRICISTA COM ENCARGOS COMPLEMENTARES,Livro SINAPI: Cálculos e Parâmetros,,H,"0,1571570","29,57","4,64"
Insumo, 00001891 ,SINAPI,"LUVA EM PVC RIGIDO ROSCAVEL, DE 3/4"", PARA ELETRODUTO",Material,,UN,"1,0000000","0,71","0,71"
,,,,,,,,,
,,,,,,,,,
,,,,,,,,,
 11.1.5.8 ,Código,Banco,Descrição,Tipo,,Und,Quant.,Valor Unit,Total
Composição, 91868 ,SINAPI,"ELETRODUTO RÍGIDO ROSCÁVEL, PVC, DN 32 MM (1""), PARA CIRCUITOS TERMINAIS, INSTALADO EM LAJE - FORNECIMENTO E INSTALAÇÃO. AF_03/2023","Instalações Elétricas - Eletrodutos Embutidos, Cabos, Caixas, Tomadas e Interruptores",,M,"1,0000000","10,42","10,42"
Composição Auxiliar, 88247 ,SINAPI,AUXILIAR DE ELETRICISTA COM ENCARGOS COMPLEMENTARES,Livro SINAPI: Cálculos e Parâmetros,,H,"0,0907582","24,99","2,26"
Composição Auxiliar, 88264 ,SINAPI,ELETRICISTA COM ENCARGOS COMPLEMENTARES,Livro SINAPI: Cálculos e Parâmetros,,H,"0,0907582","29,57","2,68"
Insumo, 00002685 ,SINAPI,"ELETRODUTO DE PVC RIGIDO ROSCAVEL DE 1 "", SEM LUVA",Material,,M,"1,0170000","5,37","5,46"
Insumo, 00043132 ,SINAPI,"ARAME RECOZIDO 16 BWG, D = 1,65 MM (0,016 KG/M) OU 18 BWG, D = 1,25 MM (0,01 KG/M)",Material,,KG,"0,0020000","12,66","0,02"
,,,,,,,,,
,,,,,,,,,
,,,,,,,,,
 11.1.5.9 ,Código,Banco,Descrição,Tipo,,Und,Quant.,Valor Unit,Total
Composição, 91872 ,SINAPI,"ELETRODUTO RÍGIDO ROSCÁVEL, PVC, DN 32 MM (1""), PARA CIRCUITOS TERMINAIS, INSTALADO EM PAREDE - FORNECIMENTO E INSTALAÇÃO. AF_03/2023","Instalações Elétricas - Eletrodutos Embutidos, Cabos, Caixas, Tomadas e Interruptores",,M,"1,0000000","14,02","14,02"
Composição Auxiliar, 88247 ,SINAPI,AUXILIAR DE ELETRICISTA COM ENCARGOS COMPLEMENTARES,Livro SINAPI: Cálculos e Parâmetros,,H,"0,1570061","24,99","3,92"
Composição Auxiliar, 88264 ,SINAPI,ELETRICISTA COM ENCARGOS COMPLEMENTARES,Livro SINAPI: Cálculos e Parâmetros,,H,"0,1570061","29,57","4,64"
Insumo, 00002685 ,SINAPI,"ELETRODUTO DE PVC RIGIDO ROSCAVEL DE 1 "", SEM LUVA",Material,,M,"1,0170000","5,37","5,46"
,,,,,,,,,
,,,,,,,,,
,,,,,,,,,
 11.1.5.10 ,Código,Banco,Descrição,Tipo,,Und,Quant.,Valor Unit,Total
Composição, 91905 ,SINAPI,"CURVA 90 GRAUS PARA ELETRODUTO, PVC, ROSCÁVEL, DN 32 MM (1""), PARA CIRCUITOS TERMINAIS, INSTALADA EM LAJE - FORNECIMENTO E INSTALAÇÃO. AF_03/2023","Instalações Elétricas - Eletrodutos Embutidos, Cabos, Caixas, Tomadas e Interruptores",,UN,"1,0000000","11,02","11,02"
Composição Auxiliar, 88247 ,SINAPI,AUXILIAR DE ELETRICISTA COM ENCARGOS COMPLEMENTARES,Livro SINAPI: Cálculos e Parâmetros,,H,"0,1563079","24,99","3,90"
Composição Auxiliar, 88264 ,SINAPI,ELETRICISTA COM ENCARGOS COMPLEMENTARES,Livro SINAPI: Cálculos e Parâmetros,,H,"0,1563079","29,57","4,62"
Insumo, 00001884 ,SINAPI,"CURVA 90 GRAUS, LONGA, DE PVC RIGIDO ROSCAVEL, DE 1"", PARA ELETRODUTO",Material,,UN,"1,0000000","2,50","2,50"
,,,,,,,,,
,,,,,,,,,
,,,,,,,,,
 11.1.5.11 ,Código,Banco,Descrição,Tipo,,Und,Quant.,Valor Unit,Total
Composição, 91880 ,SINAPI,"LUVA PARA ELETRODUTO, PVC, ROSCÁVEL, DN 32 MM (1""), PARA CIRCUITOS TERMINAIS, INSTALADA EM LAJE - FORNECIMENTO E INSTALAÇÃO. AF_03/2023","Instalações Elétricas - Eletrodutos Embutidos, Cabos, Caixas, Tomadas e Interruptores",,UN,"1,0000000","6,70","6,70"
Composição Auxiliar, 88247 ,SINAPI,AUXILIAR DE ELETRICISTA COM ENCARGOS COMPLEMENTARES,Livro SINAPI: Cálculos e Parâmetros,,H,"0,1047398","24,99","2,61"
Composição Auxiliar, 88264 ,SINAPI,ELETRICISTA COM ENCARGOS COMPLEMENTARES,Livro SINAPI: Cálculos e Parâmetros,,H,"0,1047398","29,57","3,09"
Insumo, 00001892 ,SINAPI,"LUVA EM PVC RIGIDO ROSCAVEL, DE 1"", PARA ELETRODUTO",Material,,UN,"1,0000000","1,00","1,00"
,,,,,,,,,
,,,,,,,,,
,,,,,,,,,
 11.1.5.12 ,Código,Banco,Descrição,Tipo,,Und,Quant.,Valor Unit,Total
Composição, 91885 ,SINAPI,"LUVA PARA ELETRODUTO, PVC, ROSCÁVEL, DN 32 MM (1""), PARA CIRCUITOS TERMINAIS, INSTALADA EM PAREDE - FORNECIMENTO E INSTALAÇÃO. AF_03/2023","Instalações Elétricas - Eletrodutos Embutidos, Cabos, Caixas, Tomadas e Interruptores",,UN,"1,0000000","10,54","10,54"
Composição Auxiliar, 88247 ,SINAPI,AUXILIAR DE ELETRICISTA COM ENCARGOS COMPLEMENTARES,Livro SINAPI: Cálculos e Parâmetros,,H,"0,1749312","24,99","4,37"
Composição Auxiliar, 88264 ,SINAPI,ELETRICISTA COM ENCARGOS COMPLEMENTARES,Livro SINAPI: Cálculos e Parâmetros,,H,"0,1749312","29,57","5,17"
Insumo, 00001892 ,SINAPI,"LUVA EM PVC RIGIDO ROSCAVEL, DE 1"", PARA ELETRODUTO",Material,,UN,"1,0000000","1,00","1,00"
,,,,,,,,,
,,,,,,,,,
,,,,,,,,,
 11.1.5.13 ,Código,Banco,Descrição,Tipo,,Und,Quant.,Valor Unit,Total
Composição, 91869 ,SINAPI,"ELETRODUTO RÍGIDO ROSCÁVEL, PVC, DN 40 MM (1 1/4""), PARA CIRCUITOS TERMINAIS, INSTALADO EM LAJE - FORNECIMENTO E INSTALAÇÃO. AF_03/2023","Instalações Elétricas - Eletrodutos Embutidos, Cabos, Caixas, Tomadas e Interruptores",,M,"1,0000000","13,19","13,19"
Composição Auxiliar, 88247 ,SINAPI,AUXILIAR DE ELETRICISTA COM ENCARGOS COMPLEMENTARES,Livro SINAPI: Cálculos e Parâmetros,,H,"0,1083816","24,99","2,70"
Composição Auxiliar, 88264 ,SINAPI,ELETRICISTA COM ENCARGOS COMPLEMENTARES,Livro SINAPI: Cálculos e Parâmetros,,H,"0,1083816","29,57","3,20"
Insumo, 00002684 ,SINAPI,"ELETRODUTO DE PVC RIGIDO ROSCAVEL DE 1 1/4 "", SEM LUVA",Material,,M,"1,0170000","7,15","7,27"
Insumo, 00043132 ,SINAPI,"ARAME RECOZIDO 16 BWG, D = 1,65 MM (0,016 KG/M) OU 18 BWG, D = 1,25 MM (0,01 KG/M)",Material,,KG,"0,0023000","12,66","0,02"
,,,,,,,,,
,,,,,,,,,
,,,,,,,,,
 11.1.5.14 ,Código,Banco,Descrição,Tipo,,Und,Quant.,Valor Unit,Total
Composição, 91908 ,SINAPI,"CURVA 90 GRAUS PARA ELETRODUTO, PVC, ROSCÁVEL, DN 40 MM (1 1/4""), PARA CIRCUITOS TERMINAIS, INSTALADA EM LAJE - FORNECIMENTO E INSTALAÇÃO. AF_03/2023","Instalações Elétricas - Eletrodutos Embutidos, Cabos, Caixas, Tomadas e Interruptores",,UN,"1,0000000","13,04","13,04"
Composição Auxiliar, 88247 ,SINAPI,AUXILIAR DE ELETRICISTA COM ENCARGOS COMPLEMENTARES,Livro SINAPI: Cálculos e Parâmetros,,H,"0,1874601","24,99","4,68"
Composição Auxiliar, 88264 ,SINAPI,ELETRICISTA COM ENCARGOS COMPLEMENTARES,Livro SINAPI: Cálculos e Parâmetros,,H,"0,1874601","29,57","5,54"
Insumo, 00001874 ,SINAPI,"CURVA 90 GRAUS, LONGA, DE PVC RIGIDO ROSCAVEL, DE 1 1/4"", PARA ELETRODUTO",Material,,UN,"1,0000000","2,82","2,82"
,,,,,,,,,
,,,,,,,,,
,,,,,,,,,
 11.1.5.15 ,Código,Banco,Descrição,Tipo,,Und,Quant.,Valor Unit,Total
Composição, 91881 ,SINAPI,"LUVA PARA ELETRODUTO, PVC, ROSCÁVEL, DN 40 MM (1 1/4""), PARA CIRCUITOS TERMINAIS, INSTALADA EM LAJE - FORNECIMENTO E INSTALAÇÃO. AF_03/2023","Instalações Elétricas - Eletrodutos Embutidos, Cabos, Caixas, Tomadas e Interruptores",,UN,"1,0000000","8,38","8,38"
Composição Auxiliar, 88247 ,SINAPI,AUXILIAR DE ELETRICISTA COM ENCARGOS COMPLEMENTARES,Livro SINAPI: Cálculos e Parâmetros,,H,"0,1254576","24,99","3,13"
Composição Auxiliar, 88264 ,SINAPI,ELETRICISTA COM ENCARGOS COMPLEMENTARES,Livro SINAPI: Cálculos e Parâmetros,,H,"0,1254576","29,57","3,70"
Insumo, 00001902 ,SINAPI,"LUVA EM PVC RIGIDO ROSCAVEL, DE 1 1/4"", PARA ELETRODUTO",Material,,UN,"1,0000000","1,55","1,55"
,,,,,,,,,
,,,,,,,,,
,,,,,,,,,
 11.1.5.16 ,Código,Banco,Descrição,Tipo,,Und,Quant.,Valor Unit,Total
Composição, 91936 ,SINAPI,"CAIXA OCTOGONAL 4"" X 4"", PVC, INSTALADA EM LAJE - FORNECIMENTO E INSTALAÇÃO. AF_03/2023","Instalações Elétricas - Eletrodutos Embutidos, Cabos, Caixas, Tomadas e Interruptores",,UN,"1,0000000","13,34","13,34"
Composição Auxiliar, 88247 ,SINAPI,AUXILIAR DE ELETRICISTA COM ENCARGOS COMPLEMENTARES,Livro SINAPI: Cálculos e Parâmetros,,H,"0,1768747","24,99","4,42"
Composição Auxiliar, 88264 ,SINAPI,ELETRICISTA COM ENCARGOS COMPLEMENTARES,Livro SINAPI: Cálculos e Parâmetros,,H,"0,1768747","29,57","5,23"
Insumo, 00012001 ,SINAPI,"CAIXA OCTOGONAL DE FUNDO MOVEL, EM PVC, DE 4"" X 4"", PARA ELETRODUTO FLEXIVEL CORRUGADO",Material,,UN,"1,0000000","3,69","3,69"
,,,,,,,,,
,,,,,,,,,
,,,,,,,,,
 11.1.5.17 ,Código,Banco,Descrição,Tipo,,Und,Quant.,Valor Unit,Total
Composição, 104785 ,SINAPI,"FIXAÇÃO DE ELETRODUTOS, DIÂMETROS MENORES OU IGUAIS A 40 MM, COM ABRAÇADEIRA METÁLICA RÍGIDA TIPO D COM PARAFUSO DE FIXAÇÃO 1 1/4"", FIXADA DIRETAMENTE NA LAJE OU PAREDE. AF_09/2023",Rasgos e Fixações,,M,"1,0000000","12,66","12,66"
Composição Auxiliar, 88247 ,SINAPI,AUXILIAR DE ELETRICISTA COM ENCARGOS COMPLEMENTARES,Livro SINAPI: Cálculos e Parâmetros,,H,"0,0351791","24,99","0,87"
Composição Auxiliar, 88264 ,SINAPI,ELETRICISTA COM ENCARGOS COMPLEMENTARES,Livro SINAPI: Cálculos e Parâmetros,,H,"0,1548836","29,57","4,57"
Insumo, 00000395 ,SINAPI,"ABRACADEIRA EM ACO PARA AMARRACAO DE ELETRODUTOS, TIPO D, COM 1 1/4"" E PARAFUSO DE FIXACAO",Material,,UN,"1,2500000","5,10","6,37"
Insumo, 00004350 ,SINAPI,"BUCHA DE NYLON, DIAMETRO DO FURO 8 MM, COMPRIMENTO 40 MM, COM PARAFUSO DE ROSCA SOBERBA, CABECA CHATA, FENDA SIMPLES, 4,8 X 50 MM",Material,,UN,"1,3125000","0,65","0,85"
,,,,,,,,,
,,,,,,,,,
,,,,,,,,,
 11.1.5.18 ,Código,Banco,Descrição,Tipo,,Und,Quant.,Valor Unit,Total
Composição, 90447 ,SINAPI,"RASGO LINEAR MANUAL EM ALVENARIA, PARA ELETRODUTOS, DIÂMETROS MENORES OU IGUAIS A 40 MM. AF_09/2023",Rasgos e Fixações,,M,"1,0000000","6,85","6,85"
Composição Auxiliar, 88247 ,SINAPI,AUXILIAR DE ELETRICISTA COM ENCARGOS COMPLEMENTARES,Livro SINAPI: Cálculos e Parâmetros,,H,"0,0527174","24,99","1,31"
Composição Auxiliar, 88264 ,SINAPI,ELETRICISTA COM ENCARGOS COMPLEMENTARES,Livro SINAPI: Cálculos e Parâmetros,,H,"0,1875465","29,57","5,54"
,,,,,,,,,
,,,,,,,,,
,,,,,,,,,
 11.2 ,,,INSTALAÇÃO DE ÓPTICA,,,,,,
 11.2.1 ,,,CABO DE FIBRA ÓPTICA,,,,,,
 11.2.1.1 ,Código,Banco,Descrição,Tipo,,Und,Quant.,Valor Unit,Total
Composição, K0015 ,Próprio,"CABO DE FIBRA ÓPTICA, 06 FIBRAS",INES - INSTALAÇÕES ESPECIAIS,,M,"1,0000000","15,24","15,24"
Composição Auxiliar, 88247 ,SINAPI,AUXILIAR DE ELETRICISTA COM ENCARGOS COMPLEMENTARES,Livro SINAPI: Cálculos e Parâmetros,,H,"0,0632478","24,99","1,58"
Composição Auxiliar, 88264 ,SINAPI,ELETRICISTA COM ENCARGOS COMPLEMENTARES,Livro SINAPI: Cálculos e Parâmetros,,H,"0,0632478","29,57","1,87"
Insumo, 8926 ,ORSE,Cabo de fibra ótica de 6 vias,Material,,m,"1,0000000","11,79","11,79"
,,,,,,,,,
,,,,,,,,,
,,,,,,,,,
 11.2.1.2 ,Código,Banco,Descrição,Tipo,,Und,Quant.,Valor Unit,Total
Composição, K0018 ,Próprio,FUSÃO DE FIBRA ÓTICA,SEDI - SERVIÇOS DIVERSOS,,UN,"1,0000000","34,37","34,37"
Insumo, PP27 ,Próprio,FUSÃO DE FIBRA ÓTICA,Serviços,,UN,"1,0000000","34,37","34,37"
,,,,,,,,,
,,,,,,,,,
,,,,,,,,,
 11.2.1.3 ,Código,Banco,Descrição,Tipo,,Und,Quant.,Valor Unit,Total
Composição, K0019 ,Próprio,"PATCH CORD ÓTICO MONOMODO COM CONECTOR LC, EXTENSÃO DE 1,50 M -
FORNECIMENTO E INSTALAÇÃO",SEDI - SERVIÇOS DIVERSOS,,UN,"1,0000000","30,49","30,49"
Insumo, PP28 ,Próprio,"PATCH CHORD ÓTICO MONOMODO 1,5M COM CONECTOR LC		",Material,,UN,"1,0000000","30,49","30,49"
,,,,,,,,,
,,,,,,,,,
,,,,,,,,,
 11.2.2 ,,,ELETRODUTOS E ACESSÓRIOS,,,,,,
 11.2.2.1 ,Código,Banco,Descrição,Tipo,,Und,Quant.,Valor Unit,Total
Composição, 100556 ,SINAPI,"CAIXA DE PASSAGEM PARA TELEFONE 15X15X10CM (SOBREPOR), FORNECIMENTO E INSTALACAO. AF_11/2019","Redes de Lógica, Telefonia e Imagem",,UN,"1,0000000","32,10","32,10"
Composição Auxiliar, 88247 ,SINAPI,AUXILIAR DE ELETRICISTA COM ENCARGOS COMPLEMENTARES,Livro SINAPI: Cálculos e Parâmetros,,H,"0,2755201","24,99","6,88"
Composição Auxiliar, 88264 ,SINAPI,ELETRICISTA COM ENCARGOS COMPLEMENTARES,Livro SINAPI: Cálculos e Parâmetros,,H,"0,2755201","29,57","8,14"
Insumo, 00020254 ,SINAPI,"CAIXA DE PASSAGEM METALICA, DE SOBREPOR, COM TAMPA APARAFUSADA, DIMENSOES 15 X 15 X *10* CM",Material,,UN,"1,0000000","17,08","17,08"
,,,,,,,,,
,,,,,,,,,
,,,,,,,,,
 11.2.2.2 ,Código,Banco,Descrição,Tipo,,Und,Quant.,Valor Unit,Total
Composição, 97667 ,SINAPI,"ELETRODUTO FLEXÍVEL CORRUGADO, PEAD, DN 50 (1 1/2""), PARA REDE ENTERRADA DE DISTRIBUIÇÃO DE ENERGIA ELÉTRICA - FORNECIMENTO E INSTALAÇÃO. AF_12/2021",Redes Enterradas de Distribuição Elétrica,,M,"1,0000000","6,58","6,58"
Composição Auxiliar, 88247 ,SINAPI,AUXILIAR DE ELETRICISTA COM ENCARGOS COMPLEMENTARES,Livro SINAPI: Cálculos e Parâmetros,,H,"0,0536172","24,99","1,33"
Composição Auxiliar, 88264 ,SINAPI,ELETRICISTA COM ENCARGOS COMPLEMENTARES,Livro SINAPI: Cálculos e Parâmetros,,H,"0,0536172","29,57","1,58"
Insumo, 00039246 ,SINAPI,"ELETRODUTO/DUTO PEAD FLEXIVEL PAREDE SIMPLES, CORRUGACAO HELICOIDAL, COR PRETA, SEM ROSCA, DE 1 1/2"", CRC 680 N, PARA CABEAMENTO SUBTERRANEO (NBR 15715)",Material,,M,"1,1000000","3,34","3,67"
,,,,,,,,,
,,,,,,,,,
,,,,,,,,,
 11.2.2.3 ,Código,Banco,Descrição,Tipo,,Und,Quant.,Valor Unit,Total
Composição, 93008 ,SINAPI,"ELETRODUTO RÍGIDO ROSCÁVEL, PVC, DN 50 MM (1 1/2""), PARA REDE ENTERRADA DE DISTRIBUIÇÃO DE ENERGIA ELÉTRICA - FORNECIMENTO E INSTALAÇÃO. AF_12/2021",Redes Enterradas de Distribuição Elétrica,,M,"1,0000000","13,49","13,49"
Composição Auxiliar, 88247 ,SINAPI,AUXILIAR DE ELETRICISTA COM ENCARGOS COMPLEMENTARES,Livro SINAPI: Cálculos e Parâmetros,,H,"0,0891091","24,99","2,22"
Composição Auxiliar, 88264 ,SINAPI,ELETRICISTA COM ENCARGOS COMPLEMENTARES,Livro SINAPI: Cálculos e Parâmetros,,H,"0,0891091","29,57","2,63"
Insumo, 00002680 ,SINAPI,"ELETRODUTO DE PVC RIGIDO ROSCAVEL DE 1 1/2 "", SEM LUVA",Material,,M,"1,1000000","7,86","8,64"
,,,,,,,,,
,,,,,,,,,
,,,,,,,,,
 11.2.2.4 ,Código,Banco,Descrição,Tipo,,Und,Quant.,Valor Unit,Total
Composição, 93018 ,SINAPI,"CURVA 90 GRAUS PARA ELETRODUTO, PVC, ROSCÁVEL, DN 50 MM (1 1/2""), PARA REDE ENTERRADA DE DISTRIBUIÇÃO DE ENERGIA ELÉTRICA - FORNECIMENTO E INSTALAÇÃO. AF_12/2021",Redes Enterradas de Distribuição Elétrica,,UN,"1,0000000","18,05","18,05"
Composição Auxiliar, 88247 ,SINAPI,AUXILIAR DE ELETRICISTA COM ENCARGOS COMPLEMENTARES,Livro SINAPI: Cálculos e Parâmetros,,H,"0,2684350","24,99","6,70"
Composição Auxiliar, 88264 ,SINAPI,ELETRICISTA COM ENCARGOS COMPLEMENTARES,Livro SINAPI: Cálculos e Parâmetros,,H,"0,2684350","29,57","7,93"
Insumo, 00001875 ,SINAPI,"CURVA 90 GRAUS, LONGA, DE PVC RIGIDO ROSCAVEL, DE 1 1/2"", PARA ELETRODUTO",Material,,UN,"1,0000000","3,42","3,42"
,,,,,,,,,
,,,,,,,,,
,,,,,,,,,
 11.2.2.5 ,Código,Banco,Descrição,Tipo,,Und,Quant.,Valor Unit,Total
Composição, 93013 ,SINAPI,"LUVA PARA ELETRODUTO, PVC, ROSCÁVEL, DN 50 MM (1 1/2""), PARA REDE ENTERRADA DE DISTRIBUIÇÃO DE ENERGIA ELÉTRICA - FORNECIMENTO E INSTALAÇÃO. AF_12/2021",Redes Enterradas de Distribuição Elétrica,,UN,"1,0000000","11,89","11,89"
Composição Auxiliar, 88247 ,SINAPI,AUXILIAR DE ELETRICISTA COM ENCARGOS COMPLEMENTARES,Livro SINAPI: Cálculos e Parâmetros,,H,"0,1788729","24,99","4,47"
Composição Auxiliar, 88264 ,SINAPI,ELETRICISTA COM ENCARGOS COMPLEMENTARES,Livro SINAPI: Cálculos e Parâmetros,,H,"0,1788729","29,57","5,28"
Insumo, 00001893 ,SINAPI,"LUVA EM PVC RIGIDO ROSCAVEL, DE 1 1/2"", PARA ELETRODUTO",Material,,UN,"1,0000000","2,14","2,14"
,,,,,,,,,
,,,,,,,,,
,,,,,,,,,
 11.2.2.6 ,Código,Banco,Descrição,Tipo,,Und,Quant.,Valor Unit,Total
Composição, 93358 ,SINAPI,ESCAVAÇÃO MANUAL DE VALA. AF_09/2024,Escavação de Valas,,m³,"1,0000000","73,77","73,77"
Composição Auxiliar, 88316 ,SINAPI,SERVENTE COM ENCARGOS COMPLEMENTARES,Livro SINAPI: Cálculos e Parâmetros,,H,"3,1569648","23,37","73,77"
,,,,,,,,,
,,,,,,,,,
,,,,,,,,,
 11.2.2.7 ,Código,Banco,Descrição,Tipo,,Und,Quant.,Valor Unit,Total
Composição, 104737 ,SINAPI,"REATERRO MANUAL DE VALAS, COM PLACA VIBRATÓRIA. AF_08/2023",Aterro e Reaterro de Valas,,m³,"1,0000000","18,73","18,73"
Composição Auxiliar, 5901 ,SINAPI,"CAMINHÃO PIPA 10.000 L TRUCADO, PESO BRUTO TOTAL 23.000 KG, CARGA ÚTIL MÁXIMA 15.935 KG, DISTÂNCIA ENTRE EIXOS 4,8 M, POTÊNCIA 230 CV, INCLUSIVE TANQUE DE AÇO PARA TRANSPORTE DE ÁGUA - CHP DIURNO. AF_06/2014",Custos Horários Produtivo e Improdutivo dos Equipamentos,,CHP,"0,0054000","278,95","1,50"
Composição Auxiliar, 5903 ,SINAPI,"CAMINHÃO PIPA 10.000 L TRUCADO, PESO BRUTO TOTAL 23.000 KG, CARGA ÚTIL MÁXIMA 15.935 KG, DISTÂNCIA ENTRE EIXOS 4,8 M, POTÊNCIA 230 CV, INCLUSIVE TANQUE DE AÇO PARA TRANSPORTE DE ÁGUA - CHI DIURNO. AF_06/2014",Custos Horários Produtivo e Improdutivo dos Equipamentos,,CHI,"0,0006000","67,91","0,04"
Composição Auxiliar, 88316 ,SINAPI,SERVENTE COM ENCARGOS COMPLEMENTARES,Livro SINAPI: Cálculos e Parâmetros,,H,"0,7011960","23,37","16,38"
Composição Auxiliar, 91277 ,SINAPI,"PLACA VIBRATÓRIA REVERSÍVEL COM MOTOR 4 TEMPOS A GASOLINA, FORÇA CENTRÍFUGA DE 25 KN (2500 KGF), POTÊNCIA 5,5 CV - CHP DIURNO. AF_08/2015",Custos Horários Produtivo e Improdutivo dos Equipamentos,,CHP,"0,0942000","8,65","0,81"
,,,,,,,,,
,,,,,,,,,
,,,,,,,,,
 11.2.3 ,,,CAIXAS DE PASSAGEM E MANILHAS,,,,,,
 11.2.3.1 ,Código,Banco,Descrição,Tipo,,Und,Quant.,Valor Unit,Total
Composição, 97888 ,SINAPI,"CAIXA ENTERRADA ELÉTRICA RETANGULAR, EM ALVENARIA COM TIJOLOS CERÂMICOS MACIÇOS, FUNDO COM BRITA, DIMENSÕES INTERNAS: 0,6X0,6X0,6 M. AF_12/2020",Caixas Enterradas,,UN,"1,0000000","417,61","417,61"
Composição Auxiliar, 100475 ,SINAPI,"ARGAMASSA TRAÇO 1:3 (EM VOLUME DE CIMENTO E AREIA MÉDIA ÚMIDA) COM ADIÇÃO DE IMPERMEABILIZANTE, PREPARO MECÂNICO COM BETONEIRA 400 L. AF_08/2019",Argamassas,,m³,"0,1012000","659,06","66,69"
Composição Auxiliar, 101619 ,SINAPI,"PREPARO DE FUNDO DE VALA COM LARGURA MENOR QUE 1,5 M, COM CAMADA DE BRITA, LANÇAMENTO MANUAL. AF_08/2020",Escoramento e Preparo de Fundo de Valas,,m³,"0,0810000","280,68","22,73"
Composição Auxiliar, 5678 ,SINAPI,"RETROESCAVADEIRA SOBRE RODAS COM CARREGADEIRA, TRAÇÃO 4X4, POTÊNCIA LÍQ. 88 HP, CAÇAMBA CARREG. CAP. MÍN. 1 M3, CAÇAMBA RETRO CAP. 0,26 M3, PESO OPERACIONAL MÍN. 6.674 KG, PROFUNDIDADE ESCAVAÇÃO MÁX. 4,37 M - CHP DIURNO. AF_06/2014",Custos Horários Produtivo e Improdutivo dos Equipamentos,,CHP,"0,0087000","130,38","1,13"
Composição Auxiliar, 5679 ,SINAPI,"RETROESCAVADEIRA SOBRE RODAS COM CARREGADEIRA, TRAÇÃO 4X4, POTÊNCIA LÍQ. 88 HP, CAÇAMBA CARREG. CAP. MÍN. 1 M3, CAÇAMBA RETRO CAP. 0,26 M3, PESO OPERACIONAL MÍN. 6.674 KG, PROFUNDIDADE ESCAVAÇÃO MÁX. 4,37 M - CHI DIURNO. AF_06/2014",Custos Horários Produtivo e Improdutivo dos Equipamentos,,CHI,"0,0178000","59,48","1,05"
Composição Auxiliar, 87316 ,SINAPI,"ARGAMASSA TRAÇO 1:4 (EM VOLUME DE CIMENTO E AREIA GROSSA ÚMIDA) PARA CHAPISCO CONVENCIONAL, PREPARO MECÂNICO COM BETONEIRA 400 L. AF_08/2019",Argamassas,,m³,"0,0136000","435,01","5,91"
Composição Auxiliar, 88309 ,SINAPI,PEDREIRO COM ENCARGOS COMPLEMENTARES,Livro SINAPI: Cálculos e Parâmetros,,H,"3,2015130","29,21","93,51"
Composição Auxiliar, 88316 ,SINAPI,SERVENTE COM ENCARGOS COMPLEMENTARES,Livro SINAPI: Cálculos e Parâmetros,,H,"2,5154895","23,37","58,78"
Composição Auxiliar, 97735 ,SINAPI,"PEÇA RETANGULAR PRÉ-MOLDADA, VOLUME DE CONCRETO DE 30 A 100 LITROS, TAXA DE AÇO APROXIMADA DE 30KG/M³. AF_03/2024",Estruturas Pré-Fabricadas e Pré-Moldadas,,m³,"0,0448000","2.362,25","105,82"
Insumo, 00007258 ,SINAPI,TIJOLO CERAMICO MACICO COMUM DE *5 X 10 X 20* CM (L X A X C),Material,,UN,"134,7640000","0,46","61,99"
,,,,,,,,,
,,,,,,,,,
,,,,,,,,,
 11.2.3.2 ,Código,Banco,Descrição,Tipo,,Und,Quant.,Valor Unit,Total
Composição, 95565 ,SINAPI,"TUBO DE CONCRETO PARA REDES COLETORAS DE ÁGUAS PLUVIAIS, DIÂMETRO DE 300MM, JUNTA RÍGIDA, INSTALADO EM LOCAL COM BAIXO NÍVEL DE INTERFERÊNCIAS - FORNECIMENTO E ASSENTAMENTO. AF_03/2024",Assentamento de tubos de esgoto ou drenagem pluvial em concreto,,M,"1,0000000","120,38","120,38"
Composição Auxiliar, 5631 ,SINAPI,"ESCAVADEIRA HIDRÁULICA SOBRE ESTEIRAS, CAÇAMBA 0,80 M3, PESO OPERACIONAL 17 T, POTENCIA BRUTA 111 HP - CHP DIURNO. AF_06/2014",Custos Horários Produtivo e Improdutivo dos Equipamentos,,CHP,"0,0350000","185,35","6,48"
Composição Auxiliar, 5632 ,SINAPI,"ESCAVADEIRA HIDRÁULICA SOBRE ESTEIRAS, CAÇAMBA 0,80 M3, PESO OPERACIONAL 17 T, POTENCIA BRUTA 111 HP - CHI DIURNO. AF_06/2014",Custos Horários Produtivo e Improdutivo dos Equipamentos,,CHI,"0,0680000","81,21","5,52"
Composição Auxiliar, 88246 ,SINAPI,ASSENTADOR DE TUBOS COM ENCARGOS COMPLEMENTARES,Livro SINAPI: Cálculos e Parâmetros,,H,"0,1104922","22,02","2,43"
Composição Auxiliar, 88316 ,SINAPI,SERVENTE COM ENCARGOS COMPLEMENTARES,Livro SINAPI: Cálculos e Parâmetros,,H,"0,2209845","23,37","5,16"
Composição Auxiliar, 88629 ,SINAPI,"ARGAMASSA TRAÇO 1:3 (EM VOLUME DE CIMENTO E AREIA MÉDIA ÚMIDA), PREPARO MANUAL. AF_08/2019",Argamassas,,m³,"0,0007000","591,67","0,41"
Insumo, 00040334 ,SINAPI,"TUBO DE CONCRETO ARMADO PARA AGUAS PLUVIAIS, CLASSE PA-1, COM ENCAIXE PONTA E BOLSA, DIAMETRO NOMINAL DE 300 MM",Material,,M,"1,0300000","97,46","100,38"
,,,,,,,,,
,,,,,,,,,
,,,,,,,,,
 11.2.3.3 ,Código,Banco,Descrição,Tipo,,Und,Quant.,Valor Unit,Total
Composição, 93358 ,SINAPI,ESCAVAÇÃO MANUAL DE VALA. AF_09/2024,Escavação de Valas,,m³,"1,0000000","73,77","73,77"
Composição Auxiliar, 88316 ,SINAPI,SERVENTE COM ENCARGOS COMPLEMENTARES,Livro SINAPI: Cálculos e Parâmetros,,H,"3,1569648","23,37","73,77"
,,,,,,,,,
,,,,,,,,,
,,,,,,,,,
 11.2.3.4 ,Código,Banco,Descrição,Tipo,,Und,Quant.,Valor Unit,Total
Composição, 104737 ,SINAPI,"REATERRO MANUAL DE VALAS, COM PLACA VIBRATÓRIA. AF_08/2023",Aterro e Reaterro de Valas,,m³,"1,0000000","18,73","18,73"
Composição Auxiliar, 5901 ,SINAPI,"CAMINHÃO PIPA 10.000 L TRUCADO, PESO BRUTO TOTAL 23.000 KG, CARGA ÚTIL MÁXIMA 15.935 KG, DISTÂNCIA ENTRE EIXOS 4,8 M, POTÊNCIA 230 CV, INCLUSIVE TANQUE DE AÇO PARA TRANSPORTE DE ÁGUA - CHP DIURNO. AF_06/2014",Custos Horários Produtivo e Improdutivo dos Equipamentos,,CHP,"0,0054000","278,95","1,50"
Composição Auxiliar, 5903 ,SINAPI,"CAMINHÃO PIPA 10.000 L TRUCADO, PESO BRUTO TOTAL 23.000 KG, CARGA ÚTIL MÁXIMA 15.935 KG, DISTÂNCIA ENTRE EIXOS 4,8 M, POTÊNCIA 230 CV, INCLUSIVE TANQUE DE AÇO PARA TRANSPORTE DE ÁGUA - CHI DIURNO. AF_06/2014",Custos Horários Produtivo e Improdutivo dos Equipamentos,,CHI,"0,0006000","67,91","0,04"
Composição Auxiliar, 88316 ,SINAPI,SERVENTE COM ENCARGOS COMPLEMENTARES,Livro SINAPI: Cálculos e Parâmetros,,H,"0,7011960","23,37","16,38"
Composição Auxiliar, 91277 ,SINAPI,"PLACA VIBRATÓRIA REVERSÍVEL COM MOTOR 4 TEMPOS A GASOLINA, FORÇA CENTRÍFUGA DE 25 KN (2500 KGF), POTÊNCIA 5,5 CV - CHP DIURNO. AF_08/2015",Custos Horários Produtivo e Improdutivo dos Equipamentos,,CHP,"0,0942000","8,65","0,81"
,,,,,,,,,
,,,,,,,,,
,,,,,,,,,
 12 ,,,INSTALAÇÕES HIDRÁULICAS E SANITÁRIAS,,,,,,
 12.1 ,,,INSTALAÇÕES HIDRÁULICAS,,,,,,
 12.1.1 ,,,TUBOS,,,,,,
 12.1.1.1 ,Código,Banco,Descrição,Tipo,,Und,Quant.,Valor Unit,Total
Composição, 89356 ,SINAPI,"TUBO, PVC, SOLDÁVEL, DE 25MM, INSTALADO EM RAMAL OU SUB-RAMAL DE ÁGUA - FORNECIMENTO E INSTALAÇÃO. AF_06/2022",Instalações Prediais de Água Fria em PVC,,M,"1,0000000","19,42","19,42"
Composição Auxiliar, 88248 ,SINAPI,AUXILIAR DE ENCANADOR OU BOMBEIRO HIDRÁULICO COM ENCARGOS COMPLEMENTARES,Livro SINAPI: Cálculos e Parâmetros,,H,"0,3032821","24,00","7,27"
Composição Auxiliar, 88267 ,SINAPI,ENCANADOR OU BOMBEIRO HIDRÁULICO COM ENCARGOS COMPLEMENTARES,Livro SINAPI: Cálculos e Parâmetros,,H,"0,3032821","28,49","8,64"
Insumo,88267,SINAPI,"TUBO PVC, SOLDAVEL, DE 25 MM, AGUA FRIA (NBR-5648)",Material,,M,"1,0493000","3,23","3,38"
Insumo, 00038383 ,SINAPI,"LIXA D'AGUA EM FOLHA, COR PRETA, GRAO 100",Material,,UN,"0,0886000","1,58","0,13"
,,,,,,,,,
,,,,,,,,,
,,,,,,,,,
 12.1.1.2 ,Código,Banco,Descrição,Tipo,,Und,Quant.,Valor Unit,Total
Composição, 89357 ,SINAPI,"TUBO, PVC, SOLDÁVEL, DE 32MM, INSTALADO EM RAMAL OU SUB-RAMAL DE ÁGUA - FORNECIMENTO E INSTALAÇÃO. AF_06/2022",Instalações Prediais de Água Fria em PVC,,M,"1,0000000","26,42","26,42"
Composição Auxiliar, 88248 ,SINAPI,AUXILIAR DE ENCANADOR OU BOMBEIRO HIDRÁULICO COM ENCARGOS COMPLEMENTARES,Livro SINAPI: Cálculos e Parâmetros,,H,"0,3610640","24,00","8,66"
Composição Auxiliar, 88267 ,SINAPI,ENCANADOR OU BOMBEIRO HIDRÁULICO COM ENCARGOS COMPLEMENTARES,Livro SINAPI: Cálculos e Parâmetros,,H,"0,3610640","28,49","10,28"
Insumo,9869,SINAPI,"TUBO PVC, SOLDAVEL, DE 32 MM, AGUA FRIA (NBR-5648)",Material,,M,"1,0493000","6,98","7,32"
Insumo, 00038383 ,SINAPI,"LIXA D'AGUA EM FOLHA, COR PRETA, GRAO 100",Material,,UN,"0,1056000","1,58","0,16"
,,,,,,,,,
,,,,,,,,,
,,,,,,,,,
 12.1.1.3 ,Código,Banco,Descrição,Tipo,,Und,Quant.,Valor Unit,Total
Composição, 89448 ,SINAPI,"TUBO, PVC, SOLDÁVEL, DE 40MM, INSTALADO EM PRUMADA DE ÁGUA - FORNECIMENTO E INSTALAÇÃO. AF_06/2022",Instalações Prediais de Água Fria em PVC,,M,"1,0000000","12,65","12,65"
Composição Auxiliar, 88248 ,SINAPI,AUXILIAR DE ENCANADOR OU BOMBEIRO HIDRÁULICO COM ENCARGOS COMPLEMENTARES,Livro SINAPI: Cálculos e Parâmetros,,H,"0,0222383","24,00","0,53"
Composição Auxiliar, 88267 ,SINAPI,ENCANADOR OU BOMBEIRO HIDRÁULICO COM ENCARGOS COMPLEMENTARES,Livro SINAPI: Cálculos e Parâmetros,,H,"0,0222383","28,49","0,63"
Insumo, 00009874 ,SINAPI,"TUBO PVC, SOLDAVEL, DE 40 MM, AGUA FRIA (NBR-5648)",Material,,M,"1,0493000","10,95","11,48"
Insumo, 00038383 ,SINAPI,"LIXA D'AGUA EM FOLHA, COR PRETA, GRAO 100",Material,,UN,"0,0066000","1,58","0,01"
,,,,,,,,,
,,,,,,,,,
,,,,,,,,,
 12.1.1.4 ,Código,Banco,Descrição,Tipo,,Und,Quant.,Valor Unit,Total
Composição, 89449 ,SINAPI,"TUBO, PVC, SOLDÁVEL, DE 50MM, INSTALADO EM PRUMADA DE ÁGUA - FORNECIMENTO E INSTALAÇÃO. AF_06/2022",Instalações Prediais de Água Fria em PVC,,M,"1,0000000","14,00","14,00"
Composição Auxiliar, 88248 ,SINAPI,AUXILIAR DE ENCANADOR OU BOMBEIRO HIDRÁULICO COM ENCARGOS COMPLEMENTARES,Livro SINAPI: Cálculos e Parâmetros,,H,"0,0264125","24,00","0,63"
Composição Auxiliar, 88267 ,SINAPI,ENCANADOR OU BOMBEIRO HIDRÁULICO COM ENCARGOS COMPLEMENTARES,Livro SINAPI: Cálculos e Parâmetros,,H,"0,0264125","28,49","0,75"
Insumo,9875,SINAPI,"TUBO PVC, SOLDAVEL, DE 50 MM, AGUA FRIA (NBR-5648)",Material,,M,"1,0493000","12,02","12,61"
Insumo, 00038383 ,SINAPI,"LIXA D'AGUA EM FOLHA, COR PRETA, GRAO 100",Material,,UN,"0,0080000","1,58","0,01"
,,,,,,,,,
,,,,,,,,,
,,,,,,,,,
 12.1.1.5 ,Código,Banco,Descrição,Tipo,,Und,Quant.,Valor Unit,Total
Composição, 94654 ,SINAPI,"TUBO, PVC, SOLDÁVEL, DE 85MM, INSTALADO EM RESERVAÇÃO PREDIAL DE ÁGUA - FORNECIMENTO E INSTALAÇÃO. AF_04/2024",Instalações Hidráulicas - Reservação e Bombas de Recalque,,M,"1,0000000","59,46","59,46"
Composição Auxiliar, 88248 ,SINAPI,AUXILIAR DE ENCANADOR OU BOMBEIRO HIDRÁULICO COM ENCARGOS COMPLEMENTARES,Livro SINAPI: Cálculos e Parâmetros,,H,"0,2215810","24,00","5,31"
Composição Auxiliar, 88267 ,SINAPI,ENCANADOR OU BOMBEIRO HIDRÁULICO COM ENCARGOS COMPLEMENTARES,Livro SINAPI: Cálculos e Parâmetros,,H,"0,2215810","28,49","6,31"
Insumo, 00009872 ,SINAPI,"TUBO PVC, SOLDAVEL, DE 85 MM, AGUA FRIA (NBR-5648)",Material,,M,"1,0493000","45,56","47,80"
Insumo, 00038383 ,SINAPI,"LIXA D'AGUA EM FOLHA, COR PRETA, GRAO 100",Material,,UN,"0,0311000","1,58","0,04"
,,,,,,,,,
,,,,,,,,,
,,,,,,,,,
 12.1.2 ,,,CONEXÕES,,,,,,
 12.1.2.1 ,Código,Banco,Descrição,Tipo,,Und,Quant.,Valor Unit,Total
Composição, 103948 ,SINAPI,"BUCHA DE REDUÇÃO, CURTA, PVC, SOLDÁVEL, DN 32 X 25 MM, INSTALADO EM RAMAL OU SUB-RAMAL DE ÁGUA - FORNECIMENTO E INSTALAÇÃO. AF_06/2022",Instalações Prediais de Água Fria em PVC,,UN,"1,0000000","6,38","6,38"
Composição Auxiliar, 88248 ,SINAPI,AUXILIAR DE ENCANADOR OU BOMBEIRO HIDRÁULICO COM ENCARGOS COMPLEMENTARES,Livro SINAPI: Cálculos e Parâmetros,,H,"0,0888220","24,00","2,13"
Composição Auxiliar, 88267 ,SINAPI,ENCANADOR OU BOMBEIRO HIDRÁULICO COM ENCARGOS COMPLEMENTARES,Livro SINAPI: Cálculos e Parâmetros,,H,"0,0888220","28,49","2,53"
Insumo, 00000122 ,SINAPI,"ADESIVO PLASTICO PARA PVC, FRASCO COM *850* GR",Material,,UN,"0,0082000","49,67","0,40"
Insumo,829,SINAPI,"BUCHA DE REDUCAO DE PVC, SOLDAVEL, CURTA, COM 32 X 25 MM, PARA AGUA FRIA PREDIAL",Material,,UN,"1,0000000","0,74","0,74"
Insumo, 00020083 ,SINAPI,"SOLUCAO PREPARADORA / LIMPADORA PARA PVC, FRASCO COM 1000 CM3",Material,,UN,"0,0095000","56,28","0,53"
Insumo, 00038383 ,SINAPI,"LIXA D'AGUA EM FOLHA, COR PRETA, GRAO 100",Material,,UN,"0,0371000","1,58","0,05"
,,,,,,,,,
,,,,,,,,,
,,,,,,,,,
 12.1.2.2 ,Código,Banco,Descrição,Tipo,,Und,Quant.,Valor Unit,Total
Composição, 89378 ,SINAPI,"LUVA, PVC, SOLDÁVEL, DN 25MM, INSTALADO EM RAMAL OU SUB-RAMAL DE ÁGUA - FORNECIMENTO E INSTALAÇÃO. AF_06/2022",Instalações Prediais de Água Fria em PVC,,UN,"1,0000000","5,72","5,72"
Composição Auxiliar, 88248 ,SINAPI,AUXILIAR DE ENCANADOR OU BOMBEIRO HIDRÁULICO COM ENCARGOS COMPLEMENTARES,Livro SINAPI: Cálculos e Parâmetros,,H,"0,0807477","24,00","1,93"
Composição Auxiliar, 88267 ,SINAPI,ENCANADOR OU BOMBEIRO HIDRÁULICO COM ENCARGOS COMPLEMENTARES,Livro SINAPI: Cálculos e Parâmetros,,H,"0,0807477","28,49","2,30"
Insumo, 00000122 ,SINAPI,"ADESIVO PLASTICO PARA PVC, FRASCO COM *850* GR",Material,,UN,"0,0071000","49,67","0,35"
Insumo,3904,SINAPI,"LUVA PVC SOLDAVEL, 25 MM, PARA AGUA FRIA PREDIAL",Material,,UN,"1,0000000","0,64","0,64"
Insumo, 00020083 ,SINAPI,"SOLUCAO PREPARADORA / LIMPADORA PARA PVC, FRASCO COM 1000 CM3",Material,,UN,"0,0080000","56,28","0,45"
Insumo, 00038383 ,SINAPI,"LIXA D'AGUA EM FOLHA, COR PRETA, GRAO 100",Material,,UN,"0,0338000","1,58","0,05"
,,,,,,,,,
,,,,,,,,,
,,,,,,,,,
 12.1.2.3 ,Código,Banco,Descrição,Tipo,,Und,Quant.,Valor Unit,Total
Composição, 89386 ,SINAPI,"LUVA, PVC, SOLDÁVEL, DN 32MM, INSTALADO EM RAMAL OU SUB-RAMAL DE ÁGUA - FORNECIMENTO E INSTALAÇÃO. AF_06/2022",Instalações Prediais de Água Fria em PVC,,UN,"1,0000000","7,73","7,73"
Composição Auxiliar, 88248 ,SINAPI,AUXILIAR DE ENCANADOR OU BOMBEIRO HIDRÁULICO COM ENCARGOS COMPLEMENTARES,Livro SINAPI: Cálculos e Parâmetros,,H,"0,0964825","24,00","2,31"
Composição Auxiliar, 88267 ,SINAPI,ENCANADOR OU BOMBEIRO HIDRÁULICO COM ENCARGOS COMPLEMENTARES,Livro SINAPI: Cálculos e Parâmetros,,H,"0,0964825","28,49","2,74"
Insumo, 00000122 ,SINAPI,"ADESIVO PLASTICO PARA PVC, FRASCO COM *850* GR",Material,,UN,"0,0094000","49,67","0,46"
Insumo, 0000 00000122  ,SINAPI,"LUVA PVC SOLDAVEL, 32 MM, PARA AGUA FRIA PREDIAL",Material,,UN,"1,0000000","1,55","1,55"
Insumo, 00020083 ,SINAPI,"SOLUCAO PREPARADORA / LIMPADORA PARA PVC, FRASCO COM 1000 CM3",Material,,UN,"0,0110000","56,28","0,61"
Insumo, 00038383 ,SINAPI,"LIXA D'AGUA EM FOLHA, COR PRETA, GRAO 100",Material,,UN,"0,0403000","1,58","0,06"
,,,,,,,,,
,,,,,,,,,
,,,,,,,,,
 12.1.2.4 ,Código,Banco,Descrição,Tipo,,Und,Quant.,Valor Unit,Total
Composição, 89395 ,SINAPI,"TE, PVC, SOLDÁVEL, DN 25MM, INSTALADO EM RAMAL OU SUB-RAMAL DE ÁGUA - FORNECIMENTO E INSTALAÇÃO. AF_06/2022",Instalações Prediais de Água Fria em PVC,,UN,"1,0000000","10,69","10,69"
Composição Auxiliar, 88248 ,SINAPI,AUXILIAR DE ENCANADOR OU BOMBEIRO HIDRÁULICO COM ENCARGOS COMPLEMENTARES,Livro SINAPI: Cálculos e Parâmetros,,H,"0,1618093","24,00","3,88"
Composição Auxiliar, 88267 ,SINAPI,ENCANADOR OU BOMBEIRO HIDRÁULICO COM ENCARGOS COMPLEMENTARES,Livro SINAPI: Cálculos e Parâmetros,,H,"0,1618093","28,49","4,60"
Insumo, 00000122 ,SINAPI,"ADESIVO PLASTICO PARA PVC, FRASCO COM *850* GR",Material,,UN,"0,0106000","49,67","0,52"
Insumo, 0000 00000122 ,SINAPI,"TE SOLDAVEL, PVC, 90 GRAUS, 25 MM, PARA AGUA FRIA PREDIAL (NBR 5648)",Material,,UN,"1,0000000","0,94","0,94"
Insumo, 00020083 ,SINAPI,"SOLUCAO PREPARADORA / LIMPADORA PARA PVC, FRASCO COM 1000 CM3",Material,,UN,"0,0120000","56,28","0,67"
Insumo, 00038383 ,SINAPI,"LIXA D'AGUA EM FOLHA, COR PRETA, GRAO 100",Material,,UN,"0,0507000","1,58","0,08"
,,,,,,,,,
,,,,,,,,,
,,,,,,,,,
 12.1.2.5 ,Código,Banco,Descrição,Tipo,,Und,Quant.,Valor Unit,Total
Composição, 89385 ,SINAPI,"LUVA SOLDÁVEL E COM ROSCA, PVC, SOLDÁVEL, DN 25MM X 3/4, INSTALADO EM RAMAL OU SUB-RAMAL DE ÁGUA - FORNECIMENTO E INSTALAÇÃO. AF_06/2022",Instalações Prediais de Água Fria em PVC,,UN,"1,0000000","5,84","5,84"
Composição Auxiliar, 88248 ,SINAPI,AUXILIAR DE ENCANADOR OU BOMBEIRO HIDRÁULICO COM ENCARGOS COMPLEMENTARES,Livro SINAPI: Cálculos e Parâmetros,,H,"0,0752598","24,00","1,80"
Composição Auxiliar, 88267 ,SINAPI,ENCANADOR OU BOMBEIRO HIDRÁULICO COM ENCARGOS COMPLEMENTARES,Livro SINAPI: Cálculos e Parâmetros,,H,"0,0752598","28,49","2,14"
Insumo, 00000122 ,SINAPI,"ADESIVO PLASTICO PARA PVC, FRASCO COM *850* GR",Material,,UN,"0,0059000","49,67","0,29"
Insumo,3906,SINAPI,"LUVA SOLDAVEL COM ROSCA, PVC, 25 MM X 3/4"", PARA AGUA FRIA PREDIAL",Material,,UN,"1,0000000","1,18","1,18"
Insumo, 00020083 ,SINAPI,"SOLUCAO PREPARADORA / LIMPADORA PARA PVC, FRASCO COM 1000 CM3",Material,,UN,"0,0070000","56,28","0,39"
Insumo, 00038383 ,SINAPI,"LIXA D'AGUA EM FOLHA, COR PRETA, GRAO 100",Material,,UN,"0,0315000","1,58","0,04"
,,,,,,,,,
,,,,,,,,,
,,,,,,,,,
 12.1.2.6 ,Código,Banco,Descrição,Tipo,,Und,Quant.,Valor Unit,Total
Composição, 89362 ,SINAPI,"JOELHO 90 GRAUS, PVC, SOLDÁVEL, DN 25MM, INSTALADO EM RAMAL OU SUB-RAMAL DE ÁGUA - FORNECIMENTO E INSTALAÇÃO. AF_06/2022",Instalações Prediais de Água Fria em PVC,,UN,"1,0000000","7,76","7,76"
Composição Auxiliar, 88248 ,SINAPI,AUXILIAR DE ENCANADOR OU BOMBEIRO HIDRÁULICO COM ENCARGOS COMPLEMENTARES,Livro SINAPI: Cálculos e Parâmetros,,H,"0,1210932","24,00","2,90"
Composição Auxiliar, 88267 ,SINAPI,ENCANADOR OU BOMBEIRO HIDRÁULICO COM ENCARGOS COMPLEMENTARES,Livro SINAPI: Cálculos e Parâmetros,,H,"0,1210932","28,49","3,44"
Insumo, 00000122 ,SINAPI,"ADESIVO PLASTICO PARA PVC, FRASCO COM *850* GR",Material,,UN,"0,0071000","49,67","0,35"
Insumo,3529,SINAPI,"JOELHO PVC, SOLDAVEL, 90 GRAUS, 25 MM, COR MARROM, PARA AGUA FRIA PREDIAL",Material,,UN,"1,0000000","0,57","0,57"
Insumo, 00020083 ,SINAPI,"SOLUCAO PREPARADORA / LIMPADORA PARA PVC, FRASCO COM 1000 CM3",Material,,UN,"0,0080000","56,28","0,45"
Insumo, 00038383 ,SINAPI,"LIXA D'AGUA EM FOLHA, COR PRETA, GRAO 100",Material,,UN,"0,0338000","1,58","0,05"
,,,,,,,,,
,,,,,,,,,
,,,,,,,,,
 12.1.2.7 ,Código,Banco,Descrição,Tipo,,Und,Quant.,Valor Unit,Total
Composição, 103980 ,SINAPI,"JOELHO 90 GRAUS, PVC, SOLDÁVEL, DN 40MM, INSTALADO EM RAMAL DE DISTRIBUIÇÃO DE ÁGUA - FORNECIMENTO E INSTALAÇÃO. AF_06/2022",Instalações Prediais de Água Fria em PVC,,UN,"1,0000000","14,04","14,04"
Composição Auxiliar, 88248 ,SINAPI,AUXILIAR DE ENCANADOR OU BOMBEIRO HIDRÁULICO COM ENCARGOS COMPLEMENTARES,Livro SINAPI: Cálculos e Parâmetros,,H,"0,1530919","24,00","3,67"
Composição Auxiliar, 88267 ,SINAPI,ENCANADOR OU BOMBEIRO HIDRÁULICO COM ENCARGOS COMPLEMENTARES,Livro SINAPI: Cálculos e Parâmetros,,H,"0,1530919","28,49","4,36"
Insumo, 00000122 ,SINAPI,"ADESIVO PLASTICO PARA PVC, FRASCO COM *850* GR",Material,,UN,"0,0118000","49,67","0,58"
Insumo,3535,SINAPI,"JOELHO PVC, SOLDAVEL, 90 GRAUS, 40 MM, COR MARROM, PARA AGUA FRIA PREDIAL",Material,,UN,"1,0000000","4,59","4,59"
Insumo, 00020083 ,SINAPI,"SOLUCAO PREPARADORA / LIMPADORA PARA PVC, FRASCO COM 1000 CM3",Material,,UN,"0,0140000","56,28","0,78"
Insumo, 00038383 ,SINAPI,"LIXA D'AGUA EM FOLHA, COR PRETA, GRAO 100",Material,,UN,"0,0427000","1,58","0,06"
,,,,,,,,,
,,,,,,,,,
,,,,,,,,,
 12.1.2.8 ,Código,Banco,Descrição,Tipo,,Und,Quant.,Valor Unit,Total
Composição, 89367 ,SINAPI,"JOELHO 90 GRAUS, PVC, SOLDÁVEL, DN 32MM, INSTALADO EM RAMAL OU SUB-RAMAL DE ÁGUA - FORNECIMENTO E INSTALAÇÃO. AF_06/2022",Instalações Prediais de Água Fria em PVC,,UN,"1,0000000","10,61","10,61"
Composição Auxiliar, 88248 ,SINAPI,AUXILIAR DE ENCANADOR OU BOMBEIRO HIDRÁULICO COM ENCARGOS COMPLEMENTARES,Livro SINAPI: Cálculos e Parâmetros,,H,"0,1446452","24,00","3,47"
Composição Auxiliar, 88267 ,SINAPI,ENCANADOR OU BOMBEIRO HIDRÁULICO COM ENCARGOS COMPLEMENTARES,Livro SINAPI: Cálculos e Parâmetros,,H,"0,1446452","28,49","4,12"
Insumo, 00000122 ,SINAPI,"ADESIVO PLASTICO PARA PVC, FRASCO COM *850* GR",Material,,UN,"0,0094000","49,67","0,46"
Insumo,3536,SINAPI,"JOELHO PVC, SOLDAVEL, 90 GRAUS, 32 MM, COR MARROM, PARA AGUA FRIA PREDIAL",Material,,UN,"1,0000000","1,89","1,89"
Insumo, 00020083 ,SINAPI,"SOLUCAO PREPARADORA / LIMPADORA PARA PVC, FRASCO COM 1000 CM3",Material,,UN,"0,0110000","56,28","0,61"
Insumo, 00038383 ,SINAPI,"LIXA D'AGUA EM FOLHA, COR PRETA, GRAO 100",Material,,UN,"0,0403000","1,58","0,06"
,,,,,,,,,
,,,,,,,,,
,,,,,,,,,
 12.1.2.9 ,Código,Banco,Descrição,Tipo,,Und,Quant.,Valor Unit,Total
Composição, 89366 ,SINAPI,"JOELHO 90 GRAUS COM BUCHA DE LATÃO, PVC, SOLDÁVEL, DN 25MM, X 3/4 INSTALADO EM RAMAL OU SUB-RAMAL DE ÁGUA - FORNECIMENTO E INSTALAÇÃO. AF_06/2022",Instalações Prediais de Água Fria em PVC,,UN,"1,0000000","12,90","12,90"
Composição Auxiliar, 88248 ,SINAPI,AUXILIAR DE ENCANADOR OU BOMBEIRO HIDRÁULICO COM ENCARGOS COMPLEMENTARES,Livro SINAPI: Cálculos e Parâmetros,,H,"0,1125758","24,00","2,70"
Composição Auxiliar, 88267 ,SINAPI,ENCANADOR OU BOMBEIRO HIDRÁULICO COM ENCARGOS COMPLEMENTARES,Livro SINAPI: Cálculos e Parâmetros,,H,"0,1125758","28,49","3,20"
Insumo, 00000122 ,SINAPI,"ADESIVO PLASTICO PARA PVC, FRASCO COM *850* GR",Material,,UN,"0,0059000","49,67","0,29"
Insumo,3524,SINAPI,"JOELHO PVC, SOLDAVEL, COM BUCHA DE LATAO, 90 GRAUS, 25 MM X 3/4"", PARA AGUA FRIA PREDIAL",Material,,UN,"1,0000000","6,27","6,27"
Insumo, 00020083 ,SINAPI,"SOLUCAO PREPARADORA / LIMPADORA PARA PVC, FRASCO COM 1000 CM3",Material,,UN,"0,0070000","56,28","0,39"
Insumo, 00038383 ,SINAPI,"LIXA D'AGUA EM FOLHA, COR PRETA, GRAO 100",Material,,UN,"0,0338000","1,58","0,05"
,,,,,,,,,
,,,,,,,,,
,,,,,,,,,
 12.1.2.10 ,Código,Banco,Descrição,Tipo,,Und,Quant.,Valor Unit,Total
Composição, 90373 ,SINAPI,"JOELHO 90 GRAUS COM BUCHA DE LATÃO, PVC, SOLDÁVEL, DN 25MM, X 1/2 INSTALADO EM RAMAL OU SUB-RAMAL DE ÁGUA - FORNECIMENTO E INSTALAÇÃO. AF_06/2022",Instalações Prediais de Água Fria em PVC,,UN,"1,0000000","10,36","10,36"
Composição Auxiliar, 88248 ,SINAPI,AUXILIAR DE ENCANADOR OU BOMBEIRO HIDRÁULICO COM ENCARGOS COMPLEMENTARES,Livro SINAPI: Cálculos e Parâmetros,,H,"0,1045292","24,00","2,50"
Composição Auxiliar, 88267 ,SINAPI,ENCANADOR OU BOMBEIRO HIDRÁULICO COM ENCARGOS COMPLEMENTARES,Livro SINAPI: Cálculos e Parâmetros,,H,"0,1045292","28,49","2,97"
Insumo, 00000122 ,SINAPI,"ADESIVO PLASTICO PARA PVC, FRASCO COM *850* GR",Material,,UN,"0,0059000","49,67","0,29"
Insumo, 00020083 ,SINAPI,"SOLUCAO PREPARADORA / LIMPADORA PARA PVC, FRASCO COM 1000 CM3",Material,,UN,"0,0070000","56,28","0,39"
Insumo, 000 00020083 89383,SINAPI,"JOELHO PVC, SOLDAVEL, COM BUCHA DE LATAO, 90 GRAUS, 25 MM X 1/2"", PARA AGUA FRIA PREDIAL",Material,,UN,"1,0000000","4,17","4,17"
Insumo, 00038383 ,SINAPI,"LIXA D'AGUA EM FOLHA, COR PRETA, GRAO 100",Material,,UN,"0,0315000","1,58","0,04"
,,,,,,,,,
,,,,,,,,,
,,,,,,,,,
 12.1.2.11 ,Código,Banco,Descrição,Tipo,,Und,Quant.,Valor Unit,Total
Composição, 89383 ,SINAPI,"ADAPTADOR CURTO COM BOLSA E ROSCA PARA REGISTRO, PVC, SOLDÁVEL, DN 25MM X 3/4, INSTALADO EM RAMAL OU SUB-RAMAL DE ÁGUA - FORNECIMENTO E INSTALAÇÃO. AF_06/2022",Instalações Prediais de Água Fria em PVC,,UN,"1,0000000","5,36","5,36"
Composição Auxiliar, 88248 ,SINAPI,AUXILIAR DE ENCANADOR OU BOMBEIRO HIDRÁULICO COM ENCARGOS COMPLEMENTARES,Livro SINAPI: Cálculos e Parâmetros,,H,"0,0752598","24,00","1,80"
Composição Auxiliar, 88267 ,SINAPI,ENCANADOR OU BOMBEIRO HIDRÁULICO COM ENCARGOS COMPLEMENTARES,Livro SINAPI: Cálculos e Parâmetros,,H,"0,0752598","28,49","2,14"
Insumo,65,SINAPI,"ADAPTADOR PVC SOLDAVEL CURTO COM BOLSA E ROSCA, 25 MM X 3/4"", PARA AGUA FRIA",Material,,UN,"1,0000000","0,70","0,70"
Insumo, 00000122 ,SINAPI,"ADAPTADOR PVC SOLDAVEL CURTO COM BOLSA E ROSCA, 25 MM X 3/4"", PARA AGUA FRIA",Material,,UN,"0,0059000","49,67","0,29"
Insumo, 00020083 ,SINAPI,"SOLUCAO PREPARADORA / LIMPADORA PARA PVC, FRASCO COM 1000 CM3",Material,,UN,"0,0070000","56,28","0,39"
Insumo, 00038383 ,SINAPI,"LIXA D'AGUA EM FOLHA, COR PRETA, GRAO 100",Material,,UN,"0,0315000","1,58","0,04"
,,,,,,,,,
,,,,,,,,,
,,,,,,,,,
 12.1.2.12 ,Código,Banco,Descrição,Tipo,,Und,Quant.,Valor Unit,Total
Composição, 89369 ,SINAPI,"CURVA 90 GRAUS, PVC, SOLDÁVEL, DN 32MM, INSTALADO EM RAMAL OU SUB-RAMAL DE ÁGUA - FORNECIMENTO E INSTALAÇÃO. AF_06/2022",Instalações Prediais de Água Fria em PVC,,UN,"1,0000000","13,74","13,74"
Composição Auxiliar, 88248 ,SINAPI,AUXILIAR DE ENCANADOR OU BOMBEIRO HIDRÁULICO COM ENCARGOS COMPLEMENTARES,Livro SINAPI: Cálculos e Parâmetros,,H,"0,1446452","24,00","3,47"
Composição Auxiliar, 88267 ,SINAPI,ENCANADOR OU BOMBEIRO HIDRÁULICO COM ENCARGOS COMPLEMENTARES,Livro SINAPI: Cálculos e Parâmetros,,H,"0,1446452","28,49","4,12"
Insumo, 00000122 ,SINAPI,"ADESIVO PLASTICO PARA PVC, FRASCO COM *850* GR",Material,,UN,"0,0094000","49,67","0,46"
Insumo, 0000 00000122 ,SINAPI,"CURVA DE PVC 90 GRAUS, SOLDAVEL, 32 MM, COR MARROM, PARA AGUA FRIA PREDIAL",Material,,UN,"1,0000000","5,02","5,02"
Insumo, 00020083 ,SINAPI,"SOLUCAO PREPARADORA / LIMPADORA PARA PVC, FRASCO COM 1000 CM3",Material,,UN,"0,0110000","56,28","0,61"
Insumo, 00038383 ,SINAPI,"LIXA D'AGUA EM FOLHA, COR PRETA, GRAO 100",Material,,UN,"0,0403000","1,58","0,06"
,,,,,,,,,
,,,,,,,,,
,,,,,,,,,
 12.1.2.13 ,Código,Banco,Descrição,Tipo,,Und,Quant.,Valor Unit,Total
Composição, 103951 ,SINAPI,"JOELHO DE REDUÇÃO, 90 GRAUS, PVC, SOLDÁVEL, DN 32 MM X 25 MM, INSTALADO EM RAMAL OU SUB-RAMAL DE ÁGUA - FORNECIMENTO E INSTALAÇÃO. AF_06/2022",Instalações Prediais de Água Fria em PVC,,UN,"1,0000000","11,97","11,97"
Composição Auxiliar, 88248 ,SINAPI,AUXILIAR DE ENCANADOR OU BOMBEIRO HIDRÁULICO COM ENCARGOS COMPLEMENTARES,Livro SINAPI: Cálculos e Parâmetros,,H,"0,1328692","24,00","3,18"
Composição Auxiliar, 88267 ,SINAPI,ENCANADOR OU BOMBEIRO HIDRÁULICO COM ENCARGOS COMPLEMENTARES,Livro SINAPI: Cálculos e Parâmetros,,H,"0,1328692","28,49","3,78"
Insumo, 00000122 ,SINAPI,"ADESIVO PLASTICO PARA PVC, FRASCO COM *850* GR",Material,,UN,"0,0082000","49,67","0,40"
Insumo,3538,SINAPI,"JOELHO DE REDUCAO, PVC SOLDAVEL, 90 GRAUS, 32 MM X 25 MM, COR MARROM, PARA AGUA FRIA PREDIAL",Material,,UN,"1,0000000","4,03","4,03"
Insumo, 00020083 ,SINAPI,"SOLUCAO PREPARADORA / LIMPADORA PARA PVC, FRASCO COM 1000 CM3",Material,,UN,"0,0095000","56,28","0,53"
Insumo, 00038383 ,SINAPI,"LIXA D'AGUA EM FOLHA, COR PRETA, GRAO 100",Material,,UN,"0,0371000","1,58","0,05"
,,,,,,,,,
,,,,,,,,,
,,,,,,,,,
 12.1.2.14 ,Código,Banco,Descrição,Tipo,,Und,Quant.,Valor Unit,Total
Composição, 89391 ,SINAPI,"ADAPTADOR CURTO COM BOLSA E ROSCA PARA REGISTRO, PVC, SOLDÁVEL, DN 32MM X 1, INSTALADO EM RAMAL OU SUB-RAMAL DE ÁGUA - FORNECIMENTO E INSTALAÇÃO. AF_06/2022",Instalações Prediais de Água Fria em PVC,,UN,"1,0000000","7,01","7,01"
Composição Auxiliar, 88248 ,SINAPI,AUXILIAR DE ENCANADOR OU BOMBEIRO HIDRÁULICO COM ENCARGOS COMPLEMENTARES,Livro SINAPI: Cálculos e Parâmetros,,H,"0,0886652","24,00","2,12"
Composição Auxiliar, 88267 ,SINAPI,ENCANADOR OU BOMBEIRO HIDRÁULICO COM ENCARGOS COMPLEMENTARES,Livro SINAPI: Cálculos e Parâmetros,,H,"0,0886652","28,49","2,52"
Insumo,108,SINAPI,"ADAPTADOR PVC SOLDAVEL CURTO COM BOLSA E ROSCA, 32 MM X 1"", PARA AGUA FRIA",Material,,UN,"1,0000000","1,39","1,39"
Insumo, 00000122 ,SINAPI,"ADESIVO PLASTICO PARA PVC, FRASCO COM *850* GR",Material,,UN,"0,0082000","49,67","0,40"
Insumo, 00020083 ,SINAPI,"SOLUCAO PREPARADORA / LIMPADORA PARA PVC, FRASCO COM 1000 CM3",Material,,UN,"0,0095000","56,28","0,53"
Insumo, 00038383 ,SINAPI,"LIXA D'AGUA EM FOLHA, COR PRETA, GRAO 100",Material,,UN,"0,0371000","1,58","0,05"
,,,,,,,,,
,,,,,,,,,
,,,,,,,,,
 12.1.2.15 ,Código,Banco,Descrição,Tipo,,Und,Quant.,Valor Unit,Total
Composição, 103988 ,SINAPI,"LUVA, PVC, SOLDÁVEL, DN 40MM, INSTALADO EM RAMAL DE DISTRIBUIÇÃO DE ÁGUA - FORNECIMENTO E INSTALAÇÃO. AF_06/2022",Instalações Prediais de Água Fria em PVC,,UN,"1,0000000","10,09","10,09"
Composição Auxiliar, 88248 ,SINAPI,AUXILIAR DE ENCANADOR OU BOMBEIRO HIDRÁULICO COM ENCARGOS COMPLEMENTARES,Livro SINAPI: Cálculos e Parâmetros,,H,"0,1024274","24,00","2,45"
Composição Auxiliar, 88267 ,SINAPI,ENCANADOR OU BOMBEIRO HIDRÁULICO COM ENCARGOS COMPLEMENTARES,Livro SINAPI: Cálculos e Parâmetros,,H,"0,1024274","28,49","2,91"
Insumo, 00000122 ,SINAPI,"ADESIVO PLASTICO PARA PVC, FRASCO COM *850* GR",Material,,UN,"0,0118000","49,67","0,58"
Insumo,3862,SINAPI,"LUVA PVC SOLDAVEL, 40 MM, PARA AGUA FRIA PREDIAL",Material,,UN,"1,0000000","3,31","3,31"
Insumo, 00020083 ,SINAPI,"SOLUCAO PREPARADORA / LIMPADORA PARA PVC, FRASCO COM 1000 CM3",Material,,UN,"0,0140000","56,28","0,78"
Insumo, 00038383 ,SINAPI,"LIXA D'AGUA EM FOLHA, COR PRETA, GRAO 100",Material,,UN,"0,0427000","1,58","0,06"
,,,,,,,,,
,,,,,,,,,
,,,,,,,,,
 12.1.2.16 ,Código,Banco,Descrição,Tipo,,Und,Quant.,Valor Unit,Total
Composição, 89398 ,SINAPI,"TE, PVC, SOLDÁVEL, DN 32MM, INSTALADO EM RAMAL OU SUB-RAMAL DE ÁGUA - FORNECIMENTO E INSTALAÇÃO. AF_06/2022",Instalações Prediais de Água Fria em PVC,,UN,"1,0000000","14,75","14,75"
Composição Auxiliar, 88248 ,SINAPI,AUXILIAR DE ENCANADOR OU BOMBEIRO HIDRÁULICO COM ENCARGOS COMPLEMENTARES,Livro SINAPI: Cálculos e Parâmetros,,H,"0,1926511","24,00","4,62"
Composição Auxiliar, 88267 ,SINAPI,ENCANADOR OU BOMBEIRO HIDRÁULICO COM ENCARGOS COMPLEMENTARES,Livro SINAPI: Cálculos e Parâmetros,,H,"0,1926511","28,49","5,48"
Insumo, 00000122 ,SINAPI,"ADESIVO PLASTICO PARA PVC, FRASCO COM *850* GR",Material,,UN,"0,0141000","49,67","0,70"
Insumo,7140,SINAPI,"TE SOLDAVEL, PVC, 90 GRAUS, 32 MM, PARA AGUA FRIA PREDIAL (NBR 5648)",Material,,UN,"1,0000000","2,94","2,94"
Insumo, 00020083 ,SINAPI,"SOLUCAO PREPARADORA / LIMPADORA PARA PVC, FRASCO COM 1000 CM3",Material,,UN,"0,0165000","56,28","0,92"
Insumo, 00038383 ,SINAPI,"LIXA D'AGUA EM FOLHA, COR PRETA, GRAO 100",Material,,UN,"0,0605000","1,58","0,09"
,,,,,,,,,
,,,,,,,,,
,,,,,,,,,
 12.1.2.17 ,Código,Banco,Descrição,Tipo,,Und,Quant.,Valor Unit,Total
Composição, 89572 ,SINAPI,"ADAPTADOR CURTO COM BOLSA E ROSCA PARA REGISTRO, PVC, SOLDÁVEL, DN 40MM X 1.1/4, INSTALADO EM PRUMADA DE ÁGUA - FORNECIMENTO E INSTALAÇÃO. AF_06/2022",Instalações Prediais de Água Fria em PVC,,UN,"1,0000000","6,75","6,75"
Composição Auxiliar, 88248 ,SINAPI,AUXILIAR DE ENCANADOR OU BOMBEIRO HIDRÁULICO COM ENCARGOS COMPLEMENTARES,Livro SINAPI: Cálculos e Parâmetros,,H,"0,0503215","24,00","1,20"
Composição Auxiliar, 88267 ,SINAPI,ENCANADOR OU BOMBEIRO HIDRÁULICO COM ENCARGOS COMPLEMENTARES,Livro SINAPI: Cálculos e Parâmetros,,H,"0,0503215","28,49","1,43"
Insumo,109,SINAPI,"ADAPTADOR PVC SOLDAVEL CURTO COM BOLSA E ROSCA, 40 MM X 1 1/4"", PARA AGUA FRIA",Material,,UN,"1,0000000","2,88","2,88"
Insumo, 00000122 ,SINAPI,"ADESIVO PLASTICO PARA PVC, FRASCO COM *850* GR",Material,,UN,"0,0106000","49,67","0,52"
Insumo, 00020083 ,SINAPI,"SOLUCAO PREPARADORA / LIMPADORA PARA PVC, FRASCO COM 1000 CM3",Material,,UN,"0,0125000","56,28","0,70"
Insumo, 00038383 ,SINAPI,"LIXA D'AGUA EM FOLHA, COR PRETA, GRAO 100",Material,,UN,"0,0144000","1,58","0,02"
,,,,,,,,,
,,,,,,,,,
,,,,,,,,,
 12.1.2.18 ,Código,Banco,Descrição,Tipo,,Und,Quant.,Valor Unit,Total
Composição, 89596 ,SINAPI,"ADAPTADOR CURTO COM BOLSA E ROSCA PARA REGISTRO, PVC, SOLDÁVEL, DN 50MM X 1.1/2, INSTALADO EM PRUMADA DE ÁGUA - FORNECIMENTO E INSTALAÇÃO. AF_06/2022",Instalações Prediais de Água Fria em PVC,,UN,"1,0000000","8,11","8,11"
Composição Auxiliar, 88248 ,SINAPI,AUXILIAR DE ENCANADOR OU BOMBEIRO HIDRÁULICO COM ENCARGOS COMPLEMENTARES,Livro SINAPI: Cálculos e Parâmetros,,H,"0,0585957","24,00","1,40"
Composição Auxiliar, 88267 ,SINAPI,ENCANADOR OU BOMBEIRO HIDRÁULICO COM ENCARGOS COMPLEMENTARES,Livro SINAPI: Cálculos e Parâmetros,,H,"0,0585957","28,49","1,66"
Insumo,112,SINAPI,"ADAPTADOR PVC SOLDAVEL CURTO COM BOLSA E ROSCA, 50 MM X1 1/2"", PARA AGUA FRIA",Material,,UN,"1,0000000","3,47","3,47"
Insumo, 00000122 ,SINAPI,"ADESIVO PLASTICO PARA PVC, FRASCO COM *850* GR",Material,,UN,"0,0129000","49,67","0,64"
Insumo, 00020083 ,SINAPI,"SOLUCAO PREPARADORA / LIMPADORA PARA PVC, FRASCO COM 1000 CM3",Material,,UN,"0,0165000","56,28","0,92"
Insumo, 00038383 ,SINAPI,"LIXA D'AGUA EM FOLHA, COR PRETA, GRAO 100",Material,,UN,"0,0161000","1,58","0,02"
,,,,,,,,,
,,,,,,,,,
,,,,,,,,,
 12.1.2.19 ,Código,Banco,Descrição,Tipo,,Und,Quant.,Valor Unit,Total
Composição, 89501 ,SINAPI,"JOELHO 90 GRAUS, PVC, SOLDÁVEL, DN 50MM, INSTALADO EM PRUMADA DE ÁGUA - FORNECIMENTO E INSTALAÇÃO. AF_06/2022",Instalações Prediais de Água Fria em PVC,,UN,"1,0000000","11,27","11,27"
Composição Auxiliar, 88248 ,SINAPI,AUXILIAR DE ENCANADOR OU BOMBEIRO HIDRÁULICO COM ENCARGOS COMPLEMENTARES,Livro SINAPI: Cálculos e Parâmetros,,H,"0,1013705","24,00","2,43"
Composição Auxiliar, 88267 ,SINAPI,ENCANADOR OU BOMBEIRO HIDRÁULICO COM ENCARGOS COMPLEMENTARES,Livro SINAPI: Cálculos e Parâmetros,,H,"0,1013705","28,49","2,88"
Insumo, 00000122 ,SINAPI,"ADESIVO PLASTICO PARA PVC, FRASCO COM *850* GR",Material,,UN,"0,0165000","49,67","0,81"
Insumo,3540,SINAPI,"JOELHO PVC, SOLDAVEL, 90 GRAUS, 50 MM, COR MARROM, PARA AGUA FRIA PREDIAL",Material,,UN,"1,0000000","3,89","3,89"
Insumo, 00020083 ,SINAPI,"SOLUCAO PREPARADORA / LIMPADORA PARA PVC, FRASCO COM 1000 CM3",Material,,UN,"0,0220000","56,28","1,23"
Insumo, 00038383 ,SINAPI,"LIXA D'AGUA EM FOLHA, COR PRETA, GRAO 100",Material,,UN,"0,0190000","1,58","0,03"
,,,,,,,,,
,,,,,,,,,
,,,,,,,,,
 12.1.2.20 ,Código,Banco,Descrição,Tipo,,Und,Quant.,Valor Unit,Total
Composição, 104011 ,SINAPI,"TE, PVC, SOLDÁVEL, DN 40MM, INSTALADO EM RAMAL DE DISTRIBUIÇÃO DE ÁGUA - FORNECIMENTO E INSTALAÇÃO. AF_06/2022",Instalações Prediais de Água Fria em PVC,,UN,"1,0000000","20,01","20,01"
Composição Auxiliar, 88248 ,SINAPI,AUXILIAR DE ENCANADOR OU BOMBEIRO HIDRÁULICO COM ENCARGOS COMPLEMENTARES,Livro SINAPI: Cálculos e Parâmetros,,H,"0,2035996","24,00","4,88"
Composição Auxiliar, 88267 ,SINAPI,ENCANADOR OU BOMBEIRO HIDRÁULICO COM ENCARGOS COMPLEMENTARES,Livro SINAPI: Cálculos e Parâmetros,,H,"0,2035996","28,49","5,80"
Insumo, 00000122 ,SINAPI,"ADESIVO PLASTICO PARA PVC, FRASCO COM *850* GR",Material,,UN,"0,0176000","49,67","0,87"
Insumo,7141,SINAPI,"TE SOLDAVEL, PVC, 90 GRAUS, 40 MM, PARA AGUA FRIA PREDIAL (NBR 5648)",Material,,UN,"1,0000000","7,18","7,18"
Insumo, 00020083 ,SINAPI,"SOLUCAO PREPARADORA / LIMPADORA PARA PVC, FRASCO COM 1000 CM3",Material,,UN,"0,0210000","56,28","1,18"
Insumo, 00038383 ,SINAPI,"LIXA D'AGUA EM FOLHA, COR PRETA, GRAO 100",Material,,UN,"0,0641000","1,58","0,10"
,,,,,,,,,
,,,,,,,,,
,,,,,,,,,
 12.1.2.21 ,Código,Banco,Descrição,Tipo,,Und,Quant.,Valor Unit,Total
Composição, 89625 ,SINAPI,"TE, PVC, SOLDÁVEL, DN 50MM, INSTALADO EM PRUMADA DE ÁGUA - FORNECIMENTO E INSTALAÇÃO. AF_06/2022",Instalações Prediais de Água Fria em PVC,,UN,"1,0000000","17,68","17,68"
Composição Auxiliar, 88248 ,SINAPI,AUXILIAR DE ENCANADOR OU BOMBEIRO HIDRÁULICO COM ENCARGOS COMPLEMENTARES,Livro SINAPI: Cálculos e Parâmetros,,H,"0,1348848","24,00","3,23"
Composição Auxiliar, 88267 ,SINAPI,ENCANADOR OU BOMBEIRO HIDRÁULICO COM ENCARGOS COMPLEMENTARES,Livro SINAPI: Cálculos e Parâmetros,,H,"0,1348848","28,49","3,84"
Insumo, 00000122 ,SINAPI,"ADESIVO PLASTICO PARA PVC, FRASCO COM *850* GR",Material,,UN,"0,0247000","49,67","1,22"
Insumo,7142,SINAPI,"TE SOLDAVEL, PVC, 90 GRAUS,50 MM, PARA AGUA FRIA PREDIAL (NBR 5648)",Material,,UN,"1,0000000","7,50","7,50"
Insumo, 00020083 ,SINAPI,"SOLUCAO PREPARADORA / LIMPADORA PARA PVC, FRASCO COM 1000 CM3",Material,,UN,"0,0330000","56,28","1,85"
Insumo, 00038383 ,SINAPI,"LIXA D'AGUA EM FOLHA, COR PRETA, GRAO 100",Material,,UN,"0,0285000","1,58","0,04"
,,,,,,,,,
,,,,,,,,,
,,,,,,,,,
 12.1.2.22 ,Código,Banco,Descrição,Tipo,,Und,Quant.,Valor Unit,Total
Composição, 89527 ,SINAPI,"CURVA 45 GRAUS, PVC, SOLDÁVEL, DN 85MM, INSTALADO EM PRUMADA DE ÁGUA - FORNECIMENTO E INSTALAÇÃO. AF_06/2022",Instalações Prediais de Água Fria em PVC,,UN,"1,0000000","43,17","43,17"
Composição Auxiliar, 88248 ,SINAPI,AUXILIAR DE ENCANADOR OU BOMBEIRO HIDRÁULICO COM ENCARGOS COMPLEMENTARES,Livro SINAPI: Cálculos e Parâmetros,,H,"0,1639560","24,00","3,93"
Composição Auxiliar, 88267 ,SINAPI,ENCANADOR OU BOMBEIRO HIDRÁULICO COM ENCARGOS COMPLEMENTARES,Livro SINAPI: Cálculos e Parâmetros,,H,"0,1639560","28,49","4,67"
Insumo, 00000122 ,SINAPI,"ADESIVO PLASTICO PARA PVC, FRASCO COM *850* GR",Material,,UN,"0,0353000","49,67","1,75"
Insumo,1953,SINAPI,"CURVA DE PVC 45 GRAUS, SOLDAVEL, 85 MM, COR MARROM, PARA AGUA FRIA PREDIAL",Material,,UN,"1,0000000","29,41","29,41"
Insumo, 00020083 ,SINAPI,"SOLUCAO PREPARADORA / LIMPADORA PARA PVC, FRASCO COM 1000 CM3",Material,,UN,"0,0600000","56,28","3,37"
Insumo, 00038383 ,SINAPI,"LIXA D'AGUA EM FOLHA, COR PRETA, GRAO 100",Material,,UN,"0,0307000","1,58","0,04"
,,,,,,,,,
,,,,,,,,,
,,,,,,,,,
 12.1.2.23 ,Código,Banco,Descrição,Tipo,,Und,Quant.,Valor Unit,Total
Composição, 94679 ,SINAPI,"CURVA 90 GRAUS, PVC, SOLDÁVEL, DN 50 MM, INSTALADO EM RESERVAÇÃO PREDIAL DE ÁGUA - FORNECIMENTO E INSTALAÇÃO. AF_04/2024",Instalações Hidráulicas - Reservação e Bombas de Recalque,,UN,"1,0000000","18,07","18,07"
Composição Auxiliar, 88248 ,SINAPI,AUXILIAR DE ENCANADOR OU BOMBEIRO HIDRÁULICO COM ENCARGOS COMPLEMENTARES,Livro SINAPI: Cálculos e Parâmetros,,H,"0,1117034","24,00","2,68"
Composição Auxiliar, 88267 ,SINAPI,ENCANADOR OU BOMBEIRO HIDRÁULICO COM ENCARGOS COMPLEMENTARES,Livro SINAPI: Cálculos e Parâmetros,,H,"0,1117034","28,49","3,18"
Insumo, 00000122 ,SINAPI,"ADESIVO PLASTICO PARA PVC, FRASCO COM *850* GR",Material,,UN,"0,0165000","49,67","0,81"
Insumo,1959,SINAPI,"CURVA DE PVC 90 GRAUS, SOLDAVEL, 50 MM, COR MARROM, PARA AGUA FRIA PREDIAL",Material,,UN,"1,0000000","10,15","10,15"
Insumo, 00020083 ,SINAPI,"SOLUCAO PREPARADORA / LIMPADORA PARA PVC, FRASCO COM 1000 CM3",Material,,UN,"0,0220000","56,28","1,23"
Insumo, 00038383 ,SINAPI,"LIXA D'AGUA EM FOLHA, COR PRETA, GRAO 100",Material,,UN,"0,0156000","1,58","0,02"
,,,,,,,,,
,,,,,,,,,
,,,,,,,,,
 12.1.2.24 ,Código,Banco,Descrição,Tipo,,Und,Quant.,Valor Unit,Total
Composição, 94714 ,SINAPI,"ADAPTADOR COM FLANGES LIVRES, PVC, SOLDÁVEL, DN 85 MM X 3"", INSTALADO EM RESERVAÇÃO PREDIAL DE ÁGUA - FORNECIMENTO E INSTALAÇÃO. AF_04/2024",Instalações Hidráulicas - Reservação e Bombas de Recalque,,UN,"1,0000000","251,38","251,38"
Composição Auxiliar, 88248 ,SINAPI,AUXILIAR DE ENCANADOR OU BOMBEIRO HIDRÁULICO COM ENCARGOS COMPLEMENTARES,Livro SINAPI: Cálculos e Parâmetros,,H,"0,2132970","24,00","5,11"
Composição Auxiliar, 88267 ,SINAPI,ENCANADOR OU BOMBEIRO HIDRÁULICO COM ENCARGOS COMPLEMENTARES,Livro SINAPI: Cálculos e Parâmetros,,H,"0,2132970","28,49","6,07"
Insumo,74,SINAPI,"ADAPTADOR PVC, SOLDAVEL, COM FLANGES LIVRES, 85 MM X 3"", PARA CAIXA D'AGUA",Material,,UN,"1,0000000","237,62","237,62"
Insumo, 00000122 ,SINAPI,"ADESIVO PLASTICO PARA PVC, FRASCO COM *850* GR",Material,,UN,"0,0176000","49,67","0,87"
Insumo, 00020083 ,SINAPI,"SOLUCAO PREPARADORA / LIMPADORA PARA PVC, FRASCO COM 1000 CM3",Material,,UN,"0,0300000","56,28","1,68"
Insumo, 00038383 ,SINAPI,"LIXA D'AGUA EM FOLHA, COR PRETA, GRAO 100",Material,,UN,"0,0194000","1,58","0,03"
,,,,,,,,,
,,,,,,,,,
,,,,,,,,,
 12.1.2.25 ,Código,Banco,Descrição,Tipo,,Und,Quant.,Valor Unit,Total
Composição, 94668 ,SINAPI,"ADAPTADOR CURTO COM BOLSA E ROSCA PARA REGISTRO, PVC, SOLDÁVEL, DN 85 MM X 3"", INSTALADO EM RESERVAÇÃO PREDIAL DE ÁGUA - FORNECIMENTO E INSTALAÇÃO. AF_04/2024",Instalações Hidráulicas - Reservação e Bombas de Recalque,,UN,"1,0000000","33,28","33,28"
Composição Auxiliar, 88248 ,SINAPI,AUXILIAR DE ENCANADOR OU BOMBEIRO HIDRÁULICO COM ENCARGOS COMPLEMENTARES,Livro SINAPI: Cálculos e Parâmetros,,H,"0,1838356","24,00","4,41"
Composição Auxiliar, 88267 ,SINAPI,ENCANADOR OU BOMBEIRO HIDRÁULICO COM ENCARGOS COMPLEMENTARES,Livro SINAPI: Cálculos e Parâmetros,,H,"0,1838356","28,49","5,23"
Insumo,102,SINAPI,"ADAPTADOR PVC SOLDAVEL CURTO COM BOLSA E ROSCA, 85 MM X 3"", PARA AGUA FRIA",Material,,UN,"1,0000000","20,86","20,86"
Insumo, 00000122 ,SINAPI,"ADESIVO PLASTICO PARA PVC, FRASCO COM *850* GR",Material,,UN,"0,0176000","49,67","0,87"
Insumo, 00003148 ,SINAPI,"FITA VEDA ROSCA, EM PTFE, ROLO DE 18 MM X 50 M (L X C)",Material,,UN,"0,0177000","11,65","0,20"
Insumo, 00020083 ,SINAPI,"SOLUCAO PREPARADORA / LIMPADORA PARA PVC, FRASCO COM 1000 CM3",Material,,UN,"0,0300000","56,28","1,68"
Insumo, 00038383 ,SINAPI,"LIXA D'AGUA EM FOLHA, COR PRETA, GRAO 100",Material,,UN,"0,0194000","1,58","0,03"
,,,,,,,,,
,,,,,,,,,
,,,,,,,,,
 12.1.2.26 ,Código,Banco,Descrição,Tipo,,Und,Quant.,Valor Unit,Total
Composição, 89521 ,SINAPI,"JOELHO 90 GRAUS, PVC, SOLDÁVEL, DN 85MM, INSTALADO EM PRUMADA DE ÁGUA - FORNECIMENTO E INSTALAÇÃO. AF_06/2022",Instalações Prediais de Água Fria em PVC,,UN,"1,0000000","93,07","93,07"
Composição Auxiliar, 88248 ,SINAPI,AUXILIAR DE ENCANADOR OU BOMBEIRO HIDRÁULICO COM ENCARGOS COMPLEMENTARES,Livro SINAPI: Cálculos e Parâmetros,,H,"0,1617595","24,00","3,88"
Composição Auxiliar, 88267 ,SINAPI,ENCANADOR OU BOMBEIRO HIDRÁULICO COM ENCARGOS COMPLEMENTARES,Livro SINAPI: Cálculos e Parâmetros,,H,"0,1617595","28,49","4,60"
Insumo, 00000122 ,SINAPI,"ADESIVO PLASTICO PARA PVC, FRASCO COM *850* GR",Material,,UN,"0,0353000","49,67","1,75"
Insumo,3513,SINAPI,"JOELHO PVC, SOLDAVEL, 90 GRAUS, 85 MM, COR MARROM, PARA AGUA FRIA PREDIAL",Material,,UN,"1,0000000","79,43","79,43"
Insumo, 00020083 ,SINAPI,"SOLUCAO PREPARADORA / LIMPADORA PARA PVC, FRASCO COM 1000 CM3",Material,,UN,"0,0600000","56,28","3,37"
Insumo, 00038383 ,SINAPI,"LIXA D'AGUA EM FOLHA, COR PRETA, GRAO 100",Material,,UN,"0,0307000","1,58","0,04"
,,,,,,,,,
,,,,,,,,,
,,,,,,,,,
 12.1.2.27 ,Código,Banco,Descrição,Tipo,,Und,Quant.,Valor Unit,Total
Composição, 89577 ,SINAPI,"LUVA DE CORRER, PVC, SOLDÁVEL, DN 50MM, INSTALADO EM PRUMADA DE ÁGUA - FORNECIMENTO E INSTALAÇÃO. AF_06/2022",Instalações Prediais de Água Fria em PVC,,UN,"1,0000000","27,77","27,77"
Composição Auxiliar, 88248 ,SINAPI,AUXILIAR DE ENCANADOR OU BOMBEIRO HIDRÁULICO COM ENCARGOS COMPLEMENTARES,Livro SINAPI: Cálculos e Parâmetros,,H,"0,0666579","24,00","1,59"
Composição Auxiliar, 88267 ,SINAPI,ENCANADOR OU BOMBEIRO HIDRÁULICO COM ENCARGOS COMPLEMENTARES,Livro SINAPI: Cálculos e Parâmetros,,H,"0,0666579","28,49","1,89"
Insumo, 00000122 ,SINAPI,"ADESIVO PLASTICO PARA PVC, FRASCO COM *850* GR",Material,,UN,"0,0165000","49,67","0,81"
Insumo, 0000 00000122 89987,SINAPI,"LUVA DE CORRER PARA TUBO SOLDAVEL, PVC, 50 MM, PARA AGUA FRIA PREDIAL",Material,,UN,"1,0000000","22,22","22,22"
Insumo, 00020083 ,SINAPI,"SOLUCAO PREPARADORA / LIMPADORA PARA PVC, FRASCO COM 1000 CM3",Material,,UN,"0,0220000","56,28","1,23"
Insumo, 00038383 ,SINAPI,"LIXA D'AGUA EM FOLHA, COR PRETA, GRAO 100",Material,,UN,"0,0190000","1,58","0,03"
,,,,,,,,,
,,,,,,,,,
,,,,,,,,,
 12.1.2.28 ,Código,Banco,Descrição,Tipo,,Und,Quant.,Valor Unit,Total
Composição, L0021 ,Próprio,"CAP PVC SOLD. MARROM D= 40mm (1 1/4"")",SEDI - SERVIÇOS DIVERSOS,,UN,"1,0000000","6,56","6,56"
Composição Auxiliar, 88267 ,SINAPI,ENCANADOR OU BOMBEIRO HIDRÁULICO COM ENCARGOS COMPLEMENTARES,Livro SINAPI: Cálculos e Parâmetros,,H,"0,0557233","28,49","1,58"
Composição Auxiliar, 88248 ,SINAPI,AUXILIAR DE ENCANADOR OU BOMBEIRO HIDRÁULICO COM ENCARGOS COMPLEMENTARES,Livro SINAPI: Cálculos e Parâmetros,,H,"0,0557233","24,00","1,33"
Insumo, I0026 ,SEINFRA,ADESIVO PARA TUBO DE PVC RIGIDO,Material,,KG,"0,0050000","50,69","0,25"
Insumo, 00001193 ,SINAPI,"CAP PVC, SOLDAVEL, 40 MM, PARA AGUA FRIA PREDIAL",Material,,UN,"1,0000000","3,06","3,06"
Insumo, I1888 ,SEINFRA,SOLUÇÃO LIMPADORA PARA PVC RIGIDO,Material,,L,"0,0070000","48,82","0,34"
,,,,,,,,,
,,,,,,,,,
,,,,,,,,,
 12.1.2.29 ,Código,Banco,Descrição,Tipo,,Und,Quant.,Valor Unit,Total
Composição, L0022 ,Próprio,"CAP PVC SOLD. MARROM D= 50mm (1 1/2"")",SEDI - SERVIÇOS DIVERSOS,,UN,"1,0000000","9,34","9,34"
Composição Auxiliar, 88267 ,SINAPI,ENCANADOR OU BOMBEIRO HIDRÁULICO COM ENCARGOS COMPLEMENTARES,Livro SINAPI: Cálculos e Parâmetros,,H,"0,0557233","28,49","1,58"
Composição Auxiliar, 88248 ,SINAPI,AUXILIAR DE ENCANADOR OU BOMBEIRO HIDRÁULICO COM ENCARGOS COMPLEMENTARES,Livro SINAPI: Cálculos e Parâmetros,,H,"0,0557233","24,00","1,33"
Insumo, I0026 ,SEINFRA,ADESIVO PARA TUBO DE PVC RIGIDO,Material,,KG,"0,0075000","50,69","0,38"
Insumo, 00001194 ,SINAPI,"CAP PVC, SOLDAVEL, 50 MM, PARA AGUA FRIA PREDIAL",Material,,UN,"1,0000000","5,52","5,52"
Insumo, I1888 ,SEINFRA,SOLUÇÃO LIMPADORA PARA PVC RIGIDO,Material,,L,"0,0110000","48,82","0,53"
,,,,,,,,,
,,,,,,,,,
,,,,,,,,,
 12.1.2.30 ,Código,Banco,Descrição,Tipo,,Und,Quant.,Valor Unit,Total
Composição, L0023 ,Próprio,TE REDUCAO PVC SOLDAVEL DE 32X25 MM PARA AGUA FRIA,SEDI - SERVIÇOS DIVERSOS,,UN,"1,0000000","14,35","14,35"
Composição Auxiliar, 88267 ,SINAPI,ENCANADOR OU BOMBEIRO HIDRÁULICO COM ENCARGOS COMPLEMENTARES,Livro SINAPI: Cálculos e Parâmetros,,H,"0,1514057","28,49","4,31"
Composição Auxiliar, 88248 ,SINAPI,AUXILIAR DE ENCANADOR OU BOMBEIRO HIDRÁULICO COM ENCARGOS COMPLEMENTARES,Livro SINAPI: Cálculos e Parâmetros,,H,"0,1514057","24,00","3,63"
Insumo, I0026 ,SEINFRA,ADESIVO PARA TUBO DE PVC RIGIDO,Material,,KG,"0,0095000","50,69","0,48"
Insumo, 00007136 ,SINAPI,"TE DE REDUCAO, PVC, SOLDAVEL, 90 GRAUS, 32 MM X 25 MM, PARA AGUA FRIA PREDIAL",Material,,UN,"1,0000000","5,20","5,20"
Insumo, I1888 ,SEINFRA,SOLUÇÃO LIMPADORA PARA PVC RIGIDO,Material,,L,"0,0150000","48,82","0,73"
,,,,,,,,,
,,,,,,,,,
,,,,,,,,,
 12.1.3 ,,,REGISTROS E VÁLVULAS,,,,,,
 12.1.3.1 ,Código,Banco,Descrição,Tipo,,Und,Quant.,Valor Unit,Total
Composição, L0025 ,Próprio,"REGISTRO TIPO ESFERA EM PVC COM BORBOLETA,3"" - FORNECIMENTO E
INSTALAÇÃO",SEDI - SERVIÇOS DIVERSOS,,UN,"1,0000000","121,18","121,18"
Composição Auxiliar, 88267 ,SINAPI,ENCANADOR OU BOMBEIRO HIDRÁULICO COM ENCARGOS COMPLEMENTARES,Livro SINAPI: Cálculos e Parâmetros,,H,"0,6341700","28,49","18,06"
Composição Auxiliar, 88248 ,SINAPI,AUXILIAR DE ENCANADOR OU BOMBEIRO HIDRÁULICO COM ENCARGOS COMPLEMENTARES,Livro SINAPI: Cálculos e Parâmetros,,H,"0,6341700","24,00","15,22"
Insumo, 981 ,ORSE,Fita veda rosca 18mm,Material,,m,"1,7000000","0,20","0,34"
Insumo, 2604 ,ORSE,"Registro PVC esfera c/borboleta d =  3""",Material,,un,"1,0000000","87,56","87,56"
,,,,,,,,,
,,,,,,,,,
,,,,,,,,,
 12.1.3.2 ,Código,Banco,Descrição,Tipo,,Und,Quant.,Valor Unit,Total
Composição, 89987 ,SINAPI,"REGISTRO DE GAVETA BRUTO, LATÃO, ROSCÁVEL, 3/4"", COM ACABAMENTO E CANOPLA CROMADOS - FORNECIMENTO E INSTALAÇÃO. AF_08/2021",Válvulas e Registros para Sistemas Prediais,,UN,"1,0000000","78,00","78,00"
Composição Auxiliar, 88248 ,SINAPI,AUXILIAR DE ENCANADOR OU BOMBEIRO HIDRÁULICO COM ENCARGOS COMPLEMENTARES,Livro SINAPI: Cálculos e Parâmetros,,H,"0,1731925","24,00","4,15"
Composição Auxiliar, 88267 ,SINAPI,ENCANADOR OU BOMBEIRO HIDRÁULICO COM ENCARGOS COMPLEMENTARES,Livro SINAPI: Cálculos e Parâmetros,,H,"0,1731925","28,49","4,93"
Insumo, 00003148 ,SINAPI,"FITA VEDA ROSCA, EM PTFE, ROLO DE 18 MM X 50 M (L X C)",Material,,UN,"0,0106000","11,65","0,12"
Insumo,6005,SINAPI,"REGISTRO GAVETA COM ACABAMENTO E CANOPLA CROMADOS, SIMPLES, BITOLA 3/4""",Material,,UN,"1,0000000","68,80","68,80"
,,,,,,,,,
,,,,,,,,,
,,,,,,,,,
 12.1.3.3 ,Código,Banco,Descrição,Tipo,,Und,Quant.,Valor Unit,Total
Composição, 94792 ,SINAPI,"REGISTRO DE GAVETA BRUTO, LATÃO, ROSCÁVEL, 1"", COM ACABAMENTO E CANOPLA CROMADOS - FORNECIMENTO E INSTALAÇÃO. AF_08/2021",Válvulas e Registros para Sistemas Prediais,,UN,"1,0000000","95,02","95,02"
Composição Auxiliar, 88248 ,SINAPI,AUXILIAR DE ENCANADOR OU BOMBEIRO HIDRÁULICO COM ENCARGOS COMPLEMENTARES,Livro SINAPI: Cálculos e Parâmetros,,H,"0,2030205","24,00","4,87"
Composição Auxiliar, 88267 ,SINAPI,ENCANADOR OU BOMBEIRO HIDRÁULICO COM ENCARGOS COMPLEMENTARES,Livro SINAPI: Cálculos e Parâmetros,,H,"0,2030205","28,49","5,78"
Insumo, 00003148 ,SINAPI,"FITA VEDA ROSCA, EM PTFE, ROLO DE 18 MM X 50 M (L X C)",Material,,UN,"0,0132000","11,65","0,15"
Insumo,6013,SINAPI,"REGISTRO GAVETA COM ACABAMENTO E CANOPLA CROMADOS, SIMPLES, BITOLA 1""",Material,,UN,"1,0000000","84,22","84,22"
,,,,,,,,,
,,,,,,,,,
,,,,,,,,,
 12.1.3.4 ,Código,Banco,Descrição,Tipo,,Und,Quant.,Valor Unit,Total
Composição, 89984 ,SINAPI,"REGISTRO DE PRESSÃO BRUTO, LATÃO, ROSCÁVEL, 1/2"", COM ACABAMENTO E CANOPLA CROMADOS - FORNECIMENTO E INSTALAÇÃO. AF_08/2021",Válvulas e Registros para Sistemas Prediais,,UN,"1,0000000","70,37","70,37"
Composição Auxiliar, 88248 ,SINAPI,AUXILIAR DE ENCANADOR OU BOMBEIRO HIDRÁULICO COM ENCARGOS COMPLEMENTARES,Livro SINAPI: Cálculos e Parâmetros,,H,"0,1432075","24,00","3,43"
Composição Auxiliar, 88267 ,SINAPI,ENCANADOR OU BOMBEIRO HIDRÁULICO COM ENCARGOS COMPLEMENTARES,Livro SINAPI: Cálculos e Parâmetros,,H,"0,1432075","28,49","4,07"
Insumo, 00003148 ,SINAPI,"FITA VEDA ROSCA, EM PTFE, ROLO DE 18 MM X 50 M (L X C)",Material,,UN,"0,0084000","11,65","0,09"
Insumo,6021,SINAPI,"REGISTRO PRESSAO COM ACABAMENTO E CANOPLA CROMADA, SIMPLES, BITOLA 1/2""",Material,,UN,"1,0000000","62,78","62,78"
,,,,,,,,,
,,,,,,,,,
,,,,,,,,,
 12.1.3.5 ,Código,Banco,Descrição,Tipo,,Und,Quant.,Valor Unit,Total
Composição, 94793 ,SINAPI,"REGISTRO DE GAVETA BRUTO, LATÃO, ROSCÁVEL, 1 1/4"", COM ACABAMENTO E CANOPLA CROMADOS - FORNECIMENTO E INSTALAÇÃO. AF_08/2021",Válvulas e Registros para Sistemas Prediais,,UN,"1,0000000","130,11","130,11"
Composição Auxiliar, 88248 ,SINAPI,AUXILIAR DE ENCANADOR OU BOMBEIRO HIDRÁULICO COM ENCARGOS COMPLEMENTARES,Livro SINAPI: Cálculos e Parâmetros,,H,"0,2445402","24,00","5,86"
Composição Auxiliar, 88267 ,SINAPI,ENCANADOR OU BOMBEIRO HIDRÁULICO COM ENCARGOS COMPLEMENTARES,Livro SINAPI: Cálculos e Parâmetros,,H,"0,2445402","28,49","6,96"
Insumo, 00003148 ,SINAPI,"FITA VEDA ROSCA, EM PTFE, ROLO DE 18 MM X 50 M (L X C)",Material,,UN,"0,0168000","11,65","0,19"
Insumo,6014,SINAPI,"REGISTRO GAVETA COM ACABAMENTO E CANOPLA CROMADOS, SIMPLES, BITOLA 1 1/4""",Material,,UN,"1,0000000","117,10","117,10"
,,,,,,,,,
,,,,,,,,,
,,,,,,,,,
 12.1.3.6 ,Código,Banco,Descrição,Tipo,,Und,Quant.,Valor Unit,Total
Composição, 94794 ,SINAPI,"REGISTRO DE GAVETA BRUTO, LATÃO, ROSCÁVEL, 1 1/2"", COM ACABAMENTO E CANOPLA CROMADOS - FORNECIMENTO E INSTALAÇÃO. AF_08/2021",Válvulas e Registros para Sistemas Prediais,,UN,"1,0000000","138,05","138,05"
Composição Auxiliar, 88248 ,SINAPI,AUXILIAR DE ENCANADOR OU BOMBEIRO HIDRÁULICO COM ENCARGOS COMPLEMENTARES,Livro SINAPI: Cálculos e Parâmetros,,H,"0,2928755","24,00","7,02"
Composição Auxiliar, 88267 ,SINAPI,ENCANADOR OU BOMBEIRO HIDRÁULICO COM ENCARGOS COMPLEMENTARES,Livro SINAPI: Cálculos e Parâmetros,,H,"0,2928755","28,49","8,34"
Insumo, 00003148 ,SINAPI,"FITA VEDA ROSCA, EM PTFE, ROLO DE 18 MM X 50 M (L X C)",Material,,UN,"0,0192000","11,65","0,22"
Insumo,6015,SINAPI,"REGISTRO GAVETA COM ACABAMENTO E CANOPLA CROMADOS, SIMPLES, BITOLA 1 1/2""",Material,,UN,"1,0000000","122,47","122,47"
,,,,,,,,,
,,,,,,,,,
,,,,,,,,,
 12.1.3.7 ,Código,Banco,Descrição,Tipo,,Und,Quant.,Valor Unit,Total
Composição, 99622 ,SINAPI,"VÁLVULA DE RETENÇÃO HORIZONTAL, DE BRONZE, ROSCÁVEL, 1 1/2"" - FORNECIMENTO E INSTALAÇÃO. AF_08/2021",Válvulas e Registros para Sistemas Prediais,,UN,"1,0000000","257,45","257,45"
Composição Auxiliar, 88248 ,SINAPI,AUXILIAR DE ENCANADOR OU BOMBEIRO HIDRÁULICO COM ENCARGOS COMPLEMENTARES,Livro SINAPI: Cálculos e Parâmetros,,H,"0,1983486","24,00","4,76"
Composição Auxiliar, 88267 ,SINAPI,ENCANADOR OU BOMBEIRO HIDRÁULICO COM ENCARGOS COMPLEMENTARES,Livro SINAPI: Cálculos e Parâmetros,,H,"0,1983486","28,49","5,65"
Insumo, 00003148 ,SINAPI,"FITA VEDA ROSCA, EM PTFE, ROLO DE 18 MM X 50 M (L X C)",Material,,UN,"0,0192000","11,65","0,22"
Insumo,10409,SINAPI,"VALVULA DE RETENCAO HORIZONTAL, DE BRONZE (PN-25), 1 1/2"", 400 PSI, TAMPA DE PORCA DE UNIAO, EXTREMIDADES COM ROSCA",Material,,UN,"1,0000000","246,82","246,82"
,,,,,,,,,
,,,,,,,,,
,,,,,,,,,
 12.1.3.8 ,Código,Banco,Descrição,Tipo,,Und,Quant.,Valor Unit,Total
Composição, 95252 ,SINAPI,"VÁLVULA DE ESFERA BRUTA, BRONZE, ROSCÁVEL, 1 1/2'' - FORNECIMENTO E INSTALAÇÃO. AF_08/2021",Válvulas e Registros para Sistemas Prediais,,UN,"1,0000000","123,12","123,12"
Composição Auxiliar, 88248 ,SINAPI,AUXILIAR DE ENCANADOR OU BOMBEIRO HIDRÁULICO COM ENCARGOS COMPLEMENTARES,Livro SINAPI: Cálculos e Parâmetros,,H,"0,2046241","24,00","4,91"
Composição Auxiliar, 88267 ,SINAPI,ENCANADOR OU BOMBEIRO HIDRÁULICO COM ENCARGOS COMPLEMENTARES,Livro SINAPI: Cálculos e Parâmetros,,H,"0,2046241","28,49","5,82"
Insumo, 00003148 ,SINAPI,"FITA VEDA ROSCA, EM PTFE, ROLO DE 18 MM X 50 M (L X C)",Material,,UN,"0,0192000","11,65","0,22"
Insumo,11751,SINAPI,"VALVULA DE ESFERA BRUTA EM BRONZE, BITOLA 1 1/2""",Material,,UN,"1,0000000","112,17","112,17"
,,,,,,,,,
,,,,,,,,,
,,,,,,,,,
 12.1.4 ,,,SERVIÇOS DIVERSOS,,,,,,
 12.1.4.1 ,Código,Banco,Descrição,Tipo,,Und,Quant.,Valor Unit,Total
Composição, 90443 ,SINAPI,"RASGO LINEAR MANUAL EM ALVENARIA, PARA RAMAIS/ DISTRIBUIÇÃO DE INSTALAÇÕES HIDRÁULICAS, DIÂMETROS MENORES OU IGUAIS A 40 MM. AF_09/2023",Rasgos e Fixações,,M,"1,0000000","6,59","6,59"
Composição Auxiliar, 88248 ,SINAPI,AUXILIAR DE ENCANADOR OU BOMBEIRO HIDRÁULICO COM ENCARGOS COMPLEMENTARES,Livro SINAPI: Cálculos e Parâmetros,,H,"0,0526651","24,00","1,26"
Composição Auxiliar, 88267 ,SINAPI,ENCANADOR OU BOMBEIRO HIDRÁULICO COM ENCARGOS COMPLEMENTARES,Livro SINAPI: Cálculos e Parâmetros,,H,"0,1873601","28,49","5,33"
,,,,,,,,,
,,,,,,,,,
,,,,,,,,,
 12.1.4.2 ,Código,Banco,Descrição,Tipo,,Und,Quant.,Valor Unit,Total
Composição, 102118 ,SINAPI,"BOMBA CENTRÍFUGA, TRIFÁSICA, 3 CV OU 2,96 HP, HM 34 A 40 M, Q 8,6 A 14,8 M3/H - FORNECIMENTO E INSTALAÇÃO. AF_12/2020","Bombas Hidráulicas - Centrífugas, Horizontais e Submersíveis",,UN,"1,0000000","2.077,13","2.077,13"
Composição Auxiliar, 88247 ,SINAPI,AUXILIAR DE ELETRICISTA COM ENCARGOS COMPLEMENTARES,Livro SINAPI: Cálculos e Parâmetros,,H,"0,4851227","24,99","12,12"
Composição Auxiliar, 88248 ,SINAPI,AUXILIAR DE ENCANADOR OU BOMBEIRO HIDRÁULICO COM ENCARGOS COMPLEMENTARES,Livro SINAPI: Cálculos e Parâmetros,,H,"1,7453690","24,00","41,88"
Composição Auxiliar, 88264 ,SINAPI,ELETRICISTA COM ENCARGOS COMPLEMENTARES,Livro SINAPI: Cálculos e Parâmetros,,H,"0,4851227","29,57","14,34"
Composição Auxiliar, 88267 ,SINAPI,ENCANADOR OU BOMBEIRO HIDRÁULICO COM ENCARGOS COMPLEMENTARES,Livro SINAPI: Cálculos e Parâmetros,,H,"1,7453690","28,49","49,72"
Insumo,736,SINAPI,"BOMBA CENTRIFUGA MOTOR ELETRICO TRIFASICO 2,96HP, DIAMETRO DE SUCCAO X ELEVACAO 1 1/2"" X 1 1/4"", DIAMETRO DO ROTOR 148 MM, HM/Q: 34 M / 14,80 M3/H A 40 M / 8,60 M3/H",Equipamento para Aquisição Permanente,,UN,"1,0000000","1.952,62","1.952,62"
Insumo,11267,SINAPI,"ARRUELA LISA, REDONDA, DE LATAO POLIDO, DIAMETRO NOMINAL 5/8"", DIAMETRO EXTERNO = 34 MM, DIAMETRO DO FURO = 17 MM, ESPESSURA = *2,5* MM",Material,,UN,"4,0000000","1,14","4,56"
Insumo,39996,SINAPI,"VERGALHAO ZINCADO ROSCA TOTAL, 1/4"" (6,3 MM)",Material,,M,"0,2000000","3,45","0,69"
Insumo,39997,SINAPI,"PORCA ZINCADA, SEXTAVADA, DIAMETRO 1/4""",Material,,UN,"4,0000000","0,30","1,20"
,,,,,,,,,
,,,,,,,,,
,,,,,,,,,
 12.1.4.3 ,Código,Banco,Descrição,Tipo,,Und,Quant.,Valor Unit,Total
Composição, 102621 ,SINAPI,"CAIXA D´ÁGUA EM POLIÉSTER REFORÇADO COM FIBRA DE VIDRO, 20000 LITROS - FORNECIMENTO E INSTALAÇÃO. AF_06/2021",Caixas de Água para Edificações,,UN,"1,0000000","10.764,85","10.764,85"
Composição Auxiliar, 88248 ,SINAPI,AUXILIAR DE ENCANADOR OU BOMBEIRO HIDRÁULICO COM ENCARGOS COMPLEMENTARES,Livro SINAPI: Cálculos e Parâmetros,,H,"0,2342180","24,00","5,62"
Composição Auxiliar, 88267 ,SINAPI,ENCANADOR OU BOMBEIRO HIDRÁULICO COM ENCARGOS COMPLEMENTARES,Livro SINAPI: Cálculos e Parâmetros,,H,"0,2342180","28,49","6,67"
Composição Auxiliar, 93287 ,SINAPI,"GUINDASTE HIDRÁULICO AUTOPROPELIDO, COM LANÇA TELESCÓPICA 40 M, CAPACIDADE MÁXIMA 60 T, POTÊNCIA 260 KW - CHP DIURNO. AF_03/2016",Custos Horários Produtivo e Improdutivo dos Equipamentos,,CHP,"0,2634000","300,57","79,17"
Composição Auxiliar, 93288 ,SINAPI,"GUINDASTE HIDRÁULICO AUTOPROPELIDO, COM LANÇA TELESCÓPICA 40 M, CAPACIDADE MÁXIMA 60 T, POTÊNCIA 260 KW - CHI DIURNO. AF_03/2016",Custos Horários Produtivo e Improdutivo dos Equipamentos,,CHI,"2,3611000","162,95","384,74"
Insumo, 000 93288  ,SINAPI,"CAIXA D'AGUA / RESERVATORIO EM POLIESTER REFORCADO COM FIBRA DE VIDRO, 20000 LITROS, COM TAMPA",Material,,UN,"1,0000000","10.288,65","10.288,65"
,,,,,,,,,
,,,,,,,,,
,,,,,,,,,
 12.1.4.4 ,Código,Banco,Descrição,Tipo,,Und,Quant.,Valor Unit,Total
Composição, 99262 ,SINAPI,"CAIXA ENTERRADA HIDRÁULICA RETANGULAR, EM ALVENARIA COM BLOCOS DE CONCRETO, DIMENSÕES INTERNAS: 0,8X0,8X0,6 M PARA REDE DE DRENAGEM. AF_12/2020",Caixas Enterradas,,UN,"1,0000000","519,04","519,04"
Composição Auxiliar, 101616 ,SINAPI,"PREPARO DE FUNDO DE VALA COM LARGURA MENOR QUE 1,5 M (ACERTO DO SOLO NATURAL). AF_08/2020",Escoramento e Preparo de Fundo de Valas,,m²,"1,2100000","6,80","8,22"
Composição Auxiliar, 5678 ,SINAPI,"RETROESCAVADEIRA SOBRE RODAS COM CARREGADEIRA, TRAÇÃO 4X4, POTÊNCIA LÍQ. 88 HP, CAÇAMBA CARREG. CAP. MÍN. 1 M3, CAÇAMBA RETRO CAP. 0,26 M3, PESO OPERACIONAL MÍN. 6.674 KG, PROFUNDIDADE ESCAVAÇÃO MÁX. 4,37 M - CHP DIURNO. AF_06/2014",Custos Horários Produtivo e Improdutivo dos Equipamentos,,CHP,"0,0136000","130,38","1,77"
Composição Auxiliar, 5679 ,SINAPI,"RETROESCAVADEIRA SOBRE RODAS COM CARREGADEIRA, TRAÇÃO 4X4, POTÊNCIA LÍQ. 88 HP, CAÇAMBA CARREG. CAP. MÍN. 1 M3, CAÇAMBA RETRO CAP. 0,26 M3, PESO OPERACIONAL MÍN. 6.674 KG, PROFUNDIDADE ESCAVAÇÃO MÁX. 4,37 M - CHI DIURNO. AF_06/2014",Custos Horários Produtivo e Improdutivo dos Equipamentos,,CHI,"0,0276000","59,48","1,64"
Composição Auxiliar, 87316 ,SINAPI,"ARGAMASSA TRAÇO 1:4 (EM VOLUME DE CIMENTO E AREIA GROSSA ÚMIDA) PARA CHAPISCO CONVENCIONAL, PREPARO MECÂNICO COM BETONEIRA 400 L. AF_08/2019",Argamassas,,m³,"0,0196000","435,01","8,52"
Composição Auxiliar, 88309 ,SINAPI,PEDREIRO COM ENCARGOS COMPLEMENTARES,Livro SINAPI: Cálculos e Parâmetros,,H,"3,2493612","29,21","94,91"
Composição Auxiliar, 88316 ,SINAPI,SERVENTE COM ENCARGOS COMPLEMENTARES,Livro SINAPI: Cálculos e Parâmetros,,H,"2,5530838","23,37","59,66"
Composição Auxiliar, 88628 ,SINAPI,"ARGAMASSA TRAÇO 1:3 (EM VOLUME DE CIMENTO E AREIA MÉDIA ÚMIDA), PREPARO MECÂNICO COM BETONEIRA 400 L. AF_08/2019",Argamassas,,m³,"0,1039000","486,40","50,53"
Composição Auxiliar, 94970 ,SINAPI,"CONCRETO FCK = 20MPA, TRAÇO 1:2,7:3 (EM MASSA SECA DE CIMENTO/ AREIA MÉDIA/ BRITA 1) - PREPARO MECÂNICO COM BETONEIRA 600 L. AF_05/2021",Produção de Concreto,,m³,"0,1163000","406,99","47,33"
Composição Auxiliar, 97735 ,SINAPI,"PEÇA RETANGULAR PRÉ-MOLDADA, VOLUME DE CONCRETO DE 30 A 100 LITROS, TAXA DE AÇO APROXIMADA DE 30KG/M³. AF_03/2024",Estruturas Pré-Fabricadas e Pré-Moldadas,,m³,"0,0700000","2.362,25","165,35"
Insumo, 00000650 ,SINAPI,"BLOCO DE VEDACAO DE CONCRETO, 9 X 19 X 39 CM (CLASSE C - NBR 6136)",Material,,UN,"26,4945000","2,64","69,94"
Insumo, 00002692 ,SINAPI,"DESMOLDANTE PROTETOR PARA FORMAS DE MADEIRA, DE BASE OLEOSA EMULSIONADA EM AGUA",Material,,L,"0,0068000","7,96","0,05"
Insumo, 00004491 ,SINAPI,"PONTALETE *7,5 X 7,5* CM EM PINUS, MISTA OU EQUIVALENTE DA REGIAO - BRUTA",Material,,M,"0,1480000","9,17","1,35"
Insumo, 00004517 ,SINAPI,"SARRAFO *2,5 X 7,5* CM EM PINUS, MISTA OU EQUIVALENTE DA REGIAO - BRUTA",Material,,M,"0,1760000","3,21","0,56"
Insumo, 00005069 ,SINAPI,PREGO DE ACO POLIDO COM CABECA 17 X 27 (2 1/2 X 11),Material,,KG,"0,0156000","11,14","0,17"
Insumo, 00006193 ,SINAPI,"TABUA NAO APARELHADA *2,5 X 20* CM, EM MACARANDUBA/MASSARANDUBA, ANGELIM OU EQUIVALENTE DA REGIAO - BRUTA",Material,,M,"0,5520000","16,39","9,04"
,,,,,,,,,
,,,,,,,,,
,,,,,,,,,
 12.1.5 ,,,INSTALAÇÕES HIDRÁULICAS - POÇO,,,,,,
 12.1.5.1 ,Código,Banco,Descrição,Tipo,,Und,Quant.,Valor Unit,Total
Composição, 92341 ,SINAPI,"TUBO DE AÇO GALVANIZADO COM COSTURA, CLASSE MÉDIA, DN 50 (2""), CONEXÃO ROSQUEADA, INSTALADO EM PRUMADAS - FORNECIMENTO E INSTALAÇÃO. AF_10/2020",Instalações de Gás e Incêndio em Aço e Ferro Galvanizado,,M,"1,0000000","82,67","82,67"
Composição Auxiliar, 88248 ,SINAPI,AUXILIAR DE ENCANADOR OU BOMBEIRO HIDRÁULICO COM ENCARGOS COMPLEMENTARES,Livro SINAPI: Cálculos e Parâmetros,,H,"0,3786903","24,00","9,08"
Composição Auxiliar, 88267 ,SINAPI,ENCANADOR OU BOMBEIRO HIDRÁULICO COM ENCARGOS COMPLEMENTARES,Livro SINAPI: Cálculos e Parâmetros,,H,"0,3786903","28,49","10,78"
Insumo,7696,SINAPI,"TUBO ACO GALVANIZADO COM COSTURA, CLASSE MEDIA, DN 2"", E = *3,65* MM, PESO *5,10* KG/M (NBR 5580)",Material,,M,"1,0390000","60,46","62,81"
,,,,,,,,,
,,,,,,,,,
,,,,,,,,,
 12.1.5.2 ,Código,Banco,Descrição,Tipo,,Und,Quant.,Valor Unit,Total
Composição, 92345 ,SINAPI,"LUVA, EM FERRO GALVANIZADO, DN 50 (2""), CONEXÃO ROSQUEADA, INSTALADO EM PRUMADAS - FORNECIMENTO E INSTALAÇÃO. AF_10/2020",Instalações de Gás e Incêndio em Aço e Ferro Galvanizado,,UN,"1,0000000","58,74","58,74"
Composição Auxiliar, 88248 ,SINAPI,AUXILIAR DE ENCANADOR OU BOMBEIRO HIDRÁULICO COM ENCARGOS COMPLEMENTARES,Livro SINAPI: Cálculos e Parâmetros,,H,"0,5132147","24,00","12,31"
Composição Auxiliar, 88267 ,SINAPI,ENCANADOR OU BOMBEIRO HIDRÁULICO COM ENCARGOS COMPLEMENTARES,Livro SINAPI: Cálculos e Parâmetros,,H,"0,5132147","28,49","14,62"
Insumo, 00003148 ,SINAPI,"FITA VEDA ROSCA, EM PTFE, ROLO DE 18 MM X 50 M (L X C)",Material,,UN,"0,0240000","11,65","0,27"
Insumo,3912,SINAPI,"LUVA DE FERRO GALVANIZADO, COM ROSCA BSP, DE 2""",Material,,UN,"1,0000000","31,37","31,37"
Insumo, 00007307 ,SINAPI,FUNDO ANTICORROSIVO PARA METAIS FERROSOS (ZARCAO),Material,,L,"0,0060000","28,74","0,17"
,,,,,,,,,
,,,,,,,,,
,,,,,,,,,
 12.1.5.3 ,Código,Banco,Descrição,Tipo,,Und,Quant.,Valor Unit,Total
Composição, 92356 ,SINAPI,"TÊ, EM FERRO GALVANIZADO, DN 50 (2""), CONEXÃO ROSQUEADA, INSTALADO EM PRUMADAS - FORNECIMENTO E INSTALAÇÃO. AF_10/2020",Instalações de Gás e Incêndio em Aço e Ferro Galvanizado,,UN,"1,0000000","113,80","113,80"
Composição Auxiliar, 88248 ,SINAPI,AUXILIAR DE ENCANADOR OU BOMBEIRO HIDRÁULICO COM ENCARGOS COMPLEMENTARES,Livro SINAPI: Cálculos e Parâmetros,,H,"1,0268999","24,00","24,64"
Composição Auxiliar, 88267 ,SINAPI,ENCANADOR OU BOMBEIRO HIDRÁULICO COM ENCARGOS COMPLEMENTARES,Livro SINAPI: Cálculos e Parâmetros,,H,"1,0268999","28,49","29,25"
Insumo, 00003148 ,SINAPI,"FITA VEDA ROSCA, EM PTFE, ROLO DE 18 MM X 50 M (L X C)",Material,,UN,"0,0360000","11,65","0,41"
Insumo, 0000 00003148  ,SINAPI,"TE DE FERRO GALVANIZADO, DE 2""",Material,,UN,"1,0000000","59,25","59,25"
Insumo, 00007307 ,SINAPI,FUNDO ANTICORROSIVO PARA METAIS FERROSOS (ZARCAO),Material,,L,"0,0090000","28,74","0,25"
,,,,,,,,,
,,,,,,,,,
,,,,,,,,,
 12.1.5.4 ,Código,Banco,Descrição,Tipo,,Und,Quant.,Valor Unit,Total
Composição, 92351 ,SINAPI,"JOELHO 90 GRAUS, EM FERRO GALVANIZADO, DN 50 (2""), CONEXÃO ROSQUEADA, INSTALADO EM PRUMADAS - FORNECIMENTO E INSTALAÇÃO. AF_10/2020",Instalações de Gás e Incêndio em Aço e Ferro Galvanizado,,UN,"1,0000000","85,38","85,38"
Composição Auxiliar, 88248 ,SINAPI,AUXILIAR DE ENCANADOR OU BOMBEIRO HIDRÁULICO COM ENCARGOS COMPLEMENTARES,Livro SINAPI: Cálculos e Parâmetros,,H,"0,7694788","24,00","18,46"
Composição Auxiliar, 88267 ,SINAPI,ENCANADOR OU BOMBEIRO HIDRÁULICO COM ENCARGOS COMPLEMENTARES,Livro SINAPI: Cálculos e Parâmetros,,H,"0,7694788","28,49","21,92"
Insumo, 00003148 ,SINAPI,"FITA VEDA ROSCA, EM PTFE, ROLO DE 18 MM X 50 M (L X C)",Material,,UN,"0,0240000","11,65","0,27"
Insumo,3471,SINAPI,"COTOVELO 90 GRAUS DE FERRO GALVANIZADO, COM ROSCA BSP, DE 2""",Material,,UN,"1,0000000","44,56","44,56"
Insumo, 00007307 ,SINAPI,FUNDO ANTICORROSIVO PARA METAIS FERROSOS (ZARCAO),Material,,L,"0,0060000","28,74","0,17"
,,,,,,,,,
,,,,,,,,,
,,,,,,,,,
 12.1.5.5 ,Código,Banco,Descrição,Tipo,,Und,Quant.,Valor Unit,Total
Composição, 99623 ,SINAPI,"VÁLVULA DE RETENÇÃO HORIZONTAL, DE BRONZE, ROSCÁVEL, 2"" - FORNECIMENTO E INSTALAÇÃO. AF_08/2021",Válvulas e Registros para Sistemas Prediais,,UN,"1,0000000","359,44","359,44"
Composição Auxiliar, 88248 ,SINAPI,AUXILIAR DE ENCANADOR OU BOMBEIRO HIDRÁULICO COM ENCARGOS COMPLEMENTARES,Livro SINAPI: Cálculos e Parâmetros,,H,"0,2549239","24,00","6,11"
Composição Auxiliar, 88267 ,SINAPI,ENCANADOR OU BOMBEIRO HIDRÁULICO COM ENCARGOS COMPLEMENTARES,Livro SINAPI: Cálculos e Parâmetros,,H,"0,2549239","28,49","7,26"
Insumo, 00003148 ,SINAPI,"FITA VEDA ROSCA, EM PTFE, ROLO DE 18 MM X 50 M (L X C)",Material,,UN,"0,0240000","11,65","0,27"
Insumo,10408,SINAPI,"VALVULA DE RETENCAO HORIZONTAL, DE BRONZE (PN-25), 2"", 400 PSI, TAMPA DE PORCA DE UNIAO, EXTREMIDADES COM ROSCA",Material,,UN,"1,0000000","345,80","345,80"
,,,,,,,,,
,,,,,,,,,
,,,,,,,,,
 12.1.5.6 ,Código,Banco,Descrição,Tipo,,Und,Quant.,Valor Unit,Total
Composição, 94498 ,SINAPI,"REGISTRO DE GAVETA BRUTO, LATÃO, ROSCÁVEL, 2"" - FORNECIMENTO E INSTALAÇÃO. AF_08/2021",Válvulas e Registros para Sistemas Prediais,,UN,"1,0000000","120,91","120,91"
Composição Auxiliar, 88248 ,SINAPI,AUXILIAR DE ENCANADOR OU BOMBEIRO HIDRÁULICO COM ENCARGOS COMPLEMENTARES,Livro SINAPI: Cálculos e Parâmetros,,H,"0,2662199","24,00","6,38"
Composição Auxiliar, 88267 ,SINAPI,ENCANADOR OU BOMBEIRO HIDRÁULICO COM ENCARGOS COMPLEMENTARES,Livro SINAPI: Cálculos e Parâmetros,,H,"0,2662199","28,49","7,58"
Insumo, 00003148 ,SINAPI,"FITA VEDA ROSCA, EM PTFE, ROLO DE 18 MM X 50 M (L X C)",Material,,UN,"0,0240000","11,65","0,27"
Insumo,6028,SINAPI,"REGISTRO GAVETA BRUTO EM LATAO FORJADO, BITOLA 2""",Material,,UN,"1,0000000","106,68","106,68"
,,,,,,,,,
,,,,,,,,,
,,,,,,,,,
 12.1.5.7 ,Código,Banco,Descrição,Tipo,,Und,Quant.,Valor Unit,Total
Composição, 101917 ,SINAPI,"MANÔMETRO 0 A 200 PSI (0 A 14 KGF/CM2), D = 50MM - FORNECIMENTO E INSTALAÇÃO. AF_10/2020",Instalações de Gás e Incêndio em Aço e Ferro Galvanizado,,UN,"1,0000000","134,44","134,44"
Composição Auxiliar, 88248 ,SINAPI,AUXILIAR DE ENCANADOR OU BOMBEIRO HIDRÁULICO COM ENCARGOS COMPLEMENTARES,Livro SINAPI: Cálculos e Parâmetros,,H,"0,6682275","24,00","16,03"
Composição Auxiliar, 88267 ,SINAPI,ENCANADOR OU BOMBEIRO HIDRÁULICO COM ENCARGOS COMPLEMENTARES,Livro SINAPI: Cálculos e Parâmetros,,H,"0,6682275","28,49","19,03"
Insumo, 00003146 ,SINAPI,"FITA VEDA ROSCA, EM PTFE, ROLO DE 18 MM X 10 M (L X C)",Material,,UN,"0,0120000","3,16","0,03"
Insumo,12899,SINAPI,"MANOMETRO COM CAIXA EM ACO PINTADO, ESCALA *10* KGF/CM2 (*10* BAR), DIAMETRO NOMINAL DE *63* MM, CONEXAO DE 1/4""",Material,,UN,"1,0000000","99,35","99,35"
,,,,,,,,,
,,,,,,,,,
,,,,,,,,,
 12.1.5.8 ,Código,Banco,Descrição,Tipo,,Und,Quant.,Valor Unit,Total
Composição, 94664 ,SINAPI,"ADAPTADOR CURTO COM BOLSA E ROSCA PARA REGISTRO, PVC, SOLDÁVEL, DN 60 MM X 2"", INSTALADO EM RESERVAÇÃO PREDIAL DE ÁGUA - FORNECIMENTO E INSTALAÇÃO. AF_04/2024",Instalações Hidráulicas - Reservação e Bombas de Recalque,,UN,"1,0000000","15,43","15,43"
Composição Auxiliar, 88248 ,SINAPI,AUXILIAR DE ENCANADOR OU BOMBEIRO HIDRÁULICO COM ENCARGOS COMPLEMENTARES,Livro SINAPI: Cálculos e Parâmetros,,H,"0,0998705","24,00","2,39"
Composição Auxiliar, 88267 ,SINAPI,ENCANADOR OU BOMBEIRO HIDRÁULICO COM ENCARGOS COMPLEMENTARES,Livro SINAPI: Cálculos e Parâmetros,,H,"0,0998705","28,49","2,84"
Insumo,113,SINAPI,"ADAPTADOR PVC SOLDAVEL CURTO COM BOLSA E ROSCA, 60 MM X 2"", PARA AGUA FRIA",Material,,UN,"1,0000000","8,70","8,70"
Insumo, 00000122 ,SINAPI,"ADESIVO PLASTICO PARA PVC, FRASCO COM *850* GR",Material,,UN,"0,0106000","49,67","0,52"
Insumo, 00003148 ,SINAPI,"FITA VEDA ROSCA, EM PTFE, ROLO DE 18 MM X 50 M (L X C)",Material,,UN,"0,0120000","11,65","0,13"
Insumo, 00020083 ,SINAPI,"SOLUCAO PREPARADORA / LIMPADORA PARA PVC, FRASCO COM 1000 CM3",Material,,UN,"0,0150000","56,28","0,84"
Insumo, 00038383 ,SINAPI,"LIXA D'AGUA EM FOLHA, COR PRETA, GRAO 100",Material,,UN,"0,0105000","1,58","0,01"
,,,,,,,,,
,,,,,,,,,
,,,,,,,,,
 12.1.5.9 ,Código,Banco,Descrição,Tipo,,Und,Quant.,Valor Unit,Total
Composição, 89609 ,SINAPI,"UNIÃO, PVC, SOLDÁVEL, DN 60MM, INSTALADO EM PRUMADA DE ÁGUA - FORNECIMENTO E INSTALAÇÃO. AF_06/2022",Instalações Prediais de Água Fria em PVC,,UN,"1,0000000","62,75","62,75"
Composição Auxiliar, 88248 ,SINAPI,AUXILIAR DE ENCANADOR OU BOMBEIRO HIDRÁULICO COM ENCARGOS COMPLEMENTARES,Livro SINAPI: Cálculos e Parâmetros,,H,"0,0770944","24,00","1,85"
Composição Auxiliar, 88267 ,SINAPI,ENCANADOR OU BOMBEIRO HIDRÁULICO COM ENCARGOS COMPLEMENTARES,Livro SINAPI: Cálculos e Parâmetros,,H,"0,0770944","28,49","2,19"
Insumo, 00000122 ,SINAPI,"ADESIVO PLASTICO PARA PVC, FRASCO COM *850* GR",Material,,UN,"0,0212000","49,67","1,05"
Insumo,9910,SINAPI,"UNIAO PVC, SOLDAVEL, 60 MM, PARA AGUA FRIA PREDIAL",Material,,UN,"1,0000000","55,95","55,95"
Insumo, 00020083 ,SINAPI,"SOLUCAO PREPARADORA / LIMPADORA PARA PVC, FRASCO COM 1000 CM3",Material,,UN,"0,0300000","56,28","1,68"
Insumo, 00038383 ,SINAPI,"LIXA D'AGUA EM FOLHA, COR PRETA, GRAO 100",Material,,UN,"0,0222000","1,58","0,03"
,,,,,,,,,
,,,,,,,,,
,,,,,,,,,
 12.1.5.10 ,Código,Banco,Descrição,Tipo,,Und,Quant.,Valor Unit,Total
Composição, 94652 ,SINAPI,"TUBO, PVC, SOLDÁVEL, DE 60MM, INSTALADO EM RESERVAÇÃO PREDIAL DE ÁGUA - FORNECIMENTO E INSTALAÇÃO. AF_04/2024",Instalações Hidráulicas - Reservação e Bombas de Recalque,,M,"1,0000000","27,05","27,05"
Composição Auxiliar, 88248 ,SINAPI,AUXILIAR DE ENCANADOR OU BOMBEIRO HIDRÁULICO COM ENCARGOS COMPLEMENTARES,Livro SINAPI: Cálculos e Parâmetros,,H,"0,1203226","24,00","2,88"
Composição Auxiliar, 88267 ,SINAPI,ENCANADOR OU BOMBEIRO HIDRÁULICO COM ENCARGOS COMPLEMENTARES,Livro SINAPI: Cálculos e Parâmetros,,H,"0,1203226","28,49","3,42"
Insumo,9873,SINAPI,"TUBO PVC, SOLDAVEL, DE 60 MM, AGUA FRIA (NBR-5648)",Material,,M,"1,0493000","19,76","20,73"
Insumo, 00038383 ,SINAPI,"LIXA D'AGUA EM FOLHA, COR PRETA, GRAO 100",Material,,UN,"0,0169000","1,58","0,02"
,,,,,,,,,
,,,,,,,,,
,,,,,,,,,
 12.1.5.11 ,Código,Banco,Descrição,Tipo,,Und,Quant.,Valor Unit,Total
Composição, 89449 ,SINAPI,"TUBO, PVC, SOLDÁVEL, DE 50MM, INSTALADO EM PRUMADA DE ÁGUA - FORNECIMENTO E INSTALAÇÃO. AF_06/2022",Instalações Prediais de Água Fria em PVC,,M,"1,0000000","14,00","14,00"
Composição Auxiliar, 88248 ,SINAPI,AUXILIAR DE ENCANADOR OU BOMBEIRO HIDRÁULICO COM ENCARGOS COMPLEMENTARES,Livro SINAPI: Cálculos e Parâmetros,,H,"0,0264125","24,00","0,63"
Composição Auxiliar, 88267 ,SINAPI,ENCANADOR OU BOMBEIRO HIDRÁULICO COM ENCARGOS COMPLEMENTARES,Livro SINAPI: Cálculos e Parâmetros,,H,"0,0264125","28,49","0,75"
Insumo,9875,SINAPI,"TUBO PVC, SOLDAVEL, DE 50 MM, AGUA FRIA (NBR-5648)",Material,,M,"1,0493000","12,02","12,61"
Insumo, 00038383 ,SINAPI,"LIXA D'AGUA EM FOLHA, COR PRETA, GRAO 100",Material,,UN,"0,0080000","1,58","0,01"
,,,,,,,,,
,,,,,,,,,
,,,,,,,,,
 12.1.5.12 ,Código,Banco,Descrição,Tipo,,Und,Quant.,Valor Unit,Total
Composição, 89505 ,SINAPI,"JOELHO 90 GRAUS, PVC, SOLDÁVEL, DN 60MM, INSTALADO EM PRUMADA DE ÁGUA - FORNECIMENTO E INSTALAÇÃO. AF_06/2022",Instalações Prediais de Água Fria em PVC,,UN,"1,0000000","31,54","31,54"
Composição Auxiliar, 88248 ,SINAPI,AUXILIAR DE ENCANADOR OU BOMBEIRO HIDRÁULICO COM ENCARGOS COMPLEMENTARES,Livro SINAPI: Cálculos e Parâmetros,,H,"0,1192226","24,00","2,86"
Composição Auxiliar, 88267 ,SINAPI,ENCANADOR OU BOMBEIRO HIDRÁULICO COM ENCARGOS COMPLEMENTARES,Livro SINAPI: Cálculos e Parâmetros,,H,"0,1192226","28,49","3,39"
Insumo, 00000122 ,SINAPI,"ADESIVO PLASTICO PARA PVC, FRASCO COM *850* GR",Material,,UN,"0,0212000","49,67","1,05"
Insumo,3539,SINAPI,"JOELHO PVC, SOLDAVEL, 90 GRAUS, 60 MM, COR MARROM, PARA AGUA FRIA PREDIAL",Material,,UN,"1,0000000","22,53","22,53"
Insumo, 00020083 ,SINAPI,"SOLUCAO PREPARADORA / LIMPADORA PARA PVC, FRASCO COM 1000 CM3",Material,,UN,"0,0300000","56,28","1,68"
Insumo, 00038383 ,SINAPI,"LIXA D'AGUA EM FOLHA, COR PRETA, GRAO 100",Material,,UN,"0,0222000","1,58","0,03"
,,,,,,,,,
,,,,,,,,,
,,,,,,,,,
 12.1.5.13 ,Código,Banco,Descrição,Tipo,,Und,Quant.,Valor Unit,Total
Composição, 89597 ,SINAPI,"LUVA, PVC, SOLDÁVEL, DN 60MM, INSTALADO EM PRUMADA DE ÁGUA - FORNECIMENTO E INSTALAÇÃO. AF_06/2022",Instalações Prediais de Água Fria em PVC,,UN,"1,0000000","17,31","17,31"
Composição Auxiliar, 88248 ,SINAPI,AUXILIAR DE ENCANADOR OU BOMBEIRO HIDRÁULICO COM ENCARGOS COMPLEMENTARES,Livro SINAPI: Cálculos e Parâmetros,,H,"0,0794478","24,00","1,90"
Composição Auxiliar, 88267 ,SINAPI,ENCANADOR OU BOMBEIRO HIDRÁULICO COM ENCARGOS COMPLEMENTARES,Livro SINAPI: Cálculos e Parâmetros,,H,"0,0794478","28,49","2,26"
Insumo, 00000122 ,SINAPI,"ADESIVO PLASTICO PARA PVC, FRASCO COM *850* GR",Material,,UN,"0,0212000","49,67","1,05"
Insumo,3864,SINAPI,"LUVA PVC SOLDAVEL, 60 MM, PARA AGUA FRIA PREDIAL",Material,,UN,"1,0000000","10,39","10,39"
Insumo, 00020083 ,SINAPI,"SOLUCAO PREPARADORA / LIMPADORA PARA PVC, FRASCO COM 1000 CM3",Material,,UN,"0,0300000","56,28","1,68"
Insumo, 00038383 ,SINAPI,"LIXA D'AGUA EM FOLHA, COR PRETA, GRAO 100",Material,,UN,"0,0222000","1,58","0,03"
,,,,,,,,,
,,,,,,,,,
,,,,,,,,,
 12.1.5.14 ,Código,Banco,Descrição,Tipo,,Und,Quant.,Valor Unit,Total
Composição, 103984 ,SINAPI,"JOELHO 90 GRAUS, PVC, SOLDÁVEL, DN 50MM, INSTALADO EM RAMAL DE DISTRIBUIÇÃO DE ÁGUA - FORNECIMENTO E INSTALAÇÃO. AF_06/2022",Instalações Prediais de Água Fria em PVC,,UN,"1,0000000","15,61","15,61"
Composição Auxiliar, 88248 ,SINAPI,AUXILIAR DE ENCANADOR OU BOMBEIRO HIDRÁULICO COM ENCARGOS COMPLEMENTARES,Livro SINAPI: Cálculos e Parâmetros,,H,"0,1829613","24,00","4,39"
Composição Auxiliar, 88267 ,SINAPI,ENCANADOR OU BOMBEIRO HIDRÁULICO COM ENCARGOS COMPLEMENTARES,Livro SINAPI: Cálculos e Parâmetros,,H,"0,1829613","28,49","5,21"
Insumo, 00000122 ,SINAPI,"ADESIVO PLASTICO PARA PVC, FRASCO COM *850* GR",Material,,UN,"0,0165000","49,67","0,81"
Insumo,3540,SINAPI,"JOELHO PVC, SOLDAVEL, 90 GRAUS, 50 MM, COR MARROM, PARA AGUA FRIA PREDIAL",Material,,UN,"1,0000000","3,89","3,89"
Insumo, 00020083 ,SINAPI,"SOLUCAO PREPARADORA / LIMPADORA PARA PVC, FRASCO COM 1000 CM3",Material,,UN,"0,0220000","56,28","1,23"
Insumo, 00038383 ,SINAPI,"LIXA D'AGUA EM FOLHA, COR PRETA, GRAO 100",Material,,UN,"0,0510000","1,58","0,08"
,,,,,,,,,
,,,,,,,,,
,,,,,,,,,
 12.1.5.15 ,Código,Banco,Descrição,Tipo,,Und,Quant.,Valor Unit,Total
Composição, 103995 ,SINAPI,"LUVA, PVC, SOLDÁVEL, DN 50MM, INSTALADO EM RAMAL DE DISTRIBUIÇÃO DE ÁGUA - FORNECIMENTO E INSTALAÇÃO. AF_06/2022",Instalações Prediais de Água Fria em PVC,,UN,"1,0000000","11,91","11,91"
Composição Auxiliar, 88248 ,SINAPI,AUXILIAR DE ENCANADOR OU BOMBEIRO HIDRÁULICO COM ENCARGOS COMPLEMENTARES,Livro SINAPI: Cálculos e Parâmetros,,H,"0,1220932","24,00","2,93"
Composição Auxiliar, 88267 ,SINAPI,ENCANADOR OU BOMBEIRO HIDRÁULICO COM ENCARGOS COMPLEMENTARES,Livro SINAPI: Cálculos e Parâmetros,,H,"0,1220932","28,49","3,47"
Insumo, 00000122 ,SINAPI,"ADESIVO PLASTICO PARA PVC, FRASCO COM *850* GR",Material,,UN,"0,0165000","49,67","0,81"
Insumo,3863,SINAPI,"LUVA PVC SOLDAVEL, 50 MM, PARA AGUA FRIA PREDIAL",Material,,UN,"1,0000000","3,39","3,39"
Insumo, 00020083 ,SINAPI,"SOLUCAO PREPARADORA / LIMPADORA PARA PVC, FRASCO COM 1000 CM3",Material,,UN,"0,0220000","56,28","1,23"
Insumo, 00038383 ,SINAPI,"LIXA D'AGUA EM FOLHA, COR PRETA, GRAO 100",Material,,UN,"0,0510000","1,58","0,08"
,,,,,,,,,
,,,,,,,,,
,,,,,,,,,
 12.2 ,,,INSTALAÇÕES SANITÁRIAS,,,,,,
 12.2.1 ,,,TUBOS,,,,,,
 12.2.1.1 ,Código,Banco,Descrição,Tipo,,Und,Quant.,Valor Unit,Total
Composição, 89711 ,SINAPI,"TUBO PVC, SERIE NORMAL, ESGOTO PREDIAL, DN 40 MM, FORNECIDO E INSTALADO EM RAMAL DE DESCARGA OU RAMAL DE ESGOTO SANITÁRIO. AF_08/2022",Instalações Prediais de Esgoto - Tubos e Conexões,,M,"1,0000000","17,81","17,81"
Composição Auxiliar, 88248 ,SINAPI,AUXILIAR DE ENCANADOR OU BOMBEIRO HIDRÁULICO COM ENCARGOS COMPLEMENTARES,Livro SINAPI: Cálculos e Parâmetros,,H,"0,2338534","24,00","5,61"
Composição Auxiliar, 88267 ,SINAPI,ENCANADOR OU BOMBEIRO HIDRÁULICO COM ENCARGOS COMPLEMENTARES,Livro SINAPI: Cálculos e Parâmetros,,H,"0,2338534","28,49","6,66"
Insumo,9835,SINAPI,"TUBO PVC SERIE NORMAL, DN 40 MM, PARA ESGOTO PREDIAL (NBR 5688)",Material,,M,"1,0549000","5,24","5,52"
Insumo, 00038383 ,SINAPI,"LIXA D'AGUA EM FOLHA, COR PRETA, GRAO 100",Material,,UN,"0,0163000","1,58","0,02"
,,,,,,,,,
,,,,,,,,,
,,,,,,,,,
 12.2.1.2 ,Código,Banco,Descrição,Tipo,,Und,Quant.,Valor Unit,Total
Composição, 89712 ,SINAPI,"TUBO PVC, SERIE NORMAL, ESGOTO PREDIAL, DN 50 MM, FORNECIDO E INSTALADO EM RAMAL DE DESCARGA OU RAMAL DE ESGOTO SANITÁRIO. AF_08/2022",Instalações Prediais de Esgoto - Tubos e Conexões,,M,"1,0000000","22,44","22,44"
Composição Auxiliar, 88248 ,SINAPI,AUXILIAR DE ENCANADOR OU BOMBEIRO HIDRÁULICO COM ENCARGOS COMPLEMENTARES,Livro SINAPI: Cálculos e Parâmetros,,H,"0,2535624","24,00","6,08"
Composição Auxiliar, 88267 ,SINAPI,ENCANADOR OU BOMBEIRO HIDRÁULICO COM ENCARGOS COMPLEMENTARES,Livro SINAPI: Cálculos e Parâmetros,,H,"0,2535624","28,49","7,22"
Insumo,9838,SINAPI,"TUBO PVC SERIE NORMAL, DN 50 MM, PARA ESGOTO PREDIAL (NBR 5688)",Material,,M,"1,0549000","8,65","9,12"
Insumo, 00038383 ,SINAPI,"LIXA D'AGUA EM FOLHA, COR PRETA, GRAO 100",Material,,UN,"0,0177000","1,58","0,02"
,,,,,,,,,
,,,,,,,,,
,,,,,,,,,
 12.2.1.3 ,Código,Banco,Descrição,Tipo,,Und,Quant.,Valor Unit,Total
Composição, 89714 ,SINAPI,"TUBO PVC, SERIE NORMAL, ESGOTO PREDIAL, DN 100 MM, FORNECIDO E INSTALADO EM RAMAL DE DESCARGA OU RAMAL DE ESGOTO SANITÁRIO. AF_08/2022",Instalações Prediais de Esgoto - Tubos e Conexões,,M,"1,0000000","31,26","31,26"
Composição Auxiliar, 88248 ,SINAPI,AUXILIAR DE ENCANADOR OU BOMBEIRO HIDRÁULICO COM ENCARGOS COMPLEMENTARES,Livro SINAPI: Cálculos e Parâmetros,,H,"0,3545035","24,00","8,50"
Composição Auxiliar, 88267 ,SINAPI,ENCANADOR OU BOMBEIRO HIDRÁULICO COM ENCARGOS COMPLEMENTARES,Livro SINAPI: Cálculos e Parâmetros,,H,"0,3545035","28,49","10,09"
Insumo,9836,SINAPI,"TUBO PVC SERIE NORMAL, DN 100 MM, PARA ESGOTO PREDIAL (NBR 5688)",Material,,M,"1,0549000","11,99","12,64"
Insumo, 00038383 ,SINAPI,"LIXA D'AGUA EM FOLHA, COR PRETA, GRAO 100",Material,,UN,"0,0247000","1,58","0,03"
,,,,,,,,,
,,,,,,,,,
,,,,,,,,,
 12.2.1.4 ,Código,Banco,Descrição,Tipo,,Und,Quant.,Valor Unit,Total
Composição, 89798 ,SINAPI,"TUBO PVC, SERIE NORMAL, ESGOTO PREDIAL, DN 50 MM, FORNECIDO E INSTALADO EM PRUMADA DE ESGOTO SANITÁRIO OU VENTILAÇÃO. AF_08/2022",Instalações Prediais de Esgoto - Tubos e Conexões,,M,"1,0000000","10,86","10,86"
Composição Auxiliar, 88248 ,SINAPI,AUXILIAR DE ENCANADOR OU BOMBEIRO HIDRÁULICO COM ENCARGOS COMPLEMENTARES,Livro SINAPI: Cálculos e Parâmetros,,H,"0,0327143","24,00","0,78"
Composição Auxiliar, 88267 ,SINAPI,ENCANADOR OU BOMBEIRO HIDRÁULICO COM ENCARGOS COMPLEMENTARES,Livro SINAPI: Cálculos e Parâmetros,,H,"0,0327143","28,49","0,93"
Insumo,89724,SINAPI,"TUBO PVC SERIE NORMAL, DN 50 MM, PARA ESGOTO PREDIAL (NBR 5688)",Material,,M,"1,0549000","8,65","9,12"
Insumo, 00038383 ,SINAPI,"LIXA D'AGUA EM FOLHA, COR PRETA, GRAO 100",Material,,UN,"0,0230000","1,58","0,03"
,,,,,,,,,
,,,,,,,,,
,,,,,,,,,
 12.2.2 ,,,CONEXÕES,,,,,,
 12.2.2.1 ,Código,Banco,Descrição,Tipo,,Und,Quant.,Valor Unit,Total
Composição, 89724 ,SINAPI,"JOELHO 90 GRAUS, PVC, SERIE NORMAL, ESGOTO PREDIAL, DN 40 MM, JUNTA SOLDÁVEL, FORNECIDO E INSTALADO EM RAMAL DE DESCARGA OU RAMAL DE ESGOTO SANITÁRIO. AF_08/2022",Instalações Prediais de Esgoto - Tubos e Conexões,,UN,"1,0000000","8,33","8,33"
Composição Auxiliar, 88248 ,SINAPI,AUXILIAR DE ENCANADOR OU BOMBEIRO HIDRÁULICO COM ENCARGOS COMPLEMENTARES,Livro SINAPI: Cálculos e Parâmetros,,H,"0,1009567","24,00","2,42"
Composição Auxiliar, 88267 ,SINAPI,ENCANADOR OU BOMBEIRO HIDRÁULICO COM ENCARGOS COMPLEMENTARES,Livro SINAPI: Cálculos e Parâmetros,,H,"0,1009567","28,49","2,87"
Insumo, 00000122 ,SINAPI,"ADESIVO PLASTICO PARA PVC, FRASCO COM *850* GR",Material,,UN,"0,0099000","49,67","0,49"
Insumo,3517,SINAPI,"JOELHO PVC, SOLDAVEL, BB, 90 GRAUS, SEM ANEL, DN 40 MM, PARA ESGOTO PREDIAL SECUNDARIO",Material,,UN,"1,0000000","1,70","1,70"
Insumo, 00020083 ,SINAPI,"SOLUCAO PREPARADORA / LIMPADORA PARA PVC, FRASCO COM 1000 CM3",Material,,UN,"0,0150000","56,28","0,84"
Insumo, 00038383 ,SINAPI,"LIXA D'AGUA EM FOLHA, COR PRETA, GRAO 100",Material,,UN,"0,0071000","1,58","0,01"
,,,,,,,,,
,,,,,,,,,
,,,,,,,,,
 12.2.2.2 ,Código,Banco,Descrição,Tipo,,Und,Quant.,Valor Unit,Total
Composição, 89726 ,SINAPI,"JOELHO 45 GRAUS, PVC, SERIE NORMAL, ESGOTO PREDIAL, DN 40 MM, JUNTA SOLDÁVEL, FORNECIDO E INSTALADO EM RAMAL DE DESCARGA OU RAMAL DE ESGOTO SANITÁRIO. AF_08/2022",Instalações Prediais de Esgoto - Tubos e Conexões,,UN,"1,0000000","8,51","8,51"
Composição Auxiliar, 88248 ,SINAPI,AUXILIAR DE ENCANADOR OU BOMBEIRO HIDRÁULICO COM ENCARGOS COMPLEMENTARES,Livro SINAPI: Cálculos e Parâmetros,,H,"0,1009567","24,00","2,42"
Composição Auxiliar, 88267 ,SINAPI,ENCANADOR OU BOMBEIRO HIDRÁULICO COM ENCARGOS COMPLEMENTARES,Livro SINAPI: Cálculos e Parâmetros,,H,"0,1009567","28,49","2,87"
Insumo, 00000122 ,SINAPI,"ADESIVO PLASTICO PARA PVC, FRASCO COM *850* GR",Material,,UN,"0,0099000","49,67","0,49"
Insumo,3516,SINAPI,"JOELHO PVC, SOLDAVEL, BB, 45 GRAUS, DN 40 MM, PARA ESGOTO PREDIAL",Material,,UN,"1,0000000","1,88","1,88"
Insumo, 00020083 ,SINAPI,"SOLUCAO PREPARADORA / LIMPADORA PARA PVC, FRASCO COM 1000 CM3",Material,,UN,"0,0150000","56,28","0,84"
Insumo, 00038383 ,SINAPI,"LIXA D'AGUA EM FOLHA, COR PRETA, GRAO 100",Material,,UN,"0,0071000","1,58","0,01"
,,,,,,,,,
,,,,,,,,,
,,,,,,,,,
 12.2.2.3 ,Código,Banco,Descrição,Tipo,,Und,Quant.,Valor Unit,Total
Composição, 89731 ,SINAPI,"JOELHO 90 GRAUS, PVC, SERIE NORMAL, ESGOTO PREDIAL, DN 50 MM, JUNTA ELÁSTICA, FORNECIDO E INSTALADO EM RAMAL DE DESCARGA OU RAMAL DE ESGOTO SANITÁRIO. AF_08/2022",Instalações Prediais de Esgoto - Tubos e Conexões,,UN,"1,0000000","13,52","13,52"
Composição Auxiliar, 88248 ,SINAPI,AUXILIAR DE ENCANADOR OU BOMBEIRO HIDRÁULICO COM ENCARGOS COMPLEMENTARES,Livro SINAPI: Cálculos e Parâmetros,,H,"0,1099740","24,00","2,63"
Composição Auxiliar, 88267 ,SINAPI,ENCANADOR OU BOMBEIRO HIDRÁULICO COM ENCARGOS COMPLEMENTARES,Livro SINAPI: Cálculos e Parâmetros,,H,"0,1099740","28,49","3,13"
Insumo, 00000296 ,SINAPI,"ANEL BORRACHA PARA TUBO ESGOTO PREDIAL, DN 50 MM (NBR 5688)",Material,,UN,"2,0000000","2,14","4,28"
Insumo,3526,SINAPI,"JOELHO PVC, SOLDAVEL, PB, 90 GRAUS, DN 50 MM, PARA ESGOTO PREDIAL",Material,,UN,"1,0000000","2,46","2,46"
Insumo, 00020078 ,SINAPI,"PASTA LUBRIFICANTE PARA TUBOS E CONEXOES COM JUNTA ELASTICA, EMBALAGEM DE *400* GR (USO EM PVC, ACO, POLIETILENO E OUTROS)",Material,,UN,"0,0500000","20,50","1,02"
,,,,,,,,,
,,,,,,,,,
,,,,,,,,,
 12.2.2.4 ,Código,Banco,Descrição,Tipo,,Und,Quant.,Valor Unit,Total
Composição, 89732 ,SINAPI,"JOELHO 45 GRAUS, PVC, SERIE NORMAL, ESGOTO PREDIAL, DN 50 MM, JUNTA ELÁSTICA, FORNECIDO E INSTALADO EM RAMAL DE DESCARGA OU RAMAL DE ESGOTO SANITÁRIO. AF_08/2022",Instalações Prediais de Esgoto - Tubos e Conexões,,UN,"1,0000000","14,10","14,10"
Composição Auxiliar, 88248 ,SINAPI,AUXILIAR DE ENCANADOR OU BOMBEIRO HIDRÁULICO COM ENCARGOS COMPLEMENTARES,Livro SINAPI: Cálculos e Parâmetros,,H,"0,1098172","24,00","2,63"
Composição Auxiliar, 88267 ,SINAPI,ENCANADOR OU BOMBEIRO HIDRÁULICO COM ENCARGOS COMPLEMENTARES,Livro SINAPI: Cálculos e Parâmetros,,H,"0,1098172","28,49","3,12"
Insumo, 00000296 ,SINAPI,"ANEL BORRACHA PARA TUBO ESGOTO PREDIAL, DN 50 MM (NBR 5688)",Material,,UN,"2,0000000","2,14","4,28"
Insumo,3518,SINAPI,"JOELHO PVC, SOLDAVEL, PB, 45 GRAUS, DN 50 MM, PARA ESGOTO PREDIAL",Material,,UN,"1,0000000","3,05","3,05"
Insumo, 00020078 ,SINAPI,"PASTA LUBRIFICANTE PARA TUBOS E CONEXOES COM JUNTA ELASTICA, EMBALAGEM DE *400* GR (USO EM PVC, ACO, POLIETILENO E OUTROS)",Material,,UN,"0,0500000","20,50","1,02"
,,,,,,,,,
,,,,,,,,,
,,,,,,,,,
 12.2.2.5 ,Código,Banco,Descrição,Tipo,,Und,Quant.,Valor Unit,Total
Composição, 89744 ,SINAPI,"JOELHO 90 GRAUS, PVC, SERIE NORMAL, ESGOTO PREDIAL, DN 100 MM, JUNTA ELÁSTICA, FORNECIDO E INSTALADO EM RAMAL DE DESCARGA OU RAMAL DE ESGOTO SANITÁRIO. AF_08/2022",Instalações Prediais de Esgoto - Tubos e Conexões,,UN,"1,0000000","24,67","24,67"
Composição Auxiliar, 88248 ,SINAPI,AUXILIAR DE ENCANADOR OU BOMBEIRO HIDRÁULICO COM ENCARGOS COMPLEMENTARES,Livro SINAPI: Cálculos e Parâmetros,,H,"0,1530644","24,00","3,67"
Composição Auxiliar, 88267 ,SINAPI,ENCANADOR OU BOMBEIRO HIDRÁULICO COM ENCARGOS COMPLEMENTARES,Livro SINAPI: Cálculos e Parâmetros,,H,"0,1530644","28,49","4,36"
Insumo,301,SINAPI,"ANEL BORRACHA PARA TUBO ESGOTO PREDIAL, DN 100 MM (NBR 5688)",Material,,UN,"2,0000000","3,80","7,60"
Insumo,3520,SINAPI,"JOELHO PVC, SOLDAVEL, PB, 90 GRAUS, DN 100 MM, PARA ESGOTO PREDIAL",Material,,UN,"1,0000000","6,69","6,69"
Insumo, 00020078 ,SINAPI,"PASTA LUBRIFICANTE PARA TUBOS E CONEXOES COM JUNTA ELASTICA, EMBALAGEM DE *400* GR (USO EM PVC, ACO, POLIETILENO E OUTROS)",Material,,UN,"0,1150000","20,50","2,35"
,,,,,,,,,
,,,,,,,,,
,,,,,,,,,
 12.2.2.6 ,Código,Banco,Descrição,Tipo,,Und,Quant.,Valor Unit,Total
Composição, 89746 ,SINAPI,"JOELHO 45 GRAUS, PVC, SERIE NORMAL, ESGOTO PREDIAL, DN 100 MM, JUNTA ELÁSTICA, FORNECIDO E INSTALADO EM RAMAL DE DESCARGA OU RAMAL DE ESGOTO SANITÁRIO. AF_08/2022",Instalações Prediais de Esgoto - Tubos e Conexões,,UN,"1,0000000","25,34","25,34"
Composição Auxiliar, 88248 ,SINAPI,AUXILIAR DE ENCANADOR OU BOMBEIRO HIDRÁULICO COM ENCARGOS COMPLEMENTARES,Livro SINAPI: Cálculos e Parâmetros,,H,"0,1530644","24,00","3,67"
Composição Auxiliar, 88267 ,SINAPI,ENCANADOR OU BOMBEIRO HIDRÁULICO COM ENCARGOS COMPLEMENTARES,Livro SINAPI: Cálculos e Parâmetros,,H,"0,1530644","28,49","4,36"
Insumo, 00000301 ,SINAPI,"ANEL BORRACHA PARA TUBO ESGOTO PREDIAL, DN 100 MM (NBR 5688)",Material,,UN,"2,0000000","3,80","7,60"
Insumo,3528,SINAPI,"JOELHO PVC, SOLDAVEL, PB, 45 GRAUS, DN 100 MM, PARA ESGOTO PREDIAL",Material,,UN,"1,0000000","7,36","7,36"
Insumo, 00020078 ,SINAPI,"PASTA LUBRIFICANTE PARA TUBOS E CONEXOES COM JUNTA ELASTICA, EMBALAGEM DE *400* GR (USO EM PVC, ACO, POLIETILENO E OUTROS)",Material,,UN,"0,1150000","20,50","2,35"
,,,,,,,,,
,,,,,,,,,
,,,,,,,,,
 12.2.2.7 ,Código,Banco,Descrição,Tipo,,Und,Quant.,Valor Unit,Total
Composição, 104345 ,SINAPI,"JUNÇÃO DE REDUÇÃO INVERTIDA, PVC, SÉRIE NORMAL, ESGOTO PREDIAL, DN 100 X 50 MM, JUNTA ELÁSTICA, FORNECIDO E INSTALADO EM RAMAL DE DESCARGA OU RAMAL DE ESGOTO SANITÁRIO. AF_08/2022",Instalações Prediais de Esgoto - Tubos e Conexões,,UN,"1,0000000","37,63","37,63"
Composição Auxiliar, 88248 ,SINAPI,AUXILIAR DE ENCANADOR OU BOMBEIRO HIDRÁULICO COM ENCARGOS COMPLEMENTARES,Livro SINAPI: Cálculos e Parâmetros,,H,"0,1843356","24,00","4,42"
Composição Auxiliar, 88267 ,SINAPI,ENCANADOR OU BOMBEIRO HIDRÁULICO COM ENCARGOS COMPLEMENTARES,Livro SINAPI: Cálculos e Parâmetros,,H,"0,1843356","28,49","5,25"
Insumo, 00000296 ,SINAPI,"ANEL BORRACHA PARA TUBO ESGOTO PREDIAL, DN 50 MM (NBR 5688)",Material,,UN,"1,0000000","2,14","2,14"
Insumo, 00000301 ,SINAPI,"ANEL BORRACHA PARA TUBO ESGOTO PREDIAL, DN 100 MM (NBR 5688)",Material,,UN,"2,0000000","3,80","7,60"
Insumo,10908,SINAPI,"JUNCAO DE REDUCAO INVERTIDA, PVC SOLDAVEL, 100 X 50 MM, SERIE NORMAL PARA ESGOTO PREDIAL",Material,,UN,"1,0000000","15,35","15,35"
Insumo, 00020078 ,SINAPI,"PASTA LUBRIFICANTE PARA TUBOS E CONEXOES COM JUNTA ELASTICA, EMBALAGEM DE *400* GR (USO EM PVC, ACO, POLIETILENO E OUTROS)",Material,,UN,"0,1400000","20,50","2,87"
,,,,,,,,,
,,,,,,,,,
,,,,,,,,,
 12.2.2.8 ,Código,Banco,Descrição,Tipo,,Und,Quant.,Valor Unit,Total
Composição, 89728 ,SINAPI,"CURVA CURTA 90 GRAUS, PVC, SERIE NORMAL, ESGOTO PREDIAL, DN 40 MM, JUNTA SOLDÁVEL, FORNECIDO E INSTALADO EM RAMAL DE DESCARGA OU RAMAL DE ESGOTO SANITÁRIO. AF_08/2022",Instalações Prediais de Esgoto - Tubos e Conexões,,UN,"1,0000000","10,67","10,67"
Composição Auxiliar, 88248 ,SINAPI,AUXILIAR DE ENCANADOR OU BOMBEIRO HIDRÁULICO COM ENCARGOS COMPLEMENTARES,Livro SINAPI: Cálculos e Parâmetros,,H,"0,1009567","24,00","2,42"
Composição Auxiliar, 88267 ,SINAPI,ENCANADOR OU BOMBEIRO HIDRÁULICO COM ENCARGOS COMPLEMENTARES,Livro SINAPI: Cálculos e Parâmetros,,H,"0,1009567","28,49","2,87"
Insumo, 00000122 ,SINAPI,"ADESIVO PLASTICO PARA PVC, FRASCO COM *850* GR",Material,,UN,"0,0099000","49,67","0,49"
Insumo,1933,SINAPI,"CURVA PVC CURTA 90 GRAUS, DN 40 MM, PARA ESGOTO PREDIAL",Material,,UN,"1,0000000","4,04","4,04"
Insumo, 00020083 ,SINAPI,"SOLUCAO PREPARADORA / LIMPADORA PARA PVC, FRASCO COM 1000 CM3",Material,,UN,"0,0150000","56,28","0,84"
Insumo, 00038383 ,SINAPI,"LIXA D'AGUA EM FOLHA, COR PRETA, GRAO 100",Material,,UN,"0,0071000","1,58","0,01"
,,,,,,,,,
,,,,,,,,,
,,,,,,,,,
 12.2.2.9 ,Código,Banco,Descrição,Tipo,,Und,Quant.,Valor Unit,Total
Composição, 89797 ,SINAPI,"JUNÇÃO SIMPLES, PVC, SERIE NORMAL, ESGOTO PREDIAL, DN 100 X 100 MM, JUNTA ELÁSTICA, FORNECIDO E INSTALADO EM RAMAL DE DESCARGA OU RAMAL DE ESGOTO SANITÁRIO. AF_08/2022",Instalações Prediais de Esgoto - Tubos e Conexões,,UN,"1,0000000","44,92","44,92"
Composição Auxiliar, 88248 ,SINAPI,AUXILIAR DE ENCANADOR OU BOMBEIRO HIDRÁULICO COM ENCARGOS COMPLEMENTARES,Livro SINAPI: Cálculos e Parâmetros,,H,"0,2033014","24,00","4,87"
Composição Auxiliar, 88267 ,SINAPI,ENCANADOR OU BOMBEIRO HIDRÁULICO COM ENCARGOS COMPLEMENTARES,Livro SINAPI: Cálculos e Parâmetros,,H,"0,2033014","28,49","5,79"
Insumo, 00000301 ,SINAPI,"ANEL BORRACHA PARA TUBO ESGOTO PREDIAL, DN 100 MM (NBR 5688)",Material,,UN,"3,0000000","3,80","11,40"
Insumo,3670,SINAPI,"JUNCAO SIMPLES, PVC, 45 GRAUS, DN 100 X 100 MM, SERIE NORMAL PARA ESGOTO PREDIAL",Material,,UN,"1,0000000","19,33","19,33"
Insumo, 00020078 ,SINAPI,"PASTA LUBRIFICANTE PARA TUBOS E CONEXOES COM JUNTA ELASTICA, EMBALAGEM DE *400* GR (USO EM PVC, ACO, POLIETILENO E OUTROS)",Material,,UN,"0,1725000","20,50","3,53"
,,,,,,,,,
,,,,,,,,,
,,,,,,,,,
 12.2.2.10 ,Código,Banco,Descrição,Tipo,,Und,Quant.,Valor Unit,Total
Composição, 89827 ,SINAPI,"JUNÇÃO SIMPLES, PVC, SERIE NORMAL, ESGOTO PREDIAL, DN 50 X 50 MM, JUNTA ELÁSTICA, FORNECIDO E INSTALADO EM PRUMADA DE ESGOTO SANITÁRIO OU VENTILAÇÃO. AF_08/2022",Instalações Prediais de Esgoto - Tubos e Conexões,,UN,"1,0000000","17,76","17,76"
Composição Auxiliar, 88248 ,SINAPI,AUXILIAR DE ENCANADOR OU BOMBEIRO HIDRÁULICO COM ENCARGOS COMPLEMENTARES,Livro SINAPI: Cálculos e Parâmetros,,H,"0,0359729","24,00","0,86"
Composição Auxiliar, 88267 ,SINAPI,ENCANADOR OU BOMBEIRO HIDRÁULICO COM ENCARGOS COMPLEMENTARES,Livro SINAPI: Cálculos e Parâmetros,,H,"0,0359729","28,49","1,02"
Insumo, 00000296 ,SINAPI,"ANEL BORRACHA PARA TUBO ESGOTO PREDIAL, DN 50 MM (NBR 5688)",Material,,UN,"3,0000000","2,14","6,42"
Insumo,3662,SINAPI,"JUNCAO SIMPLES, PVC, 45 GRAUS, DN 50 X 50 MM, SERIE NORMAL PARA ESGOTO PREDIAL",Material,,UN,"1,0000000","7,93","7,93"
Insumo, 00020078 ,SINAPI,"PASTA LUBRIFICANTE PARA TUBOS E CONEXOES COM JUNTA ELASTICA, EMBALAGEM DE *400* GR (USO EM PVC, ACO, POLIETILENO E OUTROS)",Material,,UN,"0,0750000","20,50","1,53"
,,,,,,,,,
,,,,,,,,,
,,,,,,,,,
 12.2.2.11 ,Código,Banco,Descrição,Tipo,,Und,Quant.,Valor Unit,Total
Composição, 89825 ,SINAPI,"TE, PVC, SERIE NORMAL, ESGOTO PREDIAL, DN 50 X 50 MM, JUNTA ELÁSTICA, FORNECIDO E INSTALADO EM PRUMADA DE ESGOTO SANITÁRIO OU VENTILAÇÃO. AF_08/2022",Instalações Prediais de Esgoto - Tubos e Conexões,,UN,"1,0000000","15,88","15,88"
Composição Auxiliar, 88248 ,SINAPI,AUXILIAR DE ENCANADOR OU BOMBEIRO HIDRÁULICO COM ENCARGOS COMPLEMENTARES,Livro SINAPI: Cálculos e Parâmetros,,H,"0,0361298","24,00","0,86"
Composição Auxiliar, 88267 ,SINAPI,ENCANADOR OU BOMBEIRO HIDRÁULICO COM ENCARGOS COMPLEMENTARES,Livro SINAPI: Cálculos e Parâmetros,,H,"0,0361298","28,49","1,02"
Insumo, 00000296 ,SINAPI,"ANEL BORRACHA PARA TUBO ESGOTO PREDIAL, DN 50 MM (NBR 5688)",Material,,UN,"3,0000000","2,14","6,42"
Insumo,7097,SINAPI,"TE SANITARIO, PVC, DN 50 X 50 MM, SERIE NORMAL, PARA ESGOTO PREDIAL",Material,,UN,"1,0000000","6,05","6,05"
Insumo, 00020078 ,SINAPI,"PASTA LUBRIFICANTE PARA TUBOS E CONEXOES COM JUNTA ELASTICA, EMBALAGEM DE *400* GR (USO EM PVC, ACO, POLIETILENO E OUTROS)",Material,,UN,"0,0750000","20,50","1,53"
,,,,,,,,,
,,,,,,,,,
,,,,,,,,,
 12.2.2.12 ,Código,Banco,Descrição,Tipo,,Und,Quant.,Valor Unit,Total
Composição, 104352 ,SINAPI,"TE, PVC, SÉRIE NORMAL, ESGOTO PREDIAL, DN 100 X 50 MM, JUNTA ELÁSTICA, FORNECIDO E INSTALADO EM PRUMADA DE ESGOTO SANITÁRIO OU VENTILAÇÃO. AF_08/2022",Instalações Prediais de Esgoto - Tubos e Conexões,,UN,"1,0000000","34,94","34,94"
Composição Auxiliar, 88248 ,SINAPI,AUXILIAR DE ENCANADOR OU BOMBEIRO HIDRÁULICO COM ENCARGOS COMPLEMENTARES,Livro SINAPI: Cálculos e Parâmetros,,H,"0,1648422","24,00","3,95"
Composição Auxiliar, 88267 ,SINAPI,ENCANADOR OU BOMBEIRO HIDRÁULICO COM ENCARGOS COMPLEMENTARES,Livro SINAPI: Cálculos e Parâmetros,,H,"0,1648422","28,49","4,69"
Insumo, 00000296 ,SINAPI,"ANEL BORRACHA PARA TUBO ESGOTO PREDIAL, DN 50 MM (NBR 5688)",Material,,UN,"1,0000000","2,14","2,14"
Insumo, 00000301 ,SINAPI,"ANEL BORRACHA PARA TUBO ESGOTO PREDIAL, DN 100 MM (NBR 5688)",Material,,UN,"2,0000000","3,80","7,60"
Insumo,11655,SINAPI,"TE SANITARIO DE REDUCAO, PVC, DN 100 X 50 MM, SERIE NORMAL, PARA ESGOTO PREDIAL",Material,,UN,"1,0000000","13,69","13,69"
Insumo, 00020078 ,SINAPI,"PASTA LUBRIFICANTE PARA TUBOS E CONEXOES COM JUNTA ELASTICA, EMBALAGEM DE *400* GR (USO EM PVC, ACO, POLIETILENO E OUTROS)",Material,,UN,"0,1400000","20,50","2,87"
,,,,,,,,,
,,,,,,,,,
,,,,,,,,,
 12.2.3 ,,,CAIXAS,,,,,,
 12.2.3.1 ,Código,Banco,Descrição,Tipo,,Und,Quant.,Valor Unit,Total
Composição, 97902 ,SINAPI,"CAIXA ENTERRADA HIDRÁULICA RETANGULAR EM ALVENARIA COM TIJOLOS CERÂMICOS MACIÇOS, DIMENSÕES INTERNAS: 0,6X0,6X0,6 M PARA REDE DE ESGOTO. AF_12/2020",Caixas Enterradas,,UN,"1,0000000","469,09","469,09"
Composição Auxiliar, 100475 ,SINAPI,"ARGAMASSA TRAÇO 1:3 (EM VOLUME DE CIMENTO E AREIA MÉDIA ÚMIDA) COM ADIÇÃO DE IMPERMEABILIZANTE, PREPARO MECÂNICO COM BETONEIRA 400 L. AF_08/2019",Argamassas,,m³,"0,1156000","659,06","76,18"
Composição Auxiliar, 101616 ,SINAPI,"PREPARO DE FUNDO DE VALA COM LARGURA MENOR QUE 1,5 M (ACERTO DO SOLO NATURAL). AF_08/2020",Escoramento e Preparo de Fundo de Valas,,m²,"0,8100000","6,80","5,50"
Composição Auxiliar, 5678 ,SINAPI,"RETROESCAVADEIRA SOBRE RODAS COM CARREGADEIRA, TRAÇÃO 4X4, POTÊNCIA LÍQ. 88 HP, CAÇAMBA CARREG. CAP. MÍN. 1 M3, CAÇAMBA RETRO CAP. 0,26 M3, PESO OPERACIONAL MÍN. 6.674 KG, PROFUNDIDADE ESCAVAÇÃO MÁX. 4,37 M - CHP DIURNO. AF_06/2014",Custos Horários Produtivo e Improdutivo dos Equipamentos,,CHP,"0,0087000","130,38","1,13"
Composição Auxiliar, 5679 ,SINAPI,"RETROESCAVADEIRA SOBRE RODAS COM CARREGADEIRA, TRAÇÃO 4X4, POTÊNCIA LÍQ. 88 HP, CAÇAMBA CARREG. CAP. MÍN. 1 M3, CAÇAMBA RETRO CAP. 0,26 M3, PESO OPERACIONAL MÍN. 6.674 KG, PROFUNDIDADE ESCAVAÇÃO MÁX. 4,37 M - CHI DIURNO. AF_06/2014",Custos Horários Produtivo e Improdutivo dos Equipamentos,,CHI,"0,0178000","59,48","1,05"
Composição Auxiliar, 87316 ,SINAPI,"ARGAMASSA TRAÇO 1:4 (EM VOLUME DE CIMENTO E AREIA GROSSA ÚMIDA) PARA CHAPISCO CONVENCIONAL, PREPARO MECÂNICO COM BETONEIRA 400 L. AF_08/2019",Argamassas,,m³,"0,0148000","435,01","6,43"
Composição Auxiliar, 88309 ,SINAPI,PEDREIRO COM ENCARGOS COMPLEMENTARES,Livro SINAPI: Cálculos e Parâmetros,,H,"3,6398109","29,21","106,31"
Composição Auxiliar, 88316 ,SINAPI,SERVENTE COM ENCARGOS COMPLEMENTARES,Livro SINAPI: Cálculos e Parâmetros,,H,"2,8598921","23,37","66,83"
Composição Auxiliar, 94970 ,SINAPI,"CONCRETO FCK = 20MPA, TRAÇO 1:2,7:3 (EM MASSA SECA DE CIMENTO/ AREIA MÉDIA/ BRITA 1) - PREPARO MECÂNICO COM BETONEIRA 600 L. AF_05/2021",Produção de Concreto,,m³,"0,0744000","406,99","30,28"
Composição Auxiliar, 97735 ,SINAPI,"PEÇA RETANGULAR PRÉ-MOLDADA, VOLUME DE CONCRETO DE 30 A 100 LITROS, TAXA DE AÇO APROXIMADA DE 30KG/M³. AF_03/2024",Estruturas Pré-Fabricadas e Pré-Moldadas,,m³,"0,0448000","2.362,25","105,82"
Insumo, 00002692 ,SINAPI,"DESMOLDANTE PROTETOR PARA FORMAS DE MADEIRA, DE BASE OLEOSA EMULSIONADA EM AGUA",Material,,L,"0,0054000","7,96","0,04"
Insumo, 00004491 ,SINAPI,"PONTALETE *7,5 X 7,5* CM EM PINUS, MISTA OU EQUIVALENTE DA REGIAO - BRUTA",Material,,M,"0,1184000","9,17","1,08"
Insumo, 00004517 ,SINAPI,"SARRAFO *2,5 X 7,5* CM EM PINUS, MISTA OU EQUIVALENTE DA REGIAO - BRUTA",Material,,M,"0,1408000","3,21","0,45"
Insumo, 00005069 ,SINAPI,PREGO DE ACO POLIDO COM CABECA 17 X 27 (2 1/2 X 11),Material,,KG,"0,0125000","11,14","0,13"
Insumo, 00006193 ,SINAPI,"TABUA NAO APARELHADA *2,5 X 20* CM, EM MACARANDUBA/MASSARANDUBA, ANGELIM OU EQUIVALENTE DA REGIAO - BRUTA",Material,,M,"0,4416000","16,39","7,23"
Insumo, 00007258 ,SINAPI,TIJOLO CERAMICO MACICO COMUM DE *5 X 10 X 20* CM (L X A X C),Material,,UN,"131,8188000","0,46","60,63"
,,,,,,,,,
,,,,,,,,,
,,,,,,,,,
 12.2.3.2 ,Código,Banco,Descrição,Tipo,,Und,Quant.,Valor Unit,Total
Composição, 97978 ,SINAPI,"BASE PARA POÇO DE VISITA CIRCULAR PARA ESGOTO, EM CONCRETO PRÉ-MOLDADO, DIÂMETRO INTERNO = 0,80 M, PROFUNDIDADE = 1,35 M, EXCLUINDO TAMPÃO. AF_12/2020",Poços de Visita e Caixas para Bocas de Lobo,,UN,"1,0000000","849,90","849,90"
Composição Auxiliar, 100475 ,SINAPI,"ARGAMASSA TRAÇO 1:3 (EM VOLUME DE CIMENTO E AREIA MÉDIA ÚMIDA) COM ADIÇÃO DE IMPERMEABILIZANTE, PREPARO MECÂNICO COM BETONEIRA 400 L. AF_08/2019",Argamassas,,m³,"0,0569000","659,06","37,50"
Composição Auxiliar, 101623 ,SINAPI,"PREPARO DE FUNDO DE VALA COM LARGURA MENOR QUE 1,5 M, COM CAMADA DE BRITA, LANÇAMENTO MECANIZADO. AF_08/2020",Escoramento e Preparo de Fundo de Valas,,m³,"0,4152000","234,35","97,30"
Composição Auxiliar, 5678 ,SINAPI,"RETROESCAVADEIRA SOBRE RODAS COM CARREGADEIRA, TRAÇÃO 4X4, POTÊNCIA LÍQ. 88 HP, CAÇAMBA CARREG. CAP. MÍN. 1 M3, CAÇAMBA RETRO CAP. 0,26 M3, PESO OPERACIONAL MÍN. 6.674 KG, PROFUNDIDADE ESCAVAÇÃO MÁX. 4,37 M - CHP DIURNO. AF_06/2014",Custos Horários Produtivo e Improdutivo dos Equipamentos,,CHP,"0,2377000","130,38","30,99"
Composição Auxiliar, 5679 ,SINAPI,"RETROESCAVADEIRA SOBRE RODAS COM CARREGADEIRA, TRAÇÃO 4X4, POTÊNCIA LÍQ. 88 HP, CAÇAMBA CARREG. CAP. MÍN. 1 M3, CAÇAMBA RETRO CAP. 0,26 M3, PESO OPERACIONAL MÍN. 6.674 KG, PROFUNDIDADE ESCAVAÇÃO MÁX. 4,37 M - CHI DIURNO. AF_06/2014",Custos Horários Produtivo e Improdutivo dos Equipamentos,,CHI,"0,4845000","59,48","28,81"
Composição Auxiliar, 88309 ,SINAPI,PEDREIRO COM ENCARGOS COMPLEMENTARES,Livro SINAPI: Cálculos e Parâmetros,,H,"0,1010930","29,21","2,95"
Composição Auxiliar, 88316 ,SINAPI,SERVENTE COM ENCARGOS COMPLEMENTARES,Livro SINAPI: Cálculos e Parâmetros,,H,"0,0794352","23,37","1,85"
Composição Auxiliar, 97738 ,SINAPI,"PEÇA CIRCULAR PRÉ-MOLDADA, VOLUME DE CONCRETO DE 10 A 30 LITROS, TAXA DE FIBRA DE POLIPROPILENO APROXIMADA DE 6 KG/M³. AF_03/2024_PS",Estruturas Pré-Fabricadas e Pré-Moldadas,,m³,"0,0221000","3.870,71","85,54"
Composição Auxiliar,97739,SINAPI,"PEÇA CIRCULAR PRÉ-MOLDADA, VOLUME DE CONCRETO DE 30 A 100 LITROS, TAXA DE AÇO APROXIMADA DE 30KG/M³. AF_03/2024",Estruturas Pré-Fabricadas e Pré-Moldadas,,m³,"0,0662000","2.779,30","183,98"
Insumo, 00007258 ,SINAPI,TIJOLO CERAMICO MACICO COMUM DE *5 X 10 X 20* CM (L X A X C),Material,,UN,"31,3274000","0,46","14,41"
Insumo,12544,SINAPI,"ANEL EM CONCRETO ARMADO, LISO, PARA POCOS DE VISITAS, POCOS DE INSPECAO, FOSSAS SEPTICAS E SUMIDOUROS, SEM FUNDO, DIAMETRO INTERNO DE 0,80 M E ALTURA DE 0,50 M",Material,,UN,"1,0000000","151,99","151,99"
Insumo,43442,SINAPI,"ANEL EM CONCRETO ARMADO, LISO, PARA POCOS DE VISITAS, POCOS DE INSPECAO, FOSSAS SEPTICAS E SUMIDOUROS, COM FUNDO, DIAMETRO INTERNO DE 0,80 M E ALTURA DE 0,50 M",Material,,UN,"1,0000000","214,58","214,58"
,,,,,,,,,
,,,,,,,,,
,,,,,,,,,
 12.2.3.3 ,Código,Banco,Descrição,Tipo,,Und,Quant.,Valor Unit,Total
Composição, 98409 ,SINAPI,"ACRÉSCIMO PARA POÇO DE VISITA CIRCULAR PARA ESGOTO, EM CONCRETO PRÉ-MOLDADO, DIÂMETRO INTERNO = 0,8 M. AF_12/2020",Poços de Visita e Caixas para Bocas de Lobo,,M,"1,0000000","359,75","359,75"
Composição Auxiliar, 100475 ,SINAPI,"ARGAMASSA TRAÇO 1:3 (EM VOLUME DE CIMENTO E AREIA MÉDIA ÚMIDA) COM ADIÇÃO DE IMPERMEABILIZANTE, PREPARO MECÂNICO COM BETONEIRA 400 L. AF_08/2019",Argamassas,,m³,"0,0138000","659,06","9,09"
Composição Auxiliar, 5678 ,SINAPI,"RETROESCAVADEIRA SOBRE RODAS COM CARREGADEIRA, TRAÇÃO 4X4, POTÊNCIA LÍQ. 88 HP, CAÇAMBA CARREG. CAP. MÍN. 1 M3, CAÇAMBA RETRO CAP. 0,26 M3, PESO OPERACIONAL MÍN. 6.674 KG, PROFUNDIDADE ESCAVAÇÃO MÁX. 4,37 M - CHP DIURNO. AF_06/2014",Custos Horários Produtivo e Improdutivo dos Equipamentos,,CHP,"0,1309000","130,38","17,06"
Composição Auxiliar, 5679 ,SINAPI,"RETROESCAVADEIRA SOBRE RODAS COM CARREGADEIRA, TRAÇÃO 4X4, POTÊNCIA LÍQ. 88 HP, CAÇAMBA CARREG. CAP. MÍN. 1 M3, CAÇAMBA RETRO CAP. 0,26 M3, PESO OPERACIONAL MÍN. 6.674 KG, PROFUNDIDADE ESCAVAÇÃO MÁX. 4,37 M - CHI DIURNO. AF_06/2014",Custos Horários Produtivo e Improdutivo dos Equipamentos,,CHI,"0,2668000","59,48","15,86"
Composição Auxiliar, 88309 ,SINAPI,PEDREIRO COM ENCARGOS COMPLEMENTARES,Livro SINAPI: Cálculos e Parâmetros,,H,"0,2895355","29,21","8,45"
Composição Auxiliar, 88316 ,SINAPI,SERVENTE COM ENCARGOS COMPLEMENTARES,Livro SINAPI: Cálculos e Parâmetros,,H,"0,2275369","23,37","5,31"
Insumo, 00012544 ,SINAPI,"ANEL EM CONCRETO ARMADO, LISO, PARA POCOS DE VISITAS, POCOS DE INSPECAO, FOSSAS SEPTICAS E SUMIDOUROS, SEM FUNDO, DIAMETRO INTERNO DE 0,80 M E ALTURA DE 0,50 M",Material,,UN,"2,0000000","151,99","303,98"
,,,,,,,,,
,,,,,,,,,
,,,,,,,,,
 12.2.4 ,,,RALOS/CAIXA SIFONADA,,,,,,
 12.2.4.1 ,Código,Banco,Descrição,Tipo,,Und,Quant.,Valor Unit,Total
Composição, 89707 ,SINAPI,"CAIXA SIFONADA, PVC, DN 100 X 100 X 50 MM, JUNTA ELÁSTICA, FORNECIDA E INSTALADA EM RAMAL DE DESCARGA OU EM RAMAL DE ESGOTO SANITÁRIO. AF_08/2022",Instalações Prediais de Esgoto - Caixas e Ralos,,UN,"1,0000000","40,92","40,92"
Composição Auxiliar, 88248 ,SINAPI,AUXILIAR DE ENCANADOR OU BOMBEIRO HIDRÁULICO COM ENCARGOS COMPLEMENTARES,Livro SINAPI: Cálculos e Parâmetros,,H,"0,3169617","24,00","7,60"
Composição Auxiliar, 88267 ,SINAPI,ENCANADOR OU BOMBEIRO HIDRÁULICO COM ENCARGOS COMPLEMENTARES,Livro SINAPI: Cálculos e Parâmetros,,H,"0,3169617","28,49","9,03"
Insumo, 00000122 ,SINAPI,"ADESIVO PLASTICO PARA PVC, FRASCO COM *850* GR",Material,,UN,"0,0292000","49,67","1,45"
Insumo,5103,SINAPI,"CAIXA SIFONADA PVC, 100 X 100 X 50 MM, COM GRELHA REDONDA, BRANCA",Material,,UN,"1,0000000","20,35","20,35"
Insumo, 00020083 ,SINAPI,"SOLUCAO PREPARADORA / LIMPADORA PARA PVC, FRASCO COM 1000 CM3",Material,,UN,"0,0440000","56,28","2,47"
Insumo, 00038383 ,SINAPI,"LIXA D'AGUA EM FOLHA, COR PRETA, GRAO 100",Material,,UN,"0,0154000","1,58","0,02"
,,,,,,,,,
,,,,,,,,,
,,,,,,,,,
 12.2.4.2 ,Código,Banco,Descrição,Tipo,,Und,Quant.,Valor Unit,Total
Composição, 104328 ,SINAPI,"CAIXA SIFONADA, COM GRELHA QUADRADA, PVC, DN 150 X 150 X 50 MM, JUNTA SOLDÁVEL, FORNECIDA E INSTALADA EM RAMAL DE DESCARGA OU EM RAMAL DE ESGOTO SANITÁRIO. AF_08/2022",Instalações Prediais de Esgoto - Caixas e Ralos,,UN,"1,0000000","59,63","59,63"
Composição Auxiliar, 88248 ,SINAPI,AUXILIAR DE ENCANADOR OU BOMBEIRO HIDRÁULICO COM ENCARGOS COMPLEMENTARES,Livro SINAPI: Cálculos e Parâmetros,,H,"0,3357137","24,00","8,05"
Composição Auxiliar, 88267 ,SINAPI,ENCANADOR OU BOMBEIRO HIDRÁULICO COM ENCARGOS COMPLEMENTARES,Livro SINAPI: Cálculos e Parâmetros,,H,"0,3357137","28,49","9,56"
Insumo, 00000122 ,SINAPI,"ADESIVO PLASTICO PARA PVC, FRASCO COM *850* GR",Material,,UN,"0,0292000","49,67","1,45"
Insumo,11712,SINAPI,"CAIXA SIFONADA, PVC, 150 X 150 X 50 MM, COM GRELHA QUADRADA, BRANCA (NBR 5688)",Material,,UN,"1,0000000","38,08","38,08"
Insumo, 00020083 ,SINAPI,"SOLUCAO PREPARADORA / LIMPADORA PARA PVC, FRASCO COM 1000 CM3",Material,,UN,"0,0440000","56,28","2,47"
Insumo, 00038383 ,SINAPI,"LIXA D'AGUA EM FOLHA, COR PRETA, GRAO 100",Material,,UN,"0,0154000","1,58","0,02"
,,,,,,,,,
,,,,,,,,,
,,,,,,,,,
 12.2.4.3 ,Código,Banco,Descrição,Tipo,,Und,Quant.,Valor Unit,Total
Composição, 89710 ,SINAPI,"RALO SECO, PVC, DN 100 X 40 MM, JUNTA SOLDÁVEL, FORNECIDO E INSTALADO EM RAMAL DE DESCARGA OU EM RAMAL DE ESGOTO SANITÁRIO. AF_08/2022",Instalações Prediais de Esgoto - Caixas e Ralos,,UN,"1,0000000","15,62","15,62"
Composição Auxiliar, 88248 ,SINAPI,AUXILIAR DE ENCANADOR OU BOMBEIRO HIDRÁULICO COM ENCARGOS COMPLEMENTARES,Livro SINAPI: Cálculos e Parâmetros,,H,"0,1314692","24,00","3,15"
Composição Auxiliar, 88267 ,SINAPI,ENCANADOR OU BOMBEIRO HIDRÁULICO COM ENCARGOS COMPLEMENTARES,Livro SINAPI: Cálculos e Parâmetros,,H,"0,1314692","28,49","3,74"
Insumo, 00000122 ,SINAPI,"ADESIVO PLASTICO PARA PVC, FRASCO COM *850* GR",Material,,UN,"0,0049000","49,67","0,24"
Insumo,11739,SINAPI,"RALO SECO CONICO, PVC, 100 X 40 MM, COM GRELHA REDONDA BRANCA",Material,,UN,"1,0000000","8,02","8,02"
Insumo, 00020083 ,SINAPI,"SOLUCAO PREPARADORA / LIMPADORA PARA PVC, FRASCO COM 1000 CM3",Material,,UN,"0,0075000","56,28","0,42"
Insumo, 00038383 ,SINAPI,"LIXA D'AGUA EM FOLHA, COR PRETA, GRAO 100",Material,,UN,"0,0360000","1,58","0,05"
,,,,,,,,,
,,,,,,,,,
,,,,,,,,,
 12.2.5 ,,,SERVIÇOS DIVERSOS,,,,,,
 12.2.5.1 ,Código,Banco,Descrição,Tipo,,Und,Quant.,Valor Unit,Total
Composição, 90443 ,SINAPI,"RASGO LINEAR MANUAL EM ALVENARIA, PARA RAMAIS/ DISTRIBUIÇÃO DE INSTALAÇÕES HIDRÁULICAS, DIÂMETROS MENORES OU IGUAIS A 40 MM. AF_09/2023",Rasgos e Fixações,,M,"1,0000000","6,59","6,59"
Composição Auxiliar, 88248 ,SINAPI,AUXILIAR DE ENCANADOR OU BOMBEIRO HIDRÁULICO COM ENCARGOS COMPLEMENTARES,Livro SINAPI: Cálculos e Parâmetros,,H,"0,0526651","24,00","1,26"
Composição Auxiliar, 88267 ,SINAPI,ENCANADOR OU BOMBEIRO HIDRÁULICO COM ENCARGOS COMPLEMENTARES,Livro SINAPI: Cálculos e Parâmetros,,H,"0,1873601","28,49","5,33"
,,,,,,,,,
,,,,,,,,,
,,,,,,,,,
 12.2.5.2 ,Código,Banco,Descrição,Tipo,,Und,Quant.,Valor Unit,Total
Composição, 93358 ,SINAPI,ESCAVAÇÃO MANUAL DE VALA. AF_09/2024,Escavação de Valas,,m³,"1,0000000","73,77","73,77"
Composição Auxiliar, 88316 ,SINAPI,SERVENTE COM ENCARGOS COMPLEMENTARES,Livro SINAPI: Cálculos e Parâmetros,,H,"3,1569648","23,37","73,77"
,,,,,,,,,
,,,,,,,,,
,,,,,,,,,
 12.2.5.3 ,Código,Banco,Descrição,Tipo,,Und,Quant.,Valor Unit,Total
Composição, 93382 ,SINAPI,"REATERRO MANUAL DE VALAS, COM COMPACTADOR DE SOLOS DE PERCUSSÃO. AF_08/2023",Aterro e Reaterro de Valas,,m³,"1,0000000","22,65","22,65"
Composição Auxiliar, 5901 ,SINAPI,"CAMINHÃO PIPA 10.000 L TRUCADO, PESO BRUTO TOTAL 23.000 KG, CARGA ÚTIL MÁXIMA 15.935 KG, DISTÂNCIA ENTRE EIXOS 4,8 M, POTÊNCIA 230 CV, INCLUSIVE TANQUE DE AÇO PARA TRANSPORTE DE ÁGUA - CHP DIURNO. AF_06/2014",Custos Horários Produtivo e Improdutivo dos Equipamentos,,CHP,"0,0054000","278,95","1,50"
Composição Auxiliar, 5903 ,SINAPI,"CAMINHÃO PIPA 10.000 L TRUCADO, PESO BRUTO TOTAL 23.000 KG, CARGA ÚTIL MÁXIMA 15.935 KG, DISTÂNCIA ENTRE EIXOS 4,8 M, POTÊNCIA 230 CV, INCLUSIVE TANQUE DE AÇO PARA TRANSPORTE DE ÁGUA - CHI DIURNO. AF_06/2014",Custos Horários Produtivo e Improdutivo dos Equipamentos,,CHI,"0,0006000","67,91","0,04"
Composição Auxiliar, 88316 ,SINAPI,SERVENTE COM ENCARGOS COMPLEMENTARES,Livro SINAPI: Cálculos e Parâmetros,,H,"0,5709551","23,37","13,34"
Composição Auxiliar, 91533 ,SINAPI,"COMPACTADOR DE SOLOS DE PERCUSSÃO (SOQUETE) COM MOTOR A GASOLINA 4 TEMPOS, POTÊNCIA 4 CV - CHP DIURNO. AF_08/2015",Custos Horários Produtivo e Improdutivo dos Equipamentos,,CHP,"0,1962000","39,63","7,77"
,,,,,,,,,
,,,,,,,,,
,,,,,,,,,
 12.3 ,,,LOUÇAS/METAIS E ACESSÓRIOS,,,,,,
 12.3.1 ,Código,Banco,Descrição,Tipo,,Und,Quant.,Valor Unit,Total
Composição, 86888 ,SINAPI,VASO SANITÁRIO SIFONADO COM CAIXA ACOPLADA LOUÇA BRANCA - FORNECIMENTO E INSTALAÇÃO. AF_01/2020,Louças e Metais,,UN,"1,0000000","419,22","419,22"
Composição Auxiliar, 88267 ,SINAPI,ENCANADOR OU BOMBEIRO HIDRÁULICO COM ENCARGOS COMPLEMENTARES,Livro SINAPI: Cálculos e Parâmetros,,H,"0,5979630","28,49","17,03"
Composição Auxiliar, 88316 ,SINAPI,SERVENTE COM ENCARGOS COMPLEMENTARES,Livro SINAPI: Cálculos e Parâmetros,,H,"0,3364740","23,37","7,86"
Insumo, 00004384 ,SINAPI,"PARAFUSO NIQUELADO COM ACABAMENTO CROMADO PARA FIXAR PECA SANITARIA, INCLUI PORCA CEGA, ARRUELA E BUCHA DE NYLON TAMANHO S-10",Material,,UN,"2,0000000","22,86","45,72"
Insumo, 00006138 ,SINAPI,"ANEL DE VEDACAO, PVC FLEXIVEL, 100 MM, PARA SAIDA DE BACIA / VASO SANITARIO",Material,,UN,"1,0000000","9,79","9,79"
Insumo, 00010422 ,SINAPI,"BACIA SANITARIA (VASO) COM CAIXA ACOPLADA, SIFAO APARENTE, DE LOUCA BRANCA (SEM ASSENTO)",Material,,UN,"1,0000000","328,98","328,98"
Insumo, 00037329 ,SINAPI,"REJUNTE EPOXI, QUALQUER COR",Material,,KG,"0,0881000","111,80","9,84"
,,,,,,,,,
,,,,,,,,,
,,,,,,,,,
 12.3.2 ,Código,Banco,Descrição,Tipo,,Und,Quant.,Valor Unit,Total
Composição, 86885 ,SINAPI,"ENGATE FLEXÍVEL EM PLÁSTICO BRANCO, 1/2"" X 40CM - FORNECIMENTO E INSTALAÇÃO. AF_01/2020",Louças e Metais,,UN,"1,0000000","10,51","10,51"
Composição Auxiliar, 88267 ,SINAPI,ENCANADOR OU BOMBEIRO HIDRÁULICO COM ENCARGOS COMPLEMENTARES,Livro SINAPI: Cálculos e Parâmetros,,H,"0,1217316","28,49","3,46"
Composição Auxiliar, 88316 ,SINAPI,SERVENTE COM ENCARGOS COMPLEMENTARES,Livro SINAPI: Cálculos e Parâmetros,,H,"0,0383954","23,37","0,89"
Insumo, 00003146 ,SINAPI,"FITA VEDA ROSCA, EM PTFE, ROLO DE 18 MM X 10 M (L X C)",Material,,UN,"0,0210000","3,16","0,06"
Insumo, 00011681 ,SINAPI,"ENGATE/RABICHO FLEXIVEL PLASTICO (PVC OU ABS) BRANCO 1/2"" X 40 CM",Material,,UN,"1,0000000","6,10","6,10"
,,,,,,,,,
,,,,,,,,,
,,,,,,,,,
 12.3.3 ,Código,Banco,Descrição,Tipo,,Und,Quant.,Valor Unit,Total
Composição, 100858 ,SINAPI,MICTÓRIO SIFONADO LOUÇA BRANCA - PADRÃO MÉDIO - FORNECIMENTO E INSTALAÇÃO. AF_01/2020,Louças e Metais,,UN,"1,0000000","699,93","699,93"
Composição Auxiliar, 88267 ,SINAPI,ENCANADOR OU BOMBEIRO HIDRÁULICO COM ENCARGOS COMPLEMENTARES,Livro SINAPI: Cálculos e Parâmetros,,H,"0,7586643","28,49","21,61"
Composição Auxiliar, 88316 ,SINAPI,SERVENTE COM ENCARGOS COMPLEMENTARES,Livro SINAPI: Cálculos e Parâmetros,,H,"0,2390280","23,37","5,58"
Insumo, 00003146 ,SINAPI,"FITA VEDA ROSCA, EM PTFE, ROLO DE 18 MM X 10 M (L X C)",Material,,UN,"0,0365000","3,16","0,11"
Insumo, 00004351 ,SINAPI,"PARAFUSO NIQUELADO 3 1/2"" COM ACABAMENTO CROMADO PARA FIXAR PECA SANITARIA, INCLUI PORCA CEGA, ARRUELA E BUCHA DE NYLON TAMANHO S-8",Material,,UN,"2,0000000","16,94","33,88"
Insumo, 00006142 ,SINAPI,"CONJUNTO DE LIGACAO AJUSTAVEL, PARA VASO / BACIA SANITARIA, EM PLASTICO BRANCO, COM TUBO, CANOPLA E ESPUDE",Material,,UN,"1,0000000","6,26","6,26"
Insumo, 00010432 ,SINAPI,"MICTORIO INDIVIDUAL, SIFONADO, DE LOUCA BRANCA, SEM COMPLEMENTOS",Material,,UN,"1,0000000","306,42","306,42"
Insumo, 00021112 ,SINAPI,VALVULA DE DESCARGA EM METAL CROMADO PARA MICTORIO COM ACIONAMENTO POR PRESSAO E FECHAMENTO AUTOMATICO,Material,,UN,"1,0000000","326,07","326,07"
,,,,,,,,,
,,,,,,,,,
,,,,,,,,,
 12.3.4 ,Código,Banco,Descrição,Tipo,,Und,Quant.,Valor Unit,Total
Composição, L0006 ,Próprio,DUCHA P/ WC CROMADO (INSTALADO),INHI - INSTALAÇÕES HIDROS SANITÁRIAS,,UN,"1,0000000","62,04","62,04"
Composição Auxiliar, 88248 ,SINAPI,AUXILIAR DE ENCANADOR OU BOMBEIRO HIDRÁULICO COM ENCARGOS COMPLEMENTARES,Livro SINAPI: Cálculos e Parâmetros,,H,"0,3970818","24,00","9,52"
Composição Auxiliar, 88267 ,SINAPI,ENCANADOR OU BOMBEIRO HIDRÁULICO COM ENCARGOS COMPLEMENTARES,Livro SINAPI: Cálculos e Parâmetros,,H,"0,3970818","28,49","11,31"
Insumo, I1180 ,SEINFRA,FITA DE VEDAÇÃO,Material,,M,"0,2800000","0,29","0,08"
Insumo, I0797 ,SEINFRA,CHUVEIRO-DUCHA CROMADO 1/2'',Material,,UN,"1,0000000","41,13","41,13"
,,,,,,,,,
,,,,,,,,,
,,,,,,,,,
 12.3.5 ,Código,Banco,Descrição,Tipo,,Und,Quant.,Valor Unit,Total
Composição, L0007 ,Próprio,BASE EM PRÉ-MOLDADO DE CONCRETO COM ADITIVO IMPERMEABILIZANTE P/  INSTALAÇÃO DE BACIA SANITÁRIA,INHI - INSTALAÇÕES HIDROS SANITÁRIAS,,UN,"1,0000000","77,41","77,41"
Composição Auxiliar, 88309 ,SINAPI,PEDREIRO COM ENCARGOS COMPLEMENTARES,Livro SINAPI: Cálculos e Parâmetros,,H,"0,3977026","29,21","11,61"
Composição Auxiliar, 88316 ,SINAPI,SERVENTE COM ENCARGOS COMPLEMENTARES,Livro SINAPI: Cálculos e Parâmetros,,H,"1,4317296","23,37","33,45"
Insumo, 00000370 ,SINAPI,"AREIA MEDIA - POSTO JAZIDA/FORNECEDOR (RETIRADO NA JAZIDA, SEM TRANSPORTE)",Material,,m³,"0,0540000","104,00","5,61"
Insumo, 00004720 ,SINAPI,"PEDRA BRITADA N. 0, OU PEDRISCO (4,8 A 9,5 MM) POSTO PEDREIRA/FORNECEDOR, SEM FRETE",Material,,m³,"0,0700000","104,88","7,34"
Insumo, 00001379 ,SINAPI,CIMENTO PORTLAND COMPOSTO CP II-32,Material,,KG,"18,0000000","0,58","10,44"
Insumo, I1249 ,SEINFRA,IMPERMEABILIZANTE,Material,,KG,"1,6000000","5,60","8,96"
,,,,,,,,,
,,,,,,,,,
,,,,,,,,,
 12.3.6 ,Código,Banco,Descrição,Tipo,,Und,Quant.,Valor Unit,Total
Composição, 93441 ,SINAPI,"BANCADA GRANITO CINZA 150 X 60 CM, COM CUBA DE EMBUTIR DE AÇO, VÁLVULA AMERICANA EM METAL, SIFÃO FLEXÍVEL EM PVC, ENGATE FLEXÍVEL 30 CM, TORNEIRA CROMADA LONGA, DE PAREDE, 1/2"" OU 3/4"", P/ COZINHA, PADRÃO POPULAR - FORNEC. E INSTALAÇÃO. AF_01/2020",Louças e Metais,,UN,"1,0000000","879,17","879,17"
Composição Auxiliar, 86884 ,SINAPI,"ENGATE FLEXÍVEL EM PLÁSTICO BRANCO, 1/2"" X 30CM - FORNECIMENTO E INSTALAÇÃO. AF_01/2020",Louças e Metais,,UN,"1,0000000","10,36","10,36"
Composição Auxiliar, 86889 ,SINAPI,"BANCADA DE GRANITO CINZA POLIDO, DE 1,50 X 0,60 M, PARA PIA DE COZINHA - FORNECIMENTO E INSTALAÇÃO. AF_01/2020",Louças e Metais,,UN,"1,0000000","562,14","562,14"
Composição Auxiliar, 86911 ,SINAPI,"TORNEIRA CROMADA LONGA, DE PAREDE, 1/2"" OU 3/4"", PARA PIA DE COZINHA, PADRÃO POPULAR - FORNECIMENTO E INSTALAÇÃO. AF_01/2020",Louças e Metais,,UN,"1,0000000","68,72","68,72"
Composição Auxiliar, 86935 ,SINAPI,"CUBA DE EMBUTIR DE AÇO INOXIDÁVEL MÉDIA, INCLUSO VÁLVULA TIPO AMERICANA EM METAL CROMADO E SIFÃO FLEXÍVEL EM PVC - FORNECIMENTO E INSTALAÇÃO. AF_01/2020",Louças e Metais,,UN,"1,0000000","237,95","237,95"
,,,,,,,,,
,,,,,,,,,
,,,,,,,,,
 12.3.7 ,Código,Banco,Descrição,Tipo,,Und,Quant.,Valor Unit,Total
Composição, L0009 ,Próprio,"BANCADA GRANITO CINZA,  50 X 60 CM, INCLUSIVE CUBA DE EMBUTIR OVAL  LOUÇA BRANCA 35 X 50 CM, VÁLVULA METAL CROMADO, SIFÃO FLEXÍVEL PVC,  ENGATE 30 CM FLEXÍVEL PLÁSTICO E TORNEIRA CROMADA DE MESA PARA  LAVATÓRIO TEMPORIZADA PRESSÃO BICA BAIXA - FORNECIMENTO E  INSTALAÇÃO",INHI - INSTALAÇÕES HIDROS SANITÁRIAS,,UN,"1,0000000","622,69","622,69"
Composição Auxiliar, 88248 ,SINAPI,AUXILIAR DE ENCANADOR OU BOMBEIRO HIDRÁULICO COM ENCARGOS COMPLEMENTARES,Livro SINAPI: Cálculos e Parâmetros,,H,"0,0211954","24,00","0,50"
Composição Auxiliar, 88267 ,SINAPI,ENCANADOR OU BOMBEIRO HIDRÁULICO COM ENCARGOS COMPLEMENTARES,Livro SINAPI: Cálculos e Parâmetros,,H,"0,0211954","28,49","0,60"
Composição Auxiliar, 86884 ,SINAPI,"ENGATE FLEXÍVEL EM PLÁSTICO BRANCO, 1/2"" X 30CM - FORNECIMENTO E INSTALAÇÃO. AF_01/2020",Louças e Metais,,UN,"1,0000000","10,36","10,36"
Composição Auxiliar, 86895 ,SINAPI,"BANCADA DE GRANITO CINZA POLIDO, DE 0,50 X 0,60 M, PARA LAVATÓRIO - FORNECIMENTO E INSTALAÇÃO. AF_01/2020",Louças e Metais,,UN,"1,0000000","289,83","289,83"
Composição Auxiliar, 86937 ,SINAPI,"CUBA DE EMBUTIR OVAL EM LOUÇA BRANCA, 35 X 50CM OU EQUIVALENTE, INCLUSO VÁLVULA EM METAL CROMADO E SIFÃO FLEXÍVEL EM PVC - FORNECIMENTO E INSTALAÇÃO. AF_01/2020",Louças e Metais,,UN,"1,0000000","208,03","208,03"
Insumo, 00036796 ,SINAPI,"TORNEIRA METALICA CROMADA DE MESA, PARA LAVATORIO, TEMPORIZADA PRESSAO FECHAMENTO AUTOMATICO, BICA BAIXA",Material,,UN,"1,0000000","113,37","113,37"
,,,,,,,,,
,,,,,,,,,
,,,,,,,,,
 12.3.8 ,Código,Banco,Descrição,Tipo,,Und,Quant.,Valor Unit,Total
Composição, L0011 ,Próprio,"TANQUE DE LOUÇA BRANCA SUSPENSO, INCLUSIVE TORNEIRA.",INHI - INSTALAÇÕES HIDROS SANITÁRIAS,,UN,"1,0000000","630,15","630,15"
Composição Auxiliar, 88248 ,SINAPI,AUXILIAR DE ENCANADOR OU BOMBEIRO HIDRÁULICO COM ENCARGOS COMPLEMENTARES,Livro SINAPI: Cálculos e Parâmetros,,H,"2,3699403","24,00","56,87"
Composição Auxiliar, 88267 ,SINAPI,ENCANADOR OU BOMBEIRO HIDRÁULICO COM ENCARGOS COMPLEMENTARES,Livro SINAPI: Cálculos e Parâmetros,,H,"2,3699403","28,49","67,51"
Insumo, I0851 ,SEINFRA,CONJUNTO FIXAÇÃO P/TANQUE,Material,,UN,"1,0000000","24,34","24,34"
Insumo, I1180 ,SEINFRA,FITA DE VEDAÇÃO,Material,,M,"0,7500000","0,29","0,21"
Insumo, 00006146 ,SINAPI,"SIFAO PLASTICO TIPO COPO PARA TANQUE, 1.1/4 X 1.1/2""",Material,,UN,"1,0000000","15,38","15,38"
Insumo, 00010423 ,SINAPI,"TANQUE DE LOUCA BRANCA, SUSPENSO, *20* L",Material,,UN,"1,0000000","337,10","337,10"
Insumo, 00037588 ,SINAPI,"VALVULA DE ESCOAMENTO PARA TANQUE, EM METAL CROMADO, 1.1/2 "", SEM LADRAO, COM TAMPAO PLASTICO",Material,,UN,"1,0000000","56,85","56,85"
Insumo, 00013417 ,SINAPI,"TORNEIRA METALICA CROMADA CANO CURTO, SEM BICO, SEM AREJADOR, DE PAREDE, PARA TANQUE E USO GERAL, 1/2"" OU 3/4""",Material,,UN,"1,0000000","71,89","71,89"
,,,,,,,,,
,,,,,,,,,
,,,,,,,,,
 12.3.9 ,Código,Banco,Descrição,Tipo,,Und,Quant.,Valor Unit,Total
Composição, L0012 ,Próprio,"LAVATÓRIO SUSPENSO SEM COLUNA, 465 MM X 340 MM, INCLUSO, VÁLVULA  METAL CROMADO, SIFÃO FLEXÍVEL PVC, ENGATE 30 CM FLEXÍVEL PLÁSTICO E  TORNEIRA CLINICA ALAVANCA MESA BICA ALTA MÓVEL COM AREJADOR -  FORNECIMENTO E INSTALAÇÃO",INHI - INSTALAÇÕES HIDROS SANITÁRIAS,,UN,"1,0000000","301,42","301,42"
Composição Auxiliar, 88267 ,SINAPI,ENCANADOR OU BOMBEIRO HIDRÁULICO COM ENCARGOS COMPLEMENTARES,Livro SINAPI: Cálculos e Parâmetros,,H,"0,2171692","28,49","6,18"
Composição Auxiliar, 88316 ,SINAPI,SERVENTE COM ENCARGOS COMPLEMENTARES,Livro SINAPI: Cálculos e Parâmetros,,H,"0,1060594","23,37","2,47"
Composição Auxiliar, 86884 ,SINAPI,"ENGATE FLEXÍVEL EM PLÁSTICO BRANCO, 1/2"" X 30CM - FORNECIMENTO E INSTALAÇÃO. AF_01/2020",Louças e Metais,,UN,"1,0000000","10,36","10,36"
Composição Auxiliar, 86877 ,SINAPI,"VÁLVULA EM METAL CROMADO 1.1/2"" X 1.1/2"" PARA TANQUE OU LAVATÓRIO, COM OU SEM LADRÃO - FORNECIMENTO E INSTALAÇÃO. AF_01/2020",Louças e Metais,,UN,"1,0000000","63,23","63,23"
Composição Auxiliar, 86883 ,SINAPI,SIFÃO DO TIPO FLEXÍVEL EM PVC 1 X 1.1/2 - FORNECIMENTO E INSTALAÇÃO. AF_01/2020,Louças e Metais,,UN,"1,0000000","11,12","11,12"
Insumo, PP5 ,Próprio,"TORNEIRA CLINICA ALAVANCA MESA BICA ALTA MÓVEL COM AREJADOR,  METAL CROMADO, COM DISTÂNCIA 15 CM ENTRE ENTRADA E SAÍDA",Material,,UN,"1,0000000","58,93","58,93"
Insumo, 00037329 ,SINAPI,"REJUNTE EPOXI, QUALQUER COR",Material,,KG,"0,0300000","111,80","3,35"
Insumo, 00004351 ,SINAPI,"PARAFUSO NIQUELADO 3 1/2"" COM ACABAMENTO CROMADO PARA FIXAR PECA SANITARIA, INCLUI PORCA CEGA, ARRUELA E BUCHA DE NYLON TAMANHO S-8",Material,,UN,"2,0000000","16,94","33,88"
Insumo, 11516 ,ORSE,"Lavatório louça sem coluna, 465 x 340mm, linha guarapari, Logasa ou similar",Material,,un,"1,0000000","111,90","111,90"
,,,,,,,,,
,,,,,,,,,
,,,,,,,,,
 12.3.10 ,Código,Banco,Descrição,Tipo,,Und,Quant.,Valor Unit,Total
Composição, 95547 ,SINAPI,"SABONETEIRA PLASTICA TIPO DISPENSER PARA SABONETE LIQUIDO COM RESERVATORIO 800 A 1500 ML, INCLUSO FIXAÇÃO. AF_01/2020",Louças e Metais,,UN,"1,0000000","43,33","43,33"
Composição Auxiliar, 88267 ,SINAPI,ENCANADOR OU BOMBEIRO HIDRÁULICO COM ENCARGOS COMPLEMENTARES,Livro SINAPI: Cálculos e Parâmetros,,H,"0,2498234","28,49","7,11"
Composição Auxiliar, 88316 ,SINAPI,SERVENTE COM ENCARGOS COMPLEMENTARES,Livro SINAPI: Cálculos e Parâmetros,,H,"0,0786920","23,37","1,83"
Insumo, 00011758 ,SINAPI,SABONETEIRA PLASTICA TIPO DISPENSER PARA SABONETE LIQUIDO COM RESERVATORIO 800 A 1500 ML,Material,,UN,"1,0000000","34,39","34,39"
,,,,,,,,,
,,,,,,,,,
,,,,,,,,,
 12.3.11 ,Código,Banco,Descrição,Tipo,,Und,Quant.,Valor Unit,Total
Composição, L0001 ,Próprio,"PAPELEIRA PLASTICA TIPO DISPENSER PARA PAPEL HIGIENICO ROLAO, INCLUSO  FIXAÇÃO",INHI - INSTALAÇÕES HIDROS SANITÁRIAS,,UN,"1,0000000","44,74","44,74"
Composição Auxiliar, 88316 ,SINAPI,SERVENTE COM ENCARGOS COMPLEMENTARES,Livro SINAPI: Cálculos e Parâmetros,,H,"0,0786814","23,37","1,83"
Composição Auxiliar, 88267 ,SINAPI,ENCANADOR OU BOMBEIRO HIDRÁULICO COM ENCARGOS COMPLEMENTARES,Livro SINAPI: Cálculos e Parâmetros,,H,"0,2496320","28,49","7,11"
Insumo, 00037400 ,SINAPI,PAPELEIRA PLASTICA TIPO DISPENSER PARA PAPEL HIGIENICO ROLAO,Material,,UN,"1,0000000","35,80","35,80"
,,,,,,,,,
,,,,,,,,,
,,,,,,,,,
 12.3.12 ,Código,Banco,Descrição,Tipo,,Und,Quant.,Valor Unit,Total
Composição, L0002 ,Próprio,"TOALHEIRO PLASTICO TIPO DISPENSER PARA PAPEL TOALHA INTERFOLHADO,  INCLUSO FIXAÇÃO",INHI - INSTALAÇÕES HIDROS SANITÁRIAS,,UN,"1,0000000","44,74","44,74"
Composição Auxiliar, 88316 ,SINAPI,SERVENTE COM ENCARGOS COMPLEMENTARES,Livro SINAPI: Cálculos e Parâmetros,,H,"0,0786814","23,37","1,83"
Composição Auxiliar, 88267 ,SINAPI,ENCANADOR OU BOMBEIRO HIDRÁULICO COM ENCARGOS COMPLEMENTARES,Livro SINAPI: Cálculos e Parâmetros,,H,"0,2496320","28,49","7,11"
Insumo, 00037401 ,SINAPI,TOALHEIRO PLASTICO TIPO DISPENSER PARA PAPEL TOALHA INTERFOLHADO,Material,,UN,"1,0000000","35,80","35,80"
,,,,,,,,,
,,,,,,,,,
,,,,,,,,,
 12.3.13 ,Código,Banco,Descrição,Tipo,,Und,Quant.,Valor Unit,Total
Composição, L0004 ,Próprio,CABIDE/GANCHO DE BANHEIRO SIMPLES EM METAL CROMADO -  FORNECIMENTO E INSTALAÇÃO.,INHI - INSTALAÇÕES HIDROS SANITÁRIAS,,M,"1,0000000","29,43","29,43"
Composição Auxiliar, 88309 ,SINAPI,PEDREIRO COM ENCARGOS COMPLEMENTARES,Livro SINAPI: Cálculos e Parâmetros,,H,"0,3986688","29,21","11,64"
Composição Auxiliar, 88316 ,SINAPI,SERVENTE COM ENCARGOS COMPLEMENTARES,Livro SINAPI: Cálculos e Parâmetros,,H,"0,3986688","23,37","9,31"
Insumo, 00037399 ,SINAPI,CABIDE/GANCHO DE BANHEIRO SIMPLES EM METAL CROMADO,Material,,UN,"1,0000000","8,23","8,23"
Insumo, 00011950 ,SINAPI,"BUCHA DE NYLON SEM ABA S6, COM PARAFUSO DE 4,20 X 40 MM EM ACO ZINCADO COM ROSCA SOBERBA, CABECA CHATA E FENDA PHILLIPS",Material,,UN,"1,0000000","0,25","0,25"
,,,,,,,,,
,,,,,,,,,
,,,,,,,,,
 12.3.14 ,Código,Banco,Descrição,Tipo,,Und,Quant.,Valor Unit,Total
Composição, H0053 ,Próprio,"BARRA DE APOIO, RETA, FIXA, EM AÇO INOX, L=40CM, D=1 1/4”, JACKWAL OU SIMILAR",ESQV - ESQUADRIAS/FERRAGENS/VIDROS,,UN,"1,0000000","90,70","90,70"
Composição Auxiliar, 88309 ,SINAPI,PEDREIRO COM ENCARGOS COMPLEMENTARES,Livro SINAPI: Cálculos e Parâmetros,,H,"0,2323372","29,21","6,78"
Insumo, 2062 ,ORSE,"Barra de apoio, reta, fixa, em aço inox, l=40cm, d=1 1/4"" - Jackwal ou similar",Material,,un,"1,0000000","83,92","83,92"
,,,,,,,,,
,,,,,,,,,
,,,,,,,,,
 12.3.15 ,Código,Banco,Descrição,Tipo,,Und,Quant.,Valor Unit,Total
Composição, 100866 ,SINAPI,"BARRA DE APOIO RETA, EM ACO INOX POLIDO, COMPRIMENTO 60CM, FIXADA NA PAREDE - FORNECIMENTO E INSTALAÇÃO. AF_01/2020",Louças e Metais,,UN,"1,0000000","343,52","343,52"
Composição Auxiliar, 88267 ,SINAPI,ENCANADOR OU BOMBEIRO HIDRÁULICO COM ENCARGOS COMPLEMENTARES,Livro SINAPI: Cálculos e Parâmetros,,H,"0,7358237","28,49","20,96"
Composição Auxiliar, 88316 ,SINAPI,SERVENTE COM ENCARGOS COMPLEMENTARES,Livro SINAPI: Cálculos e Parâmetros,,H,"0,2318020","23,37","5,41"
Insumo, 00004351 ,SINAPI,"PARAFUSO NIQUELADO 3 1/2"" COM ACABAMENTO CROMADO PARA FIXAR PECA SANITARIA, INCLUI PORCA CEGA, ARRUELA E BUCHA DE NYLON TAMANHO S-8",Material,,UN,"6,0000000","16,94","101,64"
Insumo, 00036204 ,SINAPI,"BARRA DE APOIO RETA, EM ACO INOX POLIDO, COMPRIMENTO 60CM, DIAMETRO MINIMO 3 CM",Material,,UN,"1,0000000","215,51","215,51"
,,,,,,,,,
,,,,,,,,,
,,,,,,,,,
 12.3.16 ,Código,Banco,Descrição,Tipo,,Und,Quant.,Valor Unit,Total
Composição, 100867 ,SINAPI,"BARRA DE APOIO RETA, EM ACO INOX POLIDO, COMPRIMENTO 70 CM, FIXADA NA PAREDE - FORNECIMENTO E INSTALAÇÃO. AF_01/2020",Louças e Metais,,UN,"1,0000000","367,29","367,29"
Composição Auxiliar, 88267 ,SINAPI,ENCANADOR OU BOMBEIRO HIDRÁULICO COM ENCARGOS COMPLEMENTARES,Livro SINAPI: Cálculos e Parâmetros,,H,"0,7342161","28,49","20,91"
Composição Auxiliar, 88316 ,SINAPI,SERVENTE COM ENCARGOS COMPLEMENTARES,Livro SINAPI: Cálculos e Parâmetros,,H,"0,2312955","23,37","5,40"
Insumo, 00004351 ,SINAPI,"PARAFUSO NIQUELADO 3 1/2"" COM ACABAMENTO CROMADO PARA FIXAR PECA SANITARIA, INCLUI PORCA CEGA, ARRUELA E BUCHA DE NYLON TAMANHO S-8",Material,,UN,"6,0000000","16,94","101,64"
Insumo, 00036205 ,SINAPI,"BARRA DE APOIO RETA, EM ACO INOX POLIDO, COMPRIMENTO 70CM, DIAMETRO MINIMO 3 CM",Material,,UN,"1,0000000","239,34","239,34"
,,,,,,,,,
,,,,,,,,,
,,,,,,,,,
 12.3.17 ,Código,Banco,Descrição,Tipo,,Und,Quant.,Valor Unit,Total
Composição, 100868 ,SINAPI,"BARRA DE APOIO RETA, EM ACO INOX POLIDO, COMPRIMENTO 80 CM, FIXADA NA PAREDE - FORNECIMENTO E INSTALAÇÃO. AF_01/2020",Louças e Metais,,UN,"1,0000000","383,10","383,10"
Composição Auxiliar, 88267 ,SINAPI,ENCANADOR OU BOMBEIRO HIDRÁULICO COM ENCARGOS COMPLEMENTARES,Livro SINAPI: Cálculos e Parâmetros,,H,"0,7328381","28,49","20,87"
Composição Auxiliar, 88316 ,SINAPI,SERVENTE COM ENCARGOS COMPLEMENTARES,Livro SINAPI: Cálculos e Parâmetros,,H,"0,2308613","23,37","5,39"
Insumo, 00004351 ,SINAPI,"PARAFUSO NIQUELADO 3 1/2"" COM ACABAMENTO CROMADO PARA FIXAR PECA SANITARIA, INCLUI PORCA CEGA, ARRUELA E BUCHA DE NYLON TAMANHO S-8",Material,,UN,"6,0000000","16,94","101,64"
Insumo, 00036081 ,SINAPI,"BARRA DE APOIO RETA, EM ACO INOX POLIDO, COMPRIMENTO 80CM, DIAMETRO MINIMO 3 CM",Material,,UN,"1,0000000","255,20","255,20"
,,,,,,,,,
,,,,,,,,,
,,,,,,,,,
 12.3.18 ,Código,Banco,Descrição,Tipo,,Und,Quant.,Valor Unit,Total
Composição, 86914 ,SINAPI,"TORNEIRA CROMADA 1/2"" OU 3/4"" PARA TANQUE, PADRÃO MÉDIO - FORNECIMENTO E INSTALAÇÃO. AF_01/2020",Louças e Metais,,UN,"1,0000000","76,13","76,13"
Composição Auxiliar, 88267 ,SINAPI,ENCANADOR OU BOMBEIRO HIDRÁULICO COM ENCARGOS COMPLEMENTARES,Livro SINAPI: Cálculos e Parâmetros,,H,"0,1166802","28,49","3,32"
Composição Auxiliar, 88316 ,SINAPI,SERVENTE COM ENCARGOS COMPLEMENTARES,Livro SINAPI: Cálculos e Parâmetros,,H,"0,0368021","23,37","0,86"
Insumo, 00003146 ,SINAPI,"FITA VEDA ROSCA, EM PTFE, ROLO DE 18 MM X 10 M (L X C)",Material,,UN,"0,0210000","3,16","0,06"
Insumo, 00013417 ,SINAPI,"TORNEIRA METALICA CROMADA CANO CURTO, SEM BICO, SEM AREJADOR, DE PAREDE, PARA TANQUE E USO GERAL, 1/2"" OU 3/4""",Material,,UN,"1,0000000","71,89","71,89"
,,,,,,,,,
,,,,,,,,,
,,,,,,,,,
 13 ,,,"IMPERMEABILIZAÇÃO, ISOLAÇÃO TÉRMICA E ACÚSTICA",,,,,,
 13.1 ,Código,Banco,Descrição,Tipo,,Und,Quant.,Valor Unit,Total
Composição, 98555 ,SINAPI,"IMPERMEABILIZAÇÃO DE SUPERFÍCIE COM ARGAMASSA POLIMÉRICA / MEMBRANA ACRÍLICA, 3 DEMÃOS. AF_09/2023","Impermeabilização, Proteção Mecânica e Tratamento de Junta",,m²,"1,0000000","29,75","29,75"
Composição Auxiliar, 88243 ,SINAPI,AJUDANTE ESPECIALIZADO COM ENCARGOS COMPLEMENTARES,Livro SINAPI: Cálculos e Parâmetros,,H,"0,1084957","23,57","2,55"
Composição Auxiliar, 88270 ,SINAPI,IMPERMEABILIZADOR COM ENCARGOS COMPLEMENTARES,Livro SINAPI: Cálculos e Parâmetros,,H,"0,4810609","29,21","14,05"
Insumo, 00000135 ,SINAPI,"ARGAMASSA POLIMERICA IMPERMEABILIZANTE SEMIFLEXIVEL, BICOMPONENTE, A BASE DE CIMENTO E ADITIVOS",Material,,KG,"3,4615000","3,80","13,15"
,,,,,,,,,
,,,,,,,,,
,,,,,,,,,
 13.2 ,Código,Banco,Descrição,Tipo,,Und,Quant.,Valor Unit,Total
Composição, M0001 ,Próprio,"IMPERMEABILIZAÇÃO DE SUPERFÍCIE COM MANTA ASFALTICA ELASTOMERICA  EM POLIESTER ALUMINIZADA 4 MM, TIPO III, CLASSE B (NBR 9952)",IMPE - IMPERMEABILIZAÇÕES E PROTEÇÕES DIVERSAS,,m²,"1,0000000","71,96","71,96"
Composição Auxiliar, 88270 ,SINAPI,IMPERMEABILIZADOR COM ENCARGOS COMPLEMENTARES,Livro SINAPI: Cálculos e Parâmetros,,H,"0,7403772","29,21","21,62"
Composição Auxiliar, 88243 ,SINAPI,AJUDANTE ESPECIALIZADO COM ENCARGOS COMPLEMENTARES,Livro SINAPI: Cálculos e Parâmetros,,H,"0,1669104","23,57","3,93"
Insumo, 00004226 ,SINAPI,GAS DE COZINHA - GLP,Material,,KG,"0,2600000","6,58","1,71"
Insumo, I9500 ,SEINFRA,"MANTA ASFÁLTICA COM POLÍMEROS E ELASTÔMEROS, CLASSE B, ESTRUTURADA COM POLIESTER NÃO TECIDO, FACE EXPOSTA EM ALUMÍNIO, TIPO II, E=4MM (NBR 9952:2014)",Material,,m²,"1,1319000","31,82","36,01"
Insumo, 00000511 ,SINAPI,"PRIMER PARA MANTA ASFALTICA A BASE DE ASFALTO MODIFICADO DILUIDO EM SOLVENTE, APLICACAO A FRIO",Material,,L,"0,5872000","14,80","8,69"
,,,,,,,,,
,,,,,,,,,
,,,,,,,,,
 14 ,,,INSTALAÇÕES DE COMBATE A INCÊNDIO,,,,,,
 14.1 ,,,SISTEMA DE COMBATE A INCÊNDIO,,,,,,
 14.1.1 ,,,SISTEMA DE EXTINTORES,,,,,,
 14.1.1.1 ,Código,Banco,Descrição,Tipo,,Und,Quant.,Valor Unit,Total
Composição, 101909 ,SINAPI,"EXTINTOR DE INCÊNDIO PORTÁTIL COM CARGA DE PQS DE 6 KG, CLASSE BC - FORNECIMENTO E INSTALAÇÃO. AF_10/2020_PE",Instalações de Gás e Incêndio em Aço e Ferro Galvanizado,,UN,"1,0000000","258,65","258,65"
Composição Auxiliar, 88248 ,SINAPI,AUXILIAR DE ENCANADOR OU BOMBEIRO HIDRÁULICO COM ENCARGOS COMPLEMENTARES,Livro SINAPI: Cálculos e Parâmetros,,H,"0,3535406","24,00","8,48"
Composição Auxiliar, 88267 ,SINAPI,ENCANADOR OU BOMBEIRO HIDRÁULICO COM ENCARGOS COMPLEMENTARES,Livro SINAPI: Cálculos e Parâmetros,,H,"0,3535406","28,49","10,07"
Insumo, 00004350 ,SINAPI,"BUCHA DE NYLON, DIAMETRO DO FURO 8 MM, COMPRIMENTO 40 MM, COM PARAFUSO DE ROSCA SOBERBA, CABECA CHATA, FENDA SIMPLES, 4,8 X 50 MM",Material,,UN,"2,0000000","0,65","1,30"
Insumo, 00010892 ,SINAPI,"EXTINTOR DE INCENDIO PORTATIL COM CARGA DE PO QUIMICO SECO (PQS) DE 6 KG, CLASSE BC",Material,,UN,"1,0000000","238,80","238,80"
,,,,,,,,,
,,,,,,,,,
,,,,,,,,,
 14.1.2 ,,,SISTEMA DE HIDRANTES - CAIXAS,,,,,,
 14.1.2.1 ,Código,Banco,Descrição,Tipo,,Und,Quant.,Valor Unit,Total
Composição, N0101 ,Próprio,"ABRIGO PARA HIDRANTE, 90X60X30CM, COM REGISTRO GLOBO ANGULAR 45  GRAUS 2 1/2"" E ADAPTADOR ENGATE RÁPIDO EM LATÃO 2 1/2"" X 1 1/2"" -  FORNECIMENTO E INSTALAÇÃO",SEDI - SERVIÇOS DIVERSOS,,UND,"1,0000000","803,64","803,64"
Composição Auxiliar, 88248 ,SINAPI,AUXILIAR DE ENCANADOR OU BOMBEIRO HIDRÁULICO COM ENCARGOS COMPLEMENTARES,Livro SINAPI: Cálculos e Parâmetros,,H,"2,2775775","24,00","54,66"
Composição Auxiliar, 88267 ,SINAPI,ENCANADOR OU BOMBEIRO HIDRÁULICO COM ENCARGOS COMPLEMENTARES,Livro SINAPI: Cálculos e Parâmetros,,H,"2,2775775","28,49","64,88"
Insumo, 00004350 ,SINAPI,"BUCHA DE NYLON, DIAMETRO DO FURO 8 MM, COMPRIMENTO 40 MM, COM PARAFUSO DE ROSCA SOBERBA, CABECA CHATA, FENDA SIMPLES, 4,8 X 50 MM",Material,,UN,"4,0000000","0,65","2,60"
Insumo, 00010900 ,SINAPI,"ADAPTADOR EM LATAO, ENGATE RAPIDO1 1/2"" X ROSCA INTERNA 5 FIOS 2 1/2"", PARA INSTALACAO PREDIAL DE COMBATE A INCENDIO",Material,,UN,"1,0000000","54,86","54,86"
Insumo, 00010904 ,SINAPI,"REGISTRO OU VALVULA GLOBO ANGULAR EM LATAO, PARA HIDRANTES EM INSTALACAO PREDIAL DE INCENDIO, 45 GRAUS, DIAMETRO DE 2 1/2"", COM VOLANTE, CLASSE DE PRESSAO DE ATE 200 PSI",Material,,UN,"1,0000000","160,00","160,00"
Insumo, 00020963 ,SINAPI,"CAIXA DE INCENDIO/ABRIGO PARA MANGUEIRA, DE SOBREPOR/EXTERNA, COM 90 X 60 X 17 CM, EM CHAPA DE ACO, PORTA COM VENTILACAO, VISOR COM A INSCRICAO ""INCENDIO"", SUPORTE/CESTA INTERNA PARA A MANGUEIRA, PINTURA ELETROSTATICA VERMELHA",Material,,UN,"1,0000000","466,64","466,64"
,,,,,,,,,
,,,,,,,,,
,,,,,,,,,
 14.1.2.2 ,Código,Banco,Descrição,Tipo,,Und,Quant.,Valor Unit,Total
Composição, N0102 ,Próprio,"2 MANGUEIRAS DE INCÊNDIO TIPO 2 15M 1 1/2"" E ESGUICHO REGULÁVEL EM  LATÃO 1 1/2"" - FORNECIMENTO E INSTALAÇÃO",SEDI - SERVIÇOS DIVERSOS,,UND,"1,0000000","1.271,61","1.271,61"
Composição Auxiliar, 88248 ,SINAPI,AUXILIAR DE ENCANADOR OU BOMBEIRO HIDRÁULICO COM ENCARGOS COMPLEMENTARES,Livro SINAPI: Cálculos e Parâmetros,,H,"0,0528017","24,00","1,26"
Composição Auxiliar, 88267 ,SINAPI,ENCANADOR OU BOMBEIRO HIDRÁULICO COM ENCARGOS COMPLEMENTARES,Livro SINAPI: Cálculos e Parâmetros,,H,"0,0528017","28,49","1,50"
Insumo, 00020971 ,SINAPI,"CHAVE DUPLA PARA CONEXOES TIPO STORZ, ENGATE RAPIDO 1 1/2"" X 2 1/2"", EM LATAO, PARA INSTALACAO PREDIAL COMBATE A INCENDIO",Material,,UN,"1,0000000","15,23","15,23"
Insumo, 00037527 ,SINAPI,"MANGUEIRA DE INCENDIO, TIPO 2, DE 1 1/2"", COMPRIMENTO = 15 M, TECIDO EM FIO DE POLIESTER E TUBO INTERNO EM BORRACHA SINTETICA, COM UNIOES ENGATE RAPIDO",Material,,UN,"2,0000000","532,86","1.065,72"
Insumo, 00037554 ,SINAPI,"ESGUICHO JATO REGULAVEL, TIPO ELKHART, ENGATE RAPIDO 1 1/2"", PARA COMBATE A INCENDIO",Material,,UN,"1,0000000","187,90","187,90"
,,,,,,,,,
,,,,,,,,,
,,,,,,,,,
 14.1.2.3 ,Código,Banco,Descrição,Tipo,,Und,Quant.,Valor Unit,Total
Composição, N0103 ,Próprio,"HIDRANTE DE RECALQUE COM TAMPA EM FERRO FUNDIDO 40X60CM,  REGISTRO GLOBO 2 1/2"", ADAPTADOR ENGATE RÁPIDO EM LATÃO 2 1/2"" E  TAMPÃO ENGATE RÁPIDO EM LATÃO 2 1/2"" - FORNECIMENTO E INSTALAÇÃO",SEDI - SERVIÇOS DIVERSOS,,UND,"1,0000000","818,05","818,05"
Composição Auxiliar, 88248 ,SINAPI,AUXILIAR DE ENCANADOR OU BOMBEIRO HIDRÁULICO COM ENCARGOS COMPLEMENTARES,Livro SINAPI: Cálculos e Parâmetros,,H,"0,9125066","24,00","21,90"
Composição Auxiliar, 88267 ,SINAPI,ENCANADOR OU BOMBEIRO HIDRÁULICO COM ENCARGOS COMPLEMENTARES,Livro SINAPI: Cálculos e Parâmetros,,H,"0,9125066","28,49","25,99"
Composição Auxiliar, 88309 ,SINAPI,PEDREIRO COM ENCARGOS COMPLEMENTARES,Livro SINAPI: Cálculos e Parâmetros,,H,"2,3804520","29,21","69,53"
Composição Auxiliar, 88316 ,SINAPI,SERVENTE COM ENCARGOS COMPLEMENTARES,Livro SINAPI: Cálculos e Parâmetros,,H,"4,1261168","23,37","96,42"
Insumo, 00000370 ,SINAPI,"AREIA MEDIA - POSTO JAZIDA/FORNECEDOR (RETIRADO NA JAZIDA, SEM TRANSPORTE)",Material,,m³,"0,0800000","104,00","8,32"
Insumo, 00004721 ,SINAPI,"PEDRA BRITADA N. 1 (9,5 A 19 MM) POSTO PEDREIRA/FORNECEDOR, SEM FRETE",Material,,m³,"0,0211700","90,84","1,92"
Insumo, 00001106 ,SINAPI,CAL HIDRATADA CH-I PARA ARGAMASSAS,Material,,KG,"4,9100000","0,98","4,81"
Insumo, 00001379 ,SINAPI,CIMENTO PORTLAND COMPOSTO CP II-32,Material,,KG,"22,3000000","0,58","12,93"
Insumo, 00007258 ,SINAPI,TIJOLO CERAMICO MACICO COMUM DE *5 X 10 X 20* CM (L X A X C),Material,,UN,"90,0000000","0,46","41,40"
Insumo, 00010899 ,SINAPI,"ADAPTADOR EM LATAO, ENGATE RAPIDO 2 1/2"" X ROSCA INTERNA 5 FIOS 2 1/2"", PARA INSTALACAO PREDIAL DE COMBATE A INCENDIO",Material,,UN,"1,0000000","70,09","70,09"
Insumo, 00014112 ,SINAPI,"TAMPAO FOFO SIMPLES COM BASE / REQUADRO, CLASSE A15 CARGA MAX. 1,5 T, 400 X 600 MM (COM INSCRICAO EM RELEVO DO TIPO DE REDE)",Material,,UN,"1,0000000","220,61","220,61"
Insumo, 00010904 ,SINAPI,"REGISTRO OU VALVULA GLOBO ANGULAR EM LATAO, PARA HIDRANTES EM INSTALACAO PREDIAL DE INCENDIO, 45 GRAUS, DIAMETRO DE 2 1/2"", COM VOLANTE, CLASSE DE PRESSAO DE ATE 200 PSI",Material,,UN,"1,0000000","160,00","160,00"
Insumo, 00010905 ,SINAPI,"TAMPAO COM CORRENTE, EM LATAO, ENGATE RAPIDO 2 1/2"", PARA INSTALACAO PREDIAL DE COMBATE A INCENDIO",Material,,UN,"1,0000000","83,81","83,81"
Insumo, 00003148 ,SINAPI,"FITA VEDA ROSCA, EM PTFE, ROLO DE 18 MM X 50 M (L X C)",Material,,UN,"0,0282000","11,65","0,32"
,,,,,,,,,
,,,,,,,,,
,,,,,,,,,
 14.1.3 ,,,SISTEMA DE HIDRANTES - TUBOS E CONEXÕES,,,,,,
 14.1.3.1 ,Código,Banco,Descrição,Tipo,,Und,Quant.,Valor Unit,Total
Composição, 92347 ,SINAPI,"LUVA, EM FERRO GALVANIZADO, DN 65 (2 1/2""), CONEXÃO ROSQUEADA, INSTALADO EM PRUMADAS - FORNECIMENTO E INSTALAÇÃO. AF_10/2020",Instalações de Gás e Incêndio em Aço e Ferro Galvanizado,,UN,"1,0000000","87,00","87,00"
Composição Auxiliar, 88248 ,SINAPI,AUXILIAR DE ENCANADOR OU BOMBEIRO HIDRÁULICO COM ENCARGOS COMPLEMENTARES,Livro SINAPI: Cálculos e Parâmetros,,H,"0,5573499","24,00","13,37"
Composição Auxiliar, 88267 ,SINAPI,ENCANADOR OU BOMBEIRO HIDRÁULICO COM ENCARGOS COMPLEMENTARES,Livro SINAPI: Cálculos e Parâmetros,,H,"0,5573499","28,49","15,87"
Insumo, 00003148 ,SINAPI,"FITA VEDA ROSCA, EM PTFE, ROLO DE 18 MM X 50 M (L X C)",Material,,UN,"0,0300000","11,65","0,34"
Insumo, 00003913 ,SINAPI,"LUVA DE FERRO GALVANIZADO, COM ROSCA BSP, DE 2 1/2""",Material,,UN,"1,0000000","57,22","57,22"
Insumo, 00007307 ,SINAPI,FUNDO ANTICORROSIVO PARA METAIS FERROSOS (ZARCAO),Material,,L,"0,0070000","28,74","0,20"
,,,,,,,,,
,,,,,,,,,
,,,,,,,,,
 14.1.3.2 ,Código,Banco,Descrição,Tipo,,Und,Quant.,Valor Unit,Total
Composição, 92367 ,SINAPI,"TUBO DE AÇO GALVANIZADO COM COSTURA, CLASSE MÉDIA, DN 65 (2 1/2""), CONEXÃO ROSQUEADA, INSTALADO EM REDE DE ALIMENTAÇÃO PARA HIDRANTE - FORNECIMENTO E INSTALAÇÃO. AF_10/2020",Instalações de Gás e Incêndio em Aço e Ferro Galvanizado,,M,"1,0000000","88,04","88,04"
Composição Auxiliar, 88248 ,SINAPI,AUXILIAR DE ENCANADOR OU BOMBEIRO HIDRÁULICO COM ENCARGOS COMPLEMENTARES,Livro SINAPI: Cálculos e Parâmetros,,H,"0,1921289","24,00","4,61"
Composição Auxiliar, 88267 ,SINAPI,ENCANADOR OU BOMBEIRO HIDRÁULICO COM ENCARGOS COMPLEMENTARES,Livro SINAPI: Cálculos e Parâmetros,,H,"0,1921289","28,49","5,47"
Insumo, 00007701 ,SINAPI,"TUBO ACO GALVANIZADO COM COSTURA, CLASSE MEDIA, DN 2.1/2"", E = *3,65* MM, PESO *6,51* KG/M (NBR 5580)",Material,,M,"1,0390000","75,04","77,96"
,,,,,,,,,
,,,,,,,,,
,,,,,,,,,
 14.1.3.3 ,Código,Banco,Descrição,Tipo,,Und,Quant.,Valor Unit,Total
Composição, 92377 ,SINAPI,"NIPLE, EM FERRO GALVANIZADO, DN 65 (2 1/2""), CONEXÃO ROSQUEADA, INSTALADO EM REDE DE ALIMENTAÇÃO PARA HIDRANTE - FORNECIMENTO E INSTALAÇÃO. AF_10/2020",Instalações de Gás e Incêndio em Aço e Ferro Galvanizado,,UN,"1,0000000","79,29","79,29"
Composição Auxiliar, 88248 ,SINAPI,AUXILIAR DE ENCANADOR OU BOMBEIRO HIDRÁULICO COM ENCARGOS COMPLEMENTARES,Livro SINAPI: Cálculos e Parâmetros,,H,"0,5850744","24,00","14,04"
Composição Auxiliar, 88267 ,SINAPI,ENCANADOR OU BOMBEIRO HIDRÁULICO COM ENCARGOS COMPLEMENTARES,Livro SINAPI: Cálculos e Parâmetros,,H,"0,5850744","28,49","16,66"
Insumo, 00003148 ,SINAPI,"FITA VEDA ROSCA, EM PTFE, ROLO DE 18 MM X 50 M (L X C)",Material,,UN,"0,0300000","11,65","0,34"
Insumo, 00004208 ,SINAPI,"NIPLE DE FERRO GALVANIZADO, COM ROSCA BSP, DE 2 1/2""",Material,,UN,"1,0000000","48,05","48,05"
Insumo, 00007307 ,SINAPI,FUNDO ANTICORROSIVO PARA METAIS FERROSOS (ZARCAO),Material,,L,"0,0070000","28,74","0,20"
,,,,,,,,,
,,,,,,,,,
,,,,,,,,,
 14.1.3.4 ,Código,Banco,Descrição,Tipo,,Und,Quant.,Valor Unit,Total
Composição, 92378 ,SINAPI,"LUVA, EM FERRO GALVANIZADO, DN 65 (2 1/2""), CONEXÃO ROSQUEADA, INSTALADO EM REDE DE ALIMENTAÇÃO PARA HIDRANTE - FORNECIMENTO E INSTALAÇÃO. AF_10/2020",Instalações de Gás e Incêndio em Aço e Ferro Galvanizado,,UN,"1,0000000","88,44","88,44"
Composição Auxiliar, 88248 ,SINAPI,AUXILIAR DE ENCANADOR OU BOMBEIRO HIDRÁULICO COM ENCARGOS COMPLEMENTARES,Livro SINAPI: Cálculos e Parâmetros,,H,"0,5847606","24,00","14,03"
Composição Auxiliar, 88267 ,SINAPI,ENCANADOR OU BOMBEIRO HIDRÁULICO COM ENCARGOS COMPLEMENTARES,Livro SINAPI: Cálculos e Parâmetros,,H,"0,5847606","28,49","16,65"
Insumo, 00003148 ,SINAPI,"FITA VEDA ROSCA, EM PTFE, ROLO DE 18 MM X 50 M (L X C)",Material,,UN,"0,0300000","11,65","0,34"
Insumo, 00003913 ,SINAPI,"LUVA DE FERRO GALVANIZADO, COM ROSCA BSP, DE 2 1/2""",Material,,UN,"1,0000000","57,22","57,22"
Insumo, 00007307 ,SINAPI,FUNDO ANTICORROSIVO PARA METAIS FERROSOS (ZARCAO),Material,,L,"0,0070000","28,74","0,20"
,,,,,,,,,
,,,,,,,,,
,,,,,,,,,
 14.1.3.5 ,Código,Banco,Descrição,Tipo,,Und,Quant.,Valor Unit,Total
Composição, 92390 ,SINAPI,"JOELHO 90 GRAUS, EM FERRO GALVANIZADO, DN 65 (2 1/2""), CONEXÃO ROSQUEADA, INSTALADO EM REDE DE ALIMENTAÇÃO PARA HIDRANTE - FORNECIMENTO E INSTALAÇÃO. AF_10/2020",Instalações de Gás e Incêndio em Aço e Ferro Galvanizado,,UN,"1,0000000","127,67","127,67"
Composição Auxiliar, 88248 ,SINAPI,AUXILIAR DE ENCANADOR OU BOMBEIRO HIDRÁULICO COM ENCARGOS COMPLEMENTARES,Livro SINAPI: Cálculos e Parâmetros,,H,"0,8771410","24,00","21,05"
Composição Auxiliar, 88267 ,SINAPI,ENCANADOR OU BOMBEIRO HIDRÁULICO COM ENCARGOS COMPLEMENTARES,Livro SINAPI: Cálculos e Parâmetros,,H,"0,8771410","28,49","24,98"
Insumo, 00003148 ,SINAPI,"FITA VEDA ROSCA, EM PTFE, ROLO DE 18 MM X 50 M (L X C)",Material,,UN,"0,0300000","11,65","0,34"
Insumo, 00003470 ,SINAPI,"COTOVELO 90 GRAUS DE FERRO GALVANIZADO, COM ROSCA BSP, DE 2 1/2""",Material,,UN,"1,0000000","81,10","81,10"
Insumo, 00007307 ,SINAPI,FUNDO ANTICORROSIVO PARA METAIS FERROSOS (ZARCAO),Material,,L,"0,0070000","28,74","0,20"
,,,,,,,,,
,,,,,,,,,
,,,,,,,,,
 14.1.3.6 ,Código,Banco,Descrição,Tipo,,Und,Quant.,Valor Unit,Total
Composição, 92642 ,SINAPI,"TÊ, EM FERRO GALVANIZADO, CONEXÃO ROSQUEADA, DN 65 (2 1/2""), INSTALADO EM REDE DE ALIMENTAÇÃO PARA HIDRANTE - FORNECIMENTO E INSTALAÇÃO. AF_10/2020",Instalações de Gás e Incêndio em Aço e Ferro Galvanizado,,UN,"1,0000000","174,65","174,65"
Composição Auxiliar, 88248 ,SINAPI,AUXILIAR DE ENCANADOR OU BOMBEIRO HIDRÁULICO COM ENCARGOS COMPLEMENTARES,Livro SINAPI: Cálculos e Parâmetros,,H,"1,1683643","24,00","28,04"
Composição Auxiliar, 88267 ,SINAPI,ENCANADOR OU BOMBEIRO HIDRÁULICO COM ENCARGOS COMPLEMENTARES,Livro SINAPI: Cálculos e Parâmetros,,H,"1,1683643","28,49","33,28"
Insumo, 00003148 ,SINAPI,"FITA VEDA ROSCA, EM PTFE, ROLO DE 18 MM X 50 M (L X C)",Material,,UN,"0,0450000","11,65","0,52"
Insumo, 00006299 ,SINAPI,"TE DE FERRO GALVANIZADO, DE 2 1/2""",Material,,UN,"1,0000000","112,50","112,50"
Insumo, 00007307 ,SINAPI,FUNDO ANTICORROSIVO PARA METAIS FERROSOS (ZARCAO),Material,,L,"0,0110000","28,74","0,31"
,,,,,,,,,
,,,,,,,,,
,,,,,,,,,
 14.1.4 ,,,SISTEMA DE HIDRANTES - VÁLVULAS E REGISTROS,,,,,,
 14.1.4.1 ,Código,Banco,Descrição,Tipo,,Und,Quant.,Valor Unit,Total
Composição, 94499 ,SINAPI,"REGISTRO DE GAVETA BRUTO, LATÃO, ROSCÁVEL, 2 1/2"" - FORNECIMENTO E INSTALAÇÃO. AF_08/2021",Válvulas e Registros para Sistemas Prediais,,UN,"1,0000000","240,08","240,08"
Composição Auxiliar, 88248 ,SINAPI,AUXILIAR DE ENCANADOR OU BOMBEIRO HIDRÁULICO COM ENCARGOS COMPLEMENTARES,Livro SINAPI: Cálculos e Parâmetros,,H,"0,3523094","24,00","8,45"
Composição Auxiliar, 88267 ,SINAPI,ENCANADOR OU BOMBEIRO HIDRÁULICO COM ENCARGOS COMPLEMENTARES,Livro SINAPI: Cálculos e Parâmetros,,H,"0,3523094","28,49","10,03"
Insumo, 00003148 ,SINAPI,"FITA VEDA ROSCA, EM PTFE, ROLO DE 18 MM X 50 M (L X C)",Material,,UN,"0,0302000","11,65","0,35"
Insumo, 00006011 ,SINAPI,"REGISTRO GAVETA BRUTO EM LATAO FORJADO, BITOLA 2 1/2""",Material,,UN,"1,0000000","221,25","221,25"
,,,,,,,,,
,,,,,,,,,
,,,,,,,,,
 14.1.4.2 ,Código,Banco,Descrição,Tipo,,Und,Quant.,Valor Unit,Total
Composição, 99624 ,SINAPI,"VÁLVULA DE RETENÇÃO HORIZONTAL, DE BRONZE, ROSCÁVEL, 2 1/2"" - FORNECIMENTO E INSTALAÇÃO. AF_08/2021",Válvulas e Registros para Sistemas Prediais,,UN,"1,0000000","512,65","512,65"
Composição Auxiliar, 88248 ,SINAPI,AUXILIAR DE ENCANADOR OU BOMBEIRO HIDRÁULICO COM ENCARGOS COMPLEMENTARES,Livro SINAPI: Cálculos e Parâmetros,,H,"0,3392878","24,00","8,14"
Composição Auxiliar, 88267 ,SINAPI,ENCANADOR OU BOMBEIRO HIDRÁULICO COM ENCARGOS COMPLEMENTARES,Livro SINAPI: Cálculos e Parâmetros,,H,"0,3392878","28,49","9,66"
Insumo, 00003148 ,SINAPI,"FITA VEDA ROSCA, EM PTFE, ROLO DE 18 MM X 50 M (L X C)",Material,,UN,"0,0302000","11,65","0,35"
Insumo, 00010405 ,SINAPI,"VALVULA DE RETENCAO HORIZONTAL, DE BRONZE (PN-25), 2 1/2"", 400 PSI, TAMPA DE PORCA DE UNIAO, EXTREMIDADES COM ROSCA",Material,,UN,"1,0000000","494,50","494,50"
,,,,,,,,,
,,,,,,,,,
,,,,,,,,,
 14.1.4.3 ,Código,Banco,Descrição,Tipo,,Und,Quant.,Valor Unit,Total
Composição, 103009 ,SINAPI,"VÁLVULA DE RETENÇÃO VERTICAL, DE BRONZE, ROSCÁVEL, 2 1/2"" - FORNECIMENTO E INSTALAÇÃO. AF_08/2021",Válvulas e Registros para Sistemas Prediais,,UN,"1,0000000","325,41","325,41"
Composição Auxiliar, 88248 ,SINAPI,AUXILIAR DE ENCANADOR OU BOMBEIRO HIDRÁULICO COM ENCARGOS COMPLEMENTARES,Livro SINAPI: Cálculos e Parâmetros,,H,"0,3482303","24,00","8,35"
Composição Auxiliar, 88267 ,SINAPI,ENCANADOR OU BOMBEIRO HIDRÁULICO COM ENCARGOS COMPLEMENTARES,Livro SINAPI: Cálculos e Parâmetros,,H,"0,3482303","28,49","9,92"
Insumo, 00003148 ,SINAPI,"FITA VEDA ROSCA, EM PTFE, ROLO DE 18 MM X 50 M (L X C)",Material,,UN,"0,0302000","11,65","0,35"
Insumo, 00012657 ,SINAPI,"VALVULA DE RETENCAO VERTICAL, DE BRONZE (PN-16), 2 1/2"", 200 PSI, EXTREMIDADES COM ROSCA",Material,,UN,"1,0000000","306,79","306,79"
,,,,,,,,,
,,,,,,,,,
,,,,,,,,,
 14.1.4.4 ,Código,Banco,Descrição,Tipo,,Und,Quant.,Valor Unit,Total
Composição, 101917 ,SINAPI,"MANÔMETRO 0 A 200 PSI (0 A 14 KGF/CM2), D = 50MM - FORNECIMENTO E INSTALAÇÃO. AF_10/2020",Instalações de Gás e Incêndio em Aço e Ferro Galvanizado,,UN,"1,0000000","134,44","134,44"
Composição Auxiliar, 88248 ,SINAPI,AUXILIAR DE ENCANADOR OU BOMBEIRO HIDRÁULICO COM ENCARGOS COMPLEMENTARES,Livro SINAPI: Cálculos e Parâmetros,,H,"0,6682275","24,00","16,03"
Composição Auxiliar, 88267 ,SINAPI,ENCANADOR OU BOMBEIRO HIDRÁULICO COM ENCARGOS COMPLEMENTARES,Livro SINAPI: Cálculos e Parâmetros,,H,"0,6682275","28,49","19,03"
Insumo, 00003146 ,SINAPI,"FITA VEDA ROSCA, EM PTFE, ROLO DE 18 MM X 10 M (L X C)",Material,,UN,"0,0120000","3,16","0,03"
Insumo, 00012899 ,SINAPI,"MANOMETRO COM CAIXA EM ACO PINTADO, ESCALA *10* KGF/CM2 (*10* BAR), DIAMETRO NOMINAL DE *63* MM, CONEXAO DE 1/4""",Material,,UN,"1,0000000","99,35","99,35"
,,,,,,,,,
,,,,,,,,,
,,,,,,,,,
 14.1.5 ,,,SISTEMA DE HIDRANTES - BOMBAS,,,,,,
 14.1.5.1 ,Código,Banco,Descrição,Tipo,,Und,Quant.,Valor Unit,Total
Composição, 102118 ,SINAPI,"BOMBA CENTRÍFUGA, TRIFÁSICA, 3 CV OU 2,96 HP, HM 34 A 40 M, Q 8,6 A 14,8 M3/H - FORNECIMENTO E INSTALAÇÃO. AF_12/2020","Bombas Hidráulicas - Centrífugas, Horizontais e Submersíveis",,UN,"1,0000000","2.077,13","2.077,13"
Composição Auxiliar, 88247 ,SINAPI,AUXILIAR DE ELETRICISTA COM ENCARGOS COMPLEMENTARES,Livro SINAPI: Cálculos e Parâmetros,,H,"0,4851227","24,99","12,12"
Composição Auxiliar, 88248 ,SINAPI,AUXILIAR DE ENCANADOR OU BOMBEIRO HIDRÁULICO COM ENCARGOS COMPLEMENTARES,Livro SINAPI: Cálculos e Parâmetros,,H,"1,7453690","24,00","41,88"
Composição Auxiliar, 88264 ,SINAPI,ELETRICISTA COM ENCARGOS COMPLEMENTARES,Livro SINAPI: Cálculos e Parâmetros,,H,"0,4851227","29,57","14,34"
Composição Auxiliar, 88267 ,SINAPI,ENCANADOR OU BOMBEIRO HIDRÁULICO COM ENCARGOS COMPLEMENTARES,Livro SINAPI: Cálculos e Parâmetros,,H,"1,7453690","28,49","49,72"
Insumo, 00000736 ,SINAPI,"BOMBA CENTRIFUGA MOTOR ELETRICO TRIFASICO 2,96HP, DIAMETRO DE SUCCAO X ELEVACAO 1 1/2"" X 1 1/4"", DIAMETRO DO ROTOR 148 MM, HM/Q: 34 M / 14,80 M3/H A 40 M / 8,60 M3/H",Equipamento para Aquisição Permanente,,UN,"1,0000000","1.952,62","1.952,62"
Insumo, 00011267 ,SINAPI,"ARRUELA LISA, REDONDA, DE LATAO POLIDO, DIAMETRO NOMINAL 5/8"", DIAMETRO EXTERNO = 34 MM, DIAMETRO DO FURO = 17 MM, ESPESSURA = *2,5* MM",Material,,UN,"4,0000000","1,14","4,56"
Insumo, 00039996 ,SINAPI,"VERGALHAO ZINCADO ROSCA TOTAL, 1/4"" (6,3 MM)",Material,,M,"0,2000000","3,45","0,69"
Insumo, 00039997 ,SINAPI,"PORCA ZINCADA, SEXTAVADA, DIAMETRO 1/4""",Material,,UN,"4,0000000","0,30","1,20"
,,,,,,,,,
,,,,,,,,,
,,,,,,,,,
 14.1.5.2 ,Código,Banco,Descrição,Tipo,,Und,Quant.,Valor Unit,Total
Composição, N0110 ,Próprio,CHAVE DE FLUXO TIPO PALHETA - FORNECIMENTO E INSTALAÇÃO,INHI - INSTALAÇÕES HIDROS SANITÁRIAS,,UND,"1,0000000","155,83","155,83"
Composição Auxiliar, 88248 ,SINAPI,AUXILIAR DE ENCANADOR OU BOMBEIRO HIDRÁULICO COM ENCARGOS COMPLEMENTARES,Livro SINAPI: Cálculos e Parâmetros,,H,"0,6671294","24,00","16,01"
Composição Auxiliar, 88267 ,SINAPI,ENCANADOR OU BOMBEIRO HIDRÁULICO COM ENCARGOS COMPLEMENTARES,Livro SINAPI: Cálculos e Parâmetros,,H,"0,6671294","28,49","19,00"
Insumo, 00003148 ,SINAPI,"FITA VEDA ROSCA, EM PTFE, ROLO DE 18 MM X 50 M (L X C)",Material,,UN,"0,0024000","11,65","0,02"
Insumo, 8470 ,AGESUL,"CHAVE DE FLUXO 1"" - FLUXOSTATO",Material,,UN,"1,0000000","120,80","120,80"
,,,,,,,,,
,,,,,,,,,
,,,,,,,,,
 14.1.5.3 ,Código,Banco,Descrição,Tipo,,Und,Quant.,Valor Unit,Total
Composição, N0111 ,Próprio,BASE PARA BOMBA EM CONCRETO 40X30X15CM COM BARRAS ROSCADAS  PARA FIXAÇÃO DA BOMBA,SEDI - SERVIÇOS DIVERSOS,,UND,"1,0000000","42,13","42,13"
Composição Auxiliar, 88309 ,SINAPI,PEDREIRO COM ENCARGOS COMPLEMENTARES,Livro SINAPI: Cálculos e Parâmetros,,H,"0,0936155","29,21","2,73"
Composição Auxiliar, 88316 ,SINAPI,SERVENTE COM ENCARGOS COMPLEMENTARES,Livro SINAPI: Cálculos e Parâmetros,,H,"0,2842202","23,37","6,64"
Composição Auxiliar, 88262 ,SINAPI,CARPINTEIRO DE FORMAS COM ENCARGOS COMPLEMENTARES,Livro SINAPI: Cálculos e Parâmetros,,H,"0,2570019","28,79","7,39"
Composição Auxiliar, 88239 ,SINAPI,AJUDANTE DE CARPINTEIRO COM ENCARGOS COMPLEMENTARES,Livro SINAPI: Cálculos e Parâmetros,,H,"0,1056530","24,38","2,57"
Composição Auxiliar, 94975 ,SINAPI,"CONCRETO FCK = 15MPA, TRAÇO 1:3,4:3,5 (EM MASSA SECA DE CIMENTO/ AREIA MÉDIA/ BRITA 1) - PREPARO MANUAL. AF_05/2021",Produção de Concreto,,m³,"0,0248000","444,87","11,03"
Insumo, 00006194 ,SINAPI,"TABUA *2,5 X 15 CM EM PINUS, MISTA OU EQUIVALENTE DA REGIAO - BRUTA",Material,,M,"1,5000000","6,54","9,81"
Insumo, 00040304 ,SINAPI,PREGO DE ACO POLIDO COM CABECA DUPLA 17 X 27 (2 1/2 X 11),Material,,KG,"0,0680000","13,49","0,91"
Insumo, 00002692 ,SINAPI,"DESMOLDANTE PROTETOR PARA FORMAS DE MADEIRA, DE BASE OLEOSA EMULSIONADA EM AGUA",Material,,L,"0,0035000","7,96","0,02"
Insumo, 00039996 ,SINAPI,"VERGALHAO ZINCADO ROSCA TOTAL, 1/4"" (6,3 MM)",Material,,M,"0,3000000","3,45","1,03"
,,,,,,,,,
,,,,,,,,,
,,,,,,,,,
 14.1.6 ,,,SISTEMA DE HIDRANTES - FIXAÇÕES,,,,,,
 14.1.6.1 ,Código,Banco,Descrição,Tipo,,Und,Quant.,Valor Unit,Total
Composição, 90455 ,SINAPI,"PASSANTE TIPO TUBO COM DIÂMETRO DE 100 MM, FIXADO EM LAJE, PARA PASSAGEM DE TUBULAÇÕES COM NO MÁXIMO 75 MM DE DIÂMETRO. AF_09/2023",Rasgos e Fixações,,UN,"1,0000000","6,47","6,47"
Composição Auxiliar, 88248 ,SINAPI,AUXILIAR DE ENCANADOR OU BOMBEIRO HIDRÁULICO COM ENCARGOS COMPLEMENTARES,Livro SINAPI: Cálculos e Parâmetros,,H,"0,0311407","24,00","0,74"
Composição Auxiliar, 88267 ,SINAPI,ENCANADOR OU BOMBEIRO HIDRÁULICO COM ENCARGOS COMPLEMENTARES,Livro SINAPI: Cálculos e Parâmetros,,H,"0,1245626","28,49","3,54"
Insumo, 00009836 ,SINAPI,"TUBO PVC SERIE NORMAL, DN 100 MM, PARA ESGOTO PREDIAL (NBR 5688)",Material,,M,"0,1500000","11,99","1,79"
Insumo, 00040304 ,SINAPI,PREGO DE ACO POLIDO COM CABECA DUPLA 17 X 27 (2 1/2 X 11),Material,,KG,"0,0214000","13,49","0,28"
Insumo, 00043132 ,SINAPI,"ARAME RECOZIDO 16 BWG, D = 1,65 MM (0,016 KG/M) OU 18 BWG, D = 1,25 MM (0,01 KG/M)",Material,,KG,"0,0100000","12,66","0,12"
,,,,,,,,,
,,,,,,,,,
,,,,,,,,,
 14.1.6.2 ,Código,Banco,Descrição,Tipo,,Und,Quant.,Valor Unit,Total
Composição, N0112 ,Próprio,"FIXAÇÃO DE TUBO DE AÇO, DIÂMETRO 2 1/2"", EM LAJE, COM ABRAÇADEIRA  TIPO GOTA E BARRA ROSCADA 3/8""",SEDI - SERVIÇOS DIVERSOS,,UND,"1,0000000","19,73","19,73"
Composição Auxiliar, 88267 ,SINAPI,ENCANADOR OU BOMBEIRO HIDRÁULICO COM ENCARGOS COMPLEMENTARES,Livro SINAPI: Cálculos e Parâmetros,,H,"0,1154992","28,49","3,29"
Composição Auxiliar, 88248 ,SINAPI,AUXILIAR DE ENCANADOR OU BOMBEIRO HIDRÁULICO COM ENCARGOS COMPLEMENTARES,Livro SINAPI: Cálculos e Parâmetros,,H,"0,0262893","24,00","0,63"
Insumo, 00039133 ,SINAPI,"ABRACADEIRA EM ACO PARA AMARRACAO DE ELETRODUTOS, TIPO D, COM 2 1/2"" E CUNHA DE FIXACAO",Material,,UN,"1,0000000","6,86","6,86"
Insumo, 9783 ,ORSE,"Barra roscada zincada ø 3/8""",Material,,m,"1,0000000","6,16","6,16"
Insumo, I0791 ,SEINFRA,CHUMBADOR DE 3/8'',Material,,UN,"1,0000000","1,83","1,83"
Insumo, 00004342 ,SINAPI,"PORCA ZINCADA, SEXTAVADA, DIAMETRO 3/8""",Material,,UN,"3,0000000","0,22","0,66"
Insumo, 11072 ,ORSE,"Arruela lisa de 3/8""",Material,,un,"3,0000000","0,10","0,30"
,,,,,,,,,
,,,,,,,,,
,,,,,,,,,
 14.1.6.3 ,Código,Banco,Descrição,Tipo,,Und,Quant.,Valor Unit,Total
Composição, N0113 ,Próprio,"FIXAÇÃO DE TUBO DE AÇO, DIÂMETRO 2 1/2"", EM LAJE, COM ABRAÇADEIRA  TIPO ""U"" REFORÇADA",SEDI - SERVIÇOS DIVERSOS,,UND,"1,0000000","19,03","19,03"
Composição Auxiliar, 88267 ,SINAPI,ENCANADOR OU BOMBEIRO HIDRÁULICO COM ENCARGOS COMPLEMENTARES,Livro SINAPI: Cálculos e Parâmetros,,H,"0,3598978","28,49","10,25"
Composição Auxiliar, 88248 ,SINAPI,AUXILIAR DE ENCANADOR OU BOMBEIRO HIDRÁULICO COM ENCARGOS COMPLEMENTARES,Livro SINAPI: Cálculos e Parâmetros,,H,"0,0817661","24,00","1,96"
Insumo, 00039143 ,SINAPI,"ABRACADEIRA EM ACO PARA AMARRACAO DE ELETRODUTOS, TIPO U SIMPLES, COM 2 1/2""",Material,,UN,"1,0000000","4,38","4,38"
Insumo, 00011976 ,SINAPI,"CHUMBADOR DE ACO ZINCADO, DIAMETRO 1/4"" COM PARAFUSO 1/4"" X 40 MM",Material,,UN,"2,0000000","1,22","2,44"
,,,,,,,,,
,,,,,,,,,
,,,,,,,,,
 14.1.7 ,,,SISTEMA DE HIDRANTES - ESCAVAÇÃO E REATERRO DE VALAS,,,,,,
 14.1.7.1 ,Código,Banco,Descrição,Tipo,,Und,Quant.,Valor Unit,Total
Composição, 99063 ,SINAPI,LOCAÇÃO DE REDE DE ÁGUA OU ESGOTO. AF_03/2024,Locação de Obras,,M,"1,0000000","7,69","7,69"
Composição Auxiliar, 88239 ,SINAPI,AJUDANTE DE CARPINTEIRO COM ENCARGOS COMPLEMENTARES,Livro SINAPI: Cálculos e Parâmetros,,H,"0,0895895","24,38","2,18"
Composição Auxiliar, 88262 ,SINAPI,CARPINTEIRO DE FORMAS COM ENCARGOS COMPLEMENTARES,Livro SINAPI: Cálculos e Parâmetros,,H,"0,0895895","28,79","2,57"
Composição Auxiliar, 91692 ,SINAPI,"SERRA CIRCULAR DE BANCADA COM MOTOR ELÉTRICO POTÊNCIA DE 5HP, COM COIFA PARA DISCO 10"" - CHP DIURNO. AF_08/2015",Custos Horários Produtivo e Improdutivo dos Equipamentos,,CHP,"0,0005000","33,75","0,01"
Composição Auxiliar, 91693 ,SINAPI,"SERRA CIRCULAR DE BANCADA COM MOTOR ELÉTRICO POTÊNCIA DE 5HP, COM COIFA PARA DISCO 10"" - CHI DIURNO. AF_08/2015",Custos Horários Produtivo e Improdutivo dos Equipamentos,,CHI,"0,0021000","32,69","0,06"
Composição Auxiliar, 97733 ,SINAPI,"PEÇA RETANGULAR PRÉ-MOLDADA, VOLUME DE CONCRETO DE ATÉ 10 LITROS, TAXA DE AÇO APROXIMADA DE 30KG/M³. AF_03/2024",Estruturas Pré-Fabricadas e Pré-Moldadas,,m³,"0,0005000","3.330,02","1,66"
Insumo, 00004417 ,SINAPI,"SARRAFO NAO APARELHADO *2,5 X 7* CM, EM MACARANDUBA/MASSARANDUBA, ANGELIM, PEROBA-ROSA OU EQUIVALENTE DA REGIAO - BRUTA",Material,,M,"0,0413000","6,31","0,26"
Insumo, 00004433 ,SINAPI,"CAIBRO NAO APARELHADO *6 X 6* CM, EM MACARANDUBA/MASSARANDUBA, ANGELIM OU EQUIVALENTE DA REGIAO - BRUTA",Material,,M,"0,0413000","22,68","0,93"
Insumo, 00005068 ,SINAPI,PREGO DE ACO POLIDO COM CABECA 17 X 21 (2 X 11),Material,,KG,"0,0007000","10,93","0,00"
Insumo, 00007356 ,SINAPI,"TINTA LATEX ACRILICA PREMIUM, COR BRANCO FOSCO",Material,,L,"0,0011000","25,13","0,02"
,,,,,,,,,
,,,,,,,,,
,,,,,,,,,
 14.1.7.2 ,Código,Banco,Descrição,Tipo,,Und,Quant.,Valor Unit,Total
Composição, 90105 ,SINAPI,"ESCAVAÇÃO MECANIZADA DE VALA COM PROFUNDIDADE ATÉ 1,5 M (MÉDIA MONTANTE E JUSANTE/UMA COMPOSIÇÃO POR TRECHO), RETROESCAV. (0,26 M3), LARGURA MENOR QUE 0,8 M, EM SOLO DE 1A CATEGORIA, LOCAIS COM BAIXO NÍVEL DE INTERFERÊNCIA. AF_09/2024",Escavação de Valas,,m³,"1,0000000","7,49","7,49"
Composição Auxiliar, 5678 ,SINAPI,"RETROESCAVADEIRA SOBRE RODAS COM CARREGADEIRA, TRAÇÃO 4X4, POTÊNCIA LÍQ. 88 HP, CAÇAMBA CARREG. CAP. MÍN. 1 M3, CAÇAMBA RETRO CAP. 0,26 M3, PESO OPERACIONAL MÍN. 6.674 KG, PROFUNDIDADE ESCAVAÇÃO MÁX. 4,37 M - CHP DIURNO. AF_06/2014",Custos Horários Produtivo e Improdutivo dos Equipamentos,,CHP,"0,0332585","130,38","4,33"
Composição Auxiliar, 5679 ,SINAPI,"RETROESCAVADEIRA SOBRE RODAS COM CARREGADEIRA, TRAÇÃO 4X4, POTÊNCIA LÍQ. 88 HP, CAÇAMBA CARREG. CAP. MÍN. 1 M3, CAÇAMBA RETRO CAP. 0,26 M3, PESO OPERACIONAL MÍN. 6.674 KG, PROFUNDIDADE ESCAVAÇÃO MÁX. 4,37 M - CHI DIURNO. AF_06/2014",Custos Horários Produtivo e Improdutivo dos Equipamentos,,CHI,"0,0375152","59,48","2,23"
Composição Auxiliar, 88316 ,SINAPI,SERVENTE COM ENCARGOS COMPLEMENTARES,Livro SINAPI: Cálculos e Parâmetros,,H,"0,0399162","23,37","0,93"
,,,,,,,,,
,,,,,,,,,
,,,,,,,,,
 14.1.7.3 ,Código,Banco,Descrição,Tipo,,Und,Quant.,Valor Unit,Total
Composição, 93378 ,SINAPI,"REATERRO MECANIZADO DE VALA COM RETROESCAVADEIRA (CAPACIDADE DA CAÇAMBA DA RETRO: 0,26 M³/POTÊNCIA: 88 HP), LARGURA ATÉ 0,8 M, PROFUNDIDADE ATÉ 1,5 M, COM SOLO (SEM SUBSTITUIÇÃO) DE 1ª CATEGORIA, COM COMPACTADOR DE SOLOS DE PERCUSSÃO. AF_08/2023",Aterro e Reaterro de Valas,,m³,"1,0000000","22,65","22,65"
Composição Auxiliar, 5678 ,SINAPI,"RETROESCAVADEIRA SOBRE RODAS COM CARREGADEIRA, TRAÇÃO 4X4, POTÊNCIA LÍQ. 88 HP, CAÇAMBA CARREG. CAP. MÍN. 1 M3, CAÇAMBA RETRO CAP. 0,26 M3, PESO OPERACIONAL MÍN. 6.674 KG, PROFUNDIDADE ESCAVAÇÃO MÁX. 4,37 M - CHP DIURNO. AF_06/2014",Custos Horários Produtivo e Improdutivo dos Equipamentos,,CHP,"0,0538000","130,38","7,01"
Composição Auxiliar, 5679 ,SINAPI,"RETROESCAVADEIRA SOBRE RODAS COM CARREGADEIRA, TRAÇÃO 4X4, POTÊNCIA LÍQ. 88 HP, CAÇAMBA CARREG. CAP. MÍN. 1 M3, CAÇAMBA RETRO CAP. 0,26 M3, PESO OPERACIONAL MÍN. 6.674 KG, PROFUNDIDADE ESCAVAÇÃO MÁX. 4,37 M - CHI DIURNO. AF_06/2014",Custos Horários Produtivo e Improdutivo dos Equipamentos,,CHI,"0,0777000","59,48","4,62"
Composição Auxiliar, 5901 ,SINAPI,"CAMINHÃO PIPA 10.000 L TRUCADO, PESO BRUTO TOTAL 23.000 KG, CARGA ÚTIL MÁXIMA 15.935 KG, DISTÂNCIA ENTRE EIXOS 4,8 M, POTÊNCIA 230 CV, INCLUSIVE TANQUE DE AÇO PARA TRANSPORTE DE ÁGUA - CHP DIURNO. AF_06/2014",Custos Horários Produtivo e Improdutivo dos Equipamentos,,CHP,"0,0054000","278,95","1,50"
Composição Auxiliar, 5903 ,SINAPI,"CAMINHÃO PIPA 10.000 L TRUCADO, PESO BRUTO TOTAL 23.000 KG, CARGA ÚTIL MÁXIMA 15.935 KG, DISTÂNCIA ENTRE EIXOS 4,8 M, POTÊNCIA 230 CV, INCLUSIVE TANQUE DE AÇO PARA TRANSPORTE DE ÁGUA - CHI DIURNO. AF_06/2014",Custos Horários Produtivo e Improdutivo dos Equipamentos,,CHI,"0,0006000","67,91","0,04"
Composição Auxiliar, 88316 ,SINAPI,SERVENTE COM ENCARGOS COMPLEMENTARES,Livro SINAPI: Cálculos e Parâmetros,,H,"0,0734000","23,37","1,71"
Composição Auxiliar, 91533 ,SINAPI,"COMPACTADOR DE SOLOS DE PERCUSSÃO (SOQUETE) COM MOTOR A GASOLINA 4 TEMPOS, POTÊNCIA 4 CV - CHP DIURNO. AF_08/2015",Custos Horários Produtivo e Improdutivo dos Equipamentos,,CHP,"0,1962000","39,63","7,77"
,,,,,,,,,
,,,,,,,,,
,,,,,,,,,
 14.1.8 ,,,SISTEMA DE HIDRANTES - PINTURA,,,,,,
 14.1.8.1 ,Código,Banco,Descrição,Tipo,,Und,Quant.,Valor Unit,Total
Composição, 100717 ,SINAPI,LIXAMENTO MANUAL EM SUPERFÍCIES METÁLICAS EM OBRA. AF_01/2020,Pintura em Superfícies Metálicas,,m²,"1,0000000","7,89","7,89"
Composição Auxiliar, 88310 ,SINAPI,PINTOR COM ENCARGOS COMPLEMENTARES,Livro SINAPI: Cálculos e Parâmetros,,H,"0,2380827","30,89","7,35"
Insumo, 00003768 ,SINAPI,"LIXA EM FOLHA PARA FERRO, NUMERO 150",Material,,UN,"0,3000000","1,81","0,54"
,,,,,,,,,
,,,,,,,,,
,,,,,,,,,
 14.1.8.2 ,Código,Banco,Descrição,Tipo,,Und,Quant.,Valor Unit,Total
Composição, 100718 ,SINAPI,COLOCAÇÃO DE FITA PROTETORA PARA PINTURA. AF_01/2020,Pintura em Superfícies Metálicas,,M,"1,0000000","1,14","1,14"
Composição Auxiliar, 88310 ,SINAPI,PINTOR COM ENCARGOS COMPLEMENTARES,Livro SINAPI: Cálculos e Parâmetros,,H,"0,0329355","30,89","1,01"
Insumo, 00012815 ,SINAPI,FITA CREPE ROLO DE *25* MM X 50 M,Material,,UN,"0,0200000","6,50","0,13"
,,,,,,,,,
,,,,,,,,,
,,,,,,,,,
 14.1.8.3 ,Código,Banco,Descrição,Tipo,,Und,Quant.,Valor Unit,Total
Composição, 100722 ,SINAPI,PINTURA COM TINTA ALQUÍDICA DE FUNDO (TIPO ZARCÃO) APLICADA A ROLO OU PINCEL SOBRE SUPERFÍCIES METÁLICAS (EXCETO PERFIL) EXECUTADO EM OBRA (POR DEMÃO). AF_01/2020,Pintura em Superfícies Metálicas,,m²,"1,0000000","20,09","20,09"
Composição Auxiliar, 88310 ,SINAPI,PINTOR COM ENCARGOS COMPLEMENTARES,Livro SINAPI: Cálculos e Parâmetros,,H,"0,5408699","30,89","16,70"
Insumo, 00005318 ,SINAPI,DILUENTE AGUARRAS,Material,,L,"0,0110000","21,92","0,24"
Insumo, 00007307 ,SINAPI,FUNDO ANTICORROSIVO PARA METAIS FERROSOS (ZARCAO),Material,,L,"0,1098000","28,74","3,15"
,,,,,,,,,
,,,,,,,,,
,,,,,,,,,
 14.1.8.4 ,Código,Banco,Descrição,Tipo,,Und,Quant.,Valor Unit,Total
Composição, 100760 ,SINAPI,PINTURA COM TINTA ALQUÍDICA DE ACABAMENTO (ESMALTE SINTÉTICO BRILHANTE) APLICADA A ROLO OU PINCEL SOBRE SUPERFÍCIES METÁLICAS (EXCETO PERFIL) EXECUTADO EM OBRA (02 DEMÃOS). AF_01/2020,Pintura em Superfícies Metálicas,,m²,"1,0000000","40,75","40,75"
Composição Auxiliar, 88310 ,SINAPI,PINTOR COM ENCARGOS COMPLEMENTARES,Livro SINAPI: Cálculos e Parâmetros,,H,"1,0818397","30,89","33,41"
Insumo, 00005318 ,SINAPI,DILUENTE AGUARRAS,Material,,L,"0,0255000","21,92","0,55"
Insumo, 00007292 ,SINAPI,TINTA ESMALTE SINTETICO PREMIUM BRILHANTE,Material,,L,"0,2549000","26,65","6,79"
,,,,,,,,,
,,,,,,,,,
,,,,,,,,,
 14.1.8.5 ,Código,Banco,Descrição,Tipo,,Und,Quant.,Valor Unit,Total
Composição, N0114 ,Próprio,PINTURA COM TINTA BETUMINOSA APLICADA A ROLO OU PINCEL SOBRE  TUBULAÇÕES METÁLICAS (02 DEMÃOS),PINT - PINTURAS,,m²,"1,0000000","36,33","36,33"
Composição Auxiliar, 88270 ,SINAPI,IMPERMEABILIZADOR COM ENCARGOS COMPLEMENTARES,Livro SINAPI: Cálculos e Parâmetros,,H,"1,0815838","29,21","31,59"
Insumo, 00007313 ,SINAPI,"TINTA ASFALTICA IMPERMEABILIZANTE DILUIDA EM SOLVENTE, PARA MATERIAIS CIMENTICIOS, METAL E MADEIRA",Material,,L,"0,3000000","15,82","4,74"
,,,,,,,,,
,,,,,,,,,
,,,,,,,,,
 14.1.9 ,,,SISTEMA DE SINALIZAÇÃO,,,,,,
 14.1.9.1 ,Código,Banco,Descrição,Tipo,,Und,Quant.,Valor Unit,Total
Composição, N0115 ,Próprio,"PLACA DE SINALIZAÇÃO DE EMERGÊNCIA, FOTOLUMINESCENTE, 12 X 24 CM,  EM PVC 2 MM ANTI-CHAMAS - FORNECIMENTO E INSTALAÇÃO",SEDI - SERVIÇOS DIVERSOS,,UND,"1,0000000","17,29","17,29"
Composição Auxiliar, 88316 ,SINAPI,SERVENTE COM ENCARGOS COMPLEMENTARES,Livro SINAPI: Cálculos e Parâmetros,,H,"0,1580690","23,37","3,69"
Insumo, 00037539 ,SINAPI,"PLACA DE SINALIZACAO DE SEGURANCA CONTRA INCENDIO, FOTOLUMINESCENTE, RETANGULAR, *13 X 26* CM, EM PVC *2* MM ANTI-CHAMAS (SIMBOLOS, CORES E PICTOGRAMAS CONFORME NBR 16820)",Material,,UN,"1,0000000","13,60","13,60"
,,,,,,,,,
,,,,,,,,,
,,,,,,,,,
 14.1.9.2 ,Código,Banco,Descrição,Tipo,,Und,Quant.,Valor Unit,Total
Composição, N0117 ,Próprio,"PLACA DE SINALIZAÇÃO DE EMERGÊNCIA, FOTOLUMINESCENTE, 15 X 15 CM,  EM PVC 2 MM ANTI-CHAMAS - FORNECIMENTO E INSTALAÇÃO",SEDI - SERVIÇOS DIVERSOS,,UND,"1,0000000","11,83","11,83"
Composição Auxiliar, 88316 ,SINAPI,SERVENTE COM ENCARGOS COMPLEMENTARES,Livro SINAPI: Cálculos e Parâmetros,,H,"0,1584214","23,37","3,70"
Insumo, 00037557 ,SINAPI,"PLACA DE SINALIZACAO DE SEGURANCA CONTRA INCENDIO, FOTOLUMINESCENTE, QUADRADA, *14 X 14* CM, EM PVC *2* MM ANTI-CHAMAS (SIMBOLOS, CORES E PICTOGRAMAS CONFORME NBR 16820)",Material,,UN,"1,0000000","8,13","8,13"
,,,,,,,,,
,,,,,,,,,
,,,,,,,,,
 14.2 ,,,SISTEMA DE ALARME DE INCÊNDIO,,,,,,
 14.2.1 ,,,EQUIPAMENTOS,,,,,,
 14.2.1.1 ,Código,Banco,Descrição,Tipo,,Und,Quant.,Valor Unit,Total
Composição, N0011 ,Próprio,"CENTRAL DE ALARME ENDEREÇÁVEL DE INCÊNDIO COM SISTEMA P/ ATÉ 250  DISPOSITIVOS, MARCAL VERIN OU SIMILAR, MODELO VRE-250 C/ BATERIA DE  12V E 7AMPERES",SEDI - SERVIÇOS DIVERSOS,,UND,"1,0000000","5.238,21","5.238,21"
Composição Auxiliar, 88264 ,SINAPI,ELETRICISTA COM ENCARGOS COMPLEMENTARES,Livro SINAPI: Cálculos e Parâmetros,,H,"0,3561682","29,57","10,53"
Insumo, 12660 ,ORSE,"Central de alarme endereçável de incendio com sistema p/ até 250 dispositivos, marcal Verin ou similar, Modelo VRE-250 c/ bateria de 12V e 7Amperes",Material,,un,"1,0000000","5.227,68","5.227,68"
,,,,,,,,,
,,,,,,,,,
,,,,,,,,,
 14.2.1.2 ,Código,Banco,Descrição,Tipo,,Und,Quant.,Valor Unit,Total
Composição, N0049 ,Próprio,"ACIONADOR MANUAL, TIPO ""QUEBRA VIDRO"" - FORNECIMENTO E INSTALAÇÃO",SEDI - SERVIÇOS DIVERSOS,,UND,"1,0000000","77,57","77,57"
Composição Auxiliar, 88264 ,SINAPI,ELETRICISTA COM ENCARGOS COMPLEMENTARES,Livro SINAPI: Cálculos e Parâmetros,,H,"0,2779569","29,57","8,21"
Composição Auxiliar, 88247 ,SINAPI,AUXILIAR DE ELETRICISTA COM ENCARGOS COMPLEMENTARES,Livro SINAPI: Cálculos e Parâmetros,,H,"0,2779569","24,99","6,94"
Composição Auxiliar, 88266 ,SINAPI,ELETROTÉCNICO COM ENCARGOS COMPLEMENTARES,Livro SINAPI: Cálculos e Parâmetros,,H,"0,2779569","40,19","11,17"
Insumo, I0005 ,SEINFRA,"ACIONAD.MANUAL, TIPO QUEBRE O VIDRO, MOD. EUROTRON",Material,,UN,"1,0000000","49,95","49,95"
Insumo, 00004350 ,SINAPI,"BUCHA DE NYLON, DIAMETRO DO FURO 8 MM, COMPRIMENTO 40 MM, COM PARAFUSO DE ROSCA SOBERBA, CABECA CHATA, FENDA SIMPLES, 4,8 X 50 MM",Material,,UN,"2,0000000","0,65","1,30"
,,,,,,,,,
,,,,,,,,,
,,,,,,,,,
 14.2.1.3 ,Código,Banco,Descrição,Tipo,,Und,Quant.,Valor Unit,Total
Composição, N0050 ,Próprio,SIRENE AUDIOVISUAL 120 DB - FORNECIMENTO E INSTALAÇÃO,SEDI - SERVIÇOS DIVERSOS,,UND,"1,0000000","210,07","210,07"
Composição Auxiliar, 88264 ,SINAPI,ELETRICISTA COM ENCARGOS COMPLEMENTARES,Livro SINAPI: Cálculos e Parâmetros,,H,"0,2744807","29,57","8,11"
Composição Auxiliar, 88247 ,SINAPI,AUXILIAR DE ELETRICISTA COM ENCARGOS COMPLEMENTARES,Livro SINAPI: Cálculos e Parâmetros,,H,"0,2744807","24,99","6,85"
Composição Auxiliar, 88266 ,SINAPI,ELETROTÉCNICO COM ENCARGOS COMPLEMENTARES,Livro SINAPI: Cálculos e Parâmetros,,H,"0,2744807","40,19","11,03"
Insumo, I1867 ,SEINFRA,"SINALIZADOR AUDIO-VISUAL, SIRENE BITONAL E STROBO",Material,,UN,"1,0000000","182,78","182,78"
Insumo, 00004350 ,SINAPI,"BUCHA DE NYLON, DIAMETRO DO FURO 8 MM, COMPRIMENTO 40 MM, COM PARAFUSO DE ROSCA SOBERBA, CABECA CHATA, FENDA SIMPLES, 4,8 X 50 MM",Material,,UN,"2,0000000","0,65","1,30"
,,,,,,,,,
,,,,,,,,,
,,,,,,,,,
 14.2.2 ,,,CABOS E CONDULETES,,,,,,
 14.2.2.1 ,Código,Banco,Descrição,Tipo,,Und,Quant.,Valor Unit,Total
Composição, N0051 ,Próprio,"CABO BLINDADO PARA ALARME E DETECÇÃO DE INCÊNDIO 2 X 1,5MM² -  FORNECIMENTO E INSTALAÇÃO",ASTU - ASSENTAMENTO DE TUBOS E PECAS,,M,"1,0000000","9,50","9,50"
Composição Auxiliar, 88264 ,SINAPI,ELETRICISTA COM ENCARGOS COMPLEMENTARES,Livro SINAPI: Cálculos e Parâmetros,,H,"0,0876638","29,57","2,59"
Composição Auxiliar, 88247 ,SINAPI,AUXILIAR DE ELETRICISTA COM ENCARGOS COMPLEMENTARES,Livro SINAPI: Cálculos e Parâmetros,,H,"0,0876638","24,99","2,19"
Insumo, PP14 ,Próprio,"CABO BLINDADO PARA ALARME E DETECÇÃO DE INCÊNDIO 2 X 1,5MM²",Material,,M,"1,0000000","4,72","4,72"
,,,,,,,,,
,,,,,,,,,
,,,,,,,,,
 14.2.2.2 ,Código,Banco,Descrição,Tipo,,Und,Quant.,Valor Unit,Total
Composição, 95781 ,SINAPI,"CONDULETE DE ALUMÍNIO, TIPO C, PARA ELETRODUTO DE AÇO GALVANIZADO DN 25 MM (1''), APARENTE - FORNECIMENTO E INSTALAÇÃO. AF_10/2022","Instalações Elétricas - Eletrodutos, Conexões e Conduletes Aparentes",,UN,"1,0000000","28,71","28,71"
Composição Auxiliar, 88247 ,SINAPI,AUXILIAR DE ELETRICISTA COM ENCARGOS COMPLEMENTARES,Livro SINAPI: Cálculos e Parâmetros,,H,"0,2566478","24,99","6,41"
Composição Auxiliar, 88264 ,SINAPI,ELETRICISTA COM ENCARGOS COMPLEMENTARES,Livro SINAPI: Cálculos e Parâmetros,,H,"0,2566478","29,57","7,58"
Insumo, 00002560 ,SINAPI,"CONDULETE DE ALUMINIO TIPO C, PARA ELETRODUTO ROSCAVEL DE 1"", COM TAMPA CEGA",Material,,UN,"1,0000000","14,22","14,22"
Insumo, 00011950 ,SINAPI,"BUCHA DE NYLON SEM ABA S6, COM PARAFUSO DE 4,20 X 40 MM EM ACO ZINCADO COM ROSCA SOBERBA, CABECA CHATA E FENDA PHILLIPS",Material,,UN,"2,0000000","0,25","0,50"
,,,,,,,,,
,,,,,,,,,
,,,,,,,,,
 14.2.2.3 ,Código,Banco,Descrição,Tipo,,Und,Quant.,Valor Unit,Total
Composição, 95802 ,SINAPI,"CONDULETE DE ALUMÍNIO, TIPO X, PARA ELETRODUTO DE AÇO GALVANIZADO DN 25 MM (1''), APARENTE - FORNECIMENTO E INSTALAÇÃO. AF_10/2022","Instalações Elétricas - Eletrodutos, Conexões e Conduletes Aparentes",,UN,"1,0000000","40,23","40,23"
Composição Auxiliar, 88247 ,SINAPI,AUXILIAR DE ELETRICISTA COM ENCARGOS COMPLEMENTARES,Livro SINAPI: Cálculos e Parâmetros,,H,"0,4185482","24,99","10,45"
Composição Auxiliar, 88264 ,SINAPI,ELETRICISTA COM ENCARGOS COMPLEMENTARES,Livro SINAPI: Cálculos e Parâmetros,,H,"0,4185482","29,57","12,37"
Insumo, 00002581 ,SINAPI,"CONDULETE DE ALUMINIO TIPO X, PARA ELETRODUTO ROSCAVEL DE 1"", COM TAMPA CEGA",Material,,UN,"1,0000000","16,91","16,91"
Insumo, 00011950 ,SINAPI,"BUCHA DE NYLON SEM ABA S6, COM PARAFUSO DE 4,20 X 40 MM EM ACO ZINCADO COM ROSCA SOBERBA, CABECA CHATA E FENDA PHILLIPS",Material,,UN,"2,0000000","0,25","0,50"
,,,,,,,,,
,,,,,,,,,
,,,,,,,,,
 14.2.2.4 ,Código,Banco,Descrição,Tipo,,Und,Quant.,Valor Unit,Total
Composição, 95796 ,SINAPI,"CONDULETE DE ALUMÍNIO, TIPO T, PARA ELETRODUTO DE AÇO GALVANIZADO DN 25 MM (1''), APARENTE - FORNECIMENTO E INSTALAÇÃO. AF_10/2022","Instalações Elétricas - Eletrodutos, Conexões e Conduletes Aparentes",,UN,"1,0000000","38,04","38,04"
Composição Auxiliar, 88247 ,SINAPI,AUXILIAR DE ELETRICISTA COM ENCARGOS COMPLEMENTARES,Livro SINAPI: Cálculos e Parâmetros,,H,"0,3645310","24,99","9,10"
Composição Auxiliar, 88264 ,SINAPI,ELETRICISTA COM ENCARGOS COMPLEMENTARES,Livro SINAPI: Cálculos e Parâmetros,,H,"0,3645310","29,57","10,77"
Insumo, 00002586 ,SINAPI,"CONDULETE DE ALUMINIO TIPO T, PARA ELETRODUTO ROSCAVEL DE 1"", COM TAMPA CEGA",Material,,UN,"1,0000000","17,67","17,67"
Insumo, 00011950 ,SINAPI,"BUCHA DE NYLON SEM ABA S6, COM PARAFUSO DE 4,20 X 40 MM EM ACO ZINCADO COM ROSCA SOBERBA, CABECA CHATA E FENDA PHILLIPS",Material,,UN,"2,0000000","0,25","0,50"
,,,,,,,,,
,,,,,,,,,
,,,,,,,,,
 14.2.3 ,,,ELETRODUTOS E ACESSÓRIOS,,,,,,
 14.2.3.1 ,Código,Banco,Descrição,Tipo,,Und,Quant.,Valor Unit,Total
Composição, J0202 ,Próprio,"ELETRODUTO DE AÇO GALVANIZADO, MÉDIO, DN 25 MM (1'') -  FORNECIMENTO E INSTALAÇÃO",INEL - INSTALAÇÃO ELÉTRICA/ELETRIFICAÇÃO E ILUMINAÇÃO EXTERNA,,M,"1,0000000","17,73","17,73"
Composição Auxiliar, 88247 ,SINAPI,AUXILIAR DE ELETRICISTA COM ENCARGOS COMPLEMENTARES,Livro SINAPI: Cálculos e Parâmetros,,H,"0,0903054","24,99","2,25"
Composição Auxiliar, 88264 ,SINAPI,ELETRICISTA COM ENCARGOS COMPLEMENTARES,Livro SINAPI: Cálculos e Parâmetros,,H,"0,0903054","29,57","2,67"
Insumo, I1064 ,SEINFRA,"ELETRODUTO DE ALUMINIO DE 1""",Material,,M,"1,0000000","12,81","12,81"
,,,,,,,,,
,,,,,,,,,
,,,,,,,,,
 14.2.3.2 ,Código,Banco,Descrição,Tipo,,Und,Quant.,Valor Unit,Total
Composição, J0203 ,Próprio,LUVA PARA ELETRODUTO DE AÇO GALVANIZADO DN 25 MM (1'') -  FORNECIMENTO E INSTALAÇÃO,INEL - INSTALAÇÃO ELÉTRICA/ELETRIFICAÇÃO E ILUMINAÇÃO EXTERNA,,UN,"1,0000000","10,34","10,34"
Composição Auxiliar, 88247 ,SINAPI,AUXILIAR DE ELETRICISTA COM ENCARGOS COMPLEMENTARES,Livro SINAPI: Cálculos e Parâmetros,,H,"0,1597043","24,99","3,99"
Composição Auxiliar, 88264 ,SINAPI,ELETRICISTA COM ENCARGOS COMPLEMENTARES,Livro SINAPI: Cálculos e Parâmetros,,H,"0,1597043","29,57","4,72"
Insumo, 00002638 ,SINAPI,"LUVA PARA ELETRODUTO, EM ACO GALVANIZADO ELETROLITICO, COM ROSCA, DIAMETRO DE 25 MM (1"")",Material,,UN,"1,0000000","1,63","1,63"
,,,,,,,,,
,,,,,,,,,
,,,,,,,,,
 14.2.3.3 ,Código,Banco,Descrição,Tipo,,Und,Quant.,Valor Unit,Total
Composição, J0204 ,Próprio,CURVA PARA ELETRODUTO DE AÇO GALVANIZADO DN 25 MM (1'') -  FORNECIMENTO E INSTALAÇÃO,INEL - INSTALAÇÃO ELÉTRICA/ELETRIFICAÇÃO E ILUMINAÇÃO EXTERNA,,UN,"1,0000000","19,32","19,32"
Composição Auxiliar, 88247 ,SINAPI,AUXILIAR DE ELETRICISTA COM ENCARGOS COMPLEMENTARES,Livro SINAPI: Cálculos e Parâmetros,,H,"0,2614441","24,99","6,53"
Composição Auxiliar, 88264 ,SINAPI,ELETRICISTA COM ENCARGOS COMPLEMENTARES,Livro SINAPI: Cálculos e Parâmetros,,H,"0,2614441","29,57","7,73"
Insumo, 00002617 ,SINAPI,"CURVA 90 GRAUS PARA ELETRODUTO, EM ACO GALVANIZADO ELETROLITICO, COM ROSCA, DIAMETRO DE 25 MM (1""), ESPESSURA DE 1,50 MM",Material,,UN,"1,0000000","5,06","5,06"
,,,,,,,,,
,,,,,,,,,
,,,,,,,,,
 14.2.3.4 ,Código,Banco,Descrição,Tipo,,Und,Quant.,Valor Unit,Total
Composição, 104785 ,SINAPI,"FIXAÇÃO DE ELETRODUTOS, DIÂMETROS MENORES OU IGUAIS A 40 MM, COM ABRAÇADEIRA METÁLICA RÍGIDA TIPO D COM PARAFUSO DE FIXAÇÃO 1 1/4"", FIXADA DIRETAMENTE NA LAJE OU PAREDE. AF_09/2023",Rasgos e Fixações,,M,"1,0000000","12,66","12,66"
Composição Auxiliar, 88247 ,SINAPI,AUXILIAR DE ELETRICISTA COM ENCARGOS COMPLEMENTARES,Livro SINAPI: Cálculos e Parâmetros,,H,"0,0351791","24,99","0,87"
Composição Auxiliar, 88264 ,SINAPI,ELETRICISTA COM ENCARGOS COMPLEMENTARES,Livro SINAPI: Cálculos e Parâmetros,,H,"0,1548836","29,57","4,57"
Insumo, 00000395 ,SINAPI,"ABRACADEIRA EM ACO PARA AMARRACAO DE ELETRODUTOS, TIPO D, COM 1 1/4"" E PARAFUSO DE FIXACAO",Material,,UN,"1,2500000","5,10","6,37"
Insumo, 00004350 ,SINAPI,"BUCHA DE NYLON, DIAMETRO DO FURO 8 MM, COMPRIMENTO 40 MM, COM PARAFUSO DE ROSCA SOBERBA, CABECA CHATA, FENDA SIMPLES, 4,8 X 50 MM",Material,,UN,"1,3125000","0,65","0,85"
,,,,,,,,,
,,,,,,,,,
,,,,,,,,,
 15 ,,,REVESTIMENTOS,,,,,,
 15.1 ,Código,Banco,Descrição,Tipo,,Und,Quant.,Valor Unit,Total
Composição, 87879 ,SINAPI,"CHAPISCO APLICADO EM ALVENARIAS E ESTRUTURAS DE CONCRETO INTERNAS, COM COLHER DE PEDREIRO. ARGAMASSA TRAÇO 1:3 COM PREPARO EM BETONEIRA 400L. AF_10/2022",Chapisco,,m²,"1,0000000","3,68","3,68"
Composição Auxiliar, 87313 ,SINAPI,"ARGAMASSA TRAÇO 1:3 (EM VOLUME DE CIMENTO E AREIA GROSSA ÚMIDA) PARA CHAPISCO CONVENCIONAL, PREPARO MECÂNICO COM BETONEIRA 400 L. AF_08/2019",Argamassas,,m³,"0,0037000","466,91","1,72"
Composição Auxiliar, 88309 ,SINAPI,PEDREIRO COM ENCARGOS COMPLEMENTARES,Livro SINAPI: Cálculos e Parâmetros,,H,"0,0518300","29,21","1,51"
Composição Auxiliar, 88316 ,SINAPI,SERVENTE COM ENCARGOS COMPLEMENTARES,Livro SINAPI: Cálculos e Parâmetros,,H,"0,0194077","23,37","0,45"
,,,,,,,,,
,,,,,,,,,
,,,,,,,,,
 15.2 ,Código,Banco,Descrição,Tipo,,Und,Quant.,Valor Unit,Total
Composição, 87882 ,SINAPI,"CHAPISCO APLICADO NO TETO OU EM ALVENARIA E ESTRUTURA, COM ROLO PARA TEXTURA ACRÍLICA. ARGAMASSA TRAÇO 1:4 E EMULSÃO POLIMÉRICA (ADESIVO) COM PREPARO EM BETONEIRA 400L. AF_10/2022",Chapisco,,m²,"1,0000000","4,94","4,94"
Composição Auxiliar, 87325 ,SINAPI,"ARGAMASSA TRAÇO 1:4 (EM VOLUME DE CIMENTO E AREIA GROSSA ÚMIDA) COM ADIÇÃO DE EMULSÃO POLIMÉRICA PARA CHAPISCO ROLADO, PREPARO MECÂNICO COM BETONEIRA 400 L. AF_08/2019",Argamassas,,m³,"0,0015000","2.545,23","3,81"
Composição Auxiliar, 88309 ,SINAPI,PEDREIRO COM ENCARGOS COMPLEMENTARES,Livro SINAPI: Cálculos e Parâmetros,,H,"0,0300105","29,21","0,87"
Composição Auxiliar, 88316 ,SINAPI,SERVENTE COM ENCARGOS COMPLEMENTARES,Livro SINAPI: Cálculos e Parâmetros,,H,"0,0112635","23,37","0,26"
,,,,,,,,,
,,,,,,,,,
,,,,,,,,,
 15.3 ,Código,Banco,Descrição,Tipo,,Und,Quant.,Valor Unit,Total
Composição, 87894 ,SINAPI,"CHAPISCO APLICADO EM ALVENARIA (SEM PRESENÇA DE VÃOS) E ESTRUTURAS DE CONCRETO DE FACHADA, COM COLHER DE PEDREIRO. ARGAMASSA TRAÇO 1:3 COM PREPARO EM BETONEIRA 400L. AF_10/2022",Chapisco,,m²,"1,0000000","5,74","5,74"
Composição Auxiliar, 87313 ,SINAPI,"ARGAMASSA TRAÇO 1:3 (EM VOLUME DE CIMENTO E AREIA GROSSA ÚMIDA) PARA CHAPISCO CONVENCIONAL, PREPARO MECÂNICO COM BETONEIRA 400 L. AF_08/2019",Argamassas,,m³,"0,0037000","466,91","1,72"
Composição Auxiliar, 88309 ,SINAPI,PEDREIRO COM ENCARGOS COMPLEMENTARES,Livro SINAPI: Cálculos e Parâmetros,,H,"0,1089128","29,21","3,18"
Composição Auxiliar, 88316 ,SINAPI,SERVENTE COM ENCARGOS COMPLEMENTARES,Livro SINAPI: Cálculos e Parâmetros,,H,"0,0363303","23,37","0,84"
,,,,,,,,,
,,,,,,,,,
,,,,,,,,,
 15.4 ,Código,Banco,Descrição,Tipo,,Und,Quant.,Valor Unit,Total
Composição, 87905 ,SINAPI,"CHAPISCO APLICADO EM ALVENARIA (COM PRESENÇA DE VÃOS) E ESTRUTURAS DE CONCRETO DE FACHADA, COM COLHER DE PEDREIRO. ARGAMASSA TRAÇO 1:3 COM PREPARO EM BETONEIRA 400L. AF_10/2022",Chapisco,,m²,"1,0000000","6,71","6,71"
Composição Auxiliar, 87313 ,SINAPI,"ARGAMASSA TRAÇO 1:3 (EM VOLUME DE CIMENTO E AREIA GROSSA ÚMIDA) PARA CHAPISCO CONVENCIONAL, PREPARO MECÂNICO COM BETONEIRA 400 L. AF_08/2019",Argamassas,,m³,"0,0037000","466,91","1,72"
Composição Auxiliar, 88309 ,SINAPI,PEDREIRO COM ENCARGOS COMPLEMENTARES,Livro SINAPI: Cálculos e Parâmetros,,H,"0,1350131","29,21","3,94"
Composição Auxiliar, 88316 ,SINAPI,SERVENTE COM ENCARGOS COMPLEMENTARES,Livro SINAPI: Cálculos e Parâmetros,,H,"0,0450305","23,37","1,05"
,,,,,,,,,
,,,,,,,,,
,,,,,,,,,
 15.5 ,Código,Banco,Descrição,Tipo,,Und,Quant.,Valor Unit,Total
Composição, 90406 ,SINAPI,"MASSA ÚNICA, EM ARGAMASSA TRAÇO 1:2:8, PREPARO MECÂNICO, APLICADA MANUALMENTE EM TETO, E = 17,5MM, COM TALISCAS. AF_03/2024",Massa Única Interna,,m²,"1,0000000","36,43","36,43"
Composição Auxiliar, 87292 ,SINAPI,"ARGAMASSA TRAÇO 1:2:8 (EM VOLUME DE CIMENTO, CAL E AREIA MÉDIA ÚMIDA) PARA EMBOÇO/MASSA ÚNICA/ASSENTAMENTO DE ALVENARIA DE VEDAÇÃO, PREPARO MECÂNICO COM BETONEIRA 400 L. AF_08/2019",Argamassas,,m³,"0,0304000","529,30","16,09"
Composição Auxiliar, 88309 ,SINAPI,PEDREIRO COM ENCARGOS COMPLEMENTARES,Livro SINAPI: Cálculos e Parâmetros,,H,"0,4976747","29,21","14,53"
Composição Auxiliar, 88316 ,SINAPI,SERVENTE COM ENCARGOS COMPLEMENTARES,Livro SINAPI: Cálculos e Parâmetros,,H,"0,2487989","23,37","5,81"
,,,,,,,,,
,,,,,,,,,
,,,,,,,,,
 15.6 ,Código,Banco,Descrição,Tipo,,Und,Quant.,Valor Unit,Total
Composição, 104951 ,SINAPI,"MASSA ÚNICA, EM ARGAMASSA TRAÇO 1:2:8, PREPARO MECÂNICO, APLICADA MANUALMENTE EM PAREDES INTERNAS DE AMBIENTES COM ÁREA MAIOR QUE 10M², E = 17,5MM, COM TALISCAS. AF_03/2024",Massa Única Interna,,m²,"1,0000000","28,04","28,04"
Composição Auxiliar, 87292 ,SINAPI,"ARGAMASSA TRAÇO 1:2:8 (EM VOLUME DE CIMENTO, CAL E AREIA MÉDIA ÚMIDA) PARA EMBOÇO/MASSA ÚNICA/ASSENTAMENTO DE ALVENARIA DE VEDAÇÃO, PREPARO MECÂNICO COM BETONEIRA 400 L. AF_08/2019",Argamassas,,m³,"0,0304000","529,30","16,09"
Composição Auxiliar, 88309 ,SINAPI,PEDREIRO COM ENCARGOS COMPLEMENTARES,Livro SINAPI: Cálculos e Parâmetros,,H,"0,2925332","29,21","8,54"
Composição Auxiliar, 88316 ,SINAPI,SERVENTE COM ENCARGOS COMPLEMENTARES,Livro SINAPI: Cálculos e Parâmetros,,H,"0,1462666","23,37","3,41"
,,,,,,,,,
,,,,,,,,,
,,,,,,,,,
 15.7 ,Código,Banco,Descrição,Tipo,,Und,Quant.,Valor Unit,Total
Composição, 87545 ,SINAPI,"EMBOÇO, EM ARGAMASSA TRAÇO 1:2:8, PREPARO MECÂNICO, APLICADO MANUALMENTE EM PAREDES INTERNAS, PARA AMBIENTES COM ÁREA MENOR QUE 5M², E = 10MM, COM TALISCAS. AF_03/2024",Massa Única Interna,,m²,"1,0000000","24,71","24,71"
Composição Auxiliar, 87292 ,SINAPI,"ARGAMASSA TRAÇO 1:2:8 (EM VOLUME DE CIMENTO, CAL E AREIA MÉDIA ÚMIDA) PARA EMBOÇO/MASSA ÚNICA/ASSENTAMENTO DE ALVENARIA DE VEDAÇÃO, PREPARO MECÂNICO COM BETONEIRA 400 L. AF_08/2019",Argamassas,,m³,"0,0194000","529,30","10,26"
Composição Auxiliar, 88309 ,SINAPI,PEDREIRO COM ENCARGOS COMPLEMENTARES,Livro SINAPI: Cálculos e Parâmetros,,H,"0,3534893","29,21","10,32"
Composição Auxiliar, 88316 ,SINAPI,SERVENTE COM ENCARGOS COMPLEMENTARES,Livro SINAPI: Cálculos e Parâmetros,,H,"0,1767446","23,37","4,13"
,,,,,,,,,
,,,,,,,,,
,,,,,,,,,
 15.8 ,Código,Banco,Descrição,Tipo,,Und,Quant.,Valor Unit,Total
Composição, 87549 ,SINAPI,"EMBOÇO, EM ARGAMASSA TRAÇO 1:2:8, PREPARO MECÂNICO, APLICADO MANUALMENTE EM PAREDES INTERNAS DE AMBIENTES COM ÁREA ENTRE 5M² E 10M², E = 10MM, COM TALISCAS. AF_03/2024",Massa Única Interna,,m²,"1,0000000","21,08","21,08"
Composição Auxiliar, 87292 ,SINAPI,"ARGAMASSA TRAÇO 1:2:8 (EM VOLUME DE CIMENTO, CAL E AREIA MÉDIA ÚMIDA) PARA EMBOÇO/MASSA ÚNICA/ASSENTAMENTO DE ALVENARIA DE VEDAÇÃO, PREPARO MECÂNICO COM BETONEIRA 400 L. AF_08/2019",Argamassas,,m³,"0,0194000","529,30","10,26"
Composição Auxiliar, 88309 ,SINAPI,PEDREIRO COM ENCARGOS COMPLEMENTARES,Livro SINAPI: Cálculos e Parâmetros,,H,"0,2648426","29,21","7,73"
Composição Auxiliar, 88316 ,SINAPI,SERVENTE COM ENCARGOS COMPLEMENTARES,Livro SINAPI: Cálculos e Parâmetros,,H,"0,1324214","23,37","3,09"
,,,,,,,,,
,,,,,,,,,
,,,,,,,,,
 15.9 ,Código,Banco,Descrição,Tipo,,Und,Quant.,Valor Unit,Total
Composição, 87553 ,SINAPI,"EMBOÇO, EM ARGAMASSA TRAÇO 1:2:8, PREPARO MECÂNICO, APLICADO MANUALMENTE EM PAREDES INTERNAS DE AMBIENTES COM ÁREA MAIOR QUE 10M², E = 10MM, COM TALISCAS. AF_03/2024",Massa Única Interna,,m²,"1,0000000","18,91","18,91"
Composição Auxiliar, 87292 ,SINAPI,"ARGAMASSA TRAÇO 1:2:8 (EM VOLUME DE CIMENTO, CAL E AREIA MÉDIA ÚMIDA) PARA EMBOÇO/MASSA ÚNICA/ASSENTAMENTO DE ALVENARIA DE VEDAÇÃO, PREPARO MECÂNICO COM BETONEIRA 400 L. AF_08/2019",Argamassas,,m³,"0,0194000","529,30","10,26"
Composição Auxiliar, 88309 ,SINAPI,PEDREIRO COM ENCARGOS COMPLEMENTARES,Livro SINAPI: Cálculos e Parâmetros,,H,"0,2118261","29,21","6,18"
Composição Auxiliar, 88316 ,SINAPI,SERVENTE COM ENCARGOS COMPLEMENTARES,Livro SINAPI: Cálculos e Parâmetros,,H,"0,1058752","23,37","2,47"
,,,,,,,,,
,,,,,,,,,
,,,,,,,,,
 15.10 ,Código,Banco,Descrição,Tipo,,Und,Quant.,Valor Unit,Total
Composição, 87775 ,SINAPI,"EMBOÇO OU MASSA ÚNICA EM ARGAMASSA TRAÇO 1:2:8, PREPARO MECÂNICO COM BETONEIRA 400 L, APLICADA MANUALMENTE EM PANOS DE FACHADA COM PRESENÇA DE VÃOS, ESPESSURA DE 25 MM. AF_08/2022",Massa Única Externa,,m²,"1,0000000","45,97","45,97"
Composição Auxiliar, 87292 ,SINAPI,"ARGAMASSA TRAÇO 1:2:8 (EM VOLUME DE CIMENTO, CAL E AREIA MÉDIA ÚMIDA) PARA EMBOÇO/MASSA ÚNICA/ASSENTAMENTO DE ALVENARIA DE VEDAÇÃO, PREPARO MECÂNICO COM BETONEIRA 400 L. AF_08/2019",Argamassas,,m³,"0,0314000","529,30","16,62"
Composição Auxiliar, 88309 ,SINAPI,PEDREIRO COM ENCARGOS COMPLEMENTARES,Livro SINAPI: Cálculos e Parâmetros,,H,"0,5264550","29,21","15,37"
Composição Auxiliar, 88316 ,SINAPI,SERVENTE COM ENCARGOS COMPLEMENTARES,Livro SINAPI: Cálculos e Parâmetros,,H,"0,5264550","23,37","12,30"
Insumo, 00037411 ,SINAPI,"TELA DE ACO SOLDADA GALVANIZADA/ZINCADA PARA ALVENARIA, FIO D = *1,24 MM, MALHA 25 X 25 MM",Material,,m²,"0,1388000","12,17","1,68"
,,,,,,,,,
,,,,,,,,,
,,,,,,,,,
 15.11 ,Código,Banco,Descrição,Tipo,,Und,Quant.,Valor Unit,Total
Composição, 87792 ,SINAPI,"EMBOÇO OU MASSA ÚNICA EM ARGAMASSA TRAÇO 1:2:8, PREPARO MECÂNICO COM BETONEIRA 400 L, APLICADA MANUALMENTE EM PANOS CEGOS DE FACHADA (SEM PRESENÇA DE VÃOS), ESPESSURA DE 25 MM. AF_08/2022",Massa Única Externa,,m²,"1,0000000","33,82","33,82"
Composição Auxiliar, 87292 ,SINAPI,"ARGAMASSA TRAÇO 1:2:8 (EM VOLUME DE CIMENTO, CAL E AREIA MÉDIA ÚMIDA) PARA EMBOÇO/MASSA ÚNICA/ASSENTAMENTO DE ALVENARIA DE VEDAÇÃO, PREPARO MECÂNICO COM BETONEIRA 400 L. AF_08/2019",Argamassas,,m³,"0,0293000","529,30","15,50"
Composição Auxiliar, 88309 ,SINAPI,PEDREIRO COM ENCARGOS COMPLEMENTARES,Livro SINAPI: Cálculos e Parâmetros,,H,"0,3122106","29,21","9,11"
Composição Auxiliar, 88316 ,SINAPI,SERVENTE COM ENCARGOS COMPLEMENTARES,Livro SINAPI: Cálculos e Parâmetros,,H,"0,3122106","23,37","7,29"
Insumo, 00037411 ,SINAPI,"TELA DE ACO SOLDADA GALVANIZADA/ZINCADA PARA ALVENARIA, FIO D = *1,24 MM, MALHA 25 X 25 MM",Material,,m²,"0,1581000","12,17","1,92"
,,,,,,,,,
,,,,,,,,,
,,,,,,,,,
 15.12 ,Código,Banco,Descrição,Tipo,,Und,Quant.,Valor Unit,Total
Composição, L0003 ,Próprio,CANTONEIRA DE ALUMÍNIO P/ AZULEJOS (INSTALADA),INHI - INSTALAÇÕES HIDROS SANITÁRIAS,,M,"1,0000000","25,21","25,21"
Composição Auxiliar, 88256 ,SINAPI,AZULEJISTA OU LADRILHISTA COM ENCARGOS COMPLEMENTARES,Livro SINAPI: Cálculos e Parâmetros,,H,"0,4784805","29,08","13,91"
Composição Auxiliar, 88316 ,SINAPI,SERVENTE COM ENCARGOS COMPLEMENTARES,Livro SINAPI: Cálculos e Parâmetros,,H,"0,3189870","23,37","7,45"
Insumo, I0463 ,SEINFRA,CANTONEIRA DE ALUMINIO PARA AZULEJO,Material,,M,"1,0000000","3,85","3,85"
,,,,,,,,,
,,,,,,,,,
,,,,,,,,,
 15.13 ,Código,Banco,Descrição,Tipo,,Und,Quant.,Valor Unit,Total
Composição, 87273 ,SINAPI,REVESTIMENTO CERÂMICO PARA PAREDES INTERNAS COM PLACAS TIPO ESMALTADA DE DIMENSÕES 33X45 CM APLICADAS NA ALTURA INTEIRA DAS PAREDES. AF_02/2023_PE,Revestimentos Cerâmicos Internos,,m²,"1,0000000","59,74","59,74"
Composição Auxiliar, 88256 ,SINAPI,AZULEJISTA OU LADRILHISTA COM ENCARGOS COMPLEMENTARES,Livro SINAPI: Cálculos e Parâmetros,,H,"0,5549660","29,08","16,13"
Composição Auxiliar, 88316 ,SINAPI,SERVENTE COM ENCARGOS COMPLEMENTARES,Livro SINAPI: Cálculos e Parâmetros,,H,"0,2498542","23,37","5,83"
Insumo, 00000536 ,SINAPI,"REVESTIMENTO PARA PAREDE, EM CERAMICA ESMALTADA, FORMATO MENOR OU IGUAL A 2025 CM2",Material,,m²,"1,0798000","28,20","30,45"
Insumo, 00001381 ,SINAPI,ARGAMASSA COLANTE AC I PARA CERAMICAS,Material,,KG,"6,8500000","0,90","6,16"
Insumo, 00034357 ,SINAPI,"REJUNTE CIMENTICIO, QUALQUER COR",Material,,KG,"0,2220000","5,30","1,17"
,,,,,,,,,
,,,,,,,,,
,,,,,,,,,
 15.14 ,Código,Banco,Descrição,Tipo,,Und,Quant.,Valor Unit,Total
Composição, O0005 ,Próprio,"PAINEL RIPADO EM MADEIRA LAMINADA DE MDF 15 MM SOBRE CHAPA MDF 18 MM PARAFUSADA EM RIPAS DE 2,5X5 CM FIXADAS EM ALVENARIA",SEDI - SERVIÇOS DIVERSOS,,M²,"1,0000000","219,30","219,30"
Composição Auxiliar, 88309 ,SINAPI,PEDREIRO COM ENCARGOS COMPLEMENTARES,Livro SINAPI: Cálculos e Parâmetros,,H,"0,4762799","29,21","13,91"
Composição Auxiliar, 88316 ,SINAPI,SERVENTE COM ENCARGOS COMPLEMENTARES,Livro SINAPI: Cálculos e Parâmetros,,H,"0,4762799","23,37","11,13"
Composição Auxiliar, 88273 ,SINAPI,MARCENEIRO COM ENCARGOS COMPLEMENTARES,Livro SINAPI: Cálculos e Parâmetros,,H,"1,5875997","28,06","44,54"
Insumo, 00004415 ,SINAPI,"SARRAFO NAO APARELHADO *2,5 X 5* CM, EM MACARANDUBA/MASSARANDUBA, ANGELIM, PEROBA-ROSA OU EQUIVALENTE DA REGIAO - BRUTA",Material,,M,"2,0025000","4,38","8,77"
Insumo, 00007583 ,SINAPI,"BUCHA DE NYLON SEM ABA S8, COM PARAFUSO DE 4,80 X 50 MM EM ACO ZINCADO COM ROSCA SOBERBA, CABECA CHATA E FENDA PHILLIPS",Material,,UN,"2,5000000","0,50","1,25"
Insumo, 00004377 ,SINAPI,"PARAFUSO DE ACO ZINCADO COM ROSCA SOBERBA, CABECA CHATA E FENDA SIMPLES, DIAMETRO 4,2 MM, COMPRIMENTO * 32 * MM",Material,,UN,"2,5000000","0,18","0,45"
Insumo, 00034672 ,SINAPI,"CHAPA DE MDF CRU, E = 15 MM, DE *2,75 X 1,85* M",Material,,m²,"1,2500000","33,17","41,46"
Insumo, 00034673 ,SINAPI,"CHAPA DE MDF CRU, E = 18 MM, DE *2,75 X 1,85* M",Material,,m²,"1,2500000","40,47","50,58"
Insumo, 00001339 ,SINAPI,COLA A BASE DE RESINA SINTETICA PARA CHAPA DE LAMINADO MELAMINICO E OUTROS,Material,,KG,"0,4000000","31,26","12,50"
Insumo, 00001341 ,SINAPI,"CHAPA DE LAMINADO MELAMINICO, TEXTURIZADO, DE 1,25 X 3,08 METROS, ESPESSURA = 0,8 MILIMETROS",Material,,m²,"1,0000000","34,71","34,71"
,,,,,,,,,
,,,,,,,,,
,,,,,,,,,
 15.15 ,Código,Banco,Descrição,Tipo,,Und,Quant.,Valor Unit,Total
Composição, O0006 ,Próprio,"PAINEL PLANO EM MADEIRA LAMINADA DE MDF 18 MM PARAFUSADA EM RIPAS
DE 2,5X5 CM FIXADAS EM ALVENARIA",SEDI - SERVIÇOS DIVERSOS,,M²,"1,0000000","136,74","136,74"
Composição Auxiliar, 88309 ,SINAPI,PEDREIRO COM ENCARGOS COMPLEMENTARES,Livro SINAPI: Cálculos e Parâmetros,,H,"0,2378300","29,21","6,94"
Composição Auxiliar, 88316 ,SINAPI,SERVENTE COM ENCARGOS COMPLEMENTARES,Livro SINAPI: Cálculos e Parâmetros,,H,"0,2378300","23,37","5,55"
Composição Auxiliar, 88273 ,SINAPI,MARCENEIRO COM ENCARGOS COMPLEMENTARES,Livro SINAPI: Cálculos e Parâmetros,,H,"0,7927665","28,06","22,24"
Insumo, 00004415 ,SINAPI,"SARRAFO NAO APARELHADO *2,5 X 5* CM, EM MACARANDUBA/MASSARANDUBA, ANGELIM, PEROBA-ROSA OU EQUIVALENTE DA REGIAO - BRUTA",Material,,M,"2,0025000","4,38","8,77"
Insumo, 00007583 ,SINAPI,"BUCHA DE NYLON SEM ABA S8, COM PARAFUSO DE 4,80 X 50 MM EM ACO ZINCADO COM ROSCA SOBERBA, CABECA CHATA E FENDA PHILLIPS",Material,,UN,"2,5000000","0,50","1,25"
Insumo, 00004377 ,SINAPI,"PARAFUSO DE ACO ZINCADO COM ROSCA SOBERBA, CABECA CHATA E FENDA SIMPLES, DIAMETRO 4,2 MM, COMPRIMENTO * 32 * MM",Material,,UN,"2,5000000","0,18","0,45"
Insumo, 00034673 ,SINAPI,"CHAPA DE MDF CRU, E = 18 MM, DE *2,75 X 1,85* M",Material,,m²,"1,2500000","40,47","50,58"
Insumo, 00001339 ,SINAPI,COLA A BASE DE RESINA SINTETICA PARA CHAPA DE LAMINADO MELAMINICO E OUTROS,Material,,KG,"0,2000000","31,26","6,25"
Insumo, 00001341 ,SINAPI,"CHAPA DE LAMINADO MELAMINICO, TEXTURIZADO, DE 1,25 X 3,08 METROS, ESPESSURA = 0,8 MILIMETROS",Material,,m²,"1,0000000","34,71","34,71"
,,,,,,,,,
,,,,,,,,,
,,,,,,,,,
 15.16 ,Código,Banco,Descrição,Tipo,,Und,Quant.,Valor Unit,Total
Composição, O0007 ,Próprio,ADESIVAGEM DE VIDRO OU PAREDE COM VINIL AUTOADESIVO,SEDI - SERVIÇOS DIVERSOS,,M²,"1,0000000","107,43","107,43"
Composição Auxiliar, 88316 ,SINAPI,SERVENTE COM ENCARGOS COMPLEMENTARES,Livro SINAPI: Cálculos e Parâmetros,,H,"0,2288230","23,37","5,34"
Insumo, PP24 ,Próprio,IMPRESSÃO GRÁFICA PERSONALIZADA SOBRE VINIL AUTOADESIVO,Material,,M²,"1,0000000","102,09","102,09"
,,,,,,,,,
,,,,,,,,,
,,,,,,,,,
 16 ,,,VIDROS,,,,,,
 16.1 ,Código,Banco,Descrição,Tipo,,Und,Quant.,Valor Unit,Total
Composição, P0001 ,Próprio,"ESPELHO CRISTAL ESPESSURA 4MM, COM MOLDURA EM ALUMINIO E  COMPENSADO 6MM PLASTIFICADO COLADO COM ADESIVO PARA ESPELHO, A  BASE DE POLIURETANO",ESQV - ESQUADRIAS/FERRAGENS/VIDROS,,m²,"1,0000000","609,42","609,42"
Composição Auxiliar, 88239 ,SINAPI,AJUDANTE DE CARPINTEIRO COM ENCARGOS COMPLEMENTARES,Livro SINAPI: Cálculos e Parâmetros,,H,"1,4085627","24,38","34,34"
Composição Auxiliar, 88325 ,SINAPI,VIDRACEIRO COM ENCARGOS COMPLEMENTARES,Livro SINAPI: Cálculos e Parâmetros,,H,"1,4085627","24,10","33,94"
Insumo, 00039961 ,SINAPI,SILICONE ACETICO USO GERAL INCOLOR 280 G,Material,,UN,"0,4304160","26,26","11,30"
Insumo, 00011186 ,SINAPI,ESPELHO CRISTAL E = 4 MM,Material,,m²,"1,0000000","412,80","412,80"
Insumo, 00000586 ,SINAPI,"CANTONEIRA EM ALUMINIO, ABAS IGUAIS, LARGURA DE 25,40 MM (1""), ESPESSURA DE 4,76 MM (3/16"") E PESO LINEAR DE APROXIMADAMENTE 0,593 KG/M",Material,,M,"4,0000000","18,36","73,44"
Insumo, 00001360 ,SINAPI,"COMPENSADO NAVAL - CHAPA/PAINEL EM MADEIRA COMPENSADA PRENSADA, DE 2200 X 1600 MM, E = 6 MM",Material,,m²,"1,0500000","41,53","43,60"
,,,,,,,,,
,,,,,,,,,
,,,,,,,,,
 16.2 ,Código,Banco,Descrição,Tipo,,Und,Quant.,Valor Unit,Total
Composição, P0002 ,Próprio,PAINEL EM VIDRO TEMPERADO ADESIVADO BRANCO 6 MM COM AFASTADOR 25 EM INOX FIXADO SOBRE ALVENARIA,SEDI - SERVIÇOS DIVERSOS,,M²,"1,0000000","280,68","280,68"
Composição Auxiliar, 88309 ,SINAPI,PEDREIRO COM ENCARGOS COMPLEMENTARES,Livro SINAPI: Cálculos e Parâmetros,,H,"0,2347517","29,21","6,85"
Composição Auxiliar, 88316 ,SINAPI,SERVENTE COM ENCARGOS COMPLEMENTARES,Livro SINAPI: Cálculos e Parâmetros,,H,"0,2347517","23,37","5,48"
Composição Auxiliar, 88325 ,SINAPI,VIDRACEIRO COM ENCARGOS COMPLEMENTARES,Livro SINAPI: Cálculos e Parâmetros,,H,"0,7825054","24,10","18,85"
Insumo, 00010505 ,SINAPI,"VIDRO TEMPERADO INCOLOR E = 6 MM, SEM COLOCACAO",Material,,m²,"1,0000000","224,77","224,77"
Insumo, PP22 ,Próprio,Prolongador 25x25mm em aço inox para vidro,Material,,UN,"2,0222000","3,46","6,99"
Insumo, PP23 ,Próprio,"Adesivo branco em rolo 3mx1,20m",Material,,UN,"0,3370000","52,65","17,74"
,,,,,,,,,
,,,,,,,,,
,,,,,,,,,
 17 ,,,PINTURA,,,,,,
 17.1 ,Código,Banco,Descrição,Tipo,,Und,Quant.,Valor Unit,Total
Composição, 88485 ,SINAPI,"FUNDO SELADOR ACRÍLICO, APLICAÇÃO MANUAL EM PAREDE, UMA DEMÃO. AF_04/2023",Pintura Interna,,m²,"1,0000000","3,61","3,61"
Composição Auxiliar, 88310 ,SINAPI,PINTOR COM ENCARGOS COMPLEMENTARES,Livro SINAPI: Cálculos e Parâmetros,,H,"0,0527614","30,89","1,62"
Composição Auxiliar, 88316 ,SINAPI,SERVENTE COM ENCARGOS COMPLEMENTARES,Livro SINAPI: Cálculos e Parâmetros,,H,"0,0175871","23,37","0,41"
Insumo, 00006085 ,SINAPI,SELADOR ACRILICO OPACO PREMIUM INTERIOR/EXTERIOR,Material,,L,"0,1666000","9,50","1,58"
,,,,,,,,,
,,,,,,,,,
,,,,,,,,,
 17.2 ,Código,Banco,Descrição,Tipo,,Und,Quant.,Valor Unit,Total
Composição, 88415 ,SINAPI,APLICAÇÃO MANUAL DE FUNDO SELADOR ACRÍLICO EM PAREDES EXTERNAS DE CASAS. AF_03/2024,Pintura Externa,,m²,"1,0000000","4,34","4,34"
Composição Auxiliar, 88310 ,SINAPI,PINTOR COM ENCARGOS COMPLEMENTARES,Livro SINAPI: Cálculos e Parâmetros,,H,"0,0449674","30,89","1,38"
Composição Auxiliar, 88316 ,SINAPI,SERVENTE COM ENCARGOS COMPLEMENTARES,Livro SINAPI: Cálculos e Parâmetros,,H,"0,0073092","23,37","0,17"
Insumo, 00006085 ,SINAPI,SELADOR ACRILICO OPACO PREMIUM INTERIOR/EXTERIOR,Material,,L,"0,2947200","9,50","2,79"
,,,,,,,,,
,,,,,,,,,
,,,,,,,,,
 17.3 ,Código,Banco,Descrição,Tipo,,Und,Quant.,Valor Unit,Total
Composição, 88497 ,SINAPI,"EMASSAMENTO COM MASSA LÁTEX, APLICAÇÃO EM PAREDE, DUAS DEMÃOS, LIXAMENTO MANUAL. AF_04/2023",Pintura Interna,,m²,"1,0000000","13,57","13,57"
Composição Auxiliar, 88310 ,SINAPI,PINTOR COM ENCARGOS COMPLEMENTARES,Livro SINAPI: Cálculos e Parâmetros,,H,"0,2883964","30,89","8,90"
Composição Auxiliar, 88316 ,SINAPI,SERVENTE COM ENCARGOS COMPLEMENTARES,Livro SINAPI: Cálculos e Parâmetros,,H,"0,0961055","23,37","2,24"
Insumo, 00003767 ,SINAPI,"LIXA EM FOLHA PARA PAREDE OU MADEIRA, NUMERO 120, COR VERMELHA",Material,,UN,"0,0802000","0,60","0,04"
Insumo, 00043626 ,SINAPI,MASSA CORRIDA PARA SUPERFICIES DE AMBIENTES INTERNOS,Material,,KG,"1,3389000","1,79","2,39"
,,,,,,,,,
,,,,,,,,,
,,,,,,,,,
 17.4 ,Código,Banco,Descrição,Tipo,,Und,Quant.,Valor Unit,Total
Composição, 88489 ,SINAPI,"PINTURA LÁTEX ACRÍLICA PREMIUM, APLICAÇÃO MANUAL EM PAREDES, DUAS DEMÃOS. AF_04/2023",Pintura Interna,,m²,"1,0000000","10,75","10,75"
Composição Auxiliar, 88310 ,SINAPI,PINTOR COM ENCARGOS COMPLEMENTARES,Livro SINAPI: Cálculos e Parâmetros,,H,"0,1296785","30,89","4,00"
Composição Auxiliar, 88316 ,SINAPI,SERVENTE COM ENCARGOS COMPLEMENTARES,Livro SINAPI: Cálculos e Parâmetros,,H,"0,0432527","23,37","1,01"
Insumo, 00007356 ,SINAPI,"TINTA LATEX ACRILICA PREMIUM, COR BRANCO FOSCO",Material,,L,"0,2285000","25,13","5,74"
,,,,,,,,,
,,,,,,,,,
,,,,,,,,,
 17.5 ,Código,Banco,Descrição,Tipo,,Und,Quant.,Valor Unit,Total
Composição, 88416 ,SINAPI,"APLICAÇÃO MANUAL DE PINTURA COM TINTA TEXTURIZADA ACRÍLICA EM PANOS COM PRESENÇA DE VÃOS DE EDIFÍCIOS DE MÚLTIPLOS PAVIMENTOS, UMA COR. AF_03/2024",Pintura Externa,,m²,"1,0000000","17,73","17,73"
Composição Auxiliar, 88310 ,SINAPI,PINTOR COM ENCARGOS COMPLEMENTARES,Livro SINAPI: Cálculos e Parâmetros,,H,"0,1074695","30,89","3,31"
Composição Auxiliar, 88316 ,SINAPI,SERVENTE COM ENCARGOS COMPLEMENTARES,Livro SINAPI: Cálculos e Parâmetros,,H,"0,0175816","23,37","0,41"
Insumo, 00038877 ,SINAPI,"MASSA PREMIUM PARA TEXTURA LISA DE BASE ACRILICA, USO INTERNO E EXTERNO",Material,,KG,"2,3393300","5,99","14,01"
,,,,,,,,,
,,,,,,,,,
,,,,,,,,,
 17.6 ,Código,Banco,Descrição,Tipo,,Und,Quant.,Valor Unit,Total
Composição, 88417 ,SINAPI,"APLICAÇÃO MANUAL DE PINTURA COM TINTA TEXTURIZADA ACRÍLICA EM PANOS CEGOS DE FACHADA (SEM PRESENÇA DE VÃOS) DE EDIFÍCIOS DE MÚLTIPLOS PAVIMENTOS, UMA COR. AF_03/2024",Pintura Externa,,m²,"1,0000000","15,05","15,05"
Composição Auxiliar, 88310 ,SINAPI,PINTOR COM ENCARGOS COMPLEMENTARES,Livro SINAPI: Cálculos e Parâmetros,,H,"0,0574342","30,89","1,77"
Composição Auxiliar, 88316 ,SINAPI,SERVENTE COM ENCARGOS COMPLEMENTARES,Livro SINAPI: Cálculos e Parâmetros,,H,"0,0093497","23,37","0,21"
Insumo, 00038877 ,SINAPI,"MASSA PREMIUM PARA TEXTURA LISA DE BASE ACRILICA, USO INTERNO E EXTERNO",Material,,KG,"2,1825000","5,99","13,07"
,,,,,,,,,
,,,,,,,,,
,,,,,,,,,
 17.7 ,Código,Banco,Descrição,Tipo,,Und,Quant.,Valor Unit,Total
Composição, 95622 ,SINAPI,"APLICAÇÃO MANUAL DE TINTA LÁTEX ACRÍLICA EM PANOS COM PRESENÇA DE VÃOS DE EDIFÍCIOS DE MÚLTIPLOS PAVIMENTOS, DUAS DEMÃOS. AF_03/2024",Pintura Externa,,m²,"1,0000000","12,38","12,38"
Composição Auxiliar, 88310 ,SINAPI,PINTOR COM ENCARGOS COMPLEMENTARES,Livro SINAPI: Cálculos e Parâmetros,,H,"0,2027786","30,89","6,26"
Composição Auxiliar, 88316 ,SINAPI,SERVENTE COM ENCARGOS COMPLEMENTARES,Livro SINAPI: Cálculos e Parâmetros,,H,"0,0331457","23,37","0,77"
Insumo, 00007356 ,SINAPI,"TINTA LATEX ACRILICA PREMIUM, COR BRANCO FOSCO",Material,,L,"0,2132000","25,13","5,35"
,,,,,,,,,
,,,,,,,,,
,,,,,,,,,
 17.8 ,Código,Banco,Descrição,Tipo,,Und,Quant.,Valor Unit,Total
Composição, 102489 ,SINAPI,"PINTURA HIDROFUGANTE COM SILICONE, APLICAÇÃO MANUAL, 2 DEMÃOS. AF_05/2021",Pintura para Pisos e para Sinalização Horizontal e Vertical,,m²,"1,0000000","27,79","27,79"
Composição Auxiliar, 88310 ,SINAPI,PINTOR COM ENCARGOS COMPLEMENTARES,Livro SINAPI: Cálculos e Parâmetros,,H,"0,2862186","30,89","8,84"
Composição Auxiliar, 88316 ,SINAPI,SERVENTE COM ENCARGOS COMPLEMENTARES,Livro SINAPI: Cálculos e Parâmetros,,H,"0,1192578","23,37","2,78"
Insumo, 00000151 ,SINAPI,"IMPERMEABILIZANTE INCOLOR, BASE SILICONE, PARA TRATAMENTO DE FACHADAS, TELHAS, PEDRAS E OUTRAS SUPERFICIES",Material,,L,"0,5000000","32,16","16,08"
Insumo, 00012815 ,SINAPI,FITA CREPE ROLO DE *25* MM X 50 M,Material,,UN,"0,0140000","6,50","0,09"
,,,,,,,,,
,,,,,,,,,
,,,,,,,,,
 17.9 ,Código,Banco,Descrição,Tipo,,Und,Quant.,Valor Unit,Total
Composição, 102491 ,SINAPI,"PINTURA DE PISO COM TINTA ACRÍLICA, APLICAÇÃO MANUAL, 2 DEMÃOS, INCLUSO FUNDO PREPARADOR. AF_05/2021",Pintura para Pisos e para Sinalização Horizontal e Vertical,,m²,"1,0000000","17,66","17,66"
Composição Auxiliar, 88310 ,SINAPI,PINTOR COM ENCARGOS COMPLEMENTARES,Livro SINAPI: Cálculos e Parâmetros,,H,"0,2189022","30,89","6,76"
Composição Auxiliar, 88316 ,SINAPI,SERVENTE COM ENCARGOS COMPLEMENTARES,Livro SINAPI: Cálculos e Parâmetros,,H,"0,0915409","23,37","2,13"
Insumo, 00006085 ,SINAPI,SELADOR ACRILICO OPACO PREMIUM INTERIOR/EXTERIOR,Material,,L,"0,1600000","9,50","1,52"
Insumo, 00007348 ,SINAPI,TINTA ACRILICA PREMIUM PARA PISO,Material,,L,"0,4270000","16,86","7,19"
Insumo, 00012815 ,SINAPI,FITA CREPE ROLO DE *25* MM X 50 M,Material,,UN,"0,0100000","6,50","0,06"
,,,,,,,,,
,,,,,,,,,
,,,,,,,,,
 17.10 ,Código,Banco,Descrição,Tipo,,Und,Quant.,Valor Unit,Total
Composição, 88484 ,SINAPI,"FUNDO SELADOR ACRÍLICO, APLICAÇÃO MANUAL EM TETO, UMA DEMÃO. AF_04/2023",Pintura Interna,,m²,"1,0000000","4,43","4,43"
Composição Auxiliar, 88310 ,SINAPI,PINTOR COM ENCARGOS COMPLEMENTARES,Livro SINAPI: Cálculos e Parâmetros,,H,"0,0739647","30,89","2,28"
Composição Auxiliar, 88316 ,SINAPI,SERVENTE COM ENCARGOS COMPLEMENTARES,Livro SINAPI: Cálculos e Parâmetros,,H,"0,0246548","23,37","0,57"
Insumo, 00006085 ,SINAPI,SELADOR ACRILICO OPACO PREMIUM INTERIOR/EXTERIOR,Material,,L,"0,1666000","9,50","1,58"
,,,,,,,,,
,,,,,,,,,
,,,,,,,,,
 17.11 ,Código,Banco,Descrição,Tipo,,Und,Quant.,Valor Unit,Total
Composição, 88496 ,SINAPI,"EMASSAMENTO COM MASSA LÁTEX, APLICAÇÃO EM TETO, DUAS DEMÃOS, LIXAMENTO MANUAL. AF_04/2023",Pintura Interna,,m²,"1,0000000","25,32","25,32"
Composição Auxiliar, 88310 ,SINAPI,PINTOR COM ENCARGOS COMPLEMENTARES,Livro SINAPI: Cálculos e Parâmetros,,H,"0,5920171","30,89","18,28"
Composição Auxiliar, 88316 ,SINAPI,SERVENTE COM ENCARGOS COMPLEMENTARES,Livro SINAPI: Cálculos e Parâmetros,,H,"0,1973390","23,37","4,61"
Insumo, 00003767 ,SINAPI,"LIXA EM FOLHA PARA PAREDE OU MADEIRA, NUMERO 120, COR VERMELHA",Material,,UN,"0,0802000","0,60","0,04"
Insumo, 00043626 ,SINAPI,MASSA CORRIDA PARA SUPERFICIES DE AMBIENTES INTERNOS,Material,,KG,"1,3389000","1,79","2,39"
,,,,,,,,,
,,,,,,,,,
,,,,,,,,,
 17.12 ,Código,Banco,Descrição,Tipo,,Und,Quant.,Valor Unit,Total
Composição, 104640 ,SINAPI,"PINTURA LÁTEX ACRÍLICA STANDARD, APLICAÇÃO MANUAL EM TETO, DUAS DEMÃOS. AF_04/2023",Pintura Interna,,m²,"1,0000000","10,87","10,87"
Composição Auxiliar, 88310 ,SINAPI,PINTOR COM ENCARGOS COMPLEMENTARES,Livro SINAPI: Cálculos e Parâmetros,,H,"0,1808043","30,89","5,58"
Composição Auxiliar, 88316 ,SINAPI,SERVENTE COM ENCARGOS COMPLEMENTARES,Livro SINAPI: Cálculos e Parâmetros,,H,"0,0602946","23,37","1,40"
Insumo, 00035692 ,SINAPI,"TINTA LATEX ACRILICA STANDARD, COR BRANCA",Material,,L,"0,2367000","16,45","3,89"
,,,,,,,,,
,,,,,,,,,
,,,,,,,,,
 17.13 ,Código,Banco,Descrição,Tipo,,Und,Quant.,Valor Unit,Total
Composição, Q0001 ,Próprio,CAIAÇÃO EM DUAS DEMÃOS,SEDI - SERVIÇOS DIVERSOS,,m²,"1,0000000","5,41","5,41"
Composição Auxiliar, 88310 ,SINAPI,PINTOR COM ENCARGOS COMPLEMENTARES,Livro SINAPI: Cálculos e Parâmetros,,H,"0,1594775","30,89","4,92"
Insumo, 00011161 ,SINAPI,CAL HIDRATADA PARA PINTURA,Material,,KG,"0,3000000","1,64","0,49"
,,,,,,,,,
,,,,,,,,,
,,,,,,,,,
 17.14 ,Código,Banco,Descrição,Tipo,,Und,Quant.,Valor Unit,Total
Composição, 102513 ,SINAPI,"PINTURA DE SÍMBOLOS E TEXTOS COM TINTA ACRÍLICA, DEMARCAÇÃO COM FITA ADESIVA E APLICAÇÃO COM ROLO. AF_05/2021",Pintura para Pisos e para Sinalização Horizontal e Vertical,,m²,"1,0000000","39,77","39,77"
Composição Auxiliar, 88310 ,SINAPI,PINTOR COM ENCARGOS COMPLEMENTARES,Livro SINAPI: Cálculos e Parâmetros,,H,"0,7656147","30,89","23,64"
Composição Auxiliar, 88316 ,SINAPI,SERVENTE COM ENCARGOS COMPLEMENTARES,Livro SINAPI: Cálculos e Parâmetros,,H,"0,3190061","23,37","7,45"
Insumo, 00007348 ,SINAPI,TINTA ACRILICA PREMIUM PARA PISO,Material,,L,"0,4270000","16,86","7,19"
Insumo, 00012815 ,SINAPI,FITA CREPE ROLO DE *25* MM X 50 M,Material,,UN,"0,2300000","6,50","1,49"
,,,,,,,,,
,,,,,,,,,
,,,,,,,,,
 17.15 ,Código,Banco,Descrição,Tipo,,Und,Quant.,Valor Unit,Total
Composição, 100718 ,SINAPI,COLOCAÇÃO DE FITA PROTETORA PARA PINTURA. AF_01/2020,Pintura em Superfícies Metálicas,,M,"1,0000000","1,14","1,14"
Composição Auxiliar, 88310 ,SINAPI,PINTOR COM ENCARGOS COMPLEMENTARES,Livro SINAPI: Cálculos e Parâmetros,,H,"0,0329355","30,89","1,01"
Insumo, 00012815 ,SINAPI,FITA CREPE ROLO DE *25* MM X 50 M,Material,,UN,"0,0200000","6,50","0,13"
,,,,,,,,,
,,,,,,,,,
,,,,,,,,,
 17.16 ,Código,Banco,Descrição,Tipo,,Und,Quant.,Valor Unit,Total
Composição, 100722 ,SINAPI,PINTURA COM TINTA ALQUÍDICA DE FUNDO (TIPO ZARCÃO) APLICADA A ROLO OU PINCEL SOBRE SUPERFÍCIES METÁLICAS (EXCETO PERFIL) EXECUTADO EM OBRA (POR DEMÃO). AF_01/2020,Pintura em Superfícies Metálicas,,m²,"1,0000000","20,09","20,09"
Composição Auxiliar, 88310 ,SINAPI,PINTOR COM ENCARGOS COMPLEMENTARES,Livro SINAPI: Cálculos e Parâmetros,,H,"0,5408699","30,89","16,70"
Insumo, 00005318 ,SINAPI,DILUENTE AGUARRAS,Material,,L,"0,0110000","21,92","0,24"
Insumo, 00007307 ,SINAPI,FUNDO ANTICORROSIVO PARA METAIS FERROSOS (ZARCAO),Material,,L,"0,1098000","28,74","3,15"
,,,,,,,,,
,,,,,,,,,
,,,,,,,,,
 17.17 ,Código,Banco,Descrição,Tipo,,Und,Quant.,Valor Unit,Total
Composição, 100760 ,SINAPI,PINTURA COM TINTA ALQUÍDICA DE ACABAMENTO (ESMALTE SINTÉTICO BRILHANTE) APLICADA A ROLO OU PINCEL SOBRE SUPERFÍCIES METÁLICAS (EXCETO PERFIL) EXECUTADO EM OBRA (02 DEMÃOS). AF_01/2020,Pintura em Superfícies Metálicas,,m²,"1,0000000","40,75","40,75"
Composição Auxiliar, 88310 ,SINAPI,PINTOR COM ENCARGOS COMPLEMENTARES,Livro SINAPI: Cálculos e Parâmetros,,H,"1,0818397","30,89","33,41"
Insumo, 00005318 ,SINAPI,DILUENTE AGUARRAS,Material,,L,"0,0255000","21,92","0,55"
Insumo, 00007292 ,SINAPI,TINTA ESMALTE SINTETICO PREMIUM BRILHANTE,Material,,L,"0,2549000","26,65","6,79"
,,,,,,,,,
,,,,,,,,,
,,,,,,,,,
 17.18 ,Código,Banco,Descrição,Tipo,,Und,Quant.,Valor Unit,Total
Composição, 100717 ,SINAPI,LIXAMENTO MANUAL EM SUPERFÍCIES METÁLICAS EM OBRA. AF_01/2020,Pintura em Superfícies Metálicas,,m²,"1,0000000","7,89","7,89"
Composição Auxiliar, 88310 ,SINAPI,PINTOR COM ENCARGOS COMPLEMENTARES,Livro SINAPI: Cálculos e Parâmetros,,H,"0,2380827","30,89","7,35"
Insumo, 00003768 ,SINAPI,"LIXA EM FOLHA PARA FERRO, NUMERO 150",Material,,UN,"0,3000000","1,81","0,54"
,,,,,,,,,
,,,,,,,,,
,,,,,,,,,
 17.19 ,Código,Banco,Descrição,Tipo,,Und,Quant.,Valor Unit,Total
Composição, 102193 ,SINAPI,LIXAMENTO DE MADEIRA PARA APLICAÇÃO DE FUNDO OU PINTURA. AF_01/2021,Pintura em Madeira,,m²,"1,0000000","1,57","1,57"
Composição Auxiliar, 88310 ,SINAPI,PINTOR COM ENCARGOS COMPLEMENTARES,Livro SINAPI: Cálculos e Parâmetros,,H,"0,0431696","30,89","1,33"
Insumo, 00003767 ,SINAPI,"LIXA EM FOLHA PARA PAREDE OU MADEIRA, NUMERO 120, COR VERMELHA",Material,,UN,"0,4000000","0,60","0,24"
,,,,,,,,,
,,,,,,,,,
,,,,,,,,,
 17.20 ,Código,Banco,Descrição,Tipo,,Und,Quant.,Valor Unit,Total
Composição, 102223 ,SINAPI,"PINTURA VERNIZ (INCOLOR) ALQUÍDICO EM MADEIRA, USO INTERNO E EXTERNO, 3 DEMÃOS. AF_01/2021",Pintura em Madeira,,m²,"1,0000000","26,28","26,28"
Composição Auxiliar, 88310 ,SINAPI,PINTOR COM ENCARGOS COMPLEMENTARES,Livro SINAPI: Cálculos e Parâmetros,,H,"0,5644382","30,89","17,43"
Insumo, 00005318 ,SINAPI,DILUENTE AGUARRAS,Material,,L,"0,0406000","21,92","0,88"
Insumo, 00010481 ,SINAPI,"VERNIZ MARITIMO PREMIUM PARA MADEIRA, COM FILTRO SOLAR, BRILHANTE, USO INTERNO E EXTERNO",Material,,L,"0,2706000","29,48","7,97"
,,,,,,,,,
,,,,,,,,,
,,,,,,,,,
 17.21 ,Código,Banco,Descrição,Tipo,,Und,Quant.,Valor Unit,Total
Composição, 102494 ,SINAPI,"PINTURA DE PISO COM TINTA EPÓXI, APLICAÇÃO MANUAL, 2 DEMÃOS, INCLUSO PRIMER EPÓXI. AF_05/2021",Pintura para Pisos e para Sinalização Horizontal e Vertical,,m²,"1,0000000","46,45","46,45"
Composição Auxiliar, 88310 ,SINAPI,PINTOR COM ENCARGOS COMPLEMENTARES,Livro SINAPI: Cálculos e Parâmetros,,H,"0,2170796","30,89","6,70"
Composição Auxiliar, 88316 ,SINAPI,SERVENTE COM ENCARGOS COMPLEMENTARES,Livro SINAPI: Cálculos e Parâmetros,,H,"0,0907787","23,37","2,12"
Insumo, 00005330 ,SINAPI,DILUENTE EPOXI,Material,,L,"0,0640000","49,96","3,19"
Insumo, 00007304 ,SINAPI,"TINTA EPOXI BASE AGUA PREMIUM, BRANCA",Material,,L,"0,3220000","54,98","17,70"
Insumo, 00012815 ,SINAPI,FITA CREPE ROLO DE *25* MM X 50 M,Material,,UN,"0,0100000","6,50","0,06"
Insumo, 00044072 ,SINAPI,PRIMER EPOXI / EPOXIDICO,Material,,L,"0,2016000","82,78","16,68"
,,,,,,,,,
,,,,,,,,,
,,,,,,,,,
 18 ,,,SERVIÇOS COMPLEMENTARES,,,,,,
 18.1 ,,,DRENAGEM E ÁGUAS PLUVIAIS,,,,,,
 18.1.1 ,,,TUBOS,,,,,,
 18.1.1.1 ,Código,Banco,Descrição,Tipo,,Und,Quant.,Valor Unit,Total
Composição, 89512 ,SINAPI,"TUBO PVC, SÉRIE R, ÁGUA PLUVIAL, DN 100 MM, FORNECIDO E INSTALADO EM RAMAL DE ENCAMINHAMENTO. AF_06/2022","Instalações Prediais de Águas Pluviais - Tubos, Conexões, Caixas e Ralos",,M,"1,0000000","40,20","40,20"
Composição Auxiliar, 88248 ,SINAPI,AUXILIAR DE ENCANADOR OU BOMBEIRO HIDRÁULICO COM ENCARGOS COMPLEMENTARES,Livro SINAPI: Cálculos e Parâmetros,,H,"0,3203480","24,00","7,68"
Composição Auxiliar, 88267 ,SINAPI,ENCANADOR OU BOMBEIRO HIDRÁULICO COM ENCARGOS COMPLEMENTARES,Livro SINAPI: Cálculos e Parâmetros,,H,"0,3203480","28,49","9,12"
Insumo,9841,SINAPI,"TUBO PVC, SERIE R, DN 100 MM, PARA ESGOTO OU AGUAS PLUVIAIS PREDIAL (NBR 5688)",Material,,M,"1,0353000","22,58","23,37"
Insumo, 00038383 ,SINAPI,"LIXA D'AGUA EM FOLHA, COR PRETA, GRAO 100",Material,,UN,"0,0224000","1,58","0,03"
,,,,,,,,,
,,,,,,,,,
,,,,,,,,,
 18.1.1.2 ,Código,Banco,Descrição,Tipo,,Und,Quant.,Valor Unit,Total
Composição, 89578 ,SINAPI,"TUBO PVC, SÉRIE R, ÁGUA PLUVIAL, DN 100 MM, FORNECIDO E INSTALADO EM CONDUTORES VERTICAIS DE ÁGUAS PLUVIAIS. AF_06/2022","Instalações Prediais de Águas Pluviais - Tubos, Conexões, Caixas e Ralos",,M,"1,0000000","26,54","26,54"
Composição Auxiliar, 88248 ,SINAPI,AUXILIAR DE ENCANADOR OU BOMBEIRO HIDRÁULICO COM ENCARGOS COMPLEMENTARES,Livro SINAPI: Cálculos e Parâmetros,,H,"0,0594838","24,00","1,42"
Composição Auxiliar, 88267 ,SINAPI,ENCANADOR OU BOMBEIRO HIDRÁULICO COM ENCARGOS COMPLEMENTARES,Livro SINAPI: Cálculos e Parâmetros,,H,"0,0594838","28,49","1,69"
Insumo, 00009841 ,SINAPI,"TUBO PVC, SERIE R, DN 100 MM, PARA ESGOTO OU AGUAS PLUVIAIS PREDIAL (NBR 5688)",Material,,M,"1,0353000","22,58","23,37"
Insumo, 00038383 ,SINAPI,"LIXA D'AGUA EM FOLHA, COR PRETA, GRAO 100",Material,,UN,"0,0420000","1,58","0,06"
,,,,,,,,,
,,,,,,,,,
,,,,,,,,,
 18.1.1.3 ,Código,Banco,Descrição,Tipo,,Und,Quant.,Valor Unit,Total
Composição, 104166 ,SINAPI,"TUBO PVC, SÉRIE R, ÁGUA PLUVIAL, DN 150 MM, FORNECIDO E INSTALADO EM RAMAL DE ENCAMINHAMENTO. AF_06/2022","Instalações Prediais de Águas Pluviais - Tubos, Conexões, Caixas e Ralos",,M,"1,0000000","59,87","59,87"
Composição Auxiliar, 88248 ,SINAPI,AUXILIAR DE ENCANADOR OU BOMBEIRO HIDRÁULICO COM ENCARGOS COMPLEMENTARES,Livro SINAPI: Cálculos e Parâmetros,,H,"0,1996445","24,00","4,79"
Composição Auxiliar, 88267 ,SINAPI,ENCANADOR OU BOMBEIRO HIDRÁULICO COM ENCARGOS COMPLEMENTARES,Livro SINAPI: Cálculos e Parâmetros,,H,"0,1996445","28,49","5,68"
Insumo, 00009840 ,SINAPI,"TUBO PVC, SERIE R, DN 150 MM, PARA ESGOTO OU AGUAS PLUVIAIS PREDIAL (NBR 5688)",Material,,M,"1,0353000","47,70","49,38"
Insumo, 00038383 ,SINAPI,"LIXA D'AGUA EM FOLHA, COR PRETA, GRAO 100",Material,,UN,"0,0141000","1,58","0,02"
,,,,,,,,,
,,,,,,,,,
,,,,,,,,,
 18.1.1.4 ,Código,Banco,Descrição,Tipo,,Und,Quant.,Valor Unit,Total
Composição, 89580 ,SINAPI,"TUBO PVC, SÉRIE R, ÁGUA PLUVIAL, DN 150 MM, FORNECIDO E INSTALADO EM CONDUTORES VERTICAIS DE ÁGUAS PLUVIAIS. AF_06/2022","Instalações Prediais de Águas Pluviais - Tubos, Conexões, Caixas e Ralos",,M,"1,0000000","54,85","54,85"
Composição Auxiliar, 88248 ,SINAPI,AUXILIAR DE ENCANADOR OU BOMBEIRO HIDRÁULICO COM ENCARGOS COMPLEMENTARES,Livro SINAPI: Cálculos e Parâmetros,,H,"0,1021896","24,00","2,45"
Composição Auxiliar, 88267 ,SINAPI,ENCANADOR OU BOMBEIRO HIDRÁULICO COM ENCARGOS COMPLEMENTARES,Livro SINAPI: Cálculos e Parâmetros,,H,"0,1021896","28,49","2,91"
Insumo, 00009840 ,SINAPI,"TUBO PVC, SERIE R, DN 150 MM, PARA ESGOTO OU AGUAS PLUVIAIS PREDIAL (NBR 5688)",Material,,M,"1,0353000","47,70","49,38"
Insumo, 00038383 ,SINAPI,"LIXA D'AGUA EM FOLHA, COR PRETA, GRAO 100",Material,,UN,"0,0730000","1,58","0,11"
,,,,,,,,,
,,,,,,,,,
,,,,,,,,,
 18.1.1.5 ,Código,Banco,Descrição,Tipo,,Und,Quant.,Valor Unit,Total
Composição, 102991 ,SINAPI,CANALETA MEIA CANA PRÉ-MOLDADA DE CONCRETO (D = 40 CM) - FORNECIMENTO E INSTALAÇÃO. AF_08/2021,"Canaletas, Grelhas e Caixas com Grelha para Drenagem",,M,"1,0000000","52,55","52,55"
Composição Auxiliar, 88309 ,SINAPI,PEDREIRO COM ENCARGOS COMPLEMENTARES,Livro SINAPI: Cálculos e Parâmetros,,H,"0,2793238","29,21","8,15"
Composição Auxiliar, 88316 ,SINAPI,SERVENTE COM ENCARGOS COMPLEMENTARES,Livro SINAPI: Cálculos e Parâmetros,,H,"0,2793238","23,37","6,52"
Composição Auxiliar, 88629 ,SINAPI,"ARGAMASSA TRAÇO 1:3 (EM VOLUME DE CIMENTO E AREIA MÉDIA ÚMIDA), PREPARO MANUAL. AF_08/2019",Argamassas,,m³,"0,0027000","591,67","1,59"
Insumo,10542,SINAPI,"CALHA/CANALETA DE CONCRETO SIMPLES, TIPO MEIA CANA, DIAMETRO DE 40 CM, PARA AGUA PLUVIAL",Material,,M,"1,0300000","35,24","36,29"
,,,,,,,,,
,,,,,,,,,
,,,,,,,,,
 18.1.1.6 ,Código,Banco,Descrição,Tipo,,Und,Quant.,Valor Unit,Total
Composição, 92210 ,SINAPI,"TUBO DE CONCRETO PARA REDES COLETORAS DE ÁGUAS PLUVIAIS, DIÂMETRO DE 400 MM, JUNTA RÍGIDA, INSTALADO EM LOCAL COM BAIXO NÍVEL DE INTERFERÊNCIAS - FORNECIMENTO E ASSENTAMENTO. AF_03/2024",Assentamento de tubos de esgoto ou drenagem pluvial em concreto,,M,"1,0000000","141,17","141,17"
Composição Auxiliar, 5631 ,SINAPI,"ESCAVADEIRA HIDRÁULICA SOBRE ESTEIRAS, CAÇAMBA 0,80 M3, PESO OPERACIONAL 17 T, POTENCIA BRUTA 111 HP - CHP DIURNO. AF_06/2014",Custos Horários Produtivo e Improdutivo dos Equipamentos,,CHP,"0,0481000","185,35","8,91"
Composição Auxiliar, 5632 ,SINAPI,"ESCAVADEIRA HIDRÁULICA SOBRE ESTEIRAS, CAÇAMBA 0,80 M3, PESO OPERACIONAL 17 T, POTENCIA BRUTA 111 HP - CHI DIURNO. AF_06/2014",Custos Horários Produtivo e Improdutivo dos Equipamentos,,CHI,"0,0934000","81,21","7,58"
Composição Auxiliar, 88246 ,SINAPI,ASSENTADOR DE TUBOS COM ENCARGOS COMPLEMENTARES,Livro SINAPI: Cálculos e Parâmetros,,H,"0,1524652","22,02","3,35"
Composição Auxiliar, 88316 ,SINAPI,SERVENTE COM ENCARGOS COMPLEMENTARES,Livro SINAPI: Cálculos e Parâmetros,,H,"0,3049305","23,37","7,12"
Composição Auxiliar, 88629 ,SINAPI,"ARGAMASSA TRAÇO 1:3 (EM VOLUME DE CIMENTO E AREIA MÉDIA ÚMIDA), PREPARO MANUAL. AF_08/2019",Argamassas,,m³,"0,0016000","591,67","0,94"
Insumo,7745,SINAPI,"TUBO DE CONCRETO ARMADO PARA AGUAS PLUVIAIS, CLASSE PA-1, COM ENCAIXE PONTA E BOLSA, DIAMETRO NOMINAL DE 400 MM",Material,,M,"1,0300000","109,98","113,27"
,,,,,,,,,
,,,,,,,,,
,,,,,,,,,
 18.1.2 ,,,CONEXÕES,,,,,,
 18.1.2.1 ,Código,Banco,Descrição,Tipo,,Und,Quant.,Valor Unit,Total
Composição, 95694 ,SINAPI,"CURVA 90 GRAUS, PVC, SERIE R, ÁGUA PLUVIAL, DN 100 MM, JUNTA ELÁSTICA, FORNECIDO E INSTALADO EM RAMAL DE ENCAMINHAMENTO. AF_06/2022","Instalações Prediais de Águas Pluviais - Tubos, Conexões, Caixas e Ralos",,UN,"1,0000000","45,10","45,10"
Composição Auxiliar, 88248 ,SINAPI,AUXILIAR DE ENCANADOR OU BOMBEIRO HIDRÁULICO COM ENCARGOS COMPLEMENTARES,Livro SINAPI: Cálculos e Parâmetros,,H,"0,1008741","24,00","2,42"
Composição Auxiliar, 88267 ,SINAPI,ENCANADOR OU BOMBEIRO HIDRÁULICO COM ENCARGOS COMPLEMENTARES,Livro SINAPI: Cálculos e Parâmetros,,H,"0,1008741","28,49","2,87"
Insumo,299,SINAPI,"ANEL BORRACHA, DN 100 MM, PARA TUBO SERIE REFORCADA ESGOTO PREDIAL",Material,,UN,"2,0000000","4,46","8,92"
Insumo, 00020078 ,SINAPI,"PASTA LUBRIFICANTE PARA TUBOS E CONEXOES COM JUNTA ELASTICA, EMBALAGEM DE *400* GR (USO EM PVC, ACO, POLIETILENO E OUTROS)",Material,,UN,"0,1150000","20,50","2,35"
Insumo,38423,SINAPI,"CURVA DE PVC, 90 GRAUS, SERIE R, DN 100 MM, PARA ESGOTO PREDIAL",Material,,UN,"1,0000000","28,54","28,54"
,,,,,,,,,
,,,,,,,,,
,,,,,,,,,
 18.1.2.2 ,Código,Banco,Descrição,Tipo,,Und,Quant.,Valor Unit,Total
Composição, 89531 ,SINAPI,"JOELHO 45 GRAUS, PVC, SERIE R, ÁGUA PLUVIAL, DN 100 MM, JUNTA ELÁSTICA, FORNECIDO E INSTALADO EM RAMAL DE ENCAMINHAMENTO. AF_06/2022","Instalações Prediais de Águas Pluviais - Tubos, Conexões, Caixas e Ralos",,UN,"1,0000000","33,02","33,02"
Composição Auxiliar, 88248 ,SINAPI,AUXILIAR DE ENCANADOR OU BOMBEIRO HIDRÁULICO COM ENCARGOS COMPLEMENTARES,Livro SINAPI: Cálculos e Parâmetros,,H,"0,1013447","24,00","2,43"
Composição Auxiliar, 88267 ,SINAPI,ENCANADOR OU BOMBEIRO HIDRÁULICO COM ENCARGOS COMPLEMENTARES,Livro SINAPI: Cálculos e Parâmetros,,H,"0,1013447","28,49","2,88"
Insumo, 00000299 ,SINAPI,"ANEL BORRACHA, DN 100 MM, PARA TUBO SERIE REFORCADA ESGOTO PREDIAL",Material,,UN,"2,0000000","4,46","8,92"
Insumo, 00020078 ,SINAPI,"PASTA LUBRIFICANTE PARA TUBOS E CONEXOES COM JUNTA ELASTICA, EMBALAGEM DE *400* GR (USO EM PVC, ACO, POLIETILENO E OUTROS)",Material,,UN,"0,1150000","20,50","2,35"
Insumo,20151,SINAPI,"JOELHO, PVC SERIE R, 45 GRAUS, DN 100 MM, PARA ESGOTO PREDIAL",Material,,UN,"1,0000000","16,44","16,44"
,,,,,,,,,
,,,,,,,,,
,,,,,,,,,
 18.1.2.3 ,Código,Banco,Descrição,Tipo,,Und,Quant.,Valor Unit,Total
Composição, 89669 ,SINAPI,"LUVA SIMPLES, PVC, SERIE R, ÁGUA PLUVIAL, DN 100 MM, JUNTA ELÁSTICA, FORNECIDO E INSTALADO EM CONDUTORES VERTICAIS DE ÁGUAS PLUVIAIS. AF_06/2022","Instalações Prediais de Águas Pluviais - Tubos, Conexões, Caixas e Ralos",,UN,"1,0000000","27,66","27,66"
Composição Auxiliar, 88248 ,SINAPI,AUXILIAR DE ENCANADOR OU BOMBEIRO HIDRÁULICO COM ENCARGOS COMPLEMENTARES,Livro SINAPI: Cálculos e Parâmetros,,H,"0,1445608","24,00","3,46"
Composição Auxiliar, 88267 ,SINAPI,ENCANADOR OU BOMBEIRO HIDRÁULICO COM ENCARGOS COMPLEMENTARES,Livro SINAPI: Cálculos e Parâmetros,,H,"0,1445608","28,49","4,11"
Insumo, 00000122 ,SINAPI,"ADESIVO PLASTICO PARA PVC, FRASCO COM *850* GR",Material,,UN,"0,0245000","49,67","1,21"
Insumo, 00000299 ,SINAPI,"ANEL BORRACHA, DN 100 MM, PARA TUBO SERIE REFORCADA ESGOTO PREDIAL",Material,,UN,"1,0000000","4,46","4,46"
Insumo, 00020078 ,SINAPI,"PASTA LUBRIFICANTE PARA TUBOS E CONEXOES COM JUNTA ELASTICA, EMBALAGEM DE *400* GR (USO EM PVC, ACO, POLIETILENO E OUTROS)",Material,,UN,"0,0575000","20,50","1,17"
Insumo, 00020083 ,SINAPI,"SOLUCAO PREPARADORA / LIMPADORA PARA PVC, FRASCO COM 1000 CM3",Material,,UN,"0,0400000","56,28","2,25"
Insumo,20170,SINAPI,"LUVA SIMPLES, PVC SERIE R, 100 MM, PARA ESGOTO PREDIAL",Material,,UN,"1,0000000","10,92","10,92"
Insumo, 00038383 ,SINAPI,"LIXA D'AGUA EM FOLHA, COR PRETA, GRAO 100",Material,,UN,"0,0510000","1,58","0,08"
,,,,,,,,,
,,,,,,,,,
,,,,,,,,,
 18.1.2.4 ,Código,Banco,Descrição,Tipo,,Und,Quant.,Valor Unit,Total
Composição, 89677 ,SINAPI,"LUVA SIMPLES, PVC, SERIE R, ÁGUA PLUVIAL, DN 150 MM, JUNTA ELÁSTICA, FORNECIDO E INSTALADO EM CONDUTORES VERTICAIS DE ÁGUAS PLUVIAIS. AF_06/2022","Instalações Prediais de Águas Pluviais - Tubos, Conexões, Caixas e Ralos",,UN,"1,0000000","66,19","66,19"
Composição Auxiliar, 88248 ,SINAPI,AUXILIAR DE ENCANADOR OU BOMBEIRO HIDRÁULICO COM ENCARGOS COMPLEMENTARES,Livro SINAPI: Cálculos e Parâmetros,,H,"0,2484642","24,00","5,96"
Composição Auxiliar, 88267 ,SINAPI,ENCANADOR OU BOMBEIRO HIDRÁULICO COM ENCARGOS COMPLEMENTARES,Livro SINAPI: Cálculos e Parâmetros,,H,"0,2484642","28,49","7,07"
Insumo, 00000122 ,SINAPI,"ADESIVO PLASTICO PARA PVC, FRASCO COM *850* GR",Material,,UN,"0,0306000","49,67","1,51"
Insumo, 00000300 ,SINAPI,"ANEL BORRACHA, DN 150 MM, PARA TUBO SERIE REFORCADA ESGOTO PREDIAL",Material,,UN,"1,0000000","15,42","15,42"
Insumo, 00020078 ,SINAPI,"PASTA LUBRIFICANTE PARA TUBOS E CONEXOES COM JUNTA ELASTICA, EMBALAGEM DE *400* GR (USO EM PVC, ACO, POLIETILENO E OUTROS)",Material,,UN,"0,0875000","20,50","1,79"
Insumo, 00020083 ,SINAPI,"SOLUCAO PREPARADORA / LIMPADORA PARA PVC, FRASCO COM 1000 CM3",Material,,UN,"0,0500000","56,28","2,81"
Insumo,20171,SINAPI,"LUVA SIMPLES, PVC SERIE R, 150 MM, PARA ESGOTO PREDIAL",Material,,UN,"1,0000000","31,50","31,50"
Insumo, 00038383 ,SINAPI,"LIXA D'AGUA EM FOLHA, COR PRETA, GRAO 100",Material,,UN,"0,0880000","1,58","0,13"
,,,,,,,,,
,,,,,,,,,
,,,,,,,,,
 18.1.2.5 ,Código,Banco,Descrição,Tipo,,Und,Quant.,Valor Unit,Total
Composição, 104167 ,SINAPI,"JOELHO 90 GRAUS, PVC, SERIE R, ÁGUA PLUVIAL, DN 150 MM, JUNTA ELÁSTICA, FORNECIDO E INSTALADO EM RAMAL DE ENCAMINHAMENTO. AF_06/2022","Instalações Prediais de Águas Pluviais - Tubos, Conexões, Caixas e Ralos",,UN,"1,0000000","107,10","107,10"
Composição Auxiliar, 88248 ,SINAPI,AUXILIAR DE ENCANADOR OU BOMBEIRO HIDRÁULICO COM ENCARGOS COMPLEMENTARES,Livro SINAPI: Cálculos e Parâmetros,,H,"0,2033068","24,00","4,87"
Composição Auxiliar, 88267 ,SINAPI,ENCANADOR OU BOMBEIRO HIDRÁULICO COM ENCARGOS COMPLEMENTARES,Livro SINAPI: Cálculos e Parâmetros,,H,"0,2033068","28,49","5,79"
Insumo, 00000300 ,SINAPI,"ANEL BORRACHA, DN 150 MM, PARA TUBO SERIE REFORCADA ESGOTO PREDIAL",Material,,UN,"2,0000000","15,42","30,84"
Insumo, 00020078 ,SINAPI,"PASTA LUBRIFICANTE PARA TUBOS E CONEXOES COM JUNTA ELASTICA, EMBALAGEM DE *400* GR (USO EM PVC, ACO, POLIETILENO E OUTROS)",Material,,UN,"0,1750000","20,50","3,58"
Insumo,20158,SINAPI,"JOELHO, PVC SERIE R, 90 GRAUS, DN 150 MM, PARA ESGOTO PREDIAL",Material,,UN,"1,0000000","62,02","62,02"
,,,,,,,,,
,,,,,,,,,
,,,,,,,,,
 18.1.2.6 ,Código,Banco,Descrição,Tipo,,Und,Quant.,Valor Unit,Total
Composição, 89495 ,SINAPI,"RALO SIFONADO, PVC, DN 100 X 40 MM, JUNTA SOLDÁVEL, FORNECIDO E INSTALADO EM RAMAIS DE ENCAMINHAMENTO DE ÁGUA PLUVIAL. AF_06/2022","Instalações Prediais de Águas Pluviais - Tubos, Conexões, Caixas e Ralos",,UN,"1,0000000","15,53","15,53"
Composição Auxiliar, 88248 ,SINAPI,AUXILIAR DE ENCANADOR OU BOMBEIRO HIDRÁULICO COM ENCARGOS COMPLEMENTARES,Livro SINAPI: Cálculos e Parâmetros,,H,"0,0886807","24,00","2,12"
Composição Auxiliar, 88267 ,SINAPI,ENCANADOR OU BOMBEIRO HIDRÁULICO COM ENCARGOS COMPLEMENTARES,Livro SINAPI: Cálculos e Parâmetros,,H,"0,0886807","28,49","2,52"
Insumo, 00000122 ,SINAPI,"ADESIVO PLASTICO PARA PVC, FRASCO COM *850* GR",Material,,UN,"0,0049000","49,67","0,24"
Insumo,11741,SINAPI,"RALO SIFONADO CILINDRICO, PVC, 100 X 40 MM, COM GRELHA REDONDA BRANCA",Material,,UN,"1,0000000","10,21","10,21"
Insumo, 00020083 ,SINAPI,"SOLUCAO PREPARADORA / LIMPADORA PARA PVC, FRASCO COM 1000 CM3",Material,,UN,"0,0075000","56,28","0,42"
Insumo, 00038383 ,SINAPI,"LIXA D'AGUA EM FOLHA, COR PRETA, GRAO 100",Material,,UN,"0,0130000","1,58","0,02"
,,,,,,,,,
,,,,,,,,,
,,,,,,,,,
 18.1.2.7 ,Código,Banco,Descrição,Tipo,,Und,Quant.,Valor Unit,Total
Composição, 103005 ,SINAPI,"CAIXA COM GRELHA RETANGULAR DE FERRO FUNDIDO, EM ALVENARIA COM TIJOLOS CERÂMICOS MACIÇOS, DIMENSÕES INTERNAS: 0,15 X 1,00 X 0,3 M. AF_08/2021","Canaletas, Grelhas e Caixas com Grelha para Drenagem",,UN,"1,0000000","463,97","463,97"
Composição Auxiliar, 101616 ,SINAPI,"PREPARO DE FUNDO DE VALA COM LARGURA MENOR QUE 1,5 M (ACERTO DO SOLO NATURAL). AF_08/2020",Escoramento e Preparo de Fundo de Valas,,m²,"0,5850000","6,80","3,97"
Composição Auxiliar, 103001 ,SINAPI,"GRELHA DE FERRO FUNDIDO SIMPLES COM REQUADRO, 150 X 1000 MM, ASSENTADA COM ARGAMASSA 1 : 3 CIMENTO: AREIA - FORNECIMENTO E INSTALAÇÃO. AF_08/2021","Canaletas, Grelhas e Caixas com Grelha para Drenagem",,UN,"1,0000000","172,86","172,86"
Composição Auxiliar, 87316 ,SINAPI,"ARGAMASSA TRAÇO 1:4 (EM VOLUME DE CIMENTO E AREIA GROSSA ÚMIDA) PARA CHAPISCO CONVENCIONAL, PREPARO MECÂNICO COM BETONEIRA 400 L. AF_08/2019",Argamassas,,m³,"0,0083000","435,01","3,61"
Composição Auxiliar, 88309 ,SINAPI,PEDREIRO COM ENCARGOS COMPLEMENTARES,Livro SINAPI: Cálculos e Parâmetros,,H,"1,5864102","29,21","46,33"
Composição Auxiliar, 88316 ,SINAPI,SERVENTE COM ENCARGOS COMPLEMENTARES,Livro SINAPI: Cálculos e Parâmetros,,H,"1,2464239","23,37","29,12"
Composição Auxiliar, 88628 ,SINAPI,"ARGAMASSA TRAÇO 1:3 (EM VOLUME DE CIMENTO E AREIA MÉDIA ÚMIDA), PREPARO MECÂNICO COM BETONEIRA 400 L. AF_08/2019",Argamassas,,m³,"0,0847000","486,40","41,19"
Composição Auxiliar, 89995 ,SINAPI,GRAUTEAMENTO DE CINTA SUPERIOR OU DE VERGA EM ALVENARIA ESTRUTURAL. AF_09/2021,Graute e Armação,,m³,"0,0200000","923,33","18,46"
Composição Auxiliar, 89998 ,SINAPI,"ARMAÇÃO DE CINTA DE ALVENARIA ESTRUTURAL; DIÂMETRO DE 10,0 MM. AF_09/2021",Graute e Armação,,KG,"1,9127000","9,27","17,73"
Composição Auxiliar, 94970 ,SINAPI,"CONCRETO FCK = 20MPA, TRAÇO 1:2,7:3 (EM MASSA SECA DE CIMENTO/ AREIA MÉDIA/ BRITA 1) - PREPARO MECÂNICO COM BETONEIRA 600 L. AF_05/2021",Produção de Concreto,,m³,"0,0896000","406,99","36,46"
Composição Auxiliar, 96536 ,SINAPI,"FABRICAÇÃO, MONTAGEM E DESMONTAGEM DE FÔRMA PARA VIGA BALDRAME, EM MADEIRA SERRADA, E=25 MM, 4 UTILIZAÇÕES. AF_01/2024","Fundações Rasas (Blocos, Sapatas, Vigas Baldrame)",,m²,"0,6200000","70,74","43,85"
Insumo, 00002692 ,SINAPI,"DESMOLDANTE PROTETOR PARA FORMAS DE MADEIRA, DE BASE OLEOSA EMULSIONADA EM AGUA",Material,,L,"0,0066000","7,96","0,05"
Insumo, 00004491 ,SINAPI,"PONTALETE *7,5 X 7,5* CM EM PINUS, MISTA OU EQUIVALENTE DA REGIAO - BRUTA",Material,,M,"0,5382000","9,17","4,93"
Insumo, 00004517 ,SINAPI,"SARRAFO *2,5 X 7,5* CM EM PINUS, MISTA OU EQUIVALENTE DA REGIAO - BRUTA",Material,,M,"0,1443000","3,21","0,46"
Insumo, 00005069 ,SINAPI,PREGO DE ACO POLIDO COM CABECA 17 X 27 (2 1/2 X 11),Material,,KG,"0,0152000","11,14","0,16"
Insumo, 00007258 ,SINAPI,TIJOLO CERAMICO MACICO COMUM DE *5 X 10 X 20* CM (L X A X C),Material,,UN,"97,3869000","0,46","44,79"
,,,,,,,,,
,,,,,,,,,
,,,,,,,,,
 18.1.3 ,,,CAIXAS,,,,,,
 18.1.3.1 ,Código,Banco,Descrição,Tipo,,Und,Quant.,Valor Unit,Total
Composição, 99253 ,SINAPI,"CAIXA ENTERRADA HIDRÁULICA RETANGULAR EM ALVENARIA COM TIJOLOS CERÂMICOS MACIÇOS, DIMENSÕES INTERNAS: 0,6X0,6X0,6 M PARA REDE DE DRENAGEM. AF_12/2020",Caixas Enterradas,,UN,"1,0000000","449,39","449,39"
Composição Auxiliar, 101616 ,SINAPI,"PREPARO DE FUNDO DE VALA COM LARGURA MENOR QUE 1,5 M (ACERTO DO SOLO NATURAL). AF_08/2020",Escoramento e Preparo de Fundo de Valas,,m²,"0,8100000","6,80","5,50"
Composição Auxiliar, 5678 ,SINAPI,"RETROESCAVADEIRA SOBRE RODAS COM CARREGADEIRA, TRAÇÃO 4X4, POTÊNCIA LÍQ. 88 HP, CAÇAMBA CARREG. CAP. MÍN. 1 M3, CAÇAMBA RETRO CAP. 0,26 M3, PESO OPERACIONAL MÍN. 6.674 KG, PROFUNDIDADE ESCAVAÇÃO MÁX. 4,37 M - CHP DIURNO. AF_06/2014",Custos Horários Produtivo e Improdutivo dos Equipamentos,,CHP,"0,0087000","130,38","1,13"
Composição Auxiliar, 5679 ,SINAPI,"RETROESCAVADEIRA SOBRE RODAS COM CARREGADEIRA, TRAÇÃO 4X4, POTÊNCIA LÍQ. 88 HP, CAÇAMBA CARREG. CAP. MÍN. 1 M3, CAÇAMBA RETRO CAP. 0,26 M3, PESO OPERACIONAL MÍN. 6.674 KG, PROFUNDIDADE ESCAVAÇÃO MÁX. 4,37 M - CHI DIURNO. AF_06/2014",Custos Horários Produtivo e Improdutivo dos Equipamentos,,CHI,"0,0178000","59,48","1,05"
Composição Auxiliar, 87316 ,SINAPI,"ARGAMASSA TRAÇO 1:4 (EM VOLUME DE CIMENTO E AREIA GROSSA ÚMIDA) PARA CHAPISCO CONVENCIONAL, PREPARO MECÂNICO COM BETONEIRA 400 L. AF_08/2019",Argamassas,,m³,"0,0148000","435,01","6,43"
Composição Auxiliar, 88309 ,SINAPI,PEDREIRO COM ENCARGOS COMPLEMENTARES,Livro SINAPI: Cálculos e Parâmetros,,H,"3,6451771","29,21","106,47"
Composição Auxiliar, 88316 ,SINAPI,SERVENTE COM ENCARGOS COMPLEMENTARES,Livro SINAPI: Cálculos e Parâmetros,,H,"2,8641084","23,37","66,93"
Composição Auxiliar, 88628 ,SINAPI,"ARGAMASSA TRAÇO 1:3 (EM VOLUME DE CIMENTO E AREIA MÉDIA ÚMIDA), PREPARO MECÂNICO COM BETONEIRA 400 L. AF_08/2019",Argamassas,,m³,"0,1156000","486,40","56,22"
Composição Auxiliar, 94970 ,SINAPI,"CONCRETO FCK = 20MPA, TRAÇO 1:2,7:3 (EM MASSA SECA DE CIMENTO/ AREIA MÉDIA/ BRITA 1) - PREPARO MECÂNICO COM BETONEIRA 600 L. AF_05/2021",Produção de Concreto,,m³,"0,0744000","406,99","30,28"
Composição Auxiliar, 97735 ,SINAPI,"PEÇA RETANGULAR PRÉ-MOLDADA, VOLUME DE CONCRETO DE 30 A 100 LITROS, TAXA DE AÇO APROXIMADA DE 30KG/M³. AF_03/2024",Estruturas Pré-Fabricadas e Pré-Moldadas,,m³,"0,0448000","2.362,25","105,82"
Insumo, 00002692 ,SINAPI,"DESMOLDANTE PROTETOR PARA FORMAS DE MADEIRA, DE BASE OLEOSA EMULSIONADA EM AGUA",Material,,L,"0,0054000","7,96","0,04"
Insumo, 00004491 ,SINAPI,"PONTALETE *7,5 X 7,5* CM EM PINUS, MISTA OU EQUIVALENTE DA REGIAO - BRUTA",Material,,M,"0,1184000","9,17","1,08"
Insumo, 00004517 ,SINAPI,"SARRAFO *2,5 X 7,5* CM EM PINUS, MISTA OU EQUIVALENTE DA REGIAO - BRUTA",Material,,M,"0,1408000","3,21","0,45"
Insumo, 00005069 ,SINAPI,PREGO DE ACO POLIDO COM CABECA 17 X 27 (2 1/2 X 11),Material,,KG,"0,0125000","11,14","0,13"
Insumo, 00006193 ,SINAPI,"TABUA NAO APARELHADA *2,5 X 20* CM, EM MACARANDUBA/MASSARANDUBA, ANGELIM OU EQUIVALENTE DA REGIAO - BRUTA",Material,,M,"0,4416000","16,39","7,23"
Insumo, 00007258 ,SINAPI,TIJOLO CERAMICO MACICO COMUM DE *5 X 10 X 20* CM (L X A X C),Material,,UN,"131,8188000","0,46","60,63"
,,,,,,,,,
,,,,,,,,,
,,,,,,,,,
 18.1.3.2 ,Código,Banco,Descrição,Tipo,,Und,Quant.,Valor Unit,Total
Composição, 97956 ,SINAPI,"CAIXA PARA BOCA DE LOBO SIMPLES RETANGULAR, EM ALVENARIA COM BLOCOS DE CONCRETO, DIMENSÕES INTERNAS: 0,6X1X1,2 M. AF_12/2020",Poços de Visita e Caixas para Bocas de Lobo,,UN,"1,0000000","1.240,88","1.240,88"
Composição Auxiliar, 101616 ,SINAPI,"PREPARO DE FUNDO DE VALA COM LARGURA MENOR QUE 1,5 M (ACERTO DO SOLO NATURAL). AF_08/2020",Escoramento e Preparo de Fundo de Valas,,m²,"1,1700000","6,80","7,95"
Composição Auxiliar, 5678 ,SINAPI,"RETROESCAVADEIRA SOBRE RODAS COM CARREGADEIRA, TRAÇÃO 4X4, POTÊNCIA LÍQ. 88 HP, CAÇAMBA CARREG. CAP. MÍN. 1 M3, CAÇAMBA RETRO CAP. 0,26 M3, PESO OPERACIONAL MÍN. 6.674 KG, PROFUNDIDADE ESCAVAÇÃO MÁX. 4,37 M - CHP DIURNO. AF_06/2014",Custos Horários Produtivo e Improdutivo dos Equipamentos,,CHP,"0,0313000","130,38","4,08"
Composição Auxiliar, 5679 ,SINAPI,"RETROESCAVADEIRA SOBRE RODAS COM CARREGADEIRA, TRAÇÃO 4X4, POTÊNCIA LÍQ. 88 HP, CAÇAMBA CARREG. CAP. MÍN. 1 M3, CAÇAMBA RETRO CAP. 0,26 M3, PESO OPERACIONAL MÍN. 6.674 KG, PROFUNDIDADE ESCAVAÇÃO MÁX. 4,37 M - CHI DIURNO. AF_06/2014",Custos Horários Produtivo e Improdutivo dos Equipamentos,,CHI,"0,0637000","59,48","3,78"
Composição Auxiliar, 87316 ,SINAPI,"ARGAMASSA TRAÇO 1:4 (EM VOLUME DE CIMENTO E AREIA GROSSA ÚMIDA) PARA CHAPISCO CONVENCIONAL, PREPARO MECÂNICO COM BETONEIRA 400 L. AF_08/2019",Argamassas,,m³,"0,0418000","435,01","18,18"
Composição Auxiliar, 88309 ,SINAPI,PEDREIRO COM ENCARGOS COMPLEMENTARES,Livro SINAPI: Cálculos e Parâmetros,,H,"6,6151357","29,21","193,22"
Composição Auxiliar, 88316 ,SINAPI,SERVENTE COM ENCARGOS COMPLEMENTARES,Livro SINAPI: Cálculos e Parâmetros,,H,"5,1976314","23,37","121,46"
Composição Auxiliar, 88628 ,SINAPI,"ARGAMASSA TRAÇO 1:3 (EM VOLUME DE CIMENTO E AREIA MÉDIA ÚMIDA), PREPARO MECÂNICO COM BETONEIRA 400 L. AF_08/2019",Argamassas,,m³,"0,4746000","486,40","230,84"
Composição Auxiliar, 89993 ,SINAPI,GRAUTEAMENTO VERTICAL EM ALVENARIA ESTRUTURAL. AF_09/2021,Graute e Armação,,m³,"0,0299000","962,86","28,78"
Composição Auxiliar, 89995 ,SINAPI,GRAUTEAMENTO DE CINTA SUPERIOR OU DE VERGA EM ALVENARIA ESTRUTURAL. AF_09/2021,Graute e Armação,,m³,"0,0615000","923,33","56,78"
Composição Auxiliar, 89996 ,SINAPI,"ARMAÇÃO VERTICAL DE ALVENARIA ESTRUTURAL; DIÂMETRO DE 10,0 MM. AF_09/2021",Graute e Armação,,KG,"0,9872000","9,85","9,72"
Composição Auxiliar, 89998 ,SINAPI,"ARMAÇÃO DE CINTA DE ALVENARIA ESTRUTURAL; DIÂMETRO DE 10,0 MM. AF_09/2021",Graute e Armação,,KG,"2,4680000","9,27","22,87"
Composição Auxiliar, 94970 ,SINAPI,"CONCRETO FCK = 20MPA, TRAÇO 1:2,7:3 (EM MASSA SECA DE CIMENTO/ AREIA MÉDIA/ BRITA 1) - PREPARO MECÂNICO COM BETONEIRA 600 L. AF_05/2021",Produção de Concreto,,m³,"0,1628000","406,99","66,25"
Composição Auxiliar, 97735 ,SINAPI,"PEÇA RETANGULAR PRÉ-MOLDADA, VOLUME DE CONCRETO DE 30 A 100 LITROS, TAXA DE AÇO APROXIMADA DE 30KG/M³. AF_03/2024",Estruturas Pré-Fabricadas e Pré-Moldadas,,m³,"0,0616000","2.362,25","145,51"
Insumo, 00000660 ,SINAPI,CANALETA DE CONCRETO 19 X 19 X 19 CM (CLASSE C - NBR 6136),Material,,UN,"21,0000000","2,92","61,32"
Insumo, 00002692 ,SINAPI,"DESMOLDANTE PROTETOR PARA FORMAS DE MADEIRA, DE BASE OLEOSA EMULSIONADA EM AGUA",Material,,L,"0,0082000","7,96","0,06"
Insumo, 00004491 ,SINAPI,"PONTALETE *7,5 X 7,5* CM EM PINUS, MISTA OU EQUIVALENTE DA REGIAO - BRUTA",Material,,M,"0,1776000","9,17","1,62"
Insumo, 00004517 ,SINAPI,"SARRAFO *2,5 X 7,5* CM EM PINUS, MISTA OU EQUIVALENTE DA REGIAO - BRUTA",Material,,M,"0,2112000","3,21","0,67"
Insumo, 00005069 ,SINAPI,PREGO DE ACO POLIDO COM CABECA 17 X 27 (2 1/2 X 11),Material,,KG,"0,0187000","11,14","0,20"
Insumo, 00006193 ,SINAPI,"TABUA NAO APARELHADA *2,5 X 20* CM, EM MACARANDUBA/MASSARANDUBA, ANGELIM OU EQUIVALENTE DA REGIAO - BRUTA",Material,,M,"0,6624000","16,39","10,85"
Insumo, 00025067 ,SINAPI,"BLOCO DE CONCRETO ESTRUTURAL 19 X 19 X 39 CM, FBK 4,5 MPA (NBR 6136)",Material,,UN,"47,1757000","4,71","222,19"
Insumo, 00043386 ,SINAPI,"MEIO-FIO OU GUIA DE CONCRETO PRE-MOLDADO, TIPO CHAPEU PARA BOCA DE LOBO,  DIMENSOES *1,20* X 0,15 X 0,30 M",Material,,UN,"1,0000000","34,55","34,55"
,,,,,,,,,
,,,,,,,,,
,,,,,,,,,
 18.1.3.3 ,Código,Banco,Descrição,Tipo,,Und,Quant.,Valor Unit,Total
Composição, 99275 ,SINAPI,"BASE PARA POÇO DE VISITA CIRCULAR PARA DRENAGEM, EM CONCRETO PRÉ-MOLDADO, DIÂMETRO INTERNO = 0,80 M, PROFUNDIDADE = 1,35 M, EXCLUINDO TAMPÃO. AF_12/2020",Poços de Visita e Caixas para Bocas de Lobo,,UN,"1,0000000","840,19","840,19"
Composição Auxiliar, 101623 ,SINAPI,"PREPARO DE FUNDO DE VALA COM LARGURA MENOR QUE 1,5 M, COM CAMADA DE BRITA, LANÇAMENTO MECANIZADO. AF_08/2020",Escoramento e Preparo de Fundo de Valas,,m³,"0,4152000","234,35","97,30"
Composição Auxiliar, 5678 ,SINAPI,"RETROESCAVADEIRA SOBRE RODAS COM CARREGADEIRA, TRAÇÃO 4X4, POTÊNCIA LÍQ. 88 HP, CAÇAMBA CARREG. CAP. MÍN. 1 M3, CAÇAMBA RETRO CAP. 0,26 M3, PESO OPERACIONAL MÍN. 6.674 KG, PROFUNDIDADE ESCAVAÇÃO MÁX. 4,37 M - CHP DIURNO. AF_06/2014",Custos Horários Produtivo e Improdutivo dos Equipamentos,,CHP,"0,2377000","130,38","30,99"
Composição Auxiliar, 5679 ,SINAPI,"RETROESCAVADEIRA SOBRE RODAS COM CARREGADEIRA, TRAÇÃO 4X4, POTÊNCIA LÍQ. 88 HP, CAÇAMBA CARREG. CAP. MÍN. 1 M3, CAÇAMBA RETRO CAP. 0,26 M3, PESO OPERACIONAL MÍN. 6.674 KG, PROFUNDIDADE ESCAVAÇÃO MÁX. 4,37 M - CHI DIURNO. AF_06/2014",Custos Horários Produtivo e Improdutivo dos Equipamentos,,CHI,"0,4845000","59,48","28,81"
Composição Auxiliar, 88309 ,SINAPI,PEDREIRO COM ENCARGOS COMPLEMENTARES,Livro SINAPI: Cálculos e Parâmetros,,H,"0,1035164","29,21","3,02"
Composição Auxiliar, 88316 ,SINAPI,SERVENTE COM ENCARGOS COMPLEMENTARES,Livro SINAPI: Cálculos e Parâmetros,,H,"0,0813394","23,37","1,90"
Composição Auxiliar, 88628 ,SINAPI,"ARGAMASSA TRAÇO 1:3 (EM VOLUME DE CIMENTO E AREIA MÉDIA ÚMIDA), PREPARO MECÂNICO COM BETONEIRA 400 L. AF_08/2019",Argamassas,,m³,"0,0569000","486,40","27,67"
Composição Auxiliar, 97738 ,SINAPI,"PEÇA CIRCULAR PRÉ-MOLDADA, VOLUME DE CONCRETO DE 10 A 30 LITROS, TAXA DE FIBRA DE POLIPROPILENO APROXIMADA DE 6 KG/M³. AF_03/2024_PS",Estruturas Pré-Fabricadas e Pré-Moldadas,,m³,"0,0221000","3.870,71","85,54"
Composição Auxiliar, 97739 ,SINAPI,"PEÇA CIRCULAR PRÉ-MOLDADA, VOLUME DE CONCRETO DE 30 A 100 LITROS, TAXA DE AÇO APROXIMADA DE 30KG/M³. AF_03/2024",Estruturas Pré-Fabricadas e Pré-Moldadas,,m³,"0,0662000","2.779,30","183,98"
Insumo, 00007258 ,SINAPI,TIJOLO CERAMICO MACICO COMUM DE *5 X 10 X 20* CM (L X A X C),Material,,UN,"31,3274000","0,46","14,41"
Insumo, 00012544 ,SINAPI,"ANEL EM CONCRETO ARMADO, LISO, PARA POCOS DE VISITAS, POCOS DE INSPECAO, FOSSAS SEPTICAS E SUMIDOUROS, SEM FUNDO, DIAMETRO INTERNO DE 0,80 M E ALTURA DE 0,50 M",Material,,UN,"1,0000000","151,99","151,99"
Insumo, 00043442 ,SINAPI,"ANEL EM CONCRETO ARMADO, LISO, PARA POCOS DE VISITAS, POCOS DE INSPECAO, FOSSAS SEPTICAS E SUMIDOUROS, COM FUNDO, DIAMETRO INTERNO DE 0,80 M E ALTURA DE 0,50 M",Material,,UN,"1,0000000","214,58","214,58"
,,,,,,,,,
,,,,,,,,,
,,,,,,,,,
 18.1.4 ,,,RALOS/CAIXA SIFONADA,,,,,,
 18.1.4.1 ,Código,Banco,Descrição,Tipo,,Und,Quant.,Valor Unit,Total
Composição, L0019 ,Próprio,"RALO SEMIESFÉRICO EM FERRO FUNDIDO, 100MM, EM CALHA DE ÁGUA PLUVIAL",SEDI - SERVIÇOS DIVERSOS,,UN,"1,0000000","37,61","37,61"
Composição Auxiliar, 88267 ,SINAPI,ENCANADOR OU BOMBEIRO HIDRÁULICO COM ENCARGOS COMPLEMENTARES,Livro SINAPI: Cálculos e Parâmetros,,H,"0,3983370","28,49","11,34"
Composição Auxiliar, 88248 ,SINAPI,AUXILIAR DE ENCANADOR OU BOMBEIRO HIDRÁULICO COM ENCARGOS COMPLEMENTARES,Livro SINAPI: Cálculos e Parâmetros,,H,"0,3983370","24,00","9,56"
Insumo,11708,SINAPI,"RALO FOFO SEMIESFERICO, 100 MM, PARA LAJES/ CALHAS",Material,,UN,"1,0000000","16,71","16,71"
,,,,,,,,,
,,,,,,,,,
,,,,,,,,,
 18.1.4.2 ,Código,Banco,Descrição,Tipo,,Und,Quant.,Valor Unit,Total
Composição, L0020 ,Próprio,"RALO SEMIESFÉRICO EM FERRO FUNDIDO, 150MM, EM CALHA DE ÁGUA PLUVIAL",SEDI - SERVIÇOS DIVERSOS,,UN,"1,0000000","60,10","60,10"
Composição Auxiliar, 88267 ,SINAPI,ENCANADOR OU BOMBEIRO HIDRÁULICO COM ENCARGOS COMPLEMENTARES,Livro SINAPI: Cálculos e Parâmetros,,H,"0,3972387","28,49","11,31"
Composição Auxiliar, 88248 ,SINAPI,AUXILIAR DE ENCANADOR OU BOMBEIRO HIDRÁULICO COM ENCARGOS COMPLEMENTARES,Livro SINAPI: Cálculos e Parâmetros,,H,"0,3972387","24,00","9,53"
Insumo,11709,SINAPI,"RALO FOFO SEMIESFERICO, 150 MM, PARA LAJES/ CALHAS",Material,,UN,"1,0000000","39,26","39,26"
,,,,,,,,,
,,,,,,,,,
,,,,,,,,,
 18.2 ,,,GRANITO/ MAPAS,,,,,,
 18.2.1 ,Código,Banco,Descrição,Tipo,,Und,Quant.,Valor Unit,Total
Composição, R0001 ,Próprio,"PRATELEIRA/TAMPO EM GRANITO CINZA OCRE, ESP= 2CM",SEDI - SERVIÇOS DIVERSOS,,m²,"1,0000000","479,76","479,76"
Composição Auxiliar, 88274 ,SINAPI,MARMORISTA/GRANITEIRO COM ENCARGOS COMPLEMENTARES,Livro SINAPI: Cálculos e Parâmetros,,H,"1,1683394","28,62","33,43"
Composição Auxiliar, 88316 ,SINAPI,SERVENTE COM ENCARGOS COMPLEMENTARES,Livro SINAPI: Cálculos e Parâmetros,,H,"0,7688335","23,37","17,96"
Insumo, 00004823 ,SINAPI,MASSA PLASTICA PARA MARMORE/GRANITO,Material,,KG,"0,5228000","38,82","20,29"
Insumo, 10090 ,ORSE,Prateleira em granito cinza andorinha esp= 2cm,Material,,m²,"1,0000000","408,08","408,08"
,,,,,,,,,
,,,,,,,,,
,,,,,,,,,
 18.2.2 ,Código,Banco,Descrição,Tipo,,Und,Quant.,Valor Unit,Total
Composição, G0004 ,Próprio,DIVISÓRIA DE GRANITO CINZA E=2cm,PARE - PAREDES/PAINEIS,,M²,"1,0000000","405,86","405,86"
Composição Auxiliar, 88309 ,SINAPI,PEDREIRO COM ENCARGOS COMPLEMENTARES,Livro SINAPI: Cálculos e Parâmetros,,H,"1,9065596","29,21","55,69"
Composição Auxiliar, 88316 ,SINAPI,SERVENTE COM ENCARGOS COMPLEMENTARES,Livro SINAPI: Cálculos e Parâmetros,,H,"3,8131194","23,37","89,11"
Insumo, 00000367 ,SINAPI,"AREIA GROSSA - POSTO JAZIDA/FORNECEDOR (RETIRADO NA JAZIDA, SEM TRANSPORTE)",Material,,m³,"0,0040000","105,35","0,42"
Insumo, 00001380 ,SINAPI,CIMENTO BRANCO NAO ESTRUTURAL (CPB - NAO ESTRUTURAL),Material,,KG,"0,7000000","3,86","2,70"
Insumo, 00001379 ,SINAPI,CIMENTO PORTLAND COMPOSTO CP II-32,Material,,KG,"1,6000000","0,58","0,92"
Insumo, I1621 ,SEINFRA,PERFIL BATENTE DE AÇO (14/24)X44MM CHAPA 20 (DIVISÓRIA),Material,,KG,"1,3000000","3,22","4,18"
Insumo, I7895 ,SEINFRA,DIVISÓRIA DE GRANITO CINZA E=2cm,Material,,m²,"1,0000000","252,84","252,84"
,,,,,,,,,
,,,,,,,,,
,,,,,,,,,
 18.2.3 ,Código,Banco,Descrição,Tipo,,Und,Quant.,Valor Unit,Total
Composição, R0051 ,Próprio,"MAPA TÁTIL EM ACRÍLICO MEDINDO 70 X 50CM, COM SUPORTE EM CHAPA EM  FERRO E TUBO DE FERRO GALVANIZADO 40 MM",SEDI - SERVIÇOS DIVERSOS,,UNID,"1,0000000","1.511,87","1.511,87"
Composição Auxiliar, 88315 ,SINAPI,SERRALHEIRO COM ENCARGOS COMPLEMENTARES,Livro SINAPI: Cálculos e Parâmetros,,H,"0,6814756","29,01","19,76"
Composição Auxiliar, 88251 ,SINAPI,AUXILIAR DE SERRALHEIRO COM ENCARGOS COMPLEMENTARES,Livro SINAPI: Cálculos e Parâmetros,,H,"0,5592699","24,55","13,73"
Insumo, 00001321 ,SINAPI,"CHAPA DE ACO FINA A QUENTE BITOLA MSG 13, E = 2,25 MM (18,00 KG/M2)",Material,,KG,"4,5000000","7,34","33,03"
Insumo, 9092 ,ORSE,Mapa Tátil em acrílico 70 x 50cm,Material,,un,"1,0000000","1.386,19","1.386,19"
Insumo, 00007568 ,SINAPI,"BUCHA DE NYLON SEM ABA S10, COM PARAFUSO DE 6,10 X 65 MM EM ACO ZINCADO COM ROSCA SOBERBA, CABECA CHATA E FENDA PHILLIPS",Material,,UN,"3,2730000","0,74","2,42"
Insumo, 00011002 ,SINAPI,"ELETRODO REVESTIDO AWS - E6013, DIAMETRO IGUAL A 2,50 MM",Material,,KG,"0,0040000","37,09","0,14"
Insumo, 00021012 ,SINAPI,"TUBO ACO GALVANIZADO COM COSTURA, CLASSE LEVE, DN 40 MM (1 1/2""), E = 3,00 MM, *3,48* KG/M (NBR 5580)",Material,,M,"1,0290000","41,89","43,10"
Insumo, 00004791 ,SINAPI,ADESIVO ACRILICO DE BASE AQUOSA / COLA DE CONTATO,Material,,KG,"0,3300000","40,91","13,50"
,,,,,,,,,
,,,,,,,,,
,,,,,,,,,
 18.2.4 ,Código,Banco,Descrição,Tipo,,Und,Quant.,Valor Unit,Total
Composição, 98685 ,SINAPI,"RODAPÉ EM GRANITO, ALTURA 10 CM. AF_09/2020",Pisos,,M,"1,0000000","57,09","57,09"
Composição Auxiliar, 88274 ,SINAPI,MARMORISTA/GRANITEIRO COM ENCARGOS COMPLEMENTARES,Livro SINAPI: Cálculos e Parâmetros,,H,"0,2357186","28,62","6,74"
Composição Auxiliar, 88316 ,SINAPI,SERVENTE COM ENCARGOS COMPLEMENTARES,Livro SINAPI: Cálculos e Parâmetros,,H,"0,1182534","23,37","2,76"
Insumo, 00020231 ,SINAPI,"RODAPE OU RODABANCADA EM GRANITO, POLIDO, TIPO ANDORINHA/ QUARTZ/ CASTELO/ CORUMBA OU OUTROS EQUIVALENTES DA REGIAO, H= 10 CM, E= *2,0* CM",Material,,M,"1,0400000","42,86","44,57"
Insumo, 00034357 ,SINAPI,"REJUNTE CIMENTICIO, QUALQUER COR",Material,,KG,"0,1200000","5,30","0,63"
Insumo, 00037595 ,SINAPI,ARGAMASSA COLANTE TIPO AC III,Material,,KG,"0,8614000","2,78","2,39"
,,,,,,,,,
,,,,,,,,,
,,,,,,,,,
 18.2.5 ,Código,Banco,Descrição,Tipo,,Und,Quant.,Valor Unit,Total
Composição, R0006 ,Próprio,FILETE DE 4 CM EM GRANITO CINZA OCRE,SEDI - SERVIÇOS DIVERSOS,,M,"1,0000000","56,38","56,38"
Composição Auxiliar, 88309 ,SINAPI,PEDREIRO COM ENCARGOS COMPLEMENTARES,Livro SINAPI: Cálculos e Parâmetros,,H,"0,2354384","29,21","6,87"
Insumo, 00004823 ,SINAPI,MASSA PLASTICA PARA MARMORE/GRANITO,Material,,KG,"0,0692000","38,82","2,68"
Insumo, 7480 ,ORSE,"Filete em granito cinza andorinha, l=4 cm, e= 2 cm, com acabamento aboleado",Material,,m,"1,0300000","45,47","46,83"
,,,,,,,,,
,,,,,,,,,
,,,,,,,,,
 18.2.6 ,Código,Banco,Descrição,Tipo,,Und,Quant.,Valor Unit,Total
Composição, R0003 ,Próprio,"CANTONEIRA DE AÇO DE ABAS IGUAIS DE 1.1/2"" E ESPESSURA DE 1/8"" PARA  FIXAÇÃO EM PAREDE",SEDI - SERVIÇOS DIVERSOS,,M,"1,0000000","23,12","23,12"
Composição Auxiliar, 88309 ,SINAPI,PEDREIRO COM ENCARGOS COMPLEMENTARES,Livro SINAPI: Cálculos e Parâmetros,,H,"0,1981598","29,21","5,78"
Composição Auxiliar, 88316 ,SINAPI,SERVENTE COM ENCARGOS COMPLEMENTARES,Livro SINAPI: Cálculos e Parâmetros,,H,"0,1981598","23,37","4,63"
Composição Auxiliar, 88628 ,SINAPI,"ARGAMASSA TRAÇO 1:3 (EM VOLUME DE CIMENTO E AREIA MÉDIA ÚMIDA), PREPARO MECÂNICO COM BETONEIRA 400 L. AF_08/2019",Argamassas,,m³,"0,0020000","486,40","0,97"
Insumo, 00004777 ,SINAPI,"CANTONEIRA ACO ABAS IGUAIS (QUALQUER BITOLA), ESPESSURA ENTRE 1/8"" E 1/4""",Material,,KG,"1,8300000","6,42","11,74"
,,,,,,,,,
,,,,,,,,,
,,,,,,,,,
 18.3 ,,,ANDAIME,,,,,,
 18.3.1 ,Código,Banco,Descrição,Tipo,,Und,Quant.,Valor Unit,Total
Composição, Q0002 ,Próprio,ANDAIME METÁLICO FACHADEIRO COM PISO METÁLICO DE ENCAIXE P/ FACHADAS-LOCAÇÃO MENSAL,PINT - PINTURAS,,M2XMÊS,"1,0000000","6,49","6,49"
Composição Auxiliar, 88278 ,SINAPI,MONTADOR DE ESTRUTURA METÁLICA COM ENCARGOS COMPLEMENTARES,Livro SINAPI: Cálculos e Parâmetros,,H,"0,0637863","25,38","1,61"
Composição Auxiliar, 88316 ,SINAPI,SERVENTE COM ENCARGOS COMPLEMENTARES,Livro SINAPI: Cálculos e Parâmetros,,H,"0,1275725","23,37","2,98"
Insumo, I0068 ,SEINFRA,"ANDAIME METALICO DE FACHADA, INCLUSIVE TODOS OS ITENS NECESSÁRIOS À MONTAGEM (NÃO INCLUI INSTALAÇÃO) - LOCAÇÃO MENSAL",Material,,m²,"1,0300000","1,85","1,90"
,,,,,,,,,
,,,,,,,,,
,,,,,,,,,
 18.4 ,,,LIMPEZA,,,,,,
 18.4.1 ,Código,Banco,Descrição,Tipo,,Und,Quant.,Valor Unit,Total
Composição, 99806 ,SINAPI,LIMPEZA DE REVESTIMENTO CERÂMICO EM PAREDE COM PANO ÚMIDO AF_04/2019,Limpeza de Obra,,m²,"1,0000000","0,74","0,74"
Composição Auxiliar, 88316 ,SINAPI,SERVENTE COM ENCARGOS COMPLEMENTARES,Livro SINAPI: Cálculos e Parâmetros,,H,"0,0318956","23,37","0,74"
,,,,,,,,,
,,,,,,,,,
,,,,,,,,,
 18.4.2 ,Código,Banco,Descrição,Tipo,,Und,Quant.,Valor Unit,Total
Composição, 99803 ,SINAPI,LIMPEZA DE PISO CERÂMICO OU PORCELANATO COM PANO ÚMIDO. AF_04/2019,Limpeza de Obra,,m²,"1,0000000","1,80","1,80"
Composição Auxiliar, 88316 ,SINAPI,SERVENTE COM ENCARGOS COMPLEMENTARES,Livro SINAPI: Cálculos e Parâmetros,,H,"0,0772678","23,37","1,80"
,,,,,,,,,
,,,,,,,,,
,,,,,,,,,
 18.5 ,,,CERCAMENTO,,,,,,
 18.5.1 ,Código,Banco,Descrição,Tipo,,Und,Quant.,Valor Unit,Total
Composição, 98522 ,SINAPI,"ALAMBRADO EM MOURÕES DE CONCRETO, COM TELA DE ARAME GALVANIZADO (INCLUSIVE MURETA EM CONCRETO). AF_05/2018","Cercas, Protetores e Alambrados",,M,"1,0000000","130,35","130,35"
Composição Auxiliar, 88309 ,SINAPI,PEDREIRO COM ENCARGOS COMPLEMENTARES,Livro SINAPI: Cálculos e Parâmetros,,H,"0,8837457","29,21","25,81"
Composição Auxiliar, 88316 ,SINAPI,SERVENTE COM ENCARGOS COMPLEMENTARES,Livro SINAPI: Cálculos e Parâmetros,,H,"0,8837457","23,37","20,65"
Composição Auxiliar, 94974 ,SINAPI,"CONCRETO MAGRO PARA LASTRO, TRAÇO 1:4,5:4,5 (EM MASSA SECA DE CIMENTO/ AREIA MÉDIA/ BRITA 1) - PREPARO MANUAL. AF_05/2021",Produção de Concreto,,m³,"0,0145000","416,89","6,04"
Insumo, 00004107 ,SINAPI,"MOURAO DE CONCRETO RETO, SECAO QUADRADA *10 X 10* CM, H= *2,30* M",Material,,UN,"0,3846000","46,99","18,07"
Insumo, 00004417 ,SINAPI,"SARRAFO NAO APARELHADO *2,5 X 7* CM, EM MACARANDUBA/MASSARANDUBA, ANGELIM, PEROBA-ROSA OU EQUIVALENTE DA REGIAO - BRUTA",Material,,M,"0,0880000","6,31","0,55"
Insumo, 00004460 ,SINAPI,"SARRAFO NAO APARELHADO *2,5 X 10* CM, EM MACARANDUBA/MASSARANDUBA, ANGELIM OU EQUIVALENTE DA REGIAO - BRUTA",Material,,M,"2,2000000","8,18","17,99"
Insumo, 00010937 ,SINAPI,"TELA DE ARAME GALVANIZADA REVESTIDA EM PVC, QUADRANGULAR / LOSANGULAR, FIO 2,11 MM (14 BWG), BITOLA FINAL = *2,8* MM, MALHA *8 X 8* CM, H = 2 M",Material,,m²,"1,9231000","21,06","40,50"
Insumo, 00043130 ,SINAPI,"ARAME GALVANIZADO 12 BWG, D = 2,76 MM (0,048 KG/M) OU 14 BWG, D = 2,11 MM (0,026 KG/M)",Material,,KG,"0,0586000","12,66","0,74"
,,,,,,,,,
,,,,,,,,,
,,,,,,,,,
 18.5.2 ,Código,Banco,Descrição,Tipo,,Und,Quant.,Valor Unit,Total
Composição, 101199 ,SINAPI,"CERCA COM MOURÕES DE CONCRETO, SEÇÃO ""T"" PONTA INCLINADA, 10X10CM, ESPAÇAMENTO DE 2,5M, CRAVADOS 0,5M, COM 11 FIOS DE ARAME MISTO - FORNECIMENTO E INSTALAÇÃO. AF_05/2020","Cercas, Protetores e Alambrados",,M,"1,0000000","69,93","69,93"
Composição Auxiliar, 88309 ,SINAPI,PEDREIRO COM ENCARGOS COMPLEMENTARES,Livro SINAPI: Cálculos e Parâmetros,,H,"0,6777419","29,21","19,79"
Composição Auxiliar, 88316 ,SINAPI,SERVENTE COM ENCARGOS COMPLEMENTARES,Livro SINAPI: Cálculos e Parâmetros,,H,"0,6777419","23,37","15,83"
Composição Auxiliar, 94962 ,SINAPI,"CONCRETO MAGRO PARA LASTRO, TRAÇO 1:4,5:4,5 (EM MASSA SECA DE CIMENTO/ AREIA MÉDIA/ BRITA 1) - PREPARO MECÂNICO COM BETONEIRA 400 L. AF_05/2021",Produção de Concreto,,m³,"0,0090000","337,03","3,03"
Insumo, 00000339 ,SINAPI,"ARAME FARPADO GALVANIZADO, 14 BWG (2,11 MM), CLASSE 250",Material,,M,"5,0000000","0,77","3,85"
Insumo, 00000346 ,SINAPI,"ARAME DE ACO OVALADO 15 X 17 (45,7 KG, 700 KGF), ROLO 1000 M",Material,,KG,"0,2700000","14,99","4,04"
Insumo, 00004114 ,SINAPI,"MOURAO CONCRETO CURVO, SECAO ""T"", H = 2,80 M + CURVA COM 0,45 M, COM FUROS PARA FIOS",Material,,UN,"0,4000000","55,98","22,39"
Insumo, 00043130 ,SINAPI,"ARAME GALVANIZADO 12 BWG, D = 2,76 MM (0,048 KG/M) OU 14 BWG, D = 2,11 MM (0,026 KG/M)",Material,,KG,"0,0790000","12,66","1,00"
,,,,,,,,,
,,,,,,,,,
,,,,,,,,,
 18.6 ,,,POÇO PROFUNDO,,,,,,
 18.6.1 ,Código,Banco,Descrição,Tipo,,Und,Quant.,Valor Unit,Total
Composição, R0038 ,Próprio,"SERVIÇO DE PERFURAÇÃO DE POÇO COM 200 M DE PROFUNDIDADE USANDO O
MÉTODO À PERCUSSÃO COM BROCA DE 12”",SEDI - SERVIÇOS DIVERSOS,,M,"1,0000000","254,89","254,89"
Insumo, 5058 ,ORSE,"Perfuração rocha sedimentar sedimento / camadas inconsolidadas dn 12.1/2"" - poço de 150 a 250m",Serviços,,m,"1,0000000","254,89","254,89"
,,,,,,,,,
,,,,,,,,,
,,,,,,,,,
 18.6.2 ,Código,Banco,Descrição,Tipo,,Und,Quant.,Valor Unit,Total
Composição, R0039 ,Próprio,"SERVIÇO DE REVESTIMENTO EM TUBO DE PVC GEOMECÂNICO NERVURADO
RÍGIDO DE 8""",SEDI - SERVIÇOS DIVERSOS,,M,"1,0000000","210,19","210,19"
Insumo, 00009853 ,SINAPI,"TUBO PVC DE REVESTIMENTO GEOMECANICO NERVURADO REFORCADO, DN = 200 MM, COMPRIMENTO = 2 M",Material,,M,"1,0000000","210,19","210,19"
,,,,,,,,,
,,,,,,,,,
,,,,,,,,,
 18.6.3 ,Código,Banco,Descrição,Tipo,,Und,Quant.,Valor Unit,Total
Composição, R0040 ,Próprio,"SERVIÇO DE REVESTIMENTO EM FILTRO DE PVC GEOMECÂNICO NERVURADO
RÍGIDO DE 8""",SEDI - SERVIÇOS DIVERSOS,,M,"1,0000000","317,50","317,50"
Insumo, 5092 ,ORSE,Revestimento filtro pvc geomecânico reforçado dn 200mm,Serviços,,m,"1,0000000","317,50","317,50"
,,,,,,,,,
,,,,,,,,,
,,,,,,,,,
 18.6.4 ,Código,Banco,Descrição,Tipo,,Und,Quant.,Valor Unit,Total
Composição, R0041 ,Próprio,COLOCAÇÃO DE PRÉ-FILTRO E CASCALHO SELECIONADO,SEDI - SERVIÇOS DIVERSOS,,M,"1,0000000","289,41","289,41"
Composição Auxiliar, 88309 ,SINAPI,PEDREIRO COM ENCARGOS COMPLEMENTARES,Livro SINAPI: Cálculos e Parâmetros,,H,"0,7753030","29,21","22,64"
Insumo, 546 ,ORSE,Cascalho (piçarra branca),Material,,m³,"1,0000000","57,45","57,45"
Insumo, 13742 ,ORSE,Colocação Pré-filtro comum - Unidade Rotativa até 250m,Serviços,,m³,"1,0000000","209,32","209,32"
,,,,,,,,,
,,,,,,,,,
,,,,,,,,,
 18.6.5 ,Código,Banco,Descrição,Tipo,,Und,Quant.,Valor Unit,Total
Composição, R0045 ,Próprio,"CENTRALIZADOR EM BARRA CHATA 1""",SEDI - SERVIÇOS DIVERSOS,,UN,"1,0000000","79,62","79,62"
Composição Auxiliar, 88317 ,SINAPI,SOLDADOR COM ENCARGOS COMPLEMENTARES,Livro SINAPI: Cálculos e Parâmetros,,H,"1,5955146","29,95","47,78"
Composição Auxiliar, 88251 ,SINAPI,AUXILIAR DE SERRALHEIRO COM ENCARGOS COMPLEMENTARES,Livro SINAPI: Cálculos e Parâmetros,,H,"0,7977573","24,55","19,58"
Insumo, 2545 ,ORSE,"Barra chata de ferro 1""x1/4""  (1,27 kg/m)",Material,,m,"1,2000000","10,22","12,26"
,,,,,,,,,
,,,,,,,,,
,,,,,,,,,
 18.6.6 ,Código,Banco,Descrição,Tipo,,Und,Quant.,Valor Unit,Total
Composição, R0042 ,Próprio,"TESTE DE BOMBEAMENTO, DESENVOLVIMENTO E VAZÃO",SEDI - SERVIÇOS DIVERSOS,,M,"1,0000000","3.997,09","3.997,09"
Composição Auxiliar, 88264 ,SINAPI,ELETRICISTA COM ENCARGOS COMPLEMENTARES,Livro SINAPI: Cálculos e Parâmetros,,H,"0,4787798","29,57","14,15"
Composição Auxiliar, 88247 ,SINAPI,AUXILIAR DE ELETRICISTA COM ENCARGOS COMPLEMENTARES,Livro SINAPI: Cálculos e Parâmetros,,H,"0,0312643","24,99","0,78"
Insumo, 5032 ,ORSE,Ensaio de vazão com bomba submersa,Serviços,,h,"8,0000000","497,77","3.982,16"
,,,,,,,,,
,,,,,,,,,
,,,,,,,,,
 18.6.7 ,Código,Banco,Descrição,Tipo,,Und,Quant.,Valor Unit,Total
Composição, R0043 ,Próprio,"FORNECIMENTO E INSTALAÇÃO DE BOMBA SUBMERSA DE 25 HP, COM VAZÃO
ESTIMADA DE 18 M3/H E ALTURA MANOMÉTRICA DE 252,90M",SEDI - SERVIÇOS DIVERSOS,,UN,"1,0000000","30.040,29","30.040,29"
Composição Auxiliar, 88264 ,SINAPI,ELETRICISTA COM ENCARGOS COMPLEMENTARES,Livro SINAPI: Cálculos e Parâmetros,,H,"4,8981666","29,57","144,83"
Composição Auxiliar, 88247 ,SINAPI,AUXILIAR DE ELETRICISTA COM ENCARGOS COMPLEMENTARES,Livro SINAPI: Cálculos e Parâmetros,,H,"1,2245417","24,99","30,60"
Insumo, 00000755 ,SINAPI,"BOMBA SUBMERSA PARA POCOS TUBULARES PROFUNDOS DIAMETRO DE 6 POLEGADAS, ELETRICA, TRIFASICA, POTENCIA 27,12 HP, 7 ESTAGIOS, BOCAL DE DESCARGA DIAMETRO DE 4 POLEGADAS, HM/Q = 13,9 M / 90 M3/H A 44,0 M / 25,0 M3/H",Equipamento para Aquisição Permanente,,UN,"1,0000000","29.864,86","29.864,86"
,,,,,,,,,
,,,,,,,,,
,,,,,,,,,
 18.6.8 ,Código,Banco,Descrição,Tipo,,Und,Quant.,Valor Unit,Total
Composição, R0044 ,Próprio,FORNECIMENTO E INSTALAÇÃO DE CHAVE DE PARTIDA DA BOMBA SOFT START,SEDI - SERVIÇOS DIVERSOS,,UN,"1,0000000","2.218,59","2.218,59"
Composição Auxiliar, 88264 ,SINAPI,ELETRICISTA COM ENCARGOS COMPLEMENTARES,Livro SINAPI: Cálculos e Parâmetros,,H,"1,4679455","29,57","43,40"
Composição Auxiliar, 88247 ,SINAPI,AUXILIAR DE ELETRICISTA COM ENCARGOS COMPLEMENTARES,Livro SINAPI: Cálculos e Parâmetros,,H,"0,7339726","24,99","18,34"
Insumo, PP26 ,Próprio,"CHAVE DE PARTIDA SOFT STARTER, TRIFÁSICA, 380V, 45A, MARCA WEG OU SIMILAR",Material,,UN,"1,0000000","2.156,85","2.156,85"
,,,,,,,,,
,,,,,,,,,
,,,,,,,,,
 19 ,,,PAISAGISMO/URBANIZAÇÃO,,,,,,
 19.1 ,,,PASSEIO/ BLOQUETES/ MEIO-FIO,,,,,,
 19.1.1 ,Código,Banco,Descrição,Tipo,,Und,Quant.,Valor Unit,Total
Composição, 94993 ,SINAPI,"EXECUÇÃO DE PASSEIO (CALÇADA) OU PISO DE CONCRETO COM CONCRETO MOLDADO IN LOCO, USINADO, ACABAMENTO CONVENCIONAL, ESPESSURA 6 CM, ARMADO. AF_08/2022",Passeios de Concreto,,m²,"1,0000000","57,06","57,06"
Composição Auxiliar, 88262 ,SINAPI,CARPINTEIRO DE FORMAS COM ENCARGOS COMPLEMENTARES,Livro SINAPI: Cálculos e Parâmetros,,H,"0,0764155","28,79","2,20"
Composição Auxiliar, 88309 ,SINAPI,PEDREIRO COM ENCARGOS COMPLEMENTARES,Livro SINAPI: Cálculos e Parâmetros,,H,"0,0569201","29,21","1,66"
Composição Auxiliar, 88316 ,SINAPI,SERVENTE COM ENCARGOS COMPLEMENTARES,Livro SINAPI: Cálculos e Parâmetros,,H,"0,1334137","23,37","3,11"
Insumo, 00004517 ,SINAPI,"SARRAFO *2,5 X 7,5* CM EM PINUS, MISTA OU EQUIVALENTE DA REGIAO - BRUTA",Material,,M,"0,4500000","3,21","1,44"
Insumo, 00005068 ,SINAPI,PREGO DE ACO POLIDO COM CABECA 17 X 21 (2 X 11),Material,,KG,"0,0240000","10,93","0,26"
Insumo, 00007156 ,SINAPI,"TELA DE ACO SOLDADA NERVURADA, CA-60, Q-196, (3,11 KG/M2), DIAMETRO DO FIO = 5,0 MM, LARGURA = 2,45 M, ESPACAMENTO DA MALHA = 10 X 10 CM",Material,,m²,"1,0816000","18,78","20,31"
Insumo, 00034492 ,SINAPI,"CONCRETO USINADO BOMBEAVEL, CLASSE DE RESISTENCIA C20, COM BRITA 0 E 1, SLUMP = 100 +/- 20 MM, EXCLUI SERVICO DE BOMBEAMENTO (NBR 8953)",Material,,m³,"0,0739000","380,00","28,08"
,,,,,,,,,
,,,,,,,,,
,,,,,,,,,
 19.1.2 ,Código,Banco,Descrição,Tipo,,Und,Quant.,Valor Unit,Total
Composição, 94265 ,SINAPI,"GUIA (MEIO-FIO) CONCRETO, MOLDADA IN LOCO EM TRECHO RETO COM EXTRUSORA, 15 CM BASE X 30 CM ALTURA. AF_01/2024",Guias e sarjetas,,M,"1,0000000","37,55","37,55"
Composição Auxiliar, 88243 ,SINAPI,AJUDANTE ESPECIALIZADO COM ENCARGOS COMPLEMENTARES,Livro SINAPI: Cálculos e Parâmetros,,H,"0,0784877","23,57","1,84"
Composição Auxiliar, 88309 ,SINAPI,PEDREIRO COM ENCARGOS COMPLEMENTARES,Livro SINAPI: Cálculos e Parâmetros,,H,"0,1712172","29,21","5,00"
Composição Auxiliar, 88316 ,SINAPI,SERVENTE COM ENCARGOS COMPLEMENTARES,Livro SINAPI: Cálculos e Parâmetros,,H,"0,3424344","23,37","8,00"
Composição Auxiliar, 88631 ,SINAPI,"ARGAMASSA TRAÇO 1:4 (EM VOLUME DE CIMENTO E AREIA MÉDIA ÚMIDA), PREPARO MANUAL. AF_08/2019",Argamassas,,m³,"0,0022000","539,26","1,18"
Composição Auxiliar, 92960 ,SINAPI,"MÁQUINA EXTRUSORA DE CONCRETO PARA GUIAS E SARJETAS, MOTOR A DIESEL, POTÊNCIA 14 CV - CHP DIURNO. AF_12/2015",Custos Horários Produtivo e Improdutivo dos Equipamentos,,CHP,"0,0165000","16,05","0,26"
Composição Auxiliar, 92961 ,SINAPI,"MÁQUINA EXTRUSORA DE CONCRETO PARA GUIAS E SARJETAS, MOTOR A DIESEL, POTÊNCIA 14 CV - CHI DIURNO. AF_12/2015",Custos Horários Produtivo e Improdutivo dos Equipamentos,,CHI,"0,0827000","4,19","0,34"
Insumo, 00000370 ,SINAPI,"AREIA MEDIA - POSTO JAZIDA/FORNECEDOR (RETIRADO NA JAZIDA, SEM TRANSPORTE)",Material,,m³,"0,0066000","104,00","0,68"
Insumo, 00034492 ,SINAPI,"CONCRETO USINADO BOMBEAVEL, CLASSE DE RESISTENCIA C20, COM BRITA 0 E 1, SLUMP = 100 +/- 20 MM, EXCLUI SERVICO DE BOMBEAMENTO (NBR 8953)",Material,,m³,"0,0533000","380,00","20,25"
,,,,,,,,,
,,,,,,,,,
,,,,,,,,,
 19.1.3 ,Código,Banco,Descrição,Tipo,,Und,Quant.,Valor Unit,Total
Composição, 94266 ,SINAPI,"GUIA (MEIO-FIO) CONCRETO, MOLDADA IN LOCO EM TRECHO CURVO COM EXTRUSORA, 15 CM BASE X 30 CM ALTURA. AF_01/2024",Guias e sarjetas,,M,"1,0000000","41,96","41,96"
Composição Auxiliar, 88243 ,SINAPI,AJUDANTE ESPECIALIZADO COM ENCARGOS COMPLEMENTARES,Livro SINAPI: Cálculos e Parâmetros,,H,"0,1194398","23,57","2,81"
Composição Auxiliar, 88309 ,SINAPI,PEDREIRO COM ENCARGOS COMPLEMENTARES,Livro SINAPI: Cálculos e Parâmetros,,H,"0,2123287","29,21","6,20"
Composição Auxiliar, 88316 ,SINAPI,SERVENTE COM ENCARGOS COMPLEMENTARES,Livro SINAPI: Cálculos e Parâmetros,,H,"0,4246575","23,37","9,92"
Composição Auxiliar, 88631 ,SINAPI,"ARGAMASSA TRAÇO 1:4 (EM VOLUME DE CIMENTO E AREIA MÉDIA ÚMIDA), PREPARO MANUAL. AF_08/2019",Argamassas,,m³,"0,0022000","539,26","1,18"
Composição Auxiliar, 92960 ,SINAPI,"MÁQUINA EXTRUSORA DE CONCRETO PARA GUIAS E SARJETAS, MOTOR A DIESEL, POTÊNCIA 14 CV - CHP DIURNO. AF_12/2015",Custos Horários Produtivo e Improdutivo dos Equipamentos,,CHP,"0,0251000","16,05","0,40"
Composição Auxiliar, 92961 ,SINAPI,"MÁQUINA EXTRUSORA DE CONCRETO PARA GUIAS E SARJETAS, MOTOR A DIESEL, POTÊNCIA 14 CV - CHI DIURNO. AF_12/2015",Custos Horários Produtivo e Improdutivo dos Equipamentos,,CHI,"0,1256000","4,19","0,52"
Insumo, 00000370 ,SINAPI,"AREIA MEDIA - POSTO JAZIDA/FORNECEDOR (RETIRADO NA JAZIDA, SEM TRANSPORTE)",Material,,m³,"0,0066000","104,00","0,68"
Insumo, 00034492 ,SINAPI,"CONCRETO USINADO BOMBEAVEL, CLASSE DE RESISTENCIA C20, COM BRITA 0 E 1, SLUMP = 100 +/- 20 MM, EXCLUI SERVICO DE BOMBEAMENTO (NBR 8953)",Material,,m³,"0,0533000","380,00","20,25"
,,,,,,,,,
,,,,,,,,,
,,,,,,,,,
 19.1.4 ,Código,Banco,Descrição,Tipo,,Und,Quant.,Valor Unit,Total
Composição, 94267 ,SINAPI,"GUIA (MEIO-FIO) E SARJETA CONJUGADOS DE CONCRETO, MOLDADA IN LOCO EM TRECHO RETO COM EXTRUSORA, 45 CM BASE (15 CM BASE DA GUIA + 30 CM BASE DA SARJETA) X 22 CM ALTURA. AF_01/2024",Guias e sarjetas,,M,"1,0000000","45,11","45,11"
Composição Auxiliar, 88243 ,SINAPI,AJUDANTE ESPECIALIZADO COM ENCARGOS COMPLEMENTARES,Livro SINAPI: Cálculos e Parâmetros,,H,"0,0860914","23,57","2,02"
Composição Auxiliar, 88309 ,SINAPI,PEDREIRO COM ENCARGOS COMPLEMENTARES,Livro SINAPI: Cálculos e Parâmetros,,H,"0,1784054","29,21","5,21"
Composição Auxiliar, 88316 ,SINAPI,SERVENTE COM ENCARGOS COMPLEMENTARES,Livro SINAPI: Cálculos e Parâmetros,,H,"0,3568107","23,37","8,33"
Composição Auxiliar, 88631 ,SINAPI,"ARGAMASSA TRAÇO 1:4 (EM VOLUME DE CIMENTO E AREIA MÉDIA ÚMIDA), PREPARO MANUAL. AF_08/2019",Argamassas,,m³,"0,0033000","539,26","1,77"
Composição Auxiliar, 92960 ,SINAPI,"MÁQUINA EXTRUSORA DE CONCRETO PARA GUIAS E SARJETAS, MOTOR A DIESEL, POTÊNCIA 14 CV - CHP DIURNO. AF_12/2015",Custos Horários Produtivo e Improdutivo dos Equipamentos,,CHP,"0,0182000","16,05","0,29"
Composição Auxiliar, 92961 ,SINAPI,"MÁQUINA EXTRUSORA DE CONCRETO PARA GUIAS E SARJETAS, MOTOR A DIESEL, POTÊNCIA 14 CV - CHI DIURNO. AF_12/2015",Custos Horários Produtivo e Improdutivo dos Equipamentos,,CHI,"0,0911000","4,19","0,38"
Insumo, 00000370 ,SINAPI,"AREIA MEDIA - POSTO JAZIDA/FORNECEDOR (RETIRADO NA JAZIDA, SEM TRANSPORTE)",Material,,m³,"0,0149000","104,00","1,54"
Insumo, 00034492 ,SINAPI,"CONCRETO USINADO BOMBEAVEL, CLASSE DE RESISTENCIA C20, COM BRITA 0 E 1, SLUMP = 100 +/- 20 MM, EXCLUI SERVICO DE BOMBEAMENTO (NBR 8953)",Material,,m³,"0,0673000","380,00","25,57"
,,,,,,,,,
,,,,,,,,,
,,,,,,,,,
 19.1.5 ,Código,Banco,Descrição,Tipo,,Und,Quant.,Valor Unit,Total
Composição, 94268 ,SINAPI,"GUIA (MEIO-FIO) E SARJETA CONJUGADOS DE CONCRETO, MOLDADA IN LOCO EM TRECHO CURVO COM EXTRUSORA, 45 CM BASE (15 CM BASE DA GUIA + 30 CM BASE DA SARJETA) X 22 CM ALTURA. AF_01/2024",Guias e sarjetas,,M,"1,0000000","49,97","49,97"
Composição Auxiliar, 88243 ,SINAPI,AJUDANTE ESPECIALIZADO COM ENCARGOS COMPLEMENTARES,Livro SINAPI: Cálculos e Parâmetros,,H,"0,1312088","23,57","3,09"
Composição Auxiliar, 88309 ,SINAPI,PEDREIRO COM ENCARGOS COMPLEMENTARES,Livro SINAPI: Cálculos e Parâmetros,,H,"0,2238453","29,21","6,53"
Composição Auxiliar, 88316 ,SINAPI,SERVENTE COM ENCARGOS COMPLEMENTARES,Livro SINAPI: Cálculos e Parâmetros,,H,"0,4476907","23,37","10,46"
Composição Auxiliar, 88631 ,SINAPI,"ARGAMASSA TRAÇO 1:4 (EM VOLUME DE CIMENTO E AREIA MÉDIA ÚMIDA), PREPARO MANUAL. AF_08/2019",Argamassas,,m³,"0,0033000","539,26","1,77"
Composição Auxiliar, 92960 ,SINAPI,"MÁQUINA EXTRUSORA DE CONCRETO PARA GUIAS E SARJETAS, MOTOR A DIESEL, POTÊNCIA 14 CV - CHP DIURNO. AF_12/2015",Custos Horários Produtivo e Improdutivo dos Equipamentos,,CHP,"0,0277000","16,05","0,44"
Composição Auxiliar, 92961 ,SINAPI,"MÁQUINA EXTRUSORA DE CONCRETO PARA GUIAS E SARJETAS, MOTOR A DIESEL, POTÊNCIA 14 CV - CHI DIURNO. AF_12/2015",Custos Horários Produtivo e Improdutivo dos Equipamentos,,CHI,"0,1383000","4,19","0,57"
Insumo, 00000370 ,SINAPI,"AREIA MEDIA - POSTO JAZIDA/FORNECEDOR (RETIRADO NA JAZIDA, SEM TRANSPORTE)",Material,,m³,"0,0149000","104,00","1,54"
Insumo, 00034492 ,SINAPI,"CONCRETO USINADO BOMBEAVEL, CLASSE DE RESISTENCIA C20, COM BRITA 0 E 1, SLUMP = 100 +/- 20 MM, EXCLUI SERVICO DE BOMBEAMENTO (NBR 8953)",Material,,m³,"0,0673000","380,00","25,57"
,,,,,,,,,
,,,,,,,,,
,,,,,,,,,
 19.1.6 ,Código,Banco,Descrição,Tipo,,Und,Quant.,Valor Unit,Total
Composição, 94273 ,SINAPI,"ASSENTAMENTO DE GUIA (MEIO-FIO) EM TRECHO RETO, CONFECCIONADA EM CONCRETO PRÉ-FABRICADO, DIMENSÕES 100X15X13X30 CM (COMPRIMENTO X BASE INFERIOR X BASE SUPERIOR X ALTURA). AF_01/2024",Guias e sarjetas,,M,"1,0000000","35,76","35,76"
Composição Auxiliar, 88309 ,SINAPI,PEDREIRO COM ENCARGOS COMPLEMENTARES,Livro SINAPI: Cálculos e Parâmetros,,H,"0,1804223","29,21","5,27"
Composição Auxiliar, 88316 ,SINAPI,SERVENTE COM ENCARGOS COMPLEMENTARES,Livro SINAPI: Cálculos e Parâmetros,,H,"0,1804223","23,37","4,21"
Composição Auxiliar, 88629 ,SINAPI,"ARGAMASSA TRAÇO 1:3 (EM VOLUME DE CIMENTO E AREIA MÉDIA ÚMIDA), PREPARO MANUAL. AF_08/2019",Argamassas,,m³,"0,0018000","591,67","1,06"
Insumo, 00000370 ,SINAPI,"AREIA MEDIA - POSTO JAZIDA/FORNECEDOR (RETIRADO NA JAZIDA, SEM TRANSPORTE)",Material,,m³,"0,0066000","104,00","0,68"
Insumo, 00004059 ,SINAPI,"MEIO-FIO OU GUIA DE CONCRETO, PRE-MOLDADO, COMP 1 M, *30 X 12/15* CM (H X L1/L2)",Material,,M,"1,0050000","24,42","24,54"
,,,,,,,,,
,,,,,,,,,
,,,,,,,,,
 19.1.7 ,Código,Banco,Descrição,Tipo,,Und,Quant.,Valor Unit,Total
Composição, 94274 ,SINAPI,"ASSENTAMENTO DE GUIA (MEIO-FIO) EM TRECHO CURVO, CONFECCIONADA EM CONCRETO PRÉ-FABRICADO, DIMENSÕES 100X15X13X30 CM (COMPRIMENTO X BASE INFERIOR X BASE SUPERIOR X ALTURA). AF_01/2024",Guias e sarjetas,,M,"1,0000000","38,13","38,13"
Composição Auxiliar, 88309 ,SINAPI,PEDREIRO COM ENCARGOS COMPLEMENTARES,Livro SINAPI: Cálculos e Parâmetros,,H,"0,2255458","29,21","6,58"
Composição Auxiliar, 88316 ,SINAPI,SERVENTE COM ENCARGOS COMPLEMENTARES,Livro SINAPI: Cálculos e Parâmetros,,H,"0,2255458","23,37","5,27"
Composição Auxiliar, 88629 ,SINAPI,"ARGAMASSA TRAÇO 1:3 (EM VOLUME DE CIMENTO E AREIA MÉDIA ÚMIDA), PREPARO MANUAL. AF_08/2019",Argamassas,,m³,"0,0018000","591,67","1,06"
Insumo, 00000370 ,SINAPI,"AREIA MEDIA - POSTO JAZIDA/FORNECEDOR (RETIRADO NA JAZIDA, SEM TRANSPORTE)",Material,,m³,"0,0066000","104,00","0,68"
Insumo, 00004059 ,SINAPI,"MEIO-FIO OU GUIA DE CONCRETO, PRE-MOLDADO, COMP 1 M, *30 X 12/15* CM (H X L1/L2)",Material,,M,"1,0050000","24,42","24,54"
,,,,,,,,,
,,,,,,,,,
,,,,,,,,,
 19.1.8 ,Código,Banco,Descrição,Tipo,,Und,Quant.,Valor Unit,Total
Composição, 92404 ,SINAPI,"EXECUÇÃO DE PAVIMENTO EM PISO INTERTRAVADO, COM BLOCO 16 FACES DE 22 X 11 CM, ESPESSURA 8 CM. AF_10/2022",Pavimento Intertravado,,m²,"1,0000000","60,92","60,92"
Composição Auxiliar, 88260 ,SINAPI,CALCETEIRO COM ENCARGOS COMPLEMENTARES,Livro SINAPI: Cálculos e Parâmetros,,H,"0,1676241","29,01","4,86"
Composição Auxiliar, 88316 ,SINAPI,SERVENTE COM ENCARGOS COMPLEMENTARES,Livro SINAPI: Cálculos e Parâmetros,,H,"0,1676241","23,37","3,91"
Composição Auxiliar, 91277 ,SINAPI,"PLACA VIBRATÓRIA REVERSÍVEL COM MOTOR 4 TEMPOS A GASOLINA, FORÇA CENTRÍFUGA DE 25 KN (2500 KGF), POTÊNCIA 5,5 CV - CHP DIURNO. AF_08/2015",Custos Horários Produtivo e Improdutivo dos Equipamentos,,CHP,"0,0055000","8,65","0,04"
Composição Auxiliar, 91278 ,SINAPI,"PLACA VIBRATÓRIA REVERSÍVEL COM MOTOR 4 TEMPOS A GASOLINA, FORÇA CENTRÍFUGA DE 25 KN (2500 KGF), POTÊNCIA 5,5 CV - CHI DIURNO. AF_08/2015",Custos Horários Produtivo e Improdutivo dos Equipamentos,,CHI,"0,1010000","0,57","0,05"
Composição Auxiliar, 91283 ,SINAPI,"CORTADORA DE PISO COM MOTOR 4 TEMPOS A GASOLINA, POTÊNCIA DE 13 HP, COM DISCO DE CORTE DIAMANTADO SEGMENTADO PARA CONCRETO, DIÂMETRO DE 350 MM, FURO DE 1"" (14 X 1"") - CHP DIURNO. AF_08/2015",Custos Horários Produtivo e Improdutivo dos Equipamentos,,CHP,"0,0038000","9,66","0,03"
Composição Auxiliar, 91285 ,SINAPI,"CORTADORA DE PISO COM MOTOR 4 TEMPOS A GASOLINA, POTÊNCIA DE 13 HP, COM DISCO DE CORTE DIAMANTADO SEGMENTADO PARA CONCRETO, DIÂMETRO DE 350 MM, FURO DE 1"" (14 X 1"") - CHI DIURNO. AF_08/2015",Custos Horários Produtivo e Improdutivo dos Equipamentos,,CHI,"0,1027000","1,04","0,10"
Insumo, 00000370 ,SINAPI,"AREIA MEDIA - POSTO JAZIDA/FORNECEDOR (RETIRADO NA JAZIDA, SEM TRANSPORTE)",Material,,m³,"0,0568000","104,00","5,90"
Insumo, 00004741 ,SINAPI,"PO DE PEDRA (POSTO PEDREIRA/FORNECEDOR, SEM FRETE)",Material,,m³,"0,0098000","85,81","0,84"
Insumo, 00036170 ,SINAPI,"BLOQUETE/PISO INTERTRAVADO DE CONCRETO - MODELO ONDA/16 FACES/RETANGULAR/TIJOLINHO/PAVER/HOLANDES/PARALELEPIPEDO, *20 X 10* CM, E = 8 CM, RESISTENCIA DE 35 MPA, COR NATURAL",Material,,m²,"1,0040000","45,01","45,19"
,,,,,,,,,
,,,,,,,,,
,,,,,,,,,
 19.1.9 ,Código,Banco,Descrição,Tipo,,Und,Quant.,Valor Unit,Total
Composição, X0014 ,Próprio,"PISO PODOTÁTIL EXTERNO EM PMC ESP. 3CM, ASSENTADO COM ARGAMASSA (FORNCECIMENTO E ASSENTAMENTO)",PISO - PISOS,,m²,"1,0000000","124,77","124,77"
Composição Auxiliar, 88309 ,SINAPI,PEDREIRO COM ENCARGOS COMPLEMENTARES,Livro SINAPI: Cálculos e Parâmetros,,H,"1,3903355","29,21","40,61"
Composição Auxiliar, 88316 ,SINAPI,SERVENTE COM ENCARGOS COMPLEMENTARES,Livro SINAPI: Cálculos e Parâmetros,,H,"0,6935770","23,37","16,20"
Insumo, 00037595 ,SINAPI,ARGAMASSA COLANTE TIPO AC III,Material,,KG,"4,8600000","2,78","13,51"
Insumo, 00001379 ,SINAPI,CIMENTO PORTLAND COMPOSTO CP II-32,Material,,KG,"0,9600000","0,58","0,55"
Insumo, I8623 ,SEINFRA,PISO TÁTIL ALERTA OU DIRECIONAL EM PMC (CONCRETO) ESP. 3cm,Material,,m²,"1,0000000","53,90","53,90"
,,,,,,,,,
,,,,,,,,,
,,,,,,,,,
 19.1.10 ,Código,Banco,Descrição,Tipo,,Und,Quant.,Valor Unit,Total
Composição, 96620 ,SINAPI,"LASTRO DE CONCRETO MAGRO, APLICADO EM PISOS, LAJES SOBRE SOLO OU RADIERS. AF_01/2024",Lastro,,m³,"1,0000000","613,07","613,07"
Composição Auxiliar, 88309 ,SINAPI,PEDREIRO COM ENCARGOS COMPLEMENTARES,Livro SINAPI: Cálculos e Parâmetros,,H,"3,3699814","29,21","98,43"
Composição Auxiliar, 88316 ,SINAPI,SERVENTE COM ENCARGOS COMPLEMENTARES,Livro SINAPI: Cálculos e Parâmetros,,H,"1,2185768","23,37","28,47"
Composição Auxiliar, 94968 ,SINAPI,"CONCRETO MAGRO PARA LASTRO, TRAÇO 1:4,5:4,5 (EM MASSA SECA DE CIMENTO/ AREIA MÉDIA/ BRITA 1) - PREPARO MECÂNICO COM BETONEIRA 600 L. AF_05/2021",Produção de Concreto,,m³,"1,3800000","352,30","486,17"
,,,,,,,,,
,,,,,,,,,
,,,,,,,,,
 19.1.11 ,Código,Banco,Descrição,Tipo,,Und,Quant.,Valor Unit,Total
Composição, 97635 ,SINAPI,"REMOÇÃO DE PISO DE BLOCO INTERTRAVADO OU DE PEDRA PORTUGUESA, DE FORMA MANUAL, COM REAPROVEITAMENTO. AF_09/2023",Demolições e Remoções,,m²,"1,0000000","15,06","15,06"
Composição Auxiliar, 88260 ,SINAPI,CALCETEIRO COM ENCARGOS COMPLEMENTARES,Livro SINAPI: Cálculos e Parâmetros,,H,"0,3839834","29,01","11,13"
Composição Auxiliar, 88316 ,SINAPI,SERVENTE COM ENCARGOS COMPLEMENTARES,Livro SINAPI: Cálculos e Parâmetros,,H,"0,1685061","23,37","3,93"
,,,,,,,,,
,,,,,,,,,
,,,,,,,,,
 19.2 ,,,PAISAGISMO,,,,,,
 19.2.1 ,Código,Banco,Descrição,Tipo,,Und,Quant.,Valor Unit,Total
Composição, 98505 ,SINAPI,PLANTIO DE FORRAÇÃO. AF_07/2024,Paisagismo - Plantio,,m²,"1,0000000","95,46","95,46"
Composição Auxiliar, 88316 ,SINAPI,SERVENTE COM ENCARGOS COMPLEMENTARES,Livro SINAPI: Cálculos e Parâmetros,,H,"0,1945253","23,37","4,54"
Composição Auxiliar, 88441 ,SINAPI,JARDINEIRO COM ENCARGOS COMPLEMENTARES,Livro SINAPI: Cálculos e Parâmetros,,H,"0,0389205","23,71","0,92"
Insumo, 00000360 ,SINAPI,"MUDA DE RASTEIRA/FORRACAO, AMENDOIM RASTEIRO/ONZE HORAS/AZULZINHA/IMPATIENS OU EQUIVALENTE DA REGIAO",Material,,UN,"25,0000000","3,60","90,00"
,,,,,,,,,
,,,,,,,,,
,,,,,,,,,
 19.2.2 ,Código,Banco,Descrição,Tipo,,Und,Quant.,Valor Unit,Total
Composição, 98510 ,SINAPI,"PLANTIO DE ÁRVORE ORNAMENTAL COM ALTURA DE MUDA MENOR OU IGUAL A 2,00 M . AF_07/2024",Paisagismo - Plantio,,UN,"1,0000000","100,09","100,09"
Composição Auxiliar, 88316 ,SINAPI,SERVENTE COM ENCARGOS COMPLEMENTARES,Livro SINAPI: Cálculos e Parâmetros,,H,"0,8381211","23,37","19,58"
Composição Auxiliar, 88441 ,SINAPI,JARDINEIRO COM ENCARGOS COMPLEMENTARES,Livro SINAPI: Cálculos e Parâmetros,,H,"0,1676401","23,71","3,97"
Insumo, 00000358 ,SINAPI,"MUDA DE ARVORE ORNAMENTAL, OITI/AROEIRA SALSA/ANGICO/IPE/JACARANDA OU EQUIVALENTE DA REGIAO, H= *1* M",Material,,UN,"1,0000000","76,54","76,54"
,,,,,,,,,
,,,,,,,,,
,,,,,,,,,
 19.2.3 ,Código,Banco,Descrição,Tipo,,Und,Quant.,Valor Unit,Total
Composição, 98519 ,SINAPI,REVOLVIMENTO E LIMPEZA MANUAL DE SOLO. AF_07/2024,Paisagismo - Plantio,,m²,"1,0000000","3,14","3,14"
Composição Auxiliar, 88316 ,SINAPI,SERVENTE COM ENCARGOS COMPLEMENTARES,Livro SINAPI: Cálculos e Parâmetros,,H,"0,1118788","23,37","2,61"
Composição Auxiliar, 88441 ,SINAPI,JARDINEIRO COM ENCARGOS COMPLEMENTARES,Livro SINAPI: Cálculos e Parâmetros,,H,"0,0223757","23,71","0,53"
,,,,,,,,,
,,,,,,,,,
,,,,,,,,,
 19.2.4 ,Código,Banco,Descrição,Tipo,,Und,Quant.,Valor Unit,Total
Composição, 98520 ,SINAPI,APLICAÇÃO DE ADUBO EM SOLO. AF_07/2024,Paisagismo - Plantio,,m²,"1,0000000","6,93","6,93"
Composição Auxiliar, 88316 ,SINAPI,SERVENTE COM ENCARGOS COMPLEMENTARES,Livro SINAPI: Cálculos e Parâmetros,,H,"0,0443826","23,37","1,03"
Composição Auxiliar, 88441 ,SINAPI,JARDINEIRO COM ENCARGOS COMPLEMENTARES,Livro SINAPI: Cálculos e Parâmetros,,H,"0,0089083","23,71","0,21"
Insumo, 00003123 ,SINAPI,FERTILIZANTE NPK - 4: 14: 8,Material,,KG,"0,1250000","3,52","0,44"
Insumo, 00038125 ,SINAPI,"FERTILIZANTE ORGANICO COMPOSTO, CLASSE A",Material,,KG,"2,6526000","1,98","5,25"
,,,,,,,,,
,,,,,,,,,
,,,,,,,,,
 19.2.5 ,Código,Banco,Descrição,Tipo,,Und,Quant.,Valor Unit,Total
Composição, 98521 ,SINAPI,APLICAÇÃO DE CALCÁRIO PARA CORREÇÃO DO PH DO SOLO. AF_07/2024,Paisagismo - Plantio,,m²,"1,0000000","0,29","0,29"
Composição Auxiliar, 88316 ,SINAPI,SERVENTE COM ENCARGOS COMPLEMENTARES,Livro SINAPI: Cálculos e Parâmetros,,H,"0,0098399","23,37","0,22"
Composição Auxiliar, 88441 ,SINAPI,JARDINEIRO COM ENCARGOS COMPLEMENTARES,Livro SINAPI: Cálculos e Parâmetros,,H,"0,0019510","23,71","0,04"
Insumo, 00044479 ,SINAPI,"CALCARIO DOLOMITICO A (POSTO PEDREIRA/FORNECEDOR,  SEM FRETE)",Material,,KG,"0,2500000","0,14","0,03"
,,,,,,,,,
,,,,,,,,,
,,,,,,,,,
 19.2.6 ,Código,Banco,Descrição,Tipo,,Und,Quant.,Valor Unit,Total
Composição, 105521 ,SINAPI,ESPALHAMENTO DE TERRA VEGETAL PARA O PLANTIO. AF_07/2024,Paisagismo - Plantio,,m²,"1,0000000","4,42","4,42"
Composição Auxiliar, 88316 ,SINAPI,SERVENTE COM ENCARGOS COMPLEMENTARES,Livro SINAPI: Cálculos e Parâmetros,,H,"0,0439683","23,37","1,02"
Composição Auxiliar, 88441 ,SINAPI,JARDINEIRO COM ENCARGOS COMPLEMENTARES,Livro SINAPI: Cálculos e Parâmetros,,H,"0,0088258","23,71","0,20"
Insumo, 00007253 ,SINAPI,TERRA VEGETAL (GRANEL),Material,,m³,"0,0129000","248,57","3,20"
,,,,,,,,,
,,,,,,,,,
,,,,,,,,,
 19.2.7 ,Código,Banco,Descrição,Tipo,,Und,Quant.,Valor Unit,Total
Composição, 103946 ,SINAPI,"PLANTIO DE GRAMA ESMERALDA OU SÃO CARLOS OU CURITIBANA, EM PLACAS. AF_07/2024",Paisagismo - Plantio,,m²,"1,0000000","15,86","15,86"
Composição Auxiliar, 88316 ,SINAPI,SERVENTE COM ENCARGOS COMPLEMENTARES,Livro SINAPI: Cálculos e Parâmetros,,H,"0,1093035","23,37","2,55"
Composição Auxiliar, 88441 ,SINAPI,JARDINEIRO COM ENCARGOS COMPLEMENTARES,Livro SINAPI: Cálculos e Parâmetros,,H,"0,0218449","23,71","0,51"
Insumo, 00003322 ,SINAPI,"GRAMA ESMERALDA OU SAO CARLOS OU CURITIBANA, EM PLACAS, SEM PLANTIO",Material,,m²,"1,0000000","12,80","12,80"
,,,,,,,,,
,,,,,,,,,
,,,,,,,,,
 19.3 ,,,PINTURA- URBANIZAÇÃO,,,,,,
 19.3.1 ,Código,Banco,Descrição,Tipo,,Und,Quant.,Valor Unit,Total
Composição, Q0026 ,Próprio,"PINTURA DE FAIXA DE PEDESTRE OU ZEBRADA COM TINTA RETRORREFLETIVA A  BASE DE RESINA ACRÍLICA COM MICROESFERAS DE VIDRO, E = 30 CM,  APLICAÇÃO MECÂNICA COM DEMARCADORA A TRAÇÃO MANUAL. AF_05/2021",PINT - PINTURAS,,m²,"1,0000000","29,05","29,05"
Composição Auxiliar, 88310 ,SINAPI,PINTOR COM ENCARGOS COMPLEMENTARES,Livro SINAPI: Cálculos e Parâmetros,,H,"0,0663292","30,89","2,04"
Composição Auxiliar, 88316 ,SINAPI,SERVENTE COM ENCARGOS COMPLEMENTARES,Livro SINAPI: Cálculos e Parâmetros,,H,"0,0276908","23,37","0,64"
Composição Auxiliar, 96159 ,SINAPI,"MÁQUINA DEMARCADORA DE FAIXA DE TRÁFEGO À FRIO, AUTOPROPELIDA, POTÊNCIA 38 HP - CHI DIURNO. AF_07/2016",Custos Horários Produtivo e Improdutivo dos Equipamentos,,CHI,"0,0924000","81,13","7,49"
Composição Auxiliar, 95133 ,SINAPI,"MÁQUINA DEMARCADORA DE FAIXA DE TRÁFEGO À FRIO, AUTOPROPELIDA, POTÊNCIA 38 HP - CHP DIURNO. AF_07/2016",Custos Horários Produtivo e Improdutivo dos Equipamentos,,CHP,"0,0107000","154,52","1,65"
Insumo, 00005318 ,SINAPI,DILUENTE AGUARRAS,Material,,L,"0,0210000","21,92","0,46"
Insumo, 00007343 ,SINAPI,"TINTA ACRILICA A BASE DE SOLVENTE, PARA SINALIZACAO HORIZONTAL VIARIA (NBR 11862)",Material,,L,"0,4270000","29,22","12,47"
Insumo, 00044477 ,SINAPI,"MICROESFERAS DE VIDRO PARA SINALIZACAO HORIZONTAL VIARIA, TIPO II-A (DROP-ON) - NBR  16184",Material,,KG,"0,2500000","11,99","2,99"
Insumo, 00044478 ,SINAPI,"MICROESFERAS DE VIDRO PARA SINALIZACAO HORIZONTAL VIARIA, TIPO I-B (PREMIX) - NBR  16184",Material,,KG,"0,1100000","11,99","1,31"
,,,,,,,,,
,,,,,,,,,
,,,,,,,,,
 19.3.2 ,Código,Banco,Descrição,Tipo,,Und,Quant.,Valor Unit,Total
Composição, Q0027 ,Próprio,"PINTURA DE DEMARCAÇÃO DE VAGA COM TINTA ACRÍLICA, E = 10 CM,  APLICAÇÃO MECÂNICA COM DEMARCADORA A TRAÇÃO MANUAL. AF_05/2021",PINT - PINTURAS,,M,"1,0000000","6,89","6,89"
Composição Auxiliar, 88310 ,SINAPI,PINTOR COM ENCARGOS COMPLEMENTARES,Livro SINAPI: Cálculos e Parâmetros,,H,"0,0375901","30,89","1,16"
Composição Auxiliar, 88316 ,SINAPI,SERVENTE COM ENCARGOS COMPLEMENTARES,Livro SINAPI: Cálculos e Parâmetros,,H,"0,0158274","23,37","0,36"
Composição Auxiliar, 96159 ,SINAPI,"MÁQUINA DEMARCADORA DE FAIXA DE TRÁFEGO À FRIO, AUTOPROPELIDA, POTÊNCIA 38 HP - CHI DIURNO. AF_07/2016",Custos Horários Produtivo e Improdutivo dos Equipamentos,,CHI,"0,0562000","81,13","4,55"
Composição Auxiliar, 95133 ,SINAPI,"MÁQUINA DEMARCADORA DE FAIXA DE TRÁFEGO À FRIO, AUTOPROPELIDA, POTÊNCIA 38 HP - CHP DIURNO. AF_07/2016",Custos Horários Produtivo e Improdutivo dos Equipamentos,,CHP,"0,0007000","154,52","0,10"
Insumo, 00007348 ,SINAPI,TINTA ACRILICA PREMIUM PARA PISO,Material,,L,"0,0430000","16,86","0,72"
,,,,,,,,,
,,,,,,,,,
,,,,,,,,,
 19.3.3 ,Código,Banco,Descrição,Tipo,,Und,Quant.,Valor Unit,Total
Composição, Q0028 ,Próprio,"PINTURA DE SÍMBOLO  DE ACESSIBILIDADE COM TINTA ACRÍLICA, UTILIZAÇÃO DE MOLDE PLÁSTICO E APLICAÇÃO MECÂNICA, 120X120 CM. AF_05/2021",PINT - PINTURAS,,UND,"1,0000000","44,34","44,34"
Composição Auxiliar, 88310 ,SINAPI,PINTOR COM ENCARGOS COMPLEMENTARES,Livro SINAPI: Cálculos e Parâmetros,,H,"0,7652093","30,89","23,63"
Composição Auxiliar, 88316 ,SINAPI,SERVENTE COM ENCARGOS COMPLEMENTARES,Livro SINAPI: Cálculos e Parâmetros,,H,"0,3188372","23,37","7,45"
Insumo, 00007348 ,SINAPI,TINTA ACRILICA PREMIUM PARA PISO,Material,,L,"0,1070000","16,86","1,80"
Insumo, PP4 ,Próprio,"GABARITO DE PICTOGRAMA DE ACESSBILIDADE PARA PINTURA EM PISO, EM  CHAPA DE POLIESTIRENO (PS), E = 1 MM, *120 X 120*",Material,,UND,"0,1000000","114,62","11,46"
,,,,,,,,,
,,,,,,,,,
,,,,,,,,,
 19.3.4 ,Código,Banco,Descrição,Tipo,,Und,Quant.,Valor Unit,Total
Composição, 102513 ,SINAPI,"PINTURA DE SÍMBOLOS E TEXTOS COM TINTA ACRÍLICA, DEMARCAÇÃO COM FITA ADESIVA E APLICAÇÃO COM ROLO. AF_05/2021",Pintura para Pisos e para Sinalização Horizontal e Vertical,,m²,"1,0000000","39,77","39,77"
Composição Auxiliar, 88310 ,SINAPI,PINTOR COM ENCARGOS COMPLEMENTARES,Livro SINAPI: Cálculos e Parâmetros,,H,"0,7656147","30,89","23,64"
Composição Auxiliar, 88316 ,SINAPI,SERVENTE COM ENCARGOS COMPLEMENTARES,Livro SINAPI: Cálculos e Parâmetros,,H,"0,3190061","23,37","7,45"
Insumo, 00007348 ,SINAPI,TINTA ACRILICA PREMIUM PARA PISO,Material,,L,"0,4270000","16,86","7,19"
Insumo, 00012815 ,SINAPI,FITA CREPE ROLO DE *25* MM X 50 M,Material,,UN,"0,2300000","6,50","1,49"
,,,,,,,,,
,,,,,,,,,
,,,,,,,,,
 19.3.5 ,Código,Banco,Descrição,Tipo,,Und,Quant.,Valor Unit,Total
Composição, Q0029 ,Próprio,"PINTURA DE EIXO VIÁRIO COM TINTA RETRORREFLETIVA A BASE DE RESINA  ACRÍLICA COM MICROESFERAS DE VIDRO, APLICAÇÃO MECÂNICA COM  DEMARCADORA A TRAÇÃO MANUAL. AF_05/2021",ASTU - ASSENTAMENTO DE TUBOS E PECAS,,M,"1,0000000","6,19","6,19"
Composição Auxiliar, 88310 ,SINAPI,PINTOR COM ENCARGOS COMPLEMENTARES,Livro SINAPI: Cálculos e Parâmetros,,H,"0,0267947","30,89","0,82"
Composição Auxiliar, 88316 ,SINAPI,SERVENTE COM ENCARGOS COMPLEMENTARES,Livro SINAPI: Cálculos e Parâmetros,,H,"0,0111100","23,37","0,25"
Composição Auxiliar, 96159 ,SINAPI,"MÁQUINA DEMARCADORA DE FAIXA DE TRÁFEGO À FRIO, AUTOPROPELIDA, POTÊNCIA 38 HP - CHI DIURNO. AF_07/2016",Custos Horários Produtivo e Improdutivo dos Equipamentos,,CHI,"0,0408000","81,13","3,31"
Composição Auxiliar, 95133 ,SINAPI,"MÁQUINA DEMARCADORA DE FAIXA DE TRÁFEGO À FRIO, AUTOPROPELIDA, POTÊNCIA 38 HP - CHP DIURNO. AF_07/2016",Custos Horários Produtivo e Improdutivo dos Equipamentos,,CHP,"0,0007000","154,52","0,10"
Insumo, 00005318 ,SINAPI,DILUENTE AGUARRAS,Material,,L,"0,0020000","21,92","0,04"
Insumo, 00007343 ,SINAPI,"TINTA ACRILICA A BASE DE SOLVENTE, PARA SINALIZACAO HORIZONTAL VIARIA (NBR 11862)",Material,,L,"0,0430000","29,22","1,25"
Insumo, 00044477 ,SINAPI,"MICROESFERAS DE VIDRO PARA SINALIZACAO HORIZONTAL VIARIA, TIPO II-A (DROP-ON) - NBR  16184",Material,,KG,"0,0250000","11,99","0,29"
Insumo, 00044478 ,SINAPI,"MICROESFERAS DE VIDRO PARA SINALIZACAO HORIZONTAL VIARIA, TIPO I-B (PREMIX) - NBR  16184",Material,,KG,"0,0110000","11,99","0,13"
,,,,,,,,,
,,,,,,,,,
,,,,,,,,,
 19.4 ,,,PLACAS E SINALIZAÇÃO,,,,,,
 19.4.1 ,Código,Banco,Descrição,Tipo,,Und,Quant.,Valor Unit,Total
Composição, R0007 ,Próprio,PLACA DE REGULAMENTAÇÃO/ADVERTÊNCIA REFLETIVA EM ACO  GALVANIZADO - FORNECIMENTO E FIXAÇÃO EM POSTES,ASTU - ASSENTAMENTO DE TUBOS E PECAS,,m²,"1,0000000","843,15","843,15"
Composição Auxiliar, 88267 ,SINAPI,ENCANADOR OU BOMBEIRO HIDRÁULICO COM ENCARGOS COMPLEMENTARES,Livro SINAPI: Cálculos e Parâmetros,,H,"0,0250619","28,49","0,71"
Composição Auxiliar, 88316 ,SINAPI,SERVENTE COM ENCARGOS COMPLEMENTARES,Livro SINAPI: Cálculos e Parâmetros,,H,"0,0250619","23,37","0,58"
Insumo, 00011953 ,SINAPI,"PARAFUSO FRANCES ZINCADO, DIAMETRO 1/2"", COMPRIMENTO 2"", COM PORCA E ARRUELA",Material,,UN,"25,0000000","3,30","82,50"
Insumo, 00001321 ,SINAPI,"CHAPA DE ACO FINA A QUENTE BITOLA MSG 13, E = 2,25 MM (18,00 KG/M2)",Material,,KG,"0,2448000","7,34","1,79"
Insumo, 00034723 ,SINAPI,PLACA DE SINALIZACAO EM CHAPA DE ACO NUM 16 COM PINTURA REFLETIVA,Material,,m²,"1,0000000","739,20","739,20"
Insumo, 3156 ,ORSE,"Fecho para fita 3/4 e 1/2"", Fusimec ou similar",Material,,Un,"6,2500000","1,00","6,25"
Insumo, 00000406 ,SINAPI,"FITA ACO INOX PARA CINTAR POSTE, L = 19 MM, E = 0,5 MM (ROLO DE 30M)",Material,,UN,"0,1963000","61,77","12,12"
,,,,,,,,,
,,,,,,,,,
,,,,,,,,,
 19.4.2 ,Código,Banco,Descrição,Tipo,,Und,Quant.,Valor Unit,Total
Composição, R0008 ,Próprio,"POSTE EM TUBO DE AÇO GALVANIZADO DN 65 MM (2 1/2""), E=3,35 MM,  ALTURA ÚTIL=2,50 M, ALTURA TOTAL=3,20 M COM ALETAS ANTIGIRO E= 4,75  MM",SEDI - SERVIÇOS DIVERSOS,,UND,"1,0000000","335,57","335,57"
Composição Auxiliar, 88309 ,SINAPI,PEDREIRO COM ENCARGOS COMPLEMENTARES,Livro SINAPI: Cálculos e Parâmetros,,H,"1,1868660","29,21","34,66"
Composição Auxiliar, 88316 ,SINAPI,SERVENTE COM ENCARGOS COMPLEMENTARES,Livro SINAPI: Cálculos e Parâmetros,,H,"1,1868660","23,37","27,73"
Composição Auxiliar, 88315 ,SINAPI,SERRALHEIRO COM ENCARGOS COMPLEMENTARES,Livro SINAPI: Cálculos e Parâmetros,,H,"0,3315312","29,01","9,61"
Composição Auxiliar, 88317 ,SINAPI,SOLDADOR COM ENCARGOS COMPLEMENTARES,Livro SINAPI: Cálculos e Parâmetros,,H,"0,2235264","29,95","6,69"
Composição Auxiliar, 94975 ,SINAPI,"CONCRETO FCK = 15MPA, TRAÇO 1:3,4:3,5 (EM MASSA SECA DE CIMENTO/ AREIA MÉDIA/ BRITA 1) - PREPARO MANUAL. AF_05/2021",Produção de Concreto,,m³,"0,0005000","444,87","0,22"
Composição Auxiliar, 103670 ,SINAPI,"LANÇAMENTO COM USO DE BALDES, ADENSAMENTO E ACABAMENTO DE CONCRETO EM ESTRUTURAS. AF_02/2022",Concretagem para Estruturas de Concreto Armado,,m³,"0,0005000","316,70","0,15"
Composição Auxiliar, 93358 ,SINAPI,ESCAVAÇÃO MANUAL DE VALA. AF_09/2024,Escavação de Valas,,m³,"0,0005000","73,77","0,03"
Insumo, 00021014 ,SINAPI,"TUBO ACO GALVANIZADO COM COSTURA, CLASSE LEVE, DN 65 MM (2 1/2""), E = 3,35 MM, * 6,23* KG/M (NBR 5580)",Material,,M,"3,2000000","76,49","244,76"
Insumo, 00001319 ,SINAPI,"CHAPA DE ACO FINA A QUENTE BITOLA MSG 3/16"", E = 4,75 MM (38,00 KG/M2)",Material,,KG,"1,7100000","6,54","11,18"
Insumo, 00011002 ,SINAPI,"ELETRODO REVESTIDO AWS - E6013, DIAMETRO IGUAL A 2,50 MM",Material,,KG,"0,0146000","37,09","0,54"
,,,,,,,,,
,,,,,,,,,
,,,,,,,,,
 19.4.3 ,Código,Banco,Descrição,Tipo,,Und,Quant.,Valor Unit,Total
Composição, R0013 ,Próprio,"PLACA INDICATIVA EM ACRÍLICO E=3MM, COM ADESIVO SOBREPOSTO, DIM.: 0.30 X 0.12 M, FORNECIMENTO E INSTALAÇÃO",ASTU - ASSENTAMENTO DE TUBOS E PECAS,,UN,"1,0000000","41,74","41,74"
Insumo, 13293 ,ORSE,"Placa indicativa em acrílico e=3mm, com adesivo sobreposto, dim.: 0.30 x 0.12m, fornecimento e instalação",Material,,un,"1,0000000","41,74","41,74"
,,,,,,,,,
,,,,,,,,,
,,,,,,,,,
 19.5 ,,,MOBILIÁRIO URBANO,,,,,,
 19.5.1 ,Código,Banco,Descrição,Tipo,,Und,Quant.,Valor Unit,Total
Composição, S0011 ,Próprio,"BANCO RETO DE 150 CM, EM AÇO E MADEIRA, PARA MOBILIÁRIO URBANO. SEM
PINTURA E INCLUSO INSTALAÇÃO",SEDI - SERVIÇOS DIVERSOS,,UN,"1,0000000","538,87","538,87"
Composição Auxiliar, 88317 ,SINAPI,SOLDADOR COM ENCARGOS COMPLEMENTARES,Livro SINAPI: Cálculos e Parâmetros,,H,"1,3330234","29,95","39,92"
Composição Auxiliar, 88309 ,SINAPI,PEDREIRO COM ENCARGOS COMPLEMENTARES,Livro SINAPI: Cálculos e Parâmetros,,H,"0,5281312","29,21","15,42"
Composição Auxiliar, 88251 ,SINAPI,AUXILIAR DE SERRALHEIRO COM ENCARGOS COMPLEMENTARES,Livro SINAPI: Cálculos e Parâmetros,,H,"0,2655732","24,55","6,51"
Composição Auxiliar, 88315 ,SINAPI,SERRALHEIRO COM ENCARGOS COMPLEMENTARES,Livro SINAPI: Cálculos e Parâmetros,,H,"0,2655732","29,01","7,70"
Composição Auxiliar, 88273 ,SINAPI,MARCENEIRO COM ENCARGOS COMPLEMENTARES,Livro SINAPI: Cálculos e Parâmetros,,H,"3,1053099","28,06","87,13"
Insumo, 00011002 ,SINAPI,"ELETRODO REVESTIDO AWS - E6013, DIAMETRO IGUAL A 2,50 MM",Material,,KG,"0,3788000","37,09","14,04"
Insumo, 00001318 ,SINAPI,"CHAPA DE ACO FINA A QUENTE BITOLA MSG 14, E = 2,00 MM (16,0 KG/M2)",Material,,KG,"0,3769000","7,35","2,77"
Insumo, 00011953 ,SINAPI,"PARAFUSO FRANCES ZINCADO, DIAMETRO 1/2"", COMPRIMENTO 2"", COM PORCA E ARRUELA",Material,,UN,"16,0000000","3,30","52,80"
Insumo, 00011964 ,SINAPI,"PARAFUSO DE ACO ZINCADO, TIPO CHUMBADOR PARABOLT, DIAMETRO 3/8"", COMPRIMENTO 75 MM",Material,,UN,"4,0000000","2,42","9,68"
Insumo, 00020206 ,SINAPI,"SARRAFO APARELHADO *2 X 10* CM, EM MACARANDUBA/MASSARANDUBA, ANGELIM OU EQUIVALENTE DA REGIAO",Material,,M,"12,0000000","7,97","95,64"
Insumo, PP1.1 ,Próprio,Tubo quadrado metalon 50x50x2 mm - preço por metro,Material,,M,"8,5613000","24,21","207,26"
,,,,,,,,,
,,,,,,,,,
,,,,,,,,,
 19.5.2 ,Código,Banco,Descrição,Tipo,,Und,Quant.,Valor Unit,Total
Composição, S0018 ,Próprio,"POSTE DE 25 CM DE DIÂMETRO EM EUCALIPTO, PARA REDÁRIO. SEM PINTURA",SEDI - SERVIÇOS DIVERSOS,,M,"1,0000000","105,51","105,51"
Composição Auxiliar, 88262 ,SINAPI,CARPINTEIRO DE FORMAS COM ENCARGOS COMPLEMENTARES,Livro SINAPI: Cálculos e Parâmetros,,H,"0,4194856","28,79","12,07"
Composição Auxiliar, 88239 ,SINAPI,AJUDANTE DE CARPINTEIRO COM ENCARGOS COMPLEMENTARES,Livro SINAPI: Cálculos e Parâmetros,,H,"0,4194856","24,38","10,22"
Insumo, 00002731 ,SINAPI,"POSTE ROLICO DE MADEIRA TRATADA, D = 20 A 25 CM, H = 12,00 M, EM EUCALIPTO OU EQUIVALENTE DA REGIAO",Material,,M,"1,0000000","83,22","83,22"
,,,,,,,,,
,,,,,,,,,
,,,,,,,,,
 19.5.3 ,Código,Banco,Descrição,Tipo,,Und,Quant.,Valor Unit,Total
Composição, S0019 ,Próprio,"PAR DE ARMADOR/ GANCHO PARA REDE DE DORMIR FIXADO COM 4
PARAFUSOS. INCLUSO INSTALAÇÃO",SEDI - SERVIÇOS DIVERSOS,,UN,"1,0000000","40,21","40,21"
Composição Auxiliar, 88316 ,SINAPI,SERVENTE COM ENCARGOS COMPLEMENTARES,Livro SINAPI: Cálculos e Parâmetros,,H,"0,4740214","23,37","11,07"
Insumo, PP21 ,Próprio,Par de armador de rede de dormir com 4 parafusos,Material,,UN,"1,0000000","29,14","29,14"
,,,,,,,,,
,,,,,,,,,
,,,,,,,,,
 20 ,,,FORROS,,,,,,
 20.1 ,Código,Banco,Descrição,Tipo,,Und,Quant.,Valor Unit,Total
Composição, 96485 ,SINAPI,"FORRO EM RÉGUAS DE PVC, LISO, PARA AMBIENTES RESIDENCIAIS, INCLUSIVE ESTRUTURA UNIDIRECIONAL DE FIXAÇÃO. AF_08/2023_PS",Forros,,m²,"1,0000000","62,59","62,59"
Composição Auxiliar, 88278 ,SINAPI,MONTADOR DE ESTRUTURA METÁLICA COM ENCARGOS COMPLEMENTARES,Livro SINAPI: Cálculos e Parâmetros,,H,"0,5517643","25,38","14,00"
Insumo, 00036225 ,SINAPI,"FORRO DE PVC LISO, BRANCO, REGUA DE 20 CM, ESPESSURA APROXIMADA DE 8 MM, COMPRIMENTO 6 M (SEM COLOCACAO)",Material,,m²,"1,0363000","28,31","29,33"
Insumo, 00039427 ,SINAPI,"PERFIL CANALETA, FORMATO C, EM ACO ZINCADO, PARA ESTRUTURA FORRO DRYWALL, E = 0,5 MM, *46 X 18* (L X H), COMPRIMENTO 3 M",Material,,M,"2,2212000","5,42","12,03"
Insumo, 00039430 ,SINAPI,"PENDURAL OU PRESILHA REGULADORA, EM ACO GALVANIZADO, COM CORPO, MOLA E REBITE, PARA PERFIL TIPO CANALETA DE ESTRUTURA EM FORROS DRYWALL",Material,,UN,"2,0446000","2,04","4,17"
Insumo, 00040547 ,SINAPI,"PARAFUSO ZINCADO, AUTOBROCANTE, FLANGEADO, 4,2 MM X 19 MM",Material,,CENTO,"0,0204000","27,78","0,56"
Insumo, 00040552 ,SINAPI,"PARAFUSO, AUTOATARRAXANTE, CABECA CHATA, FENDA SIMPLES, EM ACO ZINCADO, 1/4"" (6,35 MM) X 25 MM",Material,,CENTO,"0,0336000","47,62","1,60"
Insumo, 00043131 ,SINAPI,"ARAME GALVANIZADO 6 BWG, D = 5,16 MM (0,157 KG/M), OU 8 BWG, D = 4,19 MM (0,101 KG/M), OU 10 BWG, D = 3,40 MM (0,0713 KG/M)",Material,,KG,"0,0616000","14,70","0,90"
,,,,,,,,,
,,,,,,,,,
,,,,,,,,,
 20.2 ,Código,Banco,Descrição,Tipo,,Und,Quant.,Valor Unit,Total
Composição, 96121 ,SINAPI,ACABAMENTOS PARA FORRO (RODA-FORRO EM PERFIL METÁLICO E PLÁSTICO). AF_08/2023,Forros,,M,"1,0000000","9,86","9,86"
Composição Auxiliar, 88278 ,SINAPI,MONTADOR DE ESTRUTURA METÁLICA COM ENCARGOS COMPLEMENTARES,Livro SINAPI: Cálculos e Parâmetros,,H,"0,1685707","25,38","4,27"
Insumo, 00036246 ,SINAPI,"ACABAMENTO SIMPLES/CONVENCIONAL PARA FORRO PVC, TIPO ""U"" OU ""C"", COR BRANCA, COMPRIMENTO 6 M",Material,,M,"1,1512000","3,41","3,92"
Insumo, 00039443 ,SINAPI,"PARAFUSO DRY WALL, EM ACO ZINCADO, CABECA LENTILHA E PONTA BROCA (LB), LARGURA 4,2 MM, COMPRIMENTO 13 MM",Material,,UN,"0,6930000","0,24","0,16"
Insumo, 00040552 ,SINAPI,"PARAFUSO, AUTOATARRAXANTE, CABECA CHATA, FENDA SIMPLES, EM ACO ZINCADO, 1/4"" (6,35 MM) X 25 MM",Material,,CENTO,"0,0318000","47,62","1,51"
,,,,,,,,,
,,,,,,,,,
,,,,,,,,,
 20.3 ,Código,Banco,Descrição,Tipo,,Und,Quant.,Valor Unit,Total
Composição, 96114 ,SINAPI,"FORRO EM DRYWALL, PARA AMBIENTES COMERCIAIS, INCLUSIVE ESTRUTURA BIRECIONAL DE FIXAÇÃO. AF_08/2023_PS",Forros,,m²,"1,0000000","67,33","67,33"
Composição Auxiliar, 88278 ,SINAPI,MONTADOR DE ESTRUTURA METÁLICA COM ENCARGOS COMPLEMENTARES,Livro SINAPI: Cálculos e Parâmetros,,H,"0,3801202","25,38","9,64"
Composição Auxiliar, 88316 ,SINAPI,SERVENTE COM ENCARGOS COMPLEMENTARES,Livro SINAPI: Cálculos e Parâmetros,,H,"0,3801202","23,37","8,88"
Insumo, 00039413 ,SINAPI,"PLACA / CHAPA DE GESSO ACARTONADO, STANDARD (ST), COR BRANCA, E = 12,5 MM, 1200 X 2400 MM (L X C)",Material,,m²,"1,0838000","17,82","19,31"
Insumo, 00039427 ,SINAPI,"PERFIL CANALETA, FORMATO C, EM ACO ZINCADO, PARA ESTRUTURA FORRO DRYWALL, E = 0,5 MM, *46 X 18* (L X H), COMPRIMENTO 3 M",Material,,M,"3,5470000","5,42","19,22"
Insumo, 00039430 ,SINAPI,"PENDURAL OU PRESILHA REGULADORA, EM ACO GALVANIZADO, COM CORPO, MOLA E REBITE, PARA PERFIL TIPO CANALETA DE ESTRUTURA EM FORROS DRYWALL",Material,,UN,"1,2267000","2,04","2,50"
Insumo, 00039432 ,SINAPI,FITA DE PAPEL REFORCADA COM LAMINA DE METAL PARA REFORCO DE CANTOS DE CHAPA DE GESSO PARA DRYWALL,Material,,M,"1,4276000","2,46","3,51"
Insumo, 00039434 ,SINAPI,"MASSA DE REJUNTE EM PO PARA DRYWALL, A BASE DE GESSO, SECAGEM RAPIDA, PARA TRATAMENTO DE JUNTAS DE CHAPA DE GESSO (NECESSITA ADICAO DE AGUA)",Material,,KG,"0,6926000","3,09","2,14"
Insumo, 00039435 ,SINAPI,"PARAFUSO DRY WALL, EM ACO FOSFATIZADO, CABECA TROMBETA E PONTA AGULHA (TA), COMPRIMENTO 25 MM",Material,,UN,"9,6469000","0,10","0,96"
Insumo, 00039443 ,SINAPI,"PARAFUSO DRY WALL, EM ACO ZINCADO, CABECA LENTILHA E PONTA BROCA (LB), LARGURA 4,2 MM, COMPRIMENTO 13 MM",Material,,UN,"1,2267000","0,24","0,29"
Insumo, 00040547 ,SINAPI,"PARAFUSO ZINCADO, AUTOBROCANTE, FLANGEADO, 4,2 MM X 19 MM",Material,,CENTO,"0,0123000","27,78","0,34"
Insumo, 00043131 ,SINAPI,"ARAME GALVANIZADO 6 BWG, D = 5,16 MM (0,157 KG/M), OU 8 BWG, D = 4,19 MM (0,101 KG/M), OU 10 BWG, D = 3,40 MM (0,0713 KG/M)",Material,,KG,"0,0370000","14,70","0,54"
,,,,,,,,,
,,,,,,,,,
,,,,,,,,,
 20.4 ,Código,Banco,Descrição,Tipo,,Und,Quant.,Valor Unit,Total
Composição, 99054 ,SINAPI,"ACABAMENTOS PARA FORRO (SANCA DE GESSO, MONTADA NA OBRA). AF_08/2023_PS",Forros,,m²,"1,0000000","50,03","50,03"
Composição Auxiliar, 88269 ,SINAPI,GESSEIRO COM ENCARGOS COMPLEMENTARES,Livro SINAPI: Cálculos e Parâmetros,,H,"0,8738327","29,01","25,34"
Composição Auxiliar, 88316 ,SINAPI,SERVENTE COM ENCARGOS COMPLEMENTARES,Livro SINAPI: Cálculos e Parâmetros,,H,"0,5022504","23,37","11,73"
Insumo, 00000345 ,SINAPI,"ARAME GALVANIZADO 18 BWG, D = 1,24MM (0,009 KG/M)",Material,,KG,"0,0217000","18,05","0,39"
Insumo, 00003315 ,SINAPI,GESSO EM PO PARA REVESTIMENTOS/MOLDURAS/SANCAS E USO GERAL,Material,,KG,"1,8127000","0,70","1,26"
Insumo, 00004812 ,SINAPI,"PLACA DE GESSO PARA FORRO, *60 X 60* CM, ESPESSURA DE 12 MM (SEM COLOCACAO)",Material,,m²,"1,0414000","9,89","10,29"
Insumo, 00005066 ,SINAPI,PREGO DE ACO POLIDO COM CABECA 12 X 12,Material,,KG,"0,0036000","14,40","0,05"
Insumo, 00020250 ,SINAPI,SISAL EM FIBRA / ESTOPA SISAL PARA GESSO,Material,,KG,"0,0078000","21,52","0,16"
Insumo, 00040547 ,SINAPI,"PARAFUSO ZINCADO, AUTOBROCANTE, FLANGEADO, 4,2 MM X 19 MM",Material,,CENTO,"0,0293000","27,78","0,81"
,,,,,,,,,
,,,,,,,,,
,,,,,,,,,
 20.5 ,Código,Banco,Descrição,Tipo,,Und,Quant.,Valor Unit,Total
Composição, G0005 ,Próprio,"CHAPA DE GESSO ACARTONADO PARAFUSADO SOBRE LAJE. INCLUSA FITA E
MASSA PARA VEDAÇÃO ENTRE CHAPAS",SEDI - SERVIÇOS DIVERSOS,,M²,"1,0000000","30,83","30,83"
Composição Auxiliar, 88316 ,SINAPI,SERVENTE COM ENCARGOS COMPLEMENTARES,Livro SINAPI: Cálculos e Parâmetros,,H,"0,1871506","23,37","4,37"
Insumo, 00011950 ,SINAPI,"BUCHA DE NYLON SEM ABA S6, COM PARAFUSO DE 4,20 X 40 MM EM ACO ZINCADO COM ROSCA SOBERBA, CABECA CHATA E FENDA PHILLIPS",Material,,UN,"6,0000000","0,25","1,50"
Insumo, 00039432 ,SINAPI,FITA DE PAPEL REFORCADA COM LAMINA DE METAL PARA REFORCO DE CANTOS DE CHAPA DE GESSO PARA DRYWALL,Material,,M,"1,4276000","2,46","3,51"
Insumo, 00039413 ,SINAPI,"PLACA / CHAPA DE GESSO ACARTONADO, STANDARD (ST), COR BRANCA, E = 12,5 MM, 1200 X 2400 MM (L X C)",Material,,m²,"1,0838000","17,82","19,31"
Insumo, 00039434 ,SINAPI,"MASSA DE REJUNTE EM PO PARA DRYWALL, A BASE DE GESSO, SECAGEM RAPIDA, PARA TRATAMENTO DE JUNTAS DE CHAPA DE GESSO (NECESSITA ADICAO DE AGUA)",Material,,KG,"0,6926000","3,09","2,14"
,,,,,,,,,
,,,,,,,,,
,,,,,,,,,
 20.6 ,Código,Banco,Descrição,Tipo,,Und,Quant.,Valor Unit,Total
Composição, V0001 ,Próprio,"FORRO DE FIBRA MINERAL EM PLACAS DE 1250 X 625 MM, E = 15 MM, BORDA  RETA, COM PINTURA ANTIMOFO, APOIADO EM PERFIL DE ACO GALVANIZADO  COM 24 MM DE BASE - INSTALADO",SEDI - SERVIÇOS DIVERSOS,,m²,"1,0000000","100,82","100,82"
Insumo, 00039512 ,SINAPI,"FORRO DE FIBRA MINERAL EM PLACAS DE 1250 X 625 MM, E = 15 MM, BORDA RETA, COM PINTURA ANTIMOFO, APOIADO EM PERFIL DE ACO GALVANIZADO COM 24 MM DE BASE - INSTALADO",Material,,m²,"1,0000000","100,82","100,82"
,,,,,,,,,
,,,,,,,,,
,,,,,,,,,
 21 ,,,PISOS,,,,,,
 21.1 ,Código,Banco,Descrição,Tipo,,Und,Quant.,Valor Unit,Total
Composição, X0004 ,Próprio,"LASTRO DE CONCRETO MAGRO, APLICADO EM PISOS OU RADIERS, ESPESSURA DE 5CM COM MALHA 15 X 15 CM DE FERRO 5MM",PISO - PISOS,,m²,"1,0000000","35,31","35,31"
Composição Auxiliar, 88309 ,SINAPI,PEDREIRO COM ENCARGOS COMPLEMENTARES,Livro SINAPI: Cálculos e Parâmetros,,H,"0,1866289","29,21","5,45"
Composição Auxiliar, 88316 ,SINAPI,SERVENTE COM ENCARGOS COMPLEMENTARES,Livro SINAPI: Cálculos e Parâmetros,,H,"0,0508800","23,37","1,18"
Composição Auxiliar, 94968 ,SINAPI,"CONCRETO MAGRO PARA LASTRO, TRAÇO 1:4,5:4,5 (EM MASSA SECA DE CIMENTO/ AREIA MÉDIA/ BRITA 1) - PREPARO MECÂNICO COM BETONEIRA 600 L. AF_05/2021",Produção de Concreto,,m³,"0,0565000","352,30","19,90"
Insumo, 00021141 ,SINAPI,"TELA DE ACO SOLDADA NERVURADA, CA-60, Q-92, (1,48 KG/M2), DIAMETRO DO FIO = 4,2 MM, LARGURA = 2,45 X 60 M DE COMPRIMENTO, ESPACAMENTO DA MALHA = 15 X 15 CM",Material,,m²,"1,0000000","8,78","8,78"
,,,,,,,,,
,,,,,,,,,
,,,,,,,,,
 21.2 ,Código,Banco,Descrição,Tipo,,Und,Quant.,Valor Unit,Total
Composição, 87735 ,SINAPI,"CONTRAPISO EM ARGAMASSA TRAÇO 1:4 (CIMENTO E AREIA), PREPARO MECÂNICO COM BETONEIRA 400 L, APLICADO EM ÁREAS MOLHADAS SOBRE LAJE, ADERIDO, ACABAMENTO NÃO REFORÇADO, ESPESSURA 2CM. AF_07/2021",Contrapiso,,m²,"1,0000000","35,86","35,86"
Composição Auxiliar, 87301 ,SINAPI,"ARGAMASSA TRAÇO 1:4 (EM VOLUME DE CIMENTO E AREIA MÉDIA ÚMIDA) PARA CONTRAPISO, PREPARO MECÂNICO COM BETONEIRA 400 L. AF_08/2019",Argamassas,,m³,"0,0310000","542,29","16,81"
Composição Auxiliar, 88309 ,SINAPI,PEDREIRO COM ENCARGOS COMPLEMENTARES,Livro SINAPI: Cálculos e Parâmetros,,H,"0,3997906","29,21","11,67"
Composição Auxiliar, 88316 ,SINAPI,SERVENTE COM ENCARGOS COMPLEMENTARES,Livro SINAPI: Cálculos e Parâmetros,,H,"0,2002732","23,37","4,68"
Insumo, 00001379 ,SINAPI,CIMENTO PORTLAND COMPOSTO CP II-32,Material,,KG,"0,5000000","0,58","0,29"
Insumo, 00007334 ,SINAPI,ADITIVO ADESIVO LIQUIDO PARA ARGAMASSAS DE REVESTIMENTOS CIMENTICIOS,Material,,L,"0,2100000","11,51","2,41"
,,,,,,,,,
,,,,,,,,,
,,,,,,,,,
 21.3 ,Código,Banco,Descrição,Tipo,,Und,Quant.,Valor Unit,Total
Composição, 87630 ,SINAPI,"CONTRAPISO EM ARGAMASSA TRAÇO 1:4 (CIMENTO E AREIA), PREPARO MECÂNICO COM BETONEIRA 400 L, APLICADO EM ÁREAS SECAS SOBRE LAJE, ADERIDO, ACABAMENTO NÃO REFORÇADO, ESPESSURA 3CM. AF_07/2021",Contrapiso,,m²,"1,0000000","32,80","32,80"
Composição Auxiliar, 87301 ,SINAPI,"ARGAMASSA TRAÇO 1:4 (EM VOLUME DE CIMENTO E AREIA MÉDIA ÚMIDA) PARA CONTRAPISO, PREPARO MECÂNICO COM BETONEIRA 400 L. AF_08/2019",Argamassas,,m³,"0,0431000","542,29","23,37"
Composição Auxiliar, 88309 ,SINAPI,PEDREIRO COM ENCARGOS COMPLEMENTARES,Livro SINAPI: Cálculos e Parâmetros,,H,"0,1645462","29,21","4,80"
Composição Auxiliar, 88316 ,SINAPI,SERVENTE COM ENCARGOS COMPLEMENTARES,Livro SINAPI: Cálculos e Parâmetros,,H,"0,0826088","23,37","1,93"
Insumo, 00001379 ,SINAPI,CIMENTO PORTLAND COMPOSTO CP II-32,Material,,KG,"0,5000000","0,58","0,29"
Insumo, 00007334 ,SINAPI,ADITIVO ADESIVO LIQUIDO PARA ARGAMASSAS DE REVESTIMENTOS CIMENTICIOS,Material,,L,"0,2100000","11,51","2,41"
,,,,,,,,,
,,,,,,,,,
,,,,,,,,,
 21.4 ,Código,Banco,Descrição,Tipo,,Und,Quant.,Valor Unit,Total
Composição, X0013 ,Próprio,"PISO PODOTÁTIL INTERNO EM BORRACHA 25x25cm, ESPESSURA 5MM, FIXADO COM ADESIVO ACRÍLICO",PISO - PISOS,,m²,"1,0000000","198,56","198,56"
Composição Auxiliar, 88316 ,SINAPI,SERVENTE COM ENCARGOS COMPLEMENTARES,Livro SINAPI: Cálculos e Parâmetros,,H,"0,1556882","23,37","3,63"
Composição Auxiliar, 88309 ,SINAPI,PEDREIRO COM ENCARGOS COMPLEMENTARES,Livro SINAPI: Cálculos e Parâmetros,,H,"0,3736519","29,21","10,91"
Insumo, I8622 ,SEINFRA,PISO TÁTIL ALERTA OU DIRECIONAL EMBORRACHADO COR PRETO,Material,,m²,"1,0600000","151,85","160,96"
Insumo, 00004791 ,SINAPI,ADESIVO ACRILICO DE BASE AQUOSA / COLA DE CONTATO,Material,,KG,"0,5637000","40,91","23,06"
,,,,,,,,,
,,,,,,,,,
,,,,,,,,,
 21.5 ,Código,Banco,Descrição,Tipo,,Und,Quant.,Valor Unit,Total
Composição, 87249 ,SINAPI,REVESTIMENTO CERÂMICO PARA PISO COM PLACAS TIPO ESMALTADA DE DIMENSÕES 45X45 CM APLICADA EM AMBIENTES DE ÁREA MENOR QUE 5 M2. AF_02/2023_PE,Revestimentos Cerâmicos Internos,,m²,"1,0000000","65,46","65,46"
Composição Auxiliar, 88256 ,SINAPI,AZULEJISTA OU LADRILHISTA COM ENCARGOS COMPLEMENTARES,Livro SINAPI: Cálculos e Parâmetros,,H,"0,6417997","29,08","18,66"
Composição Auxiliar, 88316 ,SINAPI,SERVENTE COM ENCARGOS COMPLEMENTARES,Livro SINAPI: Cálculos e Parâmetros,,H,"0,1645885","23,37","3,84"
Insumo, 00001287 ,SINAPI,"PISO EM CERAMICA ESMALTADA, COR LISA, PEI MAIOR OU IGUAL A 4, FORMATO MENOR OU IGUAL A 2025 CM2",Material,,m²,"1,1136000","30,32","33,76"
Insumo, 00001381 ,SINAPI,ARGAMASSA COLANTE AC I PARA CERAMICAS,Material,,KG,"9,1325000","0,90","8,21"
Insumo, 00034357 ,SINAPI,"REJUNTE CIMENTICIO, QUALQUER COR",Material,,KG,"0,1880000","5,30","0,99"
,,,,,,,,,
,,,,,,,,,
,,,,,,,,,
 21.6 ,Código,Banco,Descrição,Tipo,,Und,Quant.,Valor Unit,Total
Composição, 87251 ,SINAPI,REVESTIMENTO CERÂMICO PARA PISO COM PLACAS TIPO ESMALTADA DE DIMENSÕES 45X45 CM APLICADA EM AMBIENTES DE ÁREA MAIOR QUE 10 M2. AF_02/2023_PE,Revestimentos Cerâmicos Internos,,m²,"1,0000000","49,59","49,59"
Composição Auxiliar, 88256 ,SINAPI,AZULEJISTA OU LADRILHISTA COM ENCARGOS COMPLEMENTARES,Livro SINAPI: Cálculos e Parâmetros,,H,"0,2010389","29,08","5,84"
Composição Auxiliar, 88316 ,SINAPI,SERVENTE COM ENCARGOS COMPLEMENTARES,Livro SINAPI: Cálculos e Parâmetros,,H,"0,1036496","23,37","2,42"
Insumo, 00001287 ,SINAPI,"PISO EM CERAMICA ESMALTADA, COR LISA, PEI MAIOR OU IGUAL A 4, FORMATO MENOR OU IGUAL A 2025 CM2",Material,,m²,"1,0600000","30,32","32,13"
Insumo, 00001381 ,SINAPI,ARGAMASSA COLANTE AC I PARA CERAMICAS,Material,,KG,"9,1325000","0,90","8,21"
Insumo, 00034357 ,SINAPI,"REJUNTE CIMENTICIO, QUALQUER COR",Material,,KG,"0,1880000","5,30","0,99"
,,,,,,,,,
,,,,,,,,,
,,,,,,,,,
 21.7 ,Código,Banco,Descrição,Tipo,,Und,Quant.,Valor Unit,Total
Composição, 88649 ,SINAPI,RODAPÉ CERÂMICO DE 7CM DE ALTURA COM PLACAS TIPO ESMALTADA DE DIMENSÕES 45X45CM. AF_02/2023,Revestimentos Cerâmicos Internos,,M,"1,0000000","7,90","7,90"
Composição Auxiliar, 88256 ,SINAPI,AZULEJISTA OU LADRILHISTA COM ENCARGOS COMPLEMENTARES,Livro SINAPI: Cálculos e Parâmetros,,H,"0,0610669","29,08","1,77"
Composição Auxiliar, 88316 ,SINAPI,SERVENTE COM ENCARGOS COMPLEMENTARES,Livro SINAPI: Cálculos e Parâmetros,,H,"0,0236594","23,37","0,55"
Insumo, 00001287 ,SINAPI,"PISO EM CERAMICA ESMALTADA, COR LISA, PEI MAIOR OU IGUAL A 4, FORMATO MENOR OU IGUAL A 2025 CM2",Material,,m²,"0,1500000","30,32","4,54"
Insumo, 00001381 ,SINAPI,ARGAMASSA COLANTE AC I PARA CERAMICAS,Material,,KG,"0,6392000","0,90","0,57"
Insumo, 00034357 ,SINAPI,"REJUNTE CIMENTICIO, QUALQUER COR",Material,,KG,"0,0900000","5,30","0,47"
,,,,,,,,,
,,,,,,,,,
,,,,,,,,,
 21.8 ,Código,Banco,Descrição,Tipo,,Und,Quant.,Valor Unit,Total
Composição, X0016 ,Próprio,ESPAÇADOR 3MM TIPO CRUZETA PARA APLICAÇÃO DE REVESTIMENTO CERÂMICO EM PISO E PAREDE,SEDI - SERVIÇOS DIVERSOS,,m²,"1,0000000","0,24","0,24"
Insumo, PP10 ,Próprio,ESPAÇADOR 3 MM DE PLÁSTICO PARA CERÂMICA TIPO CRUZETA,Material,,UND,"12,0000000","0,02","0,24"
,,,,,,,,,
,,,,,,,,,
,,,,,,,,,
 21.9 ,Código,Banco,Descrição,Tipo,,Und,Quant.,Valor Unit,Total
Composição, 104162 ,SINAPI,"PISO EM GRANILITE, MARMORITE OU GRANITINA EM AMBIENTES INTERNOS, COM ESPESSURA DE 8 MM, INCLUSO MISTURA EM BETONEIRA, COLOCAÇÃO DAS JUNTAS, APLICAÇÃO DO PISO, 4 POLIMENTOS COM POLITRIZ, ESTUCAMENTO, SELADOR E CERA. AF_06/2022",Pisos,,m²,"1,0000000","75,00","75,00"
Composição Auxiliar, 88274 ,SINAPI,MARMORISTA/GRANITEIRO COM ENCARGOS COMPLEMENTARES,Livro SINAPI: Cálculos e Parâmetros,,H,"0,8726278","28,62","24,97"
Composição Auxiliar, 88316 ,SINAPI,SERVENTE COM ENCARGOS COMPLEMENTARES,Livro SINAPI: Cálculos e Parâmetros,,H,"0,3960118","23,37","9,25"
Composição Auxiliar, 89225 ,SINAPI,"BETONEIRA CAPACIDADE NOMINAL DE 600 L, CAPACIDADE DE MISTURA 360 L, MOTOR ELÉTRICO TRIFÁSICO POTÊNCIA DE 4 CV, SEM CARREGADOR - CHP DIURNO. AF_05/2023",Custos Horários Produtivo e Improdutivo dos Equipamentos,,CHP,"0,0254000","4,33","0,10"
Composição Auxiliar, 89226 ,SINAPI,"BETONEIRA CAPACIDADE NOMINAL DE 600 L, CAPACIDADE DE MISTURA 360 L, MOTOR ELÉTRICO TRIFÁSICO POTÊNCIA DE 4 CV, SEM CARREGADOR - CHI DIURNO. AF_05/2023",Custos Horários Produtivo e Improdutivo dos Equipamentos,,CHI,"0,0759000","1,33","0,10"
Composição Auxiliar, 95276 ,SINAPI,"POLIDORA DE PISO (POLITRIZ), PESO DE 100KG, DIÂMETRO 450 MM, MOTOR ELÉTRICO, POTÊNCIA 4 HP - CHP DIURNO. AF_05/2023",Custos Horários Produtivo e Improdutivo dos Equipamentos,,CHP,"0,0903000","2,73","0,24"
Composição Auxiliar, 95277 ,SINAPI,"POLIDORA DE PISO (POLITRIZ), PESO DE 100KG, DIÂMETRO 450 MM, MOTOR ELÉTRICO, POTÊNCIA 4 HP - CHI DIURNO. AF_05/2023",Custos Horários Produtivo e Improdutivo dos Equipamentos,,CHI,"0,2164000","0,54","0,11"
Insumo, 00003671 ,SINAPI,"JUNTA PLASTICA DE DILATACAO PARA PISOS, COR CINZA, 17 X 3 MM (ALTURA X ESPESSURA)",Material,,M,"1,6700000","1,06","1,77"
Insumo, 00004824 ,SINAPI,"GRANILHA/ GRANA/ PEDRISCO OU AGREGADO EM MARMORE/ GRANITO/ QUARTZO E CALCARIO, PRETO, CINZA, PALHA OU BRANCO",Material,,KG,"20,0000000","0,36","7,20"
Insumo, 00006085 ,SINAPI,SELADOR ACRILICO OPACO PREMIUM INTERIOR/EXTERIOR,Material,,L,"0,0400000","9,50","0,38"
Insumo, 00041967 ,SINAPI,CERA LIQUIDA INCOLOR MULTIPISO,Material,,L,"0,0125000","22,88","0,28"
Insumo, 00044528 ,SINAPI,CIMENTO PORTLAND ESTRUTURAL BRANCO CPB - 32 OU CPB - 40,Material,,KG,"10,0000000","3,06","30,60"
,,,,,,,,,
,,,,,,,,,
,,,,,,,,,
 21.10 ,Código,Banco,Descrição,Tipo,,Und,Quant.,Valor Unit,Total
Composição, 101727 ,SINAPI,"PISO VINÍLICO SEMI-FLEXÍVEL EM PLACAS, PADRÃO LISO, ESPESSURA 3,2 MM, FIXADO COM COLA. AF_09/2020",Pisos,,m²,"1,0000000","176,73","176,73"
Composição Auxiliar, 88309 ,SINAPI,PEDREIRO COM ENCARGOS COMPLEMENTARES,Livro SINAPI: Cálculos e Parâmetros,,H,"0,1258178","29,21","3,67"
Composição Auxiliar, 88316 ,SINAPI,SERVENTE COM ENCARGOS COMPLEMENTARES,Livro SINAPI: Cálculos e Parâmetros,,H,"0,0625409","23,37","1,46"
Insumo, 00004791 ,SINAPI,ADESIVO ACRILICO DE BASE AQUOSA / COLA DE CONTATO,Material,,KG,"0,0950000","40,91","3,88"
Insumo, 00004792 ,SINAPI,"PLACA VINILICA SEMIFLEXIVEL PARA PISOS, E = 3,2 MM, 30 X 30 CM (SEM COLOCACAO)",Material,,m²,"1,1100000","151,10","167,72"
,,,,,,,,,
,,,,,,,,,
,,,,,,,,,
 21.11 ,Código,Banco,Descrição,Tipo,,Und,Quant.,Valor Unit,Total
Composição, X0008 ,Próprio,"REGULARIZAÇÃO DE PISO COM ARGAMASSA AUTONIVELANTE, APLICADO SPBRE CONTRAPISO, ADERIDO, ESPESSURA 3MM.",PISO - PISOS,,m²,"1,0000000","59,83","59,83"
Composição Auxiliar, 88309 ,SINAPI,PEDREIRO COM ENCARGOS COMPLEMENTARES,Livro SINAPI: Cálculos e Parâmetros,,H,"0,7161473","29,21","20,91"
Composição Auxiliar, 88316 ,SINAPI,SERVENTE COM ENCARGOS COMPLEMENTARES,Livro SINAPI: Cálculos e Parâmetros,,H,"0,3978597","23,37","9,29"
Insumo, PP2 ,Próprio,ARGAMASSA AUTONIVELANTE PARA PISOS,Material,,kg,"5,1000000","5,81","29,63"
,,,,,,,,,
,,,,,,,,,
,,,,,,,,,
 21.12 ,Código,Banco,Descrição,Tipo,,Und,Quant.,Valor Unit,Total
Composição, X0009 ,Próprio,PREPARAÇÃO DE PISO COM PRIMER ACRÍLICO (REF. TARKOPRIMER OU SIMILAR),PISO - PISOS,,m²,"1,0000000","24,62","24,62"
Composição Auxiliar, 88310 ,SINAPI,PINTOR COM ENCARGOS COMPLEMENTARES,Livro SINAPI: Cálculos e Parâmetros,,H,"0,2864213","30,89","8,84"
Composição Auxiliar, 88316 ,SINAPI,SERVENTE COM ENCARGOS COMPLEMENTARES,Livro SINAPI: Cálculos e Parâmetros,,H,"0,1193423","23,37","2,78"
Insumo, 00012815 ,SINAPI,FITA CREPE ROLO DE *25* MM X 50 M,Material,,UN,"0,0140000","6,50","0,09"
Insumo, PP3 ,Próprio,PRIMER BASE PREPARADOR DE SUPERFÍCIE PARA A APLICAÇÃO DE SOLUÇÕES NIVELANTES E AUTONIVELANTES,Material,,L,"0,5000000","25,83","12,91"
,,,,,,,,,
,,,,,,,,,
,,,,,,,,,
 21.13 ,Código,Banco,Descrição,Tipo,,Und,Quant.,Valor Unit,Total
Composição, 101748 ,SINAPI,PREPARO DE CONTRAPISO COM POLITRIZ. AF_09/2020,Pisos,,m²,"1,0000000","3,04","3,04"
Composição Auxiliar, 88309 ,SINAPI,PEDREIRO COM ENCARGOS COMPLEMENTARES,Livro SINAPI: Cálculos e Parâmetros,,H,"0,0718768","29,21","2,09"
Composição Auxiliar, 88316 ,SINAPI,SERVENTE COM ENCARGOS COMPLEMENTARES,Livro SINAPI: Cálculos e Parâmetros,,H,"0,0359383","23,37","0,83"
Composição Auxiliar, 95276 ,SINAPI,"POLIDORA DE PISO (POLITRIZ), PESO DE 100KG, DIÂMETRO 450 MM, MOTOR ELÉTRICO, POTÊNCIA 4 HP - CHP DIURNO. AF_05/2023",Custos Horários Produtivo e Improdutivo dos Equipamentos,,CHP,"0,0430000","2,73","0,11"
Composição Auxiliar, 95277 ,SINAPI,"POLIDORA DE PISO (POLITRIZ), PESO DE 100KG, DIÂMETRO 450 MM, MOTOR ELÉTRICO, POTÊNCIA 4 HP - CHI DIURNO. AF_05/2023",Custos Horários Produtivo e Improdutivo dos Equipamentos,,CHI,"0,0250000","0,54","0,01"
,,,,,,,,,
,,,,,,,,,
,,,,,,,,,
 21.14 ,Código,Banco,Descrição,Tipo,,Und,Quant.,Valor Unit,Total
Composição, 101739 ,SINAPI,"RODAPÉ EM MADEIRA, ALTURA 7CM, FIXADO COM COLA E PARAFUSOS. AF_09/2020",Pisos,,M,"1,0000000","37,64","37,64"
Composição Auxiliar, 88262 ,SINAPI,CARPINTEIRO DE FORMAS COM ENCARGOS COMPLEMENTARES,Livro SINAPI: Cálculos e Parâmetros,,H,"0,3365116","28,79","9,68"
Composição Auxiliar, 88316 ,SINAPI,SERVENTE COM ENCARGOS COMPLEMENTARES,Livro SINAPI: Cálculos e Parâmetros,,H,"0,1402462","23,37","3,27"
Insumo, 00006186 ,SINAPI,"RODAPE DE MADEIRA MACICA CUMARU/IPE CHAMPANHE OU EQUIVALENTE DA REGIAO, *1,5 X 7 CM",Material,,M,"1,0350000","21,60","22,35"
Insumo, 00007568 ,SINAPI,"BUCHA DE NYLON SEM ABA S10, COM PARAFUSO DE 6,10 X 65 MM EM ACO ZINCADO COM ROSCA SOBERBA, CABECA CHATA E FENDA PHILLIPS",Material,,UN,"1,1581000","0,74","0,85"
Insumo, 00044396 ,SINAPI,COLA BRANCA BASE PVA,Material,,KG,"0,0403000","36,98","1,49"
,,,,,,,,,
,,,,,,,,,
,,,,,,,,,
 21.15 ,Código,Banco,Descrição,Tipo,,Und,Quant.,Valor Unit,Total
Composição, X0023 ,Próprio,PERFIL DE ALUMÍNIO PARA ARREMATE DE SOLEIRAS,SEDI - SERVIÇOS DIVERSOS,,M,"1,0000000","34,14","34,14"
Composição Auxiliar, 88256 ,SINAPI,AZULEJISTA OU LADRILHISTA COM ENCARGOS COMPLEMENTARES,Livro SINAPI: Cálculos e Parâmetros,,H,"0,4781117","29,08","13,90"
Composição Auxiliar, 88316 ,SINAPI,SERVENTE COM ENCARGOS COMPLEMENTARES,Livro SINAPI: Cálculos e Parâmetros,,H,"0,3187411","23,37","7,44"
Insumo, 004084 ,SBC,PERFIL METALICO PARA SOLEIRAS,Material,,M,"1,0000000","12,80","12,80"
,,,,,,,,,
,,,,,,,,,
,,,,,,,,,
 22 ,,,AR CONDICIONADO,,,,,,
 22.1 ,Código,Banco,Descrição,Tipo,,Und,Quant.,Valor Unit,Total
Composição, 89357 ,SINAPI,"TUBO, PVC, SOLDÁVEL, DE 32MM, INSTALADO EM RAMAL OU SUB-RAMAL DE ÁGUA - FORNECIMENTO E INSTALAÇÃO. AF_06/2022",Instalações Prediais de Água Fria em PVC,,M,"1,0000000","26,42","26,42"
Composição Auxiliar, 88248 ,SINAPI,AUXILIAR DE ENCANADOR OU BOMBEIRO HIDRÁULICO COM ENCARGOS COMPLEMENTARES,Livro SINAPI: Cálculos e Parâmetros,,H,"0,3610640","24,00","8,66"
Composição Auxiliar, 88267 ,SINAPI,ENCANADOR OU BOMBEIRO HIDRÁULICO COM ENCARGOS COMPLEMENTARES,Livro SINAPI: Cálculos e Parâmetros,,H,"0,3610640","28,49","10,28"
Insumo, 00009869 ,SINAPI,"TUBO PVC, SOLDAVEL, DE 32 MM, AGUA FRIA (NBR-5648)",Material,,M,"1,0493000","6,98","7,32"
Insumo, 00038383 ,SINAPI,"LIXA D'AGUA EM FOLHA, COR PRETA, GRAO 100",Material,,UN,"0,1056000","1,58","0,16"
,,,,,,,,,
,,,,,,,,,
,,,,,,,,,
 22.2 ,Código,Banco,Descrição,Tipo,,Und,Quant.,Valor Unit,Total
Composição, 89398 ,SINAPI,"TE, PVC, SOLDÁVEL, DN 32MM, INSTALADO EM RAMAL OU SUB-RAMAL DE ÁGUA - FORNECIMENTO E INSTALAÇÃO. AF_06/2022",Instalações Prediais de Água Fria em PVC,,UN,"1,0000000","14,75","14,75"
Composição Auxiliar, 88248 ,SINAPI,AUXILIAR DE ENCANADOR OU BOMBEIRO HIDRÁULICO COM ENCARGOS COMPLEMENTARES,Livro SINAPI: Cálculos e Parâmetros,,H,"0,1926511","24,00","4,62"
Composição Auxiliar, 88267 ,SINAPI,ENCANADOR OU BOMBEIRO HIDRÁULICO COM ENCARGOS COMPLEMENTARES,Livro SINAPI: Cálculos e Parâmetros,,H,"0,1926511","28,49","5,48"
Insumo, 00000122 ,SINAPI,"ADESIVO PLASTICO PARA PVC, FRASCO COM *850* GR",Material,,UN,"0,0141000","49,67","0,70"
Insumo, 00007140 ,SINAPI,"TE SOLDAVEL, PVC, 90 GRAUS, 32 MM, PARA AGUA FRIA PREDIAL (NBR 5648)",Material,,UN,"1,0000000","2,94","2,94"
Insumo, 00020083 ,SINAPI,"SOLUCAO PREPARADORA / LIMPADORA PARA PVC, FRASCO COM 1000 CM3",Material,,UN,"0,0165000","56,28","0,92"
Insumo, 00038383 ,SINAPI,"LIXA D'AGUA EM FOLHA, COR PRETA, GRAO 100",Material,,UN,"0,0605000","1,58","0,09"
,,,,,,,,,
,,,,,,,,,
,,,,,,,,,
 22.3 ,Código,Banco,Descrição,Tipo,,Und,Quant.,Valor Unit,Total
Composição, 89415 ,SINAPI,"CURVA 90 GRAUS, PVC, SOLDÁVEL, DN 32MM, INSTALADO EM RAMAL DE DISTRIBUIÇÃO DE ÁGUA - FORNECIMENTO E INSTALAÇÃO. AF_06/2022",Instalações Prediais de Água Fria em PVC,,UN,"1,0000000","12,94","12,94"
Composição Auxiliar, 88248 ,SINAPI,AUXILIAR DE ENCANADOR OU BOMBEIRO HIDRÁULICO COM ENCARGOS COMPLEMENTARES,Livro SINAPI: Cálculos e Parâmetros,,H,"0,1296244","24,00","3,11"
Composição Auxiliar, 88267 ,SINAPI,ENCANADOR OU BOMBEIRO HIDRÁULICO COM ENCARGOS COMPLEMENTARES,Livro SINAPI: Cálculos e Parâmetros,,H,"0,1296244","28,49","3,69"
Insumo, 00000122 ,SINAPI,"ADESIVO PLASTICO PARA PVC, FRASCO COM *850* GR",Material,,UN,"0,0094000","49,67","0,46"
Insumo, 00001957 ,SINAPI,"CURVA DE PVC 90 GRAUS, SOLDAVEL, 32 MM, COR MARROM, PARA AGUA FRIA PREDIAL",Material,,UN,"1,0000000","5,02","5,02"
Insumo, 00020083 ,SINAPI,"SOLUCAO PREPARADORA / LIMPADORA PARA PVC, FRASCO COM 1000 CM3",Material,,UN,"0,0110000","56,28","0,61"
Insumo, 00038383 ,SINAPI,"LIXA D'AGUA EM FOLHA, COR PRETA, GRAO 100",Material,,UN,"0,0360000","1,58","0,05"
,,,,,,,,,
,,,,,,,,,
,,,,,,,,,
 22.4 ,Código,Banco,Descrição,Tipo,,Und,Quant.,Valor Unit,Total
Composição, 89370 ,SINAPI,"CURVA 45 GRAUS, PVC, SOLDÁVEL, DN 32MM, INSTALADO EM RAMAL OU SUB-RAMAL DE ÁGUA - FORNECIMENTO E INSTALAÇÃO. AF_06/2022",Instalações Prediais de Água Fria em PVC,,UN,"1,0000000","12,20","12,20"
Composição Auxiliar, 88248 ,SINAPI,AUXILIAR DE ENCANADOR OU BOMBEIRO HIDRÁULICO COM ENCARGOS COMPLEMENTARES,Livro SINAPI: Cálculos e Parâmetros,,H,"0,1446452","24,00","3,47"
Composição Auxiliar, 88267 ,SINAPI,ENCANADOR OU BOMBEIRO HIDRÁULICO COM ENCARGOS COMPLEMENTARES,Livro SINAPI: Cálculos e Parâmetros,,H,"0,1446452","28,49","4,12"
Insumo, 00000122 ,SINAPI,"ADESIVO PLASTICO PARA PVC, FRASCO COM *850* GR",Material,,UN,"0,0094000","49,67","0,46"
Insumo, 00001923 ,SINAPI,"CURVA DE PVC 45 GRAUS, SOLDAVEL, 32 MM, COR MARROM, PARA AGUA FRIA PREDIAL",Material,,UN,"1,0000000","3,48","3,48"
Insumo, 00020083 ,SINAPI,"SOLUCAO PREPARADORA / LIMPADORA PARA PVC, FRASCO COM 1000 CM3",Material,,UN,"0,0110000","56,28","0,61"
Insumo, 00038383 ,SINAPI,"LIXA D'AGUA EM FOLHA, COR PRETA, GRAO 100",Material,,UN,"0,0403000","1,58","0,06"
,,,,,,,,,
,,,,,,,,,
,,,,,,,,,
 22.5 ,Código,Banco,Descrição,Tipo,,Und,Quant.,Valor Unit,Total
Composição, 91185 ,SINAPI,"FIXAÇÃO DE TUBOS HORIZONTAIS DE PVC ÁGUA, PVC ESGOTO, PVC ÁGUA PLUVIAL, CPVC, PPR, COBRE OU AÇO, DIÂMETROS MENORES OU IGUAIS A 40 MM, COM ABRAÇADEIRA METÁLICA FLEXÍVEL 18 MM, FIXADA DIRETAMENTE NA LAJE. AF_09/2023",Rasgos e Fixações,,M,"1,0000000","20,85","20,85"
Composição Auxiliar, 88248 ,SINAPI,AUXILIAR DE ENCANADOR OU BOMBEIRO HIDRÁULICO COM ENCARGOS COMPLEMENTARES,Livro SINAPI: Cálculos e Parâmetros,,H,"0,1184369","24,00","2,84"
Composição Auxiliar, 88267 ,SINAPI,ENCANADOR OU BOMBEIRO HIDRÁULICO COM ENCARGOS COMPLEMENTARES,Livro SINAPI: Cálculos e Parâmetros,,H,"0,5210107","28,49","14,84"
Insumo, 00004350 ,SINAPI,"BUCHA DE NYLON, DIAMETRO DO FURO 8 MM, COMPRIMENTO 40 MM, COM PARAFUSO DE ROSCA SOBERBA, CABECA CHATA, FENDA SIMPLES, 4,8 X 50 MM",Material,,UN,"3,7500000","0,65","2,43"
Insumo, 00014153 ,SINAPI,"FITA METALICA PERFURADA, L = *18* MM, ROLO DE 30 M, CARGA RECOMENDADA = *30* KGF",Material,,UN,"0,0149000","49,81","0,74"