,,"PARA ATUALIZAR A PLANILHA, COLE AS NOVAS PLANILHAS SINAPI-MAT (Insumos), SINAPI SINTÉTICO E SEINFRA NAS SUAS RESPECTIVAS ABAS.
PESQUISA DE PREÇO DEVE SER INSERIDA NA ABA PESQUISA DE PREÇOS;
PREÇOS ORSE, SICRO E SBC DEVEM SER ATUALIZADOS MANUALMENTE;
OS PREÇOS DE ADMINISTRAÇÃO DE OBRA SÃO ATUALIZADOS PELA ABA DE MEMORIAL DE CÁLCULO.",,,,,,,,,,,,,,,,,,,,
,,,,,,,,,,,,,,,,,,,,,,
,,,,MINISTÉRIO DA EDUCAÇÃO,,,,,,,,,,,,,,,,,,
,,,,UNIVERSIDADE FEDERAL DO CARIRI,,,,,,,,,,,,,,,,,,
,,,,DIRETORIA DE INFRAESTRUTURA,,,,,,,,,,,,,,,,,,
,,,,,,,,,,,,,,,,,,,,,,
,,Obra:,"Hospital Veterinário Universitário do Cariri – HVUCariri com a urbanização do entorno, estacionamento, guarita de acesso, castelo d´agua, rede de média tensão, lanchonete e área de convivência, casa de gerador, baía de resíduos e estação de tratamento de esgoto no campus da Crato da UFCA.",,,,,,,,,,,,,"Leis Sociais: 115,02%(HORA) 71,66%(MÊS)",,,,,,
,,Local:,"Rua Ícaro de Sousa Moreira, 126 - Muriti - Crato/CE, CEP 63130-025",,,,,,,,,,,,,Referência de custos,,,,,,
,,Tipo:,Construção,,,,,,,,,,,,,Sinapi – Ceará – 10/2024 - Não Desonerada,,,,,,
,,Data:,25/11/2024,,,,,,,,,,,,,ORSE 09/2024,,,,,,
,,,,,,,,,,,,,,,,SEINFRA 28.1,,,,,,
,,,,,,,,,,,,,,,,EMOP-RJ -10/2024 / SEDOP-PA -06/2024 / AGESUL-06/2024,,,,,,
,,,,,,,,,,,,,,,,,,,,,,
,,COMPOSIÇÕES UFCA,,,,,,,,,,,,,,,,,,,,
,,,,,,,,,,,,,,,,,,,,,,
,,,,,,,,,,,,,,,,,MOBRA,INSUMO,EQUIP,SERV,,
,,LETRA,GRUPO,FONTE,CODIGO DA COMPOSICAO,DESCRICAO DA COMPOSICAO,UN,TIPO ITEM,REFERÊNCIA,CODIGO ITEM,DESCRIÇÃO ITEM,UNIDADE,COEFICIENTE,PRECO UNITARIO,CUSTO TOTAL,% ENCARGOS SOCIAIS,CUSTO MAO DE OBRA,CUSTO MATERIAL,CUSTO EQUIPAMENTO,CUSTO SERVIÇO,PREÇO UNITÁRIO,COMPOSIÇÃO USADA COMO REFERÊNCIA E OBSERVAÇÕES
,,,,,,,,,,,,,,,,,,,,,,
HEAD1,,A,PROJETOS,UFCA,,,,,,,,,,,,,,,,,,
HEAD1,,B,SERVIÇOS PRELIMINARES/TÉCNICOS,UFCA,,,,,,,,,,,,,,,,,,
HEAD2,,B,SERVIÇOS PRELIMINARES/TÉCNICOS,UFCA,B0016,SONDAGEM À PERCUSSÃO P/RECONHECIMENTO DO SUBSOLO,M,,,,,,,,,0,"0,00","69,56",0,0,"69,56",Composição com base no Item SEINFRA C2873
HEAD3,,B,SERVIÇOS PRELIMINARES/TÉCNICOS,UFCA,B0016,SONDAGEM À PERCUSSÃO P/RECONHECIMENTO DO SUBSOLO,M,INSUMO,SEINFRA,I1860,SERVIÇOS DE SONDAGEM À PERCUSSÃO,M,"1,0000","69,56","69,56",,,,,,,
HEAD2,,B,SERVIÇOS PRELIMINARES/TÉCNICOS,UFCA,B0022,"ADMINISTRAÇÃO DA OBRA (ENGENHEIRO CIVIL, MESTRE, ALMOXARIFE E VIGIA), ENCARGOS = 115,02% e 71,66%",%,,,,,,,,,0,"882360,48",0,0,0,"882360,48",
HEAD3,,B,SERVIÇOS PRELIMINARES/TÉCNICOS,UFCA,B0022,"ADMINISTRAÇÃO DA OBRA (ENGENHEIRO CIVIL, MESTRE, ALMOXARIFE E VIGIA), ENCARGOS = 115,02% e 71,66%",%,MOBRA,SINAPI,93565,ENGENHEIRO CIVIL DE OBRA JUNIOR COM ENCARGOS COMPLEMENTARES,MES,"24,0000","21.264,65","510351,60",,,,,,,
,,B,SERVIÇOS PRELIMINARES/TÉCNICOS,UFCA,B0022,"ADMINISTRAÇÃO DA OBRA (ENGENHEIRO CIVIL, MESTRE, ALMOXARIFE E VIGIA), ENCARGOS = 115,02% e 71,66%",%,MOBRA,SINAPI,94295,MESTRE DE OBRAS COM ENCARGOS COMPLEMENTARES,MES,"24,0000","7.228,41","173481,84",,,,,,,
HEAD3,,B,SERVIÇOS PRELIMINARES/TÉCNICOS,UFCA,B0022,"ADMINISTRAÇÃO DA OBRA (ENGENHEIRO CIVIL, MESTRE, ALMOXARIFE E VIGIA), ENCARGOS = 115,02% e 71,66%",%,MOBRA,SINAPI,93563,ALMOXARIFE COM ENCARGOS COMPLEMENTARES,MES,"24,0000","4.029,30","96703,20",,,,,,,
HEAD3,,B,SERVIÇOS PRELIMINARES/TÉCNICOS,UFCA,B0022,"ADMINISTRAÇÃO DA OBRA (ENGENHEIRO CIVIL, MESTRE, ALMOXARIFE E VIGIA), ENCARGOS = 115,02% e 71,66%",%,MOBRA,SINAPI,101460,VIGIA DIURNO COM ENCARGOS COMPLEMENTARES,MES,"24,0000","4.242,66","101823,84",,,,,,,
HEAD2,,B,SERVIÇOS PRELIMINARES/TÉCNICOS,UFCA,B0027,MOBILIZAÇÃO DE PERFURATRIZ DE ALGUMA CAPITAL DO NORDESTE,KM,,,,,,,,,0,"0,00","4,96",0,0,"4,96",Elaborada com base na composição C4992 Seinfra - Atualizado em 10/07/2024
HEAD3,,B,SERVIÇOS PRELIMINARES/TÉCNICOS,UFCA,B0027,MOBILIZAÇÃO DE PERFURATRIZ DE ALGUMA CAPITAL DO NORDESTE,KM,INSUMO,SEINFRA,I0716,CAVALO MECÂNICO C/PRANC. 3 EIXOS (CHP),H,"0,0125","397,4473028","4,96",,,,,,,Atualizada pela tabela seinfra 028.1 e seinfra 05/2024
HEAD2,,B,SERVIÇOS PRELIMINARES/TÉCNICOS,UFCA,B0028,DESMOBILIZAÇÃO DE PERFURATRIZ DE ALGUMA CAPITAL DO NORDESTE,KM,,,,,,,,,0,"0,00","4,96",0,0,"4,96",Elaborada com base na composição C0371 Seinfra - Atualizado em 10/07/2024
HEAD3,,B,SERVIÇOS PRELIMINARES/TÉCNICOS,UFCA,B0028,DESMOBILIZAÇÃO DE PERFURATRIZ DE ALGUMA CAPITAL DO NORDESTE,KM,INSUMO,SEINFRA,I0716,CAVALO MECÂNICO C/PRANC. 3 EIXOS (CHP),H,"0,0125","397,4473028","4,96",,,,,,,Atualizada pela tabela seinfra 028.1 e seinfra 05/2024
HEAD2,,B,SERVIÇOS PRELIMINARES/TÉCNICOS,UFCA,B0029,CONTROLE TECNOLÓGICO DE CONCRETO C/ ROMPIMENTO DE CORPO DE PROVA À COMPRESSÃO,UN ,,,,,,,,,0,"75,18","39,38",0,0,"114,56",Elaborada com base na composição C0371 Seinfra - Atualizado em 10/07/2024
HEAD3,,B,SERVIÇOS PRELIMINARES/TÉCNICOS,UFCA,B0029,CONTROLE TECNOLÓGICO DE CONCRETO C/ ROMPIMENTO DE CORPO DE PROVA À COMPRESSÃO,UN ,MOBRA,SINAPI,88249,AUXILIAR DE LABORATÓRIO COM ENCARGOS COMPLEMENTARES,H,"1,3600","30,65","41,68",,,,,,,Atualizada pela tabela seinfra 028.1 e seinfra 05/2024
HEAD3,,B,SERVIÇOS PRELIMINARES/TÉCNICOS,UFCA,B0029,CONTROLE TECNOLÓGICO DE CONCRETO C/ ROMPIMENTO DE CORPO DE PROVA À COMPRESSÃO,UN ,MOBRA,SINAPI,88321,TÉCNICO DE LABORATÓRIO COM ENCARGOS COMPLEMENTARES,H,"1,0000","33,50","33,50",,,,,,,Atualizada pela tabela seinfra 028.1 e seinfra 05/2024
HEAD3,,B,SERVIÇOS PRELIMINARES/TÉCNICOS,UFCA,B0029,CONTROLE TECNOLÓGICO DE CONCRETO C/ ROMPIMENTO DE CORPO DE PROVA À COMPRESSÃO,UN ,INSUMO,SEINFRA,I9071,RESISTÊNCIA À COMPRESSÃO CORPO-DE-PROVA CILÍNDRICO DE CONCRETO E ARGAMASSA,UN,"1,0000","39,38","39,38",,,,,,,Atualizada pela tabela seinfra 028.1 e seinfra 05/2024
HEAD2,,B,SERVIÇOS PRELIMINARES/TÉCNICOS,UFCA,B0033,ALVARÁ DE CONSTRUÇÃO,UN ,,,,,,,,,0,"0,00",1,0,0,"1764,59",
HEAD3,,B,SERVIÇOS PRELIMINARES/TÉCNICOS,UFCA,B0033,ALVARÁ DE CONSTRUÇÃO,UN ,INSUMO,PREF. CRATO,0,TAXA DE ALVARÁ DE CONSTRUÇÃO,UN,"1,0000",1,"1,00",,,,,,,
HEAD2,,B,SERVIÇOS PRELIMINARES/TÉCNICOS,UFCA,B0030,PLACA DE OBRA EM CHAPA DE AÇO GALVANIZADO,M2,,,,,,,,,0,"72,72","453,05",0,"4,24","530,01",Elaborada com base na composição C0371 Seinfra - Atualizado em 10/07/2024
HEAD3,,B,SERVIÇOS PRELIMINARES/TÉCNICOS,UFCA,B0030,PLACA DE OBRA EM CHAPA DE AÇO GALVANIZADO,M2,MOBRA,SINAPI,88262,CARPINTEIRO DE FORMAS COM ENCARGOS COMPLEMENTARES,H,"1,0000","28,52","28,52",,,,,,,Atualizada pela tabela seinfra 028.1 e seinfra 05/2024
HEAD3,,B,SERVIÇOS PRELIMINARES/TÉCNICOS,UFCA,B0030,PLACA DE OBRA EM CHAPA DE AÇO GALVANIZADO,M2,MOBRA,SINAPI,88316,SERVENTE COM ENCARGOS COMPLEMENTARES,H,"2,0000","22,10","44,20",,,,,,,
HEAD3,,B,SERVIÇOS PRELIMINARES/TÉCNICOS,UFCA,B0030,PLACA DE OBRA EM CHAPA DE AÇO GALVANIZADO,M2,SERV,SINAPI,94962,"CONCRETO MAGRO PARA LASTRO, TRAÇO 1:4,5:4,5 (EM MASSA SECA DE CIMENTO/ AREIA MÉDIA/ BRITA 1) - PREPARO MECÂNICO COM BETONEIRA 400 L. AF_05/2021",M3,"0,0100","424,58","4,24",,,,,,,
HEAD3,,B,SERVIÇOS PRELIMINARES/TÉCNICOS,UFCA,B0030,PLACA DE OBRA EM CHAPA DE AÇO GALVANIZADO,M2,INSUMO,SINAPI,4417,"SARRAFO NAO APARELHADO *2,5 X 7* CM, EM MACARANDUBA/MASSARANDUBA, ANGELIM, PEROBA-ROSA OU EQUIVALENTE DA REGIAO - BRUTA                                                                                                                                                                                                                                                                                                                                                                                   ",M,"1,0000","7,34","7,34",,,,,,,
HEAD3,,B,SERVIÇOS PRELIMINARES/TÉCNICOS,UFCA,B0030,PLACA DE OBRA EM CHAPA DE AÇO GALVANIZADO,M2,INSUMO,SINAPI,4491,"PONTALETE *7,5 X 7,5* CM EM PINUS, MISTA OU EQUIVALENTE DA REGIAO - BRUTA                                                                                                                                                                                                                                                                                                                                                                                                                                 ",M,"4,0000","11,05","44,20",,,,,,,
HEAD3,,B,SERVIÇOS PRELIMINARES/TÉCNICOS,UFCA,B0030,PLACA DE OBRA EM CHAPA DE AÇO GALVANIZADO,M2,INSUMO,SINAPI,4813,"PLACA DE OBRA (PARA CONSTRUCAO CIVIL) EM CHAPA GALVANIZADA *N. 22*, ADESIVADA, DE *2,4 X 1,2* M (SEM POSTES PARA FIXACAO)                                                                                                                                                                                                                                                                                                                                                                                 ",M2,"1,0000","400,00","400,00",,,,,,,
HEAD3,,B,SERVIÇOS PRELIMINARES/TÉCNICOS,UFCA,B0030,PLACA DE OBRA EM CHAPA DE AÇO GALVANIZADO,M2,INSUMO,SINAPI,5075,PREGO DE ACO POLIDO COM CABECA 18 X 30 (2 3/4 X 10)                                                                                                                                                                                                                                                                                                                                                                                                                                                       ,KG,"0,1100","13,77","1,51",,,,,,,
HEAD2,,B,SERVIÇOS PRELIMINARES/TÉCNICOS,UFCA,B0031,LOCAÇÃO DA OBRA COM AUXÍLIO TOPOGRÁFICO,M2,,,,,,,,,0,"0,19",0,0,"0,07","0,26",Composição com base no Item SEINFRA C2873
HEAD3,,B,SERVIÇOS PRELIMINARES/TÉCNICOS,UFCA,B0031,LOCAÇÃO DA OBRA COM AUXÍLIO TOPOGRÁFICO,M2,MOBRA,SINAPI,90781,TOPOGRAFO COM ENCARGOS COMPLEMENTARES,H,"0,0020","40,60","0,08",,,,,,,
,,B,SERVIÇOS PRELIMINARES/TÉCNICOS,UFCA,B0031,LOCAÇÃO DA OBRA COM AUXÍLIO TOPOGRÁFICO,M2,MOBRA,SINAPI,88288,NIVELADOR COM ENCARGOS COMPLEMENTARES,H,"0,0020","17,39","0,03",,,,,,,
HEAD3,,B,SERVIÇOS PRELIMINARES/TÉCNICOS,UFCA,B0031,LOCAÇÃO DA OBRA COM AUXÍLIO TOPOGRÁFICO,M2,MOBRA,SINAPI,88316,SERVENTE COM ENCARGOS COMPLEMENTARES,H,"0,0040","22,10","0,08",,,,,,,
HEAD3,,B,SERVIÇOS PRELIMINARES/TÉCNICOS,UFCA,B0031,LOCAÇÃO DA OBRA COM AUXÍLIO TOPOGRÁFICO,M2,INSUMO,SINAPI,7247,"LOCACAO DE TEODOLITO ELETRONICO, PRECISAO ANGULAR DE 5 A 7 SEGUNDOS, INCLUINDO TRIPE                                                                                                                                                                                                                                                                                                                                                                                                                      ",H,"0,0020","2,34","0,00",,,,,,,
HEAD3,,B,SERVIÇOS PRELIMINARES/TÉCNICOS,UFCA,B0031,LOCAÇÃO DA OBRA COM AUXÍLIO TOPOGRÁFICO,M2,INSUMO,SINAPI,7252,"LOCACAO DE NIVEL OPTICO, COM PRECISAO DE 0,7 MM, AUMENTO DE 32X                                                                                                                                                                                                                                                                                                                                                                                                                                           ",H,"0,0020","2,34","0,00",,,,,,,
HEAD3,,B,SERVIÇOS PRELIMINARES/TÉCNICOS,UFCA,B0031,LOCAÇÃO DA OBRA COM AUXÍLIO TOPOGRÁFICO,M2,SERV,SINAPI,92145,"CAMINHONETE CABINE SIMPLES COM MOTOR 1.6 FLEX, CÂMBIO MANUAL, POTÊNCIA 101/104 CV, 2 PORTAS - CHP DIURNO. AF_11/2015",CHP,"0,0010","77,02","0,07",,,,,,,
HEAD2,,B,SERVIÇOS PRELIMINARES/TÉCNICOS,UFCA,B0037,REMOÇÃO DE CERCAS,M2,,,,,,,,,0,"0,55",0,0,0,"0,55",Composição com base no Item SEINFRA C2873
HEAD3,,B,SERVIÇOS PRELIMINARES/TÉCNICOS,UFCA,B0037,REMOÇÃO DE CERCAS,M2,MOBRA,SINAPI,88316,SERVENTE COM ENCARGOS COMPLEMENTARES,H,"0,0250","22,10","0,55",,,,,,,
HEAD2,,B,SERVIÇOS PRELIMINARES/TÉCNICOS,UFCA,B0045,"EXECUÇÃO DE ESCRITÓRIO EM CANTEIRO DE OBRA EM CHAPA DE MADEIRA COMPENSADA, ÁREA DE 40M2",UN ,,,,,,,,,0,"3801,90","6000,89",0,"2187,57","11990,36",Elaborada com base na composição C0371 Seinfra - Atualizado em 10/07/2024
HEAD3,,B,SERVIÇOS PRELIMINARES/TÉCNICOS,UFCA,B0045,"EXECUÇÃO DE ESCRITÓRIO EM CANTEIRO DE OBRA EM CHAPA DE MADEIRA COMPENSADA, ÁREA DE 40M2",UN ,MOBRA,SINAPI,88262,CARPINTEIRO DE FORMAS COM ENCARGOS COMPLEMENTARES,H,"60,0000","28,52","1711,20",,,,,,,Atualizada pela tabela seinfra 028.1 e seinfra 05/2024
,,B,SERVIÇOS PRELIMINARES/TÉCNICOS,UFCA,B0045,"EXECUÇÃO DE ESCRITÓRIO EM CANTEIRO DE OBRA EM CHAPA DE MADEIRA COMPENSADA, ÁREA DE 40M2",UN ,MOBRA,SINAPI,88309,PEDREIRO COM ENCARGOS COMPLEMENTARES,H,"15,0000","28,88","433,20",,,,,,,
HEAD3,,B,SERVIÇOS PRELIMINARES/TÉCNICOS,UFCA,B0045,"EXECUÇÃO DE ESCRITÓRIO EM CANTEIRO DE OBRA EM CHAPA DE MADEIRA COMPENSADA, ÁREA DE 40M2",UN ,MOBRA,SINAPI,88316,SERVENTE COM ENCARGOS COMPLEMENTARES,H,"75,0000","22,10","1657,50",,,,,,,
HEAD3,,B,SERVIÇOS PRELIMINARES/TÉCNICOS,UFCA,B0045,"EXECUÇÃO DE ESCRITÓRIO EM CANTEIRO DE OBRA EM CHAPA DE MADEIRA COMPENSADA, ÁREA DE 40M2",UN ,SERV,SINAPI,94963,"CONCRETO FCK = 15MPA, TRAÇO 1:3,4:3,5 (EM MASSA SECA DE CIMENTO/ AREIA MÉDIA/ BRITA 1) - PREPARO MECÂNICO COM BETONEIRA 400 L. AF_05/2021",M3,"0,4320","466,29","201,43",,,,,,,
HEAD3,,B,SERVIÇOS PRELIMINARES/TÉCNICOS,UFCA,B0045,"EXECUÇÃO DE ESCRITÓRIO EM CANTEIRO DE OBRA EM CHAPA DE MADEIRA COMPENSADA, ÁREA DE 40M2",UN ,SERV,SINAPI,98680,"PISO CIMENTADO, TRAÇO 1:3 (CIMENTO E AREIA), ACABAMENTO LISO, ESPESSURA 3,0 CM, PREPARO MECÂNICO DA ARGAMASSA. AF_09/2020",M2,"40,8000","48,68","1986,14",,,,,,,
HEAD3,,B,SERVIÇOS PRELIMINARES/TÉCNICOS,UFCA,B0045,"EXECUÇÃO DE ESCRITÓRIO EM CANTEIRO DE OBRA EM CHAPA DE MADEIRA COMPENSADA, ÁREA DE 40M2",UN ,INSUMO,SINAPI,10422,"BACIA SANITARIA (VASO) COM CAIXA ACOPLADA, SIFAO APARENTE, DE LOUCA BRANCA (SEM ASSENTO)                                                                                                                                                                                                                                                                                                                                                                                                                  ",UN,"1,0000","392,53","392,53",,,,,,,
HEAD3,,B,SERVIÇOS PRELIMINARES/TÉCNICOS,UFCA,B0045,"EXECUÇÃO DE ESCRITÓRIO EM CANTEIRO DE OBRA EM CHAPA DE MADEIRA COMPENSADA, ÁREA DE 40M2",UN ,INSUMO,SEINFRA,I0197,"BARROTE DE 2""x2""",M,"30,0000","6,89","206,70",,,,,,,
HEAD3,,B,SERVIÇOS PRELIMINARES/TÉCNICOS,UFCA,B0045,"EXECUÇÃO DE ESCRITÓRIO EM CANTEIRO DE OBRA EM CHAPA DE MADEIRA COMPENSADA, ÁREA DE 40M2",UN ,INSUMO,SEINFRA,I0198,"PONTALETE / BARROTE DE 3""x3"" - APARELHADO",M,"50,0000","22,11","1105,50",,,,,,,
HEAD3,,B,SERVIÇOS PRELIMINARES/TÉCNICOS,UFCA,B0045,"EXECUÇÃO DE ESCRITÓRIO EM CANTEIRO DE OBRA EM CHAPA DE MADEIRA COMPENSADA, ÁREA DE 40M2",UN ,INSUMO,SINAPI,5090,"CADEADO SIMPLES, CORPO EM LATAO MACICO, COM LARGURA DE 25 MM E ALTURA DE APROX 25 MM, HASTE CEMENTADA (NAO LONGA), EM ACO TEMPERADO COM DIAMETRO DE APROX 5,0 MM, INCLUINDO 2 CHAVES                                                                                                                                                                                                                                                                                                                      ",UN,"2,0000","21,72","43,44",,,,,,,
HEAD3,,B,SERVIÇOS PRELIMINARES/TÉCNICOS,UFCA,B0045,"EXECUÇÃO DE ESCRITÓRIO EM CANTEIRO DE OBRA EM CHAPA DE MADEIRA COMPENSADA, ÁREA DE 40M2",UN ,INSUMO,SINAPI,11712,"CAIXA SIFONADA, PVC, 150 X 150 X 50 MM, COM GRELHA QUADRADA, BRANCA (NBR 5688)                                                                                                                                                                                                                                                                                                                                                                                                                            ",UN,"1,0000","42,10","42,10",,,,,,,
HEAD3,,B,SERVIÇOS PRELIMINARES/TÉCNICOS,UFCA,B0045,"EXECUÇÃO DE ESCRITÓRIO EM CANTEIRO DE OBRA EM CHAPA DE MADEIRA COMPENSADA, ÁREA DE 40M2",UN ,INSUMO,SINAPI,43681,"CHAPA/PAINEL DE MADEIRA COMPENSADA RESINADA (MADEIRITE RESINADO ROSA) PARA FORMA DE CONCRETO, DE 2200 X 1100 MM, E = 8 A 12 MM                                                                                                                                                                                                                                                                                                                                                                            ",M2,"59,0000","36,57","2157,63",,,,,,,
HEAD3,,B,SERVIÇOS PRELIMINARES/TÉCNICOS,UFCA,B0045,"EXECUÇÃO DE ESCRITÓRIO EM CANTEIRO DE OBRA EM CHAPA DE MADEIRA COMPENSADA, ÁREA DE 40M2",UN ,INSUMO,SEINFRA,I0796,CHUVEIRO PLASTICO,UN,"1,0000","7,22","7,22",,,,,,,
HEAD3,,B,SERVIÇOS PRELIMINARES/TÉCNICOS,UFCA,B0045,"EXECUÇÃO DE ESCRITÓRIO EM CANTEIRO DE OBRA EM CHAPA DE MADEIRA COMPENSADA, ÁREA DE 40M2",UN ,INSUMO,SINAPI,2370,"DISJUNTOR TIPO NEMA, MONOPOLAR 10 ATE 30A, TENSAO MAXIMA DE 240 V                                                                                                                                                                                                                                                                                                                                                                                                                                         ",UN,"1,0000","11,00","11,00",,,,,,,
HEAD3,,B,SERVIÇOS PRELIMINARES/TÉCNICOS,UFCA,B0045,"EXECUÇÃO DE ESCRITÓRIO EM CANTEIRO DE OBRA EM CHAPA DE MADEIRA COMPENSADA, ÁREA DE 40M2",UN ,INSUMO,SINAPI,2674,"ELETRODUTO DE PVC RIGIDO ROSCAVEL DE 3/4 "", SEM LUVA                                                                                                                                                                                                                                                                                                                                                                                                                                                      ",M,"3,0000","5,19","15,57",,,,,,,
HEAD3,,B,SERVIÇOS PRELIMINARES/TÉCNICOS,UFCA,B0045,"EXECUÇÃO DE ESCRITÓRIO EM CANTEIRO DE OBRA EM CHAPA DE MADEIRA COMPENSADA, ÁREA DE 40M2",UN ,INSUMO,SINAPI,6141,"ENGATE/RABICHO FLEXIVEL PLASTICO (PVC OU ABS) BRANCO 1/2"" X 30 CM                                                                                                                                                                                                                                                                                                                                                                                                                                         ",UN,"1,0000","6,05","6,05",,,,,,,
HEAD3,,B,SERVIÇOS PRELIMINARES/TÉCNICOS,UFCA,B0045,"EXECUÇÃO DE ESCRITÓRIO EM CANTEIRO DE OBRA EM CHAPA DE MADEIRA COMPENSADA, ÁREA DE 40M2",UN ,INSUMO,SINAPI,10425,"LAVATORIO DE LOUCA BRANCA, SUSPENSO (SEM COLUNA), DIMENSOES *40 X 30* CM                                                                                                                                                                                                                                                                                                                                                                                                                                  ",UN,"1,0000","95,07","95,07",,,,,,,
HEAD3,,B,SERVIÇOS PRELIMINARES/TÉCNICOS,UFCA,B0045,"EXECUÇÃO DE ESCRITÓRIO EM CANTEIRO DE OBRA EM CHAPA DE MADEIRA COMPENSADA, ÁREA DE 40M2",UN ,INSUMO,SINAPI,6016,"REGISTRO GAVETA BRUTO EM LATAO FORJADO, BITOLA 3/4"" (REF 1509)                                                                                                                                                                                                                                                                                                                                                                                                                                            ",UN,"1,0000","35,25","35,25",,,,,,,
HEAD3,,B,SERVIÇOS PRELIMINARES/TÉCNICOS,UFCA,B0045,"EXECUÇÃO DE ESCRITÓRIO EM CANTEIRO DE OBRA EM CHAPA DE MADEIRA COMPENSADA, ÁREA DE 40M2",UN ,INSUMO,SINAPI,4408,"RIPA NAO APARELHADA, *1,5 X 5* CM, EM MACARANDUBA/MASSARANDUBA, ANGELIM OU EQUIVALENTE DA REGIAO - BRUTA                                                                                                                                                                                                                                                                                                                                                                                                  ",M,"25,3000","2,57","65,02",,,,,,,
HEAD3,,B,SERVIÇOS PRELIMINARES/TÉCNICOS,UFCA,B0045,"EXECUÇÃO DE ESCRITÓRIO EM CANTEIRO DE OBRA EM CHAPA DE MADEIRA COMPENSADA, ÁREA DE 40M2",UN ,INSUMO,SINAPI,9868,"TUBO PVC, SOLDAVEL, DE 25 MM, AGUA FRIA (NBR-5648)                                                                                                                                                                                                                                                                                                                                                                                                                                                        ",M,"6,0000","4,04","24,24",,,,,,,
HEAD3,,B,SERVIÇOS PRELIMINARES/TÉCNICOS,UFCA,B0045,"EXECUÇÃO DE ESCRITÓRIO EM CANTEIRO DE OBRA EM CHAPA DE MADEIRA COMPENSADA, ÁREA DE 40M2",UN ,INSUMO,SINAPI,2433,"DOBRADICA EM ACO/FERRO, 3"" X 2 1/2"", E= 1,2 A 1,8 MM, SEM ANEL, CROMADO OU ZINCADO, TAMPA CHATA, COM PARAFUSOS                                                                                                                                                                                                                                                                                                                                                                                            ",UN,"3,0000","11,43","34,29",,,,,,,
HEAD3,,B,SERVIÇOS PRELIMINARES/TÉCNICOS,UFCA,B0045,"EXECUÇÃO DE ESCRITÓRIO EM CANTEIRO DE OBRA EM CHAPA DE MADEIRA COMPENSADA, ÁREA DE 40M2",UN ,INSUMO,SINAPI,11484,"FECHADURA DE SOBREPOR PARA PORTAO, EM ACO INOX COM ACABAMENTO CROMADO, CAIXA DE 100 MM, INCLUINDO CHAVE TIPO CILINDRO                                                                                                                                                                                                                                                                                                                                                                                     ",UN,"3,0000","56,79","170,37",,,,,,,
HEAD3,,B,SERVIÇOS PRELIMINARES/TÉCNICOS,UFCA,B0045,"EXECUÇÃO DE ESCRITÓRIO EM CANTEIRO DE OBRA EM CHAPA DE MADEIRA COMPENSADA, ÁREA DE 40M2",UN ,INSUMO,SINAPI,939,"FIO DE COBRE, SOLIDO, CLASSE 1, ISOLACAO EM PVC/A, ANTICHAMA BWF-B, 450/750V, SECAO NOMINAL 2,5 MM2                                                                                                                                                                                                                                                                                                                                                                                                       ",M,"94,0000","2,46","231,24",,,,,,,
HEAD3,,B,SERVIÇOS PRELIMINARES/TÉCNICOS,UFCA,B0045,"EXECUÇÃO DE ESCRITÓRIO EM CANTEIRO DE OBRA EM CHAPA DE MADEIRA COMPENSADA, ÁREA DE 40M2",UN ,INSUMO,SINAPI,12128,"INTERRUPTOR SIMPLES 10A, 250V, CONJUNTO MONTADO PARA SOBREPOR 4"" X 2"" (CAIXA + MODULO)                                                                                                                                                                                                                                                                                                                                                                                                                    ",UN,"4,0000","9,70","38,80",,,,,,,
HEAD3,,B,SERVIÇOS PRELIMINARES/TÉCNICOS,UFCA,B0045,"EXECUÇÃO DE ESCRITÓRIO EM CANTEIRO DE OBRA EM CHAPA DE MADEIRA COMPENSADA, ÁREA DE 40M2",UN ,INSUMO,SINAPI,38194,"LAMPADA LED 10 W BIVOLT BRANCA, FORMATO TRADICIONAL (BASE E27)                                                                                                                                                                                                                                                                                                                                                                                                                                            ",UN,"4,0000","5,40","21,60",,,,,,,
HEAD3,,B,SERVIÇOS PRELIMINARES/TÉCNICOS,UFCA,B0045,"EXECUÇÃO DE ESCRITÓRIO EM CANTEIRO DE OBRA EM CHAPA DE MADEIRA COMPENSADA, ÁREA DE 40M2",UN ,INSUMO,SEINFRA,I2379,"MINI POSTE F.G. 1 1/14"" C/2.00M E REX MONOFASICO",UN,"1,0000","67,46","67,46",,,,,,,
HEAD3,,B,SERVIÇOS PRELIMINARES/TÉCNICOS,UFCA,B0045,"EXECUÇÃO DE ESCRITÓRIO EM CANTEIRO DE OBRA EM CHAPA DE MADEIRA COMPENSADA, ÁREA DE 40M2",UN ,INSUMO,SINAPI,5063,PREGO DE ACO POLIDO COM CABECA 14 X 18 (1 1/2 X 14)                                                                                                                                                                                                                                                                                                                                                                                                                                                       ,KG,"2,0000","16,43","32,86",,,,,,,
HEAD3,,B,SERVIÇOS PRELIMINARES/TÉCNICOS,UFCA,B0045,"EXECUÇÃO DE ESCRITÓRIO EM CANTEIRO DE OBRA EM CHAPA DE MADEIRA COMPENSADA, ÁREA DE 40M2",UN ,INSUMO,SINAPI,39804,"QUADRO DE DISTRIBUICAO, EM PVC, DE EMBUTIR, COM BARRAMENTO TERRA / NEUTRO, PARA 6 DISJUNTORES NEMA OU 8 DISJUNTORES DIN                                                                                                                                                                                                                                                                                                                                                                                   ",UN,"1,0000","76,28","76,28",,,,,,,
HEAD3,,B,SERVIÇOS PRELIMINARES/TÉCNICOS,UFCA,B0045,"EXECUÇÃO DE ESCRITÓRIO EM CANTEIRO DE OBRA EM CHAPA DE MADEIRA COMPENSADA, ÁREA DE 40M2",UN ,INSUMO,SINAPI,6038,"REGISTRO DE PRESSAO PVC, ROSCAVEL, VOLANTE SIMPLES, DE 1/2""                                                                                                                                                                                                                                                                                                                                                                                                                                               ",UN,"1,0000","4,33","4,33",,,,,,,
HEAD3,,B,SERVIÇOS PRELIMINARES/TÉCNICOS,UFCA,B0045,"EXECUÇÃO DE ESCRITÓRIO EM CANTEIRO DE OBRA EM CHAPA DE MADEIRA COMPENSADA, ÁREA DE 40M2",UN ,INSUMO,SEINFRA,I2429,"TABUA DE VIROLA DE 12""x 1""",M2,"11,4300","36,64","418,79",,,,,,,
HEAD3,,B,SERVIÇOS PRELIMINARES/TÉCNICOS,UFCA,B0045,"EXECUÇÃO DE ESCRITÓRIO EM CANTEIRO DE OBRA EM CHAPA DE MADEIRA COMPENSADA, ÁREA DE 40M2",UN ,INSUMO,SEINFRA,I2433,"TARGETA DE FERRO 2""",UN,"5,0000","5,87","29,35",,,,,,,
HEAD3,,B,SERVIÇOS PRELIMINARES/TÉCNICOS,UFCA,B0045,"EXECUÇÃO DE ESCRITÓRIO EM CANTEIRO DE OBRA EM CHAPA DE MADEIRA COMPENSADA, ÁREA DE 40M2",UN ,INSUMO,SEINFRA,I2440,TELHA DE FIBROCIMENTO DE 4MM (0.50 x 2.44M),UN,"20,0000","25,06","501,20",,,,,,,
HEAD3,,B,SERVIÇOS PRELIMINARES/TÉCNICOS,UFCA,B0045,"EXECUÇÃO DE ESCRITÓRIO EM CANTEIRO DE OBRA EM CHAPA DE MADEIRA COMPENSADA, ÁREA DE 40M2",UN ,INSUMO,SINAPI,12147,"TOMADA 2P+T 10A, 250V, CONJUNTO MONTADO PARA SOBREPOR 4"" X 2"" (CAIXA + MODULO)                                                                                                                                                                                                                                                                                                                                                                                                                            ",UN,"3,0000","14,41","43,23",,,,,,,
HEAD3,,B,SERVIÇOS PRELIMINARES/TÉCNICOS,UFCA,B0045,"EXECUÇÃO DE ESCRITÓRIO EM CANTEIRO DE OBRA EM CHAPA DE MADEIRA COMPENSADA, ÁREA DE 40M2",UN ,INSUMO,SINAPI,7602,"TORNEIRA DE METAL AMARELO, PARA TANQUE / JARDIM, DE PAREDE, COM BICO PLASTICO, CANO CURTO, AREA EXTERNA, PADRAO POPULAR / USO GERAL, 1/2"" OU 3/4"" (REF 1128)                                                                                                                                                                                                                                                                                                                                              ",UN,"1,0000","44,99","44,99",,,,,,,
HEAD3,,B,SERVIÇOS PRELIMINARES/TÉCNICOS,UFCA,B0045,"EXECUÇÃO DE ESCRITÓRIO EM CANTEIRO DE OBRA EM CHAPA DE MADEIRA COMPENSADA, ÁREA DE 40M2",UN ,INSUMO,SINAPI,9836,"TUBO PVC SERIE NORMAL, DN 100 MM, PARA ESGOTO PREDIAL (NBR 5688)                                                                                                                                                                                                                                                                                                                                                                                                                                          ",M,"3,0000","12,17","36,51",,,,,,,
HEAD3,,B,SERVIÇOS PRELIMINARES/TÉCNICOS,UFCA,B0045,"EXECUÇÃO DE ESCRITÓRIO EM CANTEIRO DE OBRA EM CHAPA DE MADEIRA COMPENSADA, ÁREA DE 40M2",UN ,INSUMO,SINAPI,9835,"TUBO PVC SERIE NORMAL, DN 40 MM, PARA ESGOTO PREDIAL (NBR 5688)                                                                                                                                                                                                                                                                                                                                                                                                                                           ",M,"3,0000","5,31","15,93",,,,,,,
HEAD3,,B,SERVIÇOS PRELIMINARES/TÉCNICOS,UFCA,B0045,"EXECUÇÃO DE ESCRITÓRIO EM CANTEIRO DE OBRA EM CHAPA DE MADEIRA COMPENSADA, ÁREA DE 40M2",UN ,INSUMO,SINAPI,9838,"TUBO PVC SERIE NORMAL, DN 50 MM, PARA ESGOTO PREDIAL (NBR 5688)                                                                                                                                                                                                                                                                                                                                                                                                                                           ",M,"3,0000","8,78","26,34",,,,,,,
HEAD2,,B,SERVIÇOS PRELIMINARES/TÉCNICOS,UFCA,B0046,"EXECUÇÃO DE ALMOXARIFADO EM CANTEIRO DE OBRA EM CHAPA DE MADEIRA COMPENSADA, ÁREA DE 66M2",UN ,,,,,,,,,0,"6387,12","8208,03",0,"3548,6","18143,75",Elaborada com base na composição C0371 Seinfra - Atualizado em 10/07/2024
HEAD3,,B,SERVIÇOS PRELIMINARES/TÉCNICOS,UFCA,B0046,"EXECUÇÃO DE ALMOXARIFADO EM CANTEIRO DE OBRA EM CHAPA DE MADEIRA COMPENSADA, ÁREA DE 66M2",UN ,MOBRA,SINAPI,88262,CARPINTEIRO DE FORMAS COM ENCARGOS COMPLEMENTARES,H,"101,0000","28,52","2880,52",,,,,,,Atualizada pela tabela seinfra 028.1 e seinfra 05/2024
,,B,SERVIÇOS PRELIMINARES/TÉCNICOS,UFCA,B0046,"EXECUÇÃO DE ALMOXARIFADO EM CANTEIRO DE OBRA EM CHAPA DE MADEIRA COMPENSADA, ÁREA DE 66M3",UN ,MOBRA,SINAPI,88309,PEDREIRO COM ENCARGOS COMPLEMENTARES,H,"25,0000","28,88","722,00",,,,,,,
HEAD3,,B,SERVIÇOS PRELIMINARES/TÉCNICOS,UFCA,B0046,"EXECUÇÃO DE ALMOXARIFADO EM CANTEIRO DE OBRA EM CHAPA DE MADEIRA COMPENSADA, ÁREA DE 66M4",UN ,MOBRA,SINAPI,88316,SERVENTE COM ENCARGOS COMPLEMENTARES,H,"126,0000","22,10","2784,60",,,,,,,
HEAD3,,B,SERVIÇOS PRELIMINARES/TÉCNICOS,UFCA,B0046,"EXECUÇÃO DE ALMOXARIFADO EM CANTEIRO DE OBRA EM CHAPA DE MADEIRA COMPENSADA, ÁREA DE 66M5",UN ,SERV,SINAPI,94963,"CONCRETO FCK = 15MPA, TRAÇO 1:3,4:3,5 (EM MASSA SECA DE CIMENTO/ AREIA MÉDIA/ BRITA 1) - PREPARO MECÂNICO COM BETONEIRA 400 L. AF_05/2021",M3,"0,7200","466,29","335,72",,,,,,,
HEAD3,,B,SERVIÇOS PRELIMINARES/TÉCNICOS,UFCA,B0046,"EXECUÇÃO DE ALMOXARIFADO EM CANTEIRO DE OBRA EM CHAPA DE MADEIRA COMPENSADA, ÁREA DE 66M6",UN ,SERV,SINAPI,98680,"PISO CIMENTADO, TRAÇO 1:3 (CIMENTO E AREIA), ACABAMENTO LISO, ESPESSURA 3,0 CM, PREPARO MECÂNICO DA ARGAMASSA. AF_09/2020",M2,"66,0000","48,68","3212,88",,,,,,,
HEAD3,,B,SERVIÇOS PRELIMINARES/TÉCNICOS,UFCA,B0046,"EXECUÇÃO DE ALMOXARIFADO EM CANTEIRO DE OBRA EM CHAPA DE MADEIRA COMPENSADA, ÁREA DE 66M7",UN ,INSUMO,SINAPI,10422,"BACIA SANITARIA (VASO) COM CAIXA ACOPLADA, SIFAO APARENTE, DE LOUCA BRANCA (SEM ASSENTO)                                                                                                                                                                                                                                                                                                                                                                                                                  ",UN,"1,0000","392,53","392,53",,,,,,,
HEAD3,,B,SERVIÇOS PRELIMINARES/TÉCNICOS,UFCA,B0046,"EXECUÇÃO DE ALMOXARIFADO EM CANTEIRO DE OBRA EM CHAPA DE MADEIRA COMPENSADA, ÁREA DE 66M8",UN ,INSUMO,SEINFRA,I0197,"BARROTE DE 2""x2""",M,"58,0000","6,89","399,62",,,,,,,
HEAD3,,B,SERVIÇOS PRELIMINARES/TÉCNICOS,UFCA,B0046,"EXECUÇÃO DE ALMOXARIFADO EM CANTEIRO DE OBRA EM CHAPA DE MADEIRA COMPENSADA, ÁREA DE 66M9",UN ,INSUMO,SEINFRA,I0198,"PONTALETE / BARROTE DE 3""x3"" - APARELHADO",M,"75,0000","22,11","1658,25",,,,,,,
HEAD3,,B,SERVIÇOS PRELIMINARES/TÉCNICOS,UFCA,B0046,"EXECUÇÃO DE ALMOXARIFADO EM CANTEIRO DE OBRA EM CHAPA DE MADEIRA COMPENSADA, ÁREA DE 66M10",UN ,INSUMO,SINAPI,5090,"CADEADO SIMPLES, CORPO EM LATAO MACICO, COM LARGURA DE 25 MM E ALTURA DE APROX 25 MM, HASTE CEMENTADA (NAO LONGA), EM ACO TEMPERADO COM DIAMETRO DE APROX 5,0 MM, INCLUINDO 2 CHAVES                                                                                                                                                                                                                                                                                                                      ",UN,"2,0000","21,72","43,44",,,,,,,
HEAD3,,B,SERVIÇOS PRELIMINARES/TÉCNICOS,UFCA,B0046,"EXECUÇÃO DE ALMOXARIFADO EM CANTEIRO DE OBRA EM CHAPA DE MADEIRA COMPENSADA, ÁREA DE 66M11",UN ,INSUMO,SINAPI,11712,"CAIXA SIFONADA, PVC, 150 X 150 X 50 MM, COM GRELHA QUADRADA, BRANCA (NBR 5688)                                                                                                                                                                                                                                                                                                                                                                                                                            ",UN,"1,0000","42,10","42,10",,,,,,,
HEAD3,,B,SERVIÇOS PRELIMINARES/TÉCNICOS,UFCA,B0046,"EXECUÇÃO DE ALMOXARIFADO EM CANTEIRO DE OBRA EM CHAPA DE MADEIRA COMPENSADA, ÁREA DE 66M12",UN ,INSUMO,SINAPI,43681,"CHAPA/PAINEL DE MADEIRA COMPENSADA RESINADA (MADEIRITE RESINADO ROSA) PARA FORMA DE CONCRETO, DE 2200 X 1100 MM, E = 8 A 12 MM                                                                                                                                                                                                                                                                                                                                                                            ",M2,"98,0000","36,57","3583,86",,,,,,,
HEAD3,,B,SERVIÇOS PRELIMINARES/TÉCNICOS,UFCA,B0046,"EXECUÇÃO DE ALMOXARIFADO EM CANTEIRO DE OBRA EM CHAPA DE MADEIRA COMPENSADA, ÁREA DE 66M13",UN ,INSUMO,SEINFRA,I0796,CHUVEIRO PLASTICO,UN,"1,0000","7,22","7,22",,,,,,,
HEAD3,,B,SERVIÇOS PRELIMINARES/TÉCNICOS,UFCA,B0046,"EXECUÇÃO DE ALMOXARIFADO EM CANTEIRO DE OBRA EM CHAPA DE MADEIRA COMPENSADA, ÁREA DE 66M14",UN ,INSUMO,SINAPI,2370,"DISJUNTOR TIPO NEMA, MONOPOLAR 10 ATE 30A, TENSAO MAXIMA DE 240 V                                                                                                                                                                                                                                                                                                                                                                                                                                         ",UN,"2,0000","11,00","22,00",,,,,,,
HEAD3,,B,SERVIÇOS PRELIMINARES/TÉCNICOS,UFCA,B0046,"EXECUÇÃO DE ALMOXARIFADO EM CANTEIRO DE OBRA EM CHAPA DE MADEIRA COMPENSADA, ÁREA DE 66M15",UN ,INSUMO,SINAPI,2674,"ELETRODUTO DE PVC RIGIDO ROSCAVEL DE 3/4 "", SEM LUVA                                                                                                                                                                                                                                                                                                                                                                                                                                                      ",M,"3,0000","5,19","15,57",,,,,,,
HEAD3,,B,SERVIÇOS PRELIMINARES/TÉCNICOS,UFCA,B0046,"EXECUÇÃO DE ALMOXARIFADO EM CANTEIRO DE OBRA EM CHAPA DE MADEIRA COMPENSADA, ÁREA DE 66M16",UN ,INSUMO,SINAPI,6141,"ENGATE/RABICHO FLEXIVEL PLASTICO (PVC OU ABS) BRANCO 1/2"" X 30 CM                                                                                                                                                                                                                                                                                                                                                                                                                                         ",UN,"1,0000","6,05","6,05",,,,,,,
HEAD3,,B,SERVIÇOS PRELIMINARES/TÉCNICOS,UFCA,B0046,"EXECUÇÃO DE ALMOXARIFADO EM CANTEIRO DE OBRA EM CHAPA DE MADEIRA COMPENSADA, ÁREA DE 66M17",UN ,INSUMO,SINAPI,10425,"LAVATORIO DE LOUCA BRANCA, SUSPENSO (SEM COLUNA), DIMENSOES *40 X 30* CM                                                                                                                                                                                                                                                                                                                                                                                                                                  ",UN,"1,0000","95,07","95,07",,,,,,,
HEAD3,,B,SERVIÇOS PRELIMINARES/TÉCNICOS,UFCA,B0046,"EXECUÇÃO DE ALMOXARIFADO EM CANTEIRO DE OBRA EM CHAPA DE MADEIRA COMPENSADA, ÁREA DE 66M18",UN ,INSUMO,SINAPI,6016,"REGISTRO GAVETA BRUTO EM LATAO FORJADO, BITOLA 3/4"" (REF 1509)                                                                                                                                                                                                                                                                                                                                                                                                                                            ",UN,"1,0000","35,25","35,25",,,,,,,
HEAD3,,B,SERVIÇOS PRELIMINARES/TÉCNICOS,UFCA,B0046,"EXECUÇÃO DE ALMOXARIFADO EM CANTEIRO DE OBRA EM CHAPA DE MADEIRA COMPENSADA, ÁREA DE 66M19",UN ,INSUMO,SINAPI,4408,"RIPA NAO APARELHADA, *1,5 X 5* CM, EM MACARANDUBA/MASSARANDUBA, ANGELIM OU EQUIVALENTE DA REGIAO - BRUTA                                                                                                                                                                                                                                                                                                                                                                                                  ",M,"25,3000","2,57","65,02",,,,,,,
HEAD3,,B,SERVIÇOS PRELIMINARES/TÉCNICOS,UFCA,B0046,"EXECUÇÃO DE ALMOXARIFADO EM CANTEIRO DE OBRA EM CHAPA DE MADEIRA COMPENSADA, ÁREA DE 66M20",UN ,INSUMO,SINAPI,9868,"TUBO PVC, SOLDAVEL, DE 25 MM, AGUA FRIA (NBR-5648)                                                                                                                                                                                                                                                                                                                                                                                                                                                        ",M,"6,0000","4,04","24,24",,,,,,,
HEAD3,,B,SERVIÇOS PRELIMINARES/TÉCNICOS,UFCA,B0046,"EXECUÇÃO DE ALMOXARIFADO EM CANTEIRO DE OBRA EM CHAPA DE MADEIRA COMPENSADA, ÁREA DE 66M21",UN ,INSUMO,SINAPI,2433,"DOBRADICA EM ACO/FERRO, 3"" X 2 1/2"", E= 1,2 A 1,8 MM, SEM ANEL, CROMADO OU ZINCADO, TAMPA CHATA, COM PARAFUSOS                                                                                                                                                                                                                                                                                                                                                                                            ",UN,"3,0000","11,43","34,29",,,,,,,
HEAD3,,B,SERVIÇOS PRELIMINARES/TÉCNICOS,UFCA,B0046,"EXECUÇÃO DE ALMOXARIFADO EM CANTEIRO DE OBRA EM CHAPA DE MADEIRA COMPENSADA, ÁREA DE 66M22",UN ,INSUMO,SINAPI,11484,"FECHADURA DE SOBREPOR PARA PORTAO, EM ACO INOX COM ACABAMENTO CROMADO, CAIXA DE 100 MM, INCLUINDO CHAVE TIPO CILINDRO                                                                                                                                                                                                                                                                                                                                                                                     ",UN,"3,0000","56,79","170,37",,,,,,,
HEAD3,,B,SERVIÇOS PRELIMINARES/TÉCNICOS,UFCA,B0046,"EXECUÇÃO DE ALMOXARIFADO EM CANTEIRO DE OBRA EM CHAPA DE MADEIRA COMPENSADA, ÁREA DE 66M23",UN ,INSUMO,SINAPI,939,"FIO DE COBRE, SOLIDO, CLASSE 1, ISOLACAO EM PVC/A, ANTICHAMA BWF-B, 450/750V, SECAO NOMINAL 2,5 MM2                                                                                                                                                                                                                                                                                                                                                                                                       ",M,"94,0000","2,46","231,24",,,,,,,
HEAD3,,B,SERVIÇOS PRELIMINARES/TÉCNICOS,UFCA,B0046,"EXECUÇÃO DE ALMOXARIFADO EM CANTEIRO DE OBRA EM CHAPA DE MADEIRA COMPENSADA, ÁREA DE 66M24",UN ,INSUMO,SINAPI,12128,"INTERRUPTOR SIMPLES 10A, 250V, CONJUNTO MONTADO PARA SOBREPOR 4"" X 2"" (CAIXA + MODULO)                                                                                                                                                                                                                                                                                                                                                                                                                    ",UN,"4,0000","9,70","38,80",,,,,,,
HEAD3,,B,SERVIÇOS PRELIMINARES/TÉCNICOS,UFCA,B0046,"EXECUÇÃO DE ALMOXARIFADO EM CANTEIRO DE OBRA EM CHAPA DE MADEIRA COMPENSADA, ÁREA DE 66M25",UN ,INSUMO,SINAPI,38194,"LAMPADA LED 10 W BIVOLT BRANCA, FORMATO TRADICIONAL (BASE E27)                                                                                                                                                                                                                                                                                                                                                                                                                                            ",UN,"4,0000","5,40","21,60",,,,,,,
HEAD3,,B,SERVIÇOS PRELIMINARES/TÉCNICOS,UFCA,B0046,"EXECUÇÃO DE ALMOXARIFADO EM CANTEIRO DE OBRA EM CHAPA DE MADEIRA COMPENSADA, ÁREA DE 66M26",UN ,INSUMO,SEINFRA,I2379,"MINI POSTE F.G. 1 1/14"" C/2.00M E REX MONOFASICO",UN,"1,0000","67,46","67,46",,,,,,,
HEAD3,,B,SERVIÇOS PRELIMINARES/TÉCNICOS,UFCA,B0046,"EXECUÇÃO DE ALMOXARIFADO EM CANTEIRO DE OBRA EM CHAPA DE MADEIRA COMPENSADA, ÁREA DE 66M27",UN ,INSUMO,SINAPI,5063,PREGO DE ACO POLIDO COM CABECA 14 X 18 (1 1/2 X 14)                                                                                                                                                                                                                                                                                                                                                                                                                                                       ,KG,"2,0000","16,43","32,86",,,,,,,
HEAD3,,B,SERVIÇOS PRELIMINARES/TÉCNICOS,UFCA,B0046,"EXECUÇÃO DE ALMOXARIFADO EM CANTEIRO DE OBRA EM CHAPA DE MADEIRA COMPENSADA, ÁREA DE 66M28",UN ,INSUMO,SINAPI,39804,"QUADRO DE DISTRIBUICAO, EM PVC, DE EMBUTIR, COM BARRAMENTO TERRA / NEUTRO, PARA 6 DISJUNTORES NEMA OU 8 DISJUNTORES DIN                                                                                                                                                                                                                                                                                                                                                                                   ",UN,"1,0000","76,28","76,28",,,,,,,
HEAD3,,B,SERVIÇOS PRELIMINARES/TÉCNICOS,UFCA,B0046,"EXECUÇÃO DE ALMOXARIFADO EM CANTEIRO DE OBRA EM CHAPA DE MADEIRA COMPENSADA, ÁREA DE 66M29",UN ,INSUMO,SINAPI,6038,"REGISTRO DE PRESSAO PVC, ROSCAVEL, VOLANTE SIMPLES, DE 1/2""                                                                                                                                                                                                                                                                                                                                                                                                                                               ",UN,"1,0000","4,33","4,33",,,,,,,
HEAD3,,B,SERVIÇOS PRELIMINARES/TÉCNICOS,UFCA,B0046,"EXECUÇÃO DE ALMOXARIFADO EM CANTEIRO DE OBRA EM CHAPA DE MADEIRA COMPENSADA, ÁREA DE 66M30",UN ,INSUMO,SEINFRA,I2429,"TABUA DE VIROLA DE 12""x 1""",M2,"11,4300","36,64","418,79",,,,,,,
HEAD3,,B,SERVIÇOS PRELIMINARES/TÉCNICOS,UFCA,B0046,"EXECUÇÃO DE ALMOXARIFADO EM CANTEIRO DE OBRA EM CHAPA DE MADEIRA COMPENSADA, ÁREA DE 66M31",UN ,INSUMO,SEINFRA,I2433,"TARGETA DE FERRO 2""",UN,"5,0000","5,87","29,35",,,,,,,
HEAD3,,B,SERVIÇOS PRELIMINARES/TÉCNICOS,UFCA,B0046,"EXECUÇÃO DE ALMOXARIFADO EM CANTEIRO DE OBRA EM CHAPA DE MADEIRA COMPENSADA, ÁREA DE 66M32",UN ,INSUMO,SEINFRA,I2440,TELHA DE FIBROCIMENTO DE 4MM (0.50 x 2.44M),UN,"20,0000","25,06","501,20",,,,,,,
HEAD3,,B,SERVIÇOS PRELIMINARES/TÉCNICOS,UFCA,B0046,"EXECUÇÃO DE ALMOXARIFADO EM CANTEIRO DE OBRA EM CHAPA DE MADEIRA COMPENSADA, ÁREA DE 66M33",UN ,INSUMO,SINAPI,12147,"TOMADA 2P+T 10A, 250V, CONJUNTO MONTADO PARA SOBREPOR 4"" X 2"" (CAIXA + MODULO)                                                                                                                                                                                                                                                                                                                                                                                                                            ",UN,"3,0000","14,41","43,23",,,,,,,
HEAD3,,B,SERVIÇOS PRELIMINARES/TÉCNICOS,UFCA,B0046,"EXECUÇÃO DE ALMOXARIFADO EM CANTEIRO DE OBRA EM CHAPA DE MADEIRA COMPENSADA, ÁREA DE 66M34",UN ,INSUMO,SINAPI,7602,"TORNEIRA DE METAL AMARELO, PARA TANQUE / JARDIM, DE PAREDE, COM BICO PLASTICO, CANO CURTO, AREA EXTERNA, PADRAO POPULAR / USO GERAL, 1/2"" OU 3/4"" (REF 1128)                                                                                                                                                                                                                                                                                                                                              ",UN,"1,0000","44,99","44,99",,,,,,,
HEAD3,,B,SERVIÇOS PRELIMINARES/TÉCNICOS,UFCA,B0046,"EXECUÇÃO DE ALMOXARIFADO EM CANTEIRO DE OBRA EM CHAPA DE MADEIRA COMPENSADA, ÁREA DE 66M35",UN ,INSUMO,SINAPI,9836,"TUBO PVC SERIE NORMAL, DN 100 MM, PARA ESGOTO PREDIAL (NBR 5688)                                                                                                                                                                                                                                                                                                                                                                                                                                          ",M,"3,0000","12,17","36,51",,,,,,,
HEAD3,,B,SERVIÇOS PRELIMINARES/TÉCNICOS,UFCA,B0046,"EXECUÇÃO DE ALMOXARIFADO EM CANTEIRO DE OBRA EM CHAPA DE MADEIRA COMPENSADA, ÁREA DE 66M36",UN ,INSUMO,SINAPI,9835,"TUBO PVC SERIE NORMAL, DN 40 MM, PARA ESGOTO PREDIAL (NBR 5688)                                                                                                                                                                                                                                                                                                                                                                                                                                           ",M,"3,0000","5,31","15,93",,,,,,,
HEAD3,,B,SERVIÇOS PRELIMINARES/TÉCNICOS,UFCA,B0046,"EXECUÇÃO DE ALMOXARIFADO EM CANTEIRO DE OBRA EM CHAPA DE MADEIRA COMPENSADA, ÁREA DE 66M37",UN ,INSUMO,SINAPI,9838,"TUBO PVC SERIE NORMAL, DN 50 MM, PARA ESGOTO PREDIAL (NBR 5688)                                                                                                                                                                                                                                                                                                                                                                                                                                           ",M,"3,0000","8,78","26,34",,,,,,,
HEAD2,,B,SERVIÇOS PRELIMINARES/TÉCNICOS,UFCA,B0047,EXECUÇÃO DE REFEITÓRIO EM CANTEIRO DE OBRA EM CHAPA DE MADEIRA COMPENSADA,M2,,,,,,,,,0,"143,04","158,81",0,"74,26","376,11",Elaborada com base na composição C2936 Seinfra - Atualizado em 10/07/2024
HEAD3,,B,SERVIÇOS PRELIMINARES/TÉCNICOS,UFCA,B0047,EXECUÇÃO DE REFEITÓRIO EM CANTEIRO DE OBRA EM CHAPA DE MADEIRA COMPENSADA,M2,MOBRA,SINAPI,88262,CARPINTEIRO DE FORMAS COM ENCARGOS COMPLEMENTARES,H,"2,5100","28,52","71,58",,,,,,,Atualizada pela tabela seinfra 028.1 e seinfra 05/2024
,,B,SERVIÇOS PRELIMINARES/TÉCNICOS,UFCA,B0047,EXECUÇÃO DE REFEITÓRIO EM CANTEIRO DE OBRA EM CHAPA DE MADEIRA COMPENSADA,M2,MOBRA,SINAPI,88309,PEDREIRO COM ENCARGOS COMPLEMENTARES,H,"0,5128","28,88","14,80",,,,,,,
HEAD3,,B,SERVIÇOS PRELIMINARES/TÉCNICOS,UFCA,B0047,EXECUÇÃO DE REFEITÓRIO EM CANTEIRO DE OBRA EM CHAPA DE MADEIRA COMPENSADA,M2,MOBRA,SINAPI,88316,SERVENTE COM ENCARGOS COMPLEMENTARES,H,"2,5641","22,10","56,66",,,,,,,
HEAD3,,B,SERVIÇOS PRELIMINARES/TÉCNICOS,UFCA,B0047,EXECUÇÃO DE REFEITÓRIO EM CANTEIRO DE OBRA EM CHAPA DE MADEIRA COMPENSADA,M2,SERV,SINAPI,94963,"CONCRETO FCK = 15MPA, TRAÇO 1:3,4:3,5 (EM MASSA SECA DE CIMENTO/ AREIA MÉDIA/ BRITA 1) - PREPARO MECÂNICO COM BETONEIRA 400 L. AF_05/2021",M3,"0,0148","466,29","6,90",,,,,,,
HEAD3,,B,SERVIÇOS PRELIMINARES/TÉCNICOS,UFCA,B0047,EXECUÇÃO DE REFEITÓRIO EM CANTEIRO DE OBRA EM CHAPA DE MADEIRA COMPENSADA,M2,SERV,SINAPI,98680,"PISO CIMENTADO, TRAÇO 1:3 (CIMENTO E AREIA), ACABAMENTO LISO, ESPESSURA 3,0 CM, PREPARO MECÂNICO DA ARGAMASSA. AF_09/2020",M2,"1,3839","48,68","67,36",,,,,,,
HEAD3,,B,SERVIÇOS PRELIMINARES/TÉCNICOS,UFCA,B0047,EXECUÇÃO DE REFEITÓRIO EM CANTEIRO DE OBRA EM CHAPA DE MADEIRA COMPENSADA,M2,INSUMO,SEINFRA,I0197,"BARROTE DE 2""x2""",M,"1,0256","6,89","7,06",,,,,,,
HEAD3,,B,SERVIÇOS PRELIMINARES/TÉCNICOS,UFCA,B0047,EXECUÇÃO DE REFEITÓRIO EM CANTEIRO DE OBRA EM CHAPA DE MADEIRA COMPENSADA,M2,INSUMO,SEINFRA,I0198,"PONTALETE / BARROTE DE 3""x3"" - APARELHADO",M,"1,7094","22,11","37,79",,,,,,,
HEAD3,,B,SERVIÇOS PRELIMINARES/TÉCNICOS,UFCA,B0047,EXECUÇÃO DE REFEITÓRIO EM CANTEIRO DE OBRA EM CHAPA DE MADEIRA COMPENSADA,M2,INSUMO,SINAPI,43681,"CHAPA/PAINEL DE MADEIRA COMPENSADA RESINADA (MADEIRITE RESINADO ROSA) PARA FORMA DE CONCRETO, DE 2200 X 1100 MM, E = 8 A 12 MM                                                                                                                                                                                                                                                                                                                                                                            ",M2,"1,8629","36,57","68,12",,,,,,,
HEAD3,,B,SERVIÇOS PRELIMINARES/TÉCNICOS,UFCA,B0047,EXECUÇÃO DE REFEITÓRIO EM CANTEIRO DE OBRA EM CHAPA DE MADEIRA COMPENSADA,M2,INSUMO,SINAPI,2370,"DISJUNTOR TIPO NEMA, MONOPOLAR 10 ATE 30A, TENSAO MAXIMA DE 240 V                                                                                                                                                                                                                                                                                                                                                                                                                                         ",UN,"0,0342","11,00","0,37",,,,,,,
HEAD3,,B,SERVIÇOS PRELIMINARES/TÉCNICOS,UFCA,B0047,EXECUÇÃO DE REFEITÓRIO EM CANTEIRO DE OBRA EM CHAPA DE MADEIRA COMPENSADA,M2,INSUMO,SINAPI,2674,"ELETRODUTO DE PVC RIGIDO ROSCAVEL DE 3/4 "", SEM LUVA                                                                                                                                                                                                                                                                                                                                                                                                                                                      ",M,"0,1026","5,19","0,53",,,,,,,
HEAD3,,B,SERVIÇOS PRELIMINARES/TÉCNICOS,UFCA,B0047,EXECUÇÃO DE REFEITÓRIO EM CANTEIRO DE OBRA EM CHAPA DE MADEIRA COMPENSADA,M2,INSUMO,SINAPI,4408,"RIPA NAO APARELHADA, *1,5 X 5* CM, EM MACARANDUBA/MASSARANDUBA, ANGELIM OU EQUIVALENTE DA REGIAO - BRUTA                                                                                                                                                                                                                                                                                                                                                                                                  ",M,"0,8650","2,57","2,22",,,,,,,
HEAD3,,B,SERVIÇOS PRELIMINARES/TÉCNICOS,UFCA,B0047,EXECUÇÃO DE REFEITÓRIO EM CANTEIRO DE OBRA EM CHAPA DE MADEIRA COMPENSADA,M2,INSUMO,SINAPI,2433,"DOBRADICA EM ACO/FERRO, 3"" X 2 1/2"", E= 1,2 A 1,8 MM, SEM ANEL, CROMADO OU ZINCADO, TAMPA CHATA, COM PARAFUSOS                                                                                                                                                                                                                                                                                                                                                                                            ",UN,"0,2735","11,43","3,12",,,,,,,
HEAD3,,B,SERVIÇOS PRELIMINARES/TÉCNICOS,UFCA,B0047,EXECUÇÃO DE REFEITÓRIO EM CANTEIRO DE OBRA EM CHAPA DE MADEIRA COMPENSADA,M2,INSUMO,SINAPI,11484,"FECHADURA DE SOBREPOR PARA PORTAO, EM ACO INOX COM ACABAMENTO CROMADO, CAIXA DE 100 MM, INCLUINDO CHAVE TIPO CILINDRO                                                                                                                                                                                                                                                                                                                                                                                     ",UN,"0,0342","56,79","1,94",,,,,,,
HEAD3,,B,SERVIÇOS PRELIMINARES/TÉCNICOS,UFCA,B0047,EXECUÇÃO DE REFEITÓRIO EM CANTEIRO DE OBRA EM CHAPA DE MADEIRA COMPENSADA,M2,INSUMO,SINAPI,939,"FIO DE COBRE, SOLIDO, CLASSE 1, ISOLACAO EM PVC/A, ANTICHAMA BWF-B, 450/750V, SECAO NOMINAL 2,5 MM2                                                                                                                                                                                                                                                                                                                                                                                                       ",M,"3,2100","2,46","7,89",,,,,,,
HEAD3,,B,SERVIÇOS PRELIMINARES/TÉCNICOS,UFCA,B0047,EXECUÇÃO DE REFEITÓRIO EM CANTEIRO DE OBRA EM CHAPA DE MADEIRA COMPENSADA,M2,INSUMO,SINAPI,12128,"INTERRUPTOR SIMPLES 10A, 250V, CONJUNTO MONTADO PARA SOBREPOR 4"" X 2"" (CAIXA + MODULO)                                                                                                                                                                                                                                                                                                                                                                                                                    ",UN,"0,0684","9,70","0,66",,,,,,,
HEAD3,,B,SERVIÇOS PRELIMINARES/TÉCNICOS,UFCA,B0047,EXECUÇÃO DE REFEITÓRIO EM CANTEIRO DE OBRA EM CHAPA DE MADEIRA COMPENSADA,M2,INSUMO,SINAPI,38194,"LAMPADA LED 10 W BIVOLT BRANCA, FORMATO TRADICIONAL (BASE E27)                                                                                                                                                                                                                                                                                                                                                                                                                                            ",UN,"0,1026","5,40","0,55",,,,,,,
HEAD3,,B,SERVIÇOS PRELIMINARES/TÉCNICOS,UFCA,B0047,EXECUÇÃO DE REFEITÓRIO EM CANTEIRO DE OBRA EM CHAPA DE MADEIRA COMPENSADA,M2,INSUMO,SINAPI,5063,PREGO DE ACO POLIDO COM CABECA 14 X 18 (1 1/2 X 14)                                                                                                                                                                                                                                                                                                                                                                                                                                                       ,KG,"0,1026","16,43","1,68",,,,,,,
HEAD3,,B,SERVIÇOS PRELIMINARES/TÉCNICOS,UFCA,B0047,EXECUÇÃO DE REFEITÓRIO EM CANTEIRO DE OBRA EM CHAPA DE MADEIRA COMPENSADA,M2,INSUMO,SEINFRA,I2429,"TABUA DE VIROLA DE 12""x 1""",M2,"0,2051","36,64","7,51",,,,,,,
HEAD3,,B,SERVIÇOS PRELIMINARES/TÉCNICOS,UFCA,B0047,EXECUÇÃO DE REFEITÓRIO EM CANTEIRO DE OBRA EM CHAPA DE MADEIRA COMPENSADA,M2,INSUMO,SEINFRA,I2433,"TARGETA DE FERRO 2""",UN,"0,1328","5,87","0,77",,,,,,,
HEAD3,,B,SERVIÇOS PRELIMINARES/TÉCNICOS,UFCA,B0047,EXECUÇÃO DE REFEITÓRIO EM CANTEIRO DE OBRA EM CHAPA DE MADEIRA COMPENSADA,M2,INSUMO,SEINFRA,I2440,TELHA DE FIBROCIMENTO DE 4MM (0.50 x 2.44M),UN,"0,6838","25,06","17,13",,,,,,,
HEAD3,,B,SERVIÇOS PRELIMINARES/TÉCNICOS,UFCA,B0047,EXECUÇÃO DE REFEITÓRIO EM CANTEIRO DE OBRA EM CHAPA DE MADEIRA COMPENSADA,M2,INSUMO,SINAPI,12147,"TOMADA 2P+T 10A, 250V, CONJUNTO MONTADO PARA SOBREPOR 4"" X 2"" (CAIXA + MODULO)                                                                                                                                                                                                                                                                                                                                                                                                                            ",UN,"0,1026","14,41","1,47",,,,,,,
HEAD2,,B,SERVIÇOS PRELIMINARES/TÉCNICOS,UFCA,B0048,EXECUÇÃO DE SANITÁRIO E VESTIÁRIO EM CANTEIRO DE OBRA EM CHAPA DE MADEIRA COMPENSADA,M2,,,,,,,,,0,"69,31","136,21",0,"74,26","279,78",Elaborada com base na composição C2936 Seinfra - Atualizado em 10/07/2024
HEAD3,,B,SERVIÇOS PRELIMINARES/TÉCNICOS,UFCA,B0048,EXECUÇÃO DE SANITÁRIO E VESTIÁRIO EM CANTEIRO DE OBRA EM CHAPA DE MADEIRA COMPENSADA,M2,MOBRA,SINAPI,88262,CARPINTEIRO DE FORMAS COM ENCARGOS COMPLEMENTARES,H,"1,0940","28,52","31,20",,,,,,,Atualizada pela tabela seinfra 028.1 e seinfra 05/2024
,,B,SERVIÇOS PRELIMINARES/TÉCNICOS,UFCA,B0048,EXECUÇÃO DE SANITÁRIO E VESTIÁRIO EM CANTEIRO DE OBRA EM CHAPA DE MADEIRA COMPENSADA,M2,MOBRA,SINAPI,88309,PEDREIRO COM ENCARGOS COMPLEMENTARES,H,"0,2735","28,88","7,89",,,,,,,
HEAD3,,B,SERVIÇOS PRELIMINARES/TÉCNICOS,UFCA,B0048,EXECUÇÃO DE SANITÁRIO E VESTIÁRIO EM CANTEIRO DE OBRA EM CHAPA DE MADEIRA COMPENSADA,M2,MOBRA,SINAPI,88316,SERVENTE COM ENCARGOS COMPLEMENTARES,H,"1,3675","22,10","30,22",,,,,,,
HEAD3,,B,SERVIÇOS PRELIMINARES/TÉCNICOS,UFCA,B0048,EXECUÇÃO DE SANITÁRIO E VESTIÁRIO EM CANTEIRO DE OBRA EM CHAPA DE MADEIRA COMPENSADA,M2,SERV,SINAPI,94963,"CONCRETO FCK = 15MPA, TRAÇO 1:3,4:3,5 (EM MASSA SECA DE CIMENTO/ AREIA MÉDIA/ BRITA 1) - PREPARO MECÂNICO COM BETONEIRA 400 L. AF_05/2021",M3,"0,0148","466,29","6,90",,,,,,,
HEAD3,,B,SERVIÇOS PRELIMINARES/TÉCNICOS,UFCA,B0048,EXECUÇÃO DE SANITÁRIO E VESTIÁRIO EM CANTEIRO DE OBRA EM CHAPA DE MADEIRA COMPENSADA,UN ,INSUMO,SINAPI,10422,"BACIA SANITARIA (VASO) COM CAIXA ACOPLADA, SIFAO APARENTE, DE LOUCA BRANCA (SEM ASSENTO)                                                                                                                                                                                                                                                                                                                                                                                                                  ",UN,"0,0342","392,53","13,42",,,,,,,
HEAD3,,B,SERVIÇOS PRELIMINARES/TÉCNICOS,UFCA,B0048,EXECUÇÃO DE SANITÁRIO E VESTIÁRIO EM CANTEIRO DE OBRA EM CHAPA DE MADEIRA COMPENSADA,M2,SERV,SINAPI,98680,"PISO CIMENTADO, TRAÇO 1:3 (CIMENTO E AREIA), ACABAMENTO LISO, ESPESSURA 3,0 CM, PREPARO MECÂNICO DA ARGAMASSA. AF_09/2020",M2,"1,3839","48,68","67,36",,,,,,,
HEAD3,,B,SERVIÇOS PRELIMINARES/TÉCNICOS,UFCA,B0048,EXECUÇÃO DE SANITÁRIO E VESTIÁRIO EM CANTEIRO DE OBRA EM CHAPA DE MADEIRA COMPENSADA,M2,INSUMO,SEINFRA,I0197,"BARROTE DE 2""x2""",M,"0,5962","6,89","4,10",,,,,,,
HEAD3,,B,SERVIÇOS PRELIMINARES/TÉCNICOS,UFCA,B0048,EXECUÇÃO DE SANITÁRIO E VESTIÁRIO EM CANTEIRO DE OBRA EM CHAPA DE MADEIRA COMPENSADA,M2,INSUMO,SEINFRA,I0198,"PONTALETE / BARROTE DE 3""x3"" - APARELHADO",M,"1,0940","22,11","24,18",,,,,,,
HEAD3,,B,SERVIÇOS PRELIMINARES/TÉCNICOS,UFCA,B0048,"EXECUÇÃO DE ALMOXARIFADO EM CANTEIRO DE OBRA EM CHAPA DE MADEIRA COMPENSADA, ÁREA DE 66M11",UN ,INSUMO,SINAPI,11712,"CAIXA SIFONADA, PVC, 150 X 150 X 50 MM, COM GRELHA QUADRADA, BRANCA (NBR 5688)                                                                                                                                                                                                                                                                                                                                                                                                                            ",UN,"0,0684","42,10","2,87",,,,,,,
HEAD3,,B,SERVIÇOS PRELIMINARES/TÉCNICOS,UFCA,B0048,EXECUÇÃO DE SANITÁRIO E VESTIÁRIO EM CANTEIRO DE OBRA EM CHAPA DE MADEIRA COMPENSADA,M2,INSUMO,SINAPI,43681,"CHAPA/PAINEL DE MADEIRA COMPENSADA RESINADA (MADEIRITE RESINADO ROSA) PARA FORMA DE CONCRETO, DE 2200 X 1100 MM, E = 8 A 12 MM                                                                                                                                                                                                                                                                                                                                                                            ",M2,"1,5952","36,57","58,33",,,,,,,
HEAD3,,B,SERVIÇOS PRELIMINARES/TÉCNICOS,UFCA,B0048,EXECUÇÃO DE SANITÁRIO E VESTIÁRIO EM CANTEIRO DE OBRA EM CHAPA DE MADEIRA COMPENSADA,UN ,INSUMO,SEINFRA,I0796,CHUVEIRO PLASTICO,UN,"0,0684","7,22","0,49",,,,,,,
HEAD3,,B,SERVIÇOS PRELIMINARES/TÉCNICOS,UFCA,B0048,EXECUÇÃO DE SANITÁRIO E VESTIÁRIO EM CANTEIRO DE OBRA EM CHAPA DE MADEIRA COMPENSADA,UN ,INSUMO,SINAPI,6141,"ENGATE/RABICHO FLEXIVEL PLASTICO (PVC OU ABS) BRANCO 1/2"" X 30 CM                                                                                                                                                                                                                                                                                                                                                                                                                                         ",UN,"0,0342","6,05","0,20",,,,,,,
HEAD3,,B,SERVIÇOS PRELIMINARES/TÉCNICOS,UFCA,B0048,EXECUÇÃO DE SANITÁRIO E VESTIÁRIO EM CANTEIRO DE OBRA EM CHAPA DE MADEIRA COMPENSADA,M2,INSUMO,SINAPI,2674,"ELETRODUTO DE PVC RIGIDO ROSCAVEL DE 3/4 "", SEM LUVA                                                                                                                                                                                                                                                                                                                                                                                                                                                      ",M,"0,1026","5,19","0,53",,,,,,,
HEAD3,,B,SERVIÇOS PRELIMINARES/TÉCNICOS,UFCA,B0048,EXECUÇÃO DE SANITÁRIO E VESTIÁRIO EM CANTEIRO DE OBRA EM CHAPA DE MADEIRA COMPENSADA,M2,INSUMO,SINAPI,4408,"RIPA NAO APARELHADA, *1,5 X 5* CM, EM MACARANDUBA/MASSARANDUBA, ANGELIM OU EQUIVALENTE DA REGIAO - BRUTA                                                                                                                                                                                                                                                                                                                                                                                                  ",M,"0,5566","2,57","1,43",,,,,,,
HEAD3,,B,SERVIÇOS PRELIMINARES/TÉCNICOS,UFCA,B0048,EXECUÇÃO DE SANITÁRIO E VESTIÁRIO EM CANTEIRO DE OBRA EM CHAPA DE MADEIRA COMPENSADA,M2,INSUMO,SINAPI,2433,"DOBRADICA EM ACO/FERRO, 3"" X 2 1/2"", E= 1,2 A 1,8 MM, SEM ANEL, CROMADO OU ZINCADO, TAMPA CHATA, COM PARAFUSOS                                                                                                                                                                                                                                                                                                                                                                                            ",UN,"0,1667","11,43","1,90",,,,,,,
HEAD3,,B,SERVIÇOS PRELIMINARES/TÉCNICOS,UFCA,B0048,EXECUÇÃO DE SANITÁRIO E VESTIÁRIO EM CANTEIRO DE OBRA EM CHAPA DE MADEIRA COMPENSADA,UN ,INSUMO,SINAPI,10425,"LAVATORIO DE LOUCA BRANCA, SUSPENSO (SEM COLUNA), DIMENSOES *40 X 30* CM                                                                                                                                                                                                                                                                                                                                                                                                                                  ",UN,"0,0171","95,07","1,62",,,,,,,
HEAD3,,B,SERVIÇOS PRELIMINARES/TÉCNICOS,UFCA,B0048,EXECUÇÃO DE SANITÁRIO E VESTIÁRIO EM CANTEIRO DE OBRA EM CHAPA DE MADEIRA COMPENSADA,M2,INSUMO,SINAPI,939,"FIO DE COBRE, SOLIDO, CLASSE 1, ISOLACAO EM PVC/A, ANTICHAMA BWF-B, 450/750V, SECAO NOMINAL 2,5 MM2                                                                                                                                                                                                                                                                                                                                                                                                       ",M,"2,1800","2,46","5,36",,,,,,,
HEAD3,,B,SERVIÇOS PRELIMINARES/TÉCNICOS,UFCA,B0048,EXECUÇÃO DE SANITÁRIO E VESTIÁRIO EM CANTEIRO DE OBRA EM CHAPA DE MADEIRA COMPENSADA,UN ,INSUMO,SINAPI,6016,"REGISTRO GAVETA BRUTO EM LATAO FORJADO, BITOLA 3/4"" (REF 1509)                                                                                                                                                                                                                                                                                                                                                                                                                                            ",UN,"0,0342","35,25","1,20",,,,,,,
HEAD3,,B,SERVIÇOS PRELIMINARES/TÉCNICOS,UFCA,B0046,"EXECUÇÃO DE ALMOXARIFADO EM CANTEIRO DE OBRA EM CHAPA DE MADEIRA COMPENSADA, ÁREA DE 66M20",UN ,INSUMO,SINAPI,9868,"TUBO PVC, SOLDAVEL, DE 25 MM, AGUA FRIA (NBR-5648)                                                                                                                                                                                                                                                                                                                                                                                                                                                        ",M,"6,0000","4,04","24,24",,,,,,,
HEAD3,,B,SERVIÇOS PRELIMINARES/TÉCNICOS,UFCA,B0048,EXECUÇÃO DE SANITÁRIO E VESTIÁRIO EM CANTEIRO DE OBRA EM CHAPA DE MADEIRA COMPENSADA,M2,INSUMO,SINAPI,38194,"LAMPADA LED 10 W BIVOLT BRANCA, FORMATO TRADICIONAL (BASE E27)                                                                                                                                                                                                                                                                                                                                                                                                                                            ",UN,"0,0684","5,40","0,36",,,,,,,
HEAD3,,B,SERVIÇOS PRELIMINARES/TÉCNICOS,UFCA,B0048,EXECUÇÃO DE SANITÁRIO E VESTIÁRIO EM CANTEIRO DE OBRA EM CHAPA DE MADEIRA COMPENSADA,M2,INSUMO,SINAPI,5063,PREGO DE ACO POLIDO COM CABECA 14 X 18 (1 1/2 X 14)                                                                                                                                                                                                                                                                                                                                                                                                                                                       ,KG,"0,0684","16,43","1,12",,,,,,,
HEAD3,,B,SERVIÇOS PRELIMINARES/TÉCNICOS,UFCA,B0048,EXECUÇÃO DE SANITÁRIO E VESTIÁRIO EM CANTEIRO DE OBRA EM CHAPA DE MADEIRA COMPENSADA,M2,INSUMO,SEINFRA,I2429,"TABUA DE VIROLA DE 12""x 1""",M2,"0,0923","36,64","3,38",,,,,,,
HEAD3,,B,SERVIÇOS PRELIMINARES/TÉCNICOS,UFCA,B0048,EXECUÇÃO DE SANITÁRIO E VESTIÁRIO EM CANTEIRO DE OBRA EM CHAPA DE MADEIRA COMPENSADA,M2,INSUMO,SEINFRA,I2433,"TARGETA DE FERRO 2""",UN,"0,1026","5,87","0,60",,,,,,,
HEAD3,,B,SERVIÇOS PRELIMINARES/TÉCNICOS,UFCA,B0048,EXECUÇÃO DE SANITÁRIO E VESTIÁRIO EM CANTEIRO DE OBRA EM CHAPA DE MADEIRA COMPENSADA,M2,INSUMO,SEINFRA,I2440,TELHA DE FIBROCIMENTO DE 4MM (0.50 x 2.44M),UN,"0,3590","25,06","8,99",,,,,,,
HEAD3,,B,SERVIÇOS PRELIMINARES/TÉCNICOS,UFCA,B0048,EXECUÇÃO DE SANITÁRIO E VESTIÁRIO EM CANTEIRO DE OBRA EM CHAPA DE MADEIRA COMPENSADA,UN ,INSUMO,SINAPI,7602,"TORNEIRA DE METAL AMARELO, PARA TANQUE / JARDIM, DE PAREDE, COM BICO PLASTICO, CANO CURTO, AREA EXTERNA, PADRAO POPULAR / USO GERAL, 1/2"" OU 3/4"" (REF 1128)                                                                                                                                                                                                                                                                                                                                              ",UN,"0,0170","44,99","0,76",,,,,,,
HEAD3,,B,SERVIÇOS PRELIMINARES/TÉCNICOS,UFCA,B0048,EXECUÇÃO DE SANITÁRIO E VESTIÁRIO EM CANTEIRO DE OBRA EM CHAPA DE MADEIRA COMPENSADA,UN ,INSUMO,SINAPI,9836,"TUBO PVC SERIE NORMAL, DN 100 MM, PARA ESGOTO PREDIAL (NBR 5688)                                                                                                                                                                                                                                                                                                                                                                                                                                          ",M,"0,2051","12,17","2,49",,,,,,,
HEAD3,,B,SERVIÇOS PRELIMINARES/TÉCNICOS,UFCA,B0048,EXECUÇÃO DE SANITÁRIO E VESTIÁRIO EM CANTEIRO DE OBRA EM CHAPA DE MADEIRA COMPENSADA,UN ,INSUMO,SINAPI,9835,"TUBO PVC SERIE NORMAL, DN 40 MM, PARA ESGOTO PREDIAL (NBR 5688)                                                                                                                                                                                                                                                                                                                                                                                                                                           ",M,"0,2051","5,31","1,08",,,,,,,
HEAD3,,B,SERVIÇOS PRELIMINARES/TÉCNICOS,UFCA,B0048,EXECUÇÃO DE SANITÁRIO E VESTIÁRIO EM CANTEIRO DE OBRA EM CHAPA DE MADEIRA COMPENSADA,UN ,INSUMO,SINAPI,9838,"TUBO PVC SERIE NORMAL, DN 50 MM, PARA ESGOTO PREDIAL (NBR 5688)                                                                                                                                                                                                                                                                                                                                                                                                                                           ",M,"0,2051","8,78","1,80",,,,,,,
,,,,,,,,,,,,,,,,,,,,,,
HEAD2,,B,SERVIÇOS PRELIMINARES/TÉCNICOS,UFCA,B0049,RELATÓRIO FINAL DE SONDAGEM DO SOLO,H,,,,,,,,,0,"1582,56",0,0,0,"1582,56",Composição com base no Item SEINFRA C2873
HEAD3,,B,SERVIÇOS PRELIMINARES/TÉCNICOS,UFCA,B0049,RELATÓRIO FINAL DE SONDAGEM DO SOLO,H,MOBRA,SINAPI,90778,ENGENHEIRO CIVIL DE OBRA PLENO COM ENCARGOS COMPLEMENTARES,H,"12,0000","131,88","1582,56",,,,,,,
HEAD1,,C,MOVIMENTO DE TERRA,UFCA,,,,,,,,,,,,,,,,,,
HEAD2,,C,MOVIMENTO DE TERRA,UFCA,C0001,EXECUÇÃO E COMPACTAÇÃO DE ATERRO COM SOLO PREDOMINANTEMENTE ARGILOSO - INCLUSIVE SOLO.,M3,,,,,,,,,0,"0,46","52,3",0,"8,1","60,86",Composição elaborada com base no Item SINAPI  96386
HEAD3,,C,MOVIMENTO DE TERRA,UFCA,C0001,EXECUÇÃO E COMPACTAÇÃO DE ATERRO COM SOLO PREDOMINANTEMENTE ARGILOSO - INCLUSIVE SOLO.,M3,MOBRA,SINAPI,88316,SERVENTE COM ENCARGOS COMPLEMENTARES,H,"0,0210","22,10","0,46",,,,,,,
HEAD3,,C,MOVIMENTO DE TERRA,UFCA,C0001,EXECUÇÃO E COMPACTAÇÃO DE ATERRO COM SOLO PREDOMINANTEMENTE ARGILOSO - INCLUSIVE SOLO.,M3,INSUMO,SINAPI,6081,ARGILA OU BARRO PARA ATERRO/REATERRO (COM TRANSPORTE ATE 10 KM)                                                                                                                                                                                                                                                                                                                                                                                                                                           ,M3,"1,0000","52,30","52,30",,,,,,,
HEAD3,,C,MOVIMENTO DE TERRA,UFCA,C0001,EXECUÇÃO E COMPACTAÇÃO DE ATERRO COM SOLO PREDOMINANTEMENTE ARGILOSO - INCLUSIVE SOLO.,M3,SERV,SINAPI,5901,"CAMINHÃO PIPA 10.000 L TRUCADO, PESO BRUTO TOTAL 23.000 KG, CARGA ÚTIL MÁXIMA 15.935 KG, DISTÂNCIA ENTRE EIXOS 4,8 M, POTÊNCIA 230 CV, INCLUSIVE TANQUE DE AÇO PARA TRANSPORTE DE ÁGUA - CHP DIURNO. AF_06/2014",CHP,"0,0040","330,96","1,32",,,,,,,
HEAD3,,C,MOVIMENTO DE TERRA,UFCA,C0001,EXECUÇÃO E COMPACTAÇÃO DE ATERRO COM SOLO PREDOMINANTEMENTE ARGILOSO - INCLUSIVE SOLO.,M3,SERV,SINAPI,5903,"CAMINHÃO PIPA 10.000 L TRUCADO, PESO BRUTO TOTAL 23.000 KG, CARGA ÚTIL MÁXIMA 15.935 KG, DISTÂNCIA ENTRE EIXOS 4,8 M, POTÊNCIA 230 CV, INCLUSIVE TANQUE DE AÇO PARA TRANSPORTE DE ÁGUA - CHI DIURNO. AF_06/2014",CHI,"0,0160","75,77","1,21",,,,,,,
HEAD3,,C,MOVIMENTO DE TERRA,UFCA,C0001,EXECUÇÃO E COMPACTAÇÃO DE ATERRO COM SOLO PREDOMINANTEMENTE ARGILOSO - INCLUSIVE SOLO.,M3,SERV,SINAPI,5932,"MOTONIVELADORA POTÊNCIA BÁSICA LÍQUIDA (PRIMEIRA MARCHA) 125 HP, PESO BRUTO 13032 KG, LARGURA DA LÂMINA DE 3,7 M - CHP DIURNO. AF_06/2014",CHP,"0,0060","278,68","1,67",,,,,,,
HEAD3,,C,MOVIMENTO DE TERRA,UFCA,C0001,EXECUÇÃO E COMPACTAÇÃO DE ATERRO COM SOLO PREDOMINANTEMENTE ARGILOSO - INCLUSIVE SOLO.,M3,SERV,SINAPI,5934,"MOTONIVELADORA POTÊNCIA BÁSICA LÍQUIDA (PRIMEIRA MARCHA) 125 HP, PESO BRUTO 13032 KG, LARGURA DA LÂMINA DE 3,7 M - CHI DIURNO. AF_06/2014",CHI,"0,0150","111,07","1,66",,,,,,,
HEAD3,,C,MOVIMENTO DE TERRA,UFCA,C0001,EXECUÇÃO E COMPACTAÇÃO DE ATERRO COM SOLO PREDOMINANTEMENTE ARGILOSO - INCLUSIVE SOLO.,M3,SERV,SINAPI,73436,"ROLO COMPACTADOR VIBRATÓRIO PÉ DE CARNEIRO PARA SOLOS, POTÊNCIA 80 HP, PESO OPERACIONAL SEM/COM LASTRO 7,4 / 8,8 T, LARGURA DE TRABALHO 1,68 M - CHP DIURNO. AF_02/2016",CHP,"0,0030","176,86","0,53",,,,,,,
HEAD3,,C,MOVIMENTO DE TERRA,UFCA,C0001,EXECUÇÃO E COMPACTAÇÃO DE ATERRO COM SOLO PREDOMINANTEMENTE ARGILOSO - INCLUSIVE SOLO.,M3,SERV,SINAPI,93244,"ROLO COMPACTADOR VIBRATÓRIO PÉ DE CARNEIRO PARA SOLOS, POTÊNCIA 80 HP, PESO OPERACIONAL SEM/COM LASTRO 7,4 / 8,8 T, LARGURA DE TRABALHO 1,68 M - CHI DIURNO. AF_02/2016",CHI,"0,0230","74,70","1,71",,,,,,,
,,,,,,,,,,,,,,,,,,,,,,
HEAD1,,D,INFRA-ESTRUTURA/FUNDAÇÕES SIMPLES,UFCA,,,,,,,,,,,,,,,,,,
HEAD2,,D,INFRA-ESTRUTURA/FUNDAÇÕES SIMPLES,UFCA,,,,,,,,,,,,,,,,,,
,,D,INFRA-ESTRUTURA/FUNDAÇÕES SIMPLES,UFCA,,,,,,,,,,,,,,,,,,
HEAD2,,D,INFRA-ESTRUTURA/FUNDAÇÕES SIMPLES,UFCA,D0001,"ALVENARIA DE CONTENÇÃO EM PEDRA RACHÃO OU PEDRA DE MÃO, ASSENTADA COM ARGAMASSA TRAÇO 1:4 (CIMENTO E AREIA)",M3,,,,,,,,,0,"132,54","103,65",0,"227,13","463,32",
HEAD3,,D,INFRA-ESTRUTURA/FUNDAÇÕES SIMPLES,UFCA,D0001,"ALVENARIA DE CONTENÇÃO EM PEDRA RACHÃO OU PEDRA DE MÃO, ASSENTADA COM ARGAMASSA TRAÇO 1:4 (CIMENTO E AREIA)",M3,MOBRA,SINAPI,88309,PEDREIRO COM ENCARGOS COMPLEMENTARES,H,"2,2158","28,88","63,99",,,,,,,
HEAD3,,D,INFRA-ESTRUTURA/FUNDAÇÕES SIMPLES,UFCA,D0001,"ALVENARIA DE CONTENÇÃO EM PEDRA RACHÃO OU PEDRA DE MÃO, ASSENTADA COM ARGAMASSA TRAÇO 1:4 (CIMENTO E AREIA)",M3,MOBRA,SINAPI,88316,SERVENTE COM ENCARGOS COMPLEMENTARES,H,"3,1021","22,10","68,55",,,,,,,
HEAD3,,D,INFRA-ESTRUTURA/FUNDAÇÕES SIMPLES,UFCA,D0001,"ALVENARIA DE CONTENÇÃO EM PEDRA RACHÃO OU PEDRA DE MÃO, ASSENTADA COM ARGAMASSA TRAÇO 1:4 (CIMENTO E AREIA)",M3,SERV,SINAPI,88630,"ARGAMASSA TRAÇO 1:4 (CIMENTO E AREIA MÉDIA), PREPARO MECÂNICO COM BETONEIRA 400 L. AF_08/2019",M3,"0,4412","514,82","227,13",,,,,,,
HEAD3,,D,INFRA-ESTRUTURA/FUNDAÇÕES SIMPLES,UFCA,D0001,"ALVENARIA DE CONTENÇÃO EM PEDRA RACHÃO OU PEDRA DE MÃO, ASSENTADA COM ARGAMASSA TRAÇO 1:4 (CIMENTO E AREIA)",M3,INSUMO,SINAPI,4730,"PEDRA DE MAO OU PEDRA RACHAO PARA ARRIMO/FUNDACAO (POSTO PEDREIRA/FORNECEDOR, SEM FRETE)                                                                                                                                                                                                                                                                                                                                                                                                                  ",M3,"0,9500","109,11","103,65",,,,,,,
HEAD2,,D,INFRA-ESTRUTURA/FUNDAÇÕES SIMPLES,UFCA,D0002,"ALVENARIA DE CONTENÇÃO EM PEDRA RACHÃO OU PEDRA DE MÃO ARRUMADA, ASSENTADA COM ARGAMASSA TRAÇO 1:4 (CIMENTO E AREIA)",M3,,,,,,,,,0,"192,36","104,59",0,"227,13","524,08",
HEAD3,,D,INFRA-ESTRUTURA/FUNDAÇÕES SIMPLES,UFCA,D0002,"ALVENARIA DE CONTENÇÃO EM PEDRA RACHÃO OU PEDRA DE MÃO ARRUMADA, ASSENTADA COM ARGAMASSA TRAÇO 1:4 (CIMENTO E AREIA)",M3,MOBRA,SINAPI,88309,PEDREIRO COM ENCARGOS COMPLEMENTARES,H,"3,2158","28,88","92,87",,,,,,,
HEAD3,,D,INFRA-ESTRUTURA/FUNDAÇÕES SIMPLES,UFCA,D0002,"ALVENARIA DE CONTENÇÃO EM PEDRA RACHÃO OU PEDRA DE MÃO ARRUMADA, ASSENTADA COM ARGAMASSA TRAÇO 1:4 (CIMENTO E AREIA)",M3,MOBRA,SINAPI,88316,SERVENTE COM ENCARGOS COMPLEMENTARES,H,"4,5021","22,10","99,49",,,,,,,
HEAD3,,D,INFRA-ESTRUTURA/FUNDAÇÕES SIMPLES,UFCA,D0002,"ALVENARIA DE CONTENÇÃO EM PEDRA RACHÃO OU PEDRA DE MÃO ARRUMADA, ASSENTADA COM ARGAMASSA TRAÇO 1:4 (CIMENTO E AREIA)",M3,SERV,SINAPI,88630,"ARGAMASSA TRAÇO 1:4 (CIMENTO E AREIA MÉDIA), PREPARO MECÂNICO COM BETONEIRA 400 L. AF_08/2019",M3,"0,4412","514,82","227,13",,,,,,,
HEAD3,,D,INFRA-ESTRUTURA/FUNDAÇÕES SIMPLES,UFCA,D0002,"ALVENARIA DE CONTENÇÃO EM PEDRA RACHÃO OU PEDRA DE MÃO ARRUMADA, ASSENTADA COM ARGAMASSA TRAÇO 1:4 (CIMENTO E AREIA)",M3,INSUMO,SINAPI,4730,"PEDRA DE MAO OU PEDRA RACHAO PARA ARRIMO/FUNDACAO (POSTO PEDREIRA/FORNECEDOR, SEM FRETE)                                                                                                                                                                                                                                                                                                                                                                                                                  ",M3,"0,9586","109,11","104,59",,,,,,,
HEAD1,,E,FUNDAÇÕES ESPECIAIS,UFCA,,,,,,,,,,,,,,,,,,
HEAD1,,F,SUPERESTRUTURA,UFCA,,,,,,,,,,,,,,,,,,
HEAD2,,F,SUPERESTRUTURA,UFCA,F0001,"LAJE PRÉ-MOLDADA UNIDIRECIONAL, BIAPOIADA, ENCHIMENTO EM BLOCO CERÂMICO, VIGOTA TRELIÇADA, ALTURA TOTAL DA LAJE (ENCHIMENTO+CAPA) = (8+4)",M2,,,,,,,,,0,"20,11","68,83",0,"66,97","155,91","Composição com base 
no item SINAPI 101951"
,,F,SUPERESTRUTURA,UFCA,F0001,"LAJE PRÉ-MOLDADA UNIDIRECIONAL, BIAPOIADA, ENCHIMENTO EM BLOCO CERÂMICO, VIGOTA TRELIÇADA, ALTURA TOTAL DA LAJE (ENCHIMENTO+CAPA) = (8+4)",M2,MOBRA,SINAPI,88262,CARPINTEIRO DE FORMAS COM ENCARGOS COMPLEMENTARES,H,"0,4560","28,52","13,00",,,,,,,
,,F,SUPERESTRUTURA,UFCA,F0001,"LAJE PRÉ-MOLDADA UNIDIRECIONAL, BIAPOIADA, ENCHIMENTO EM BLOCO CERÂMICO, VIGOTA TRELIÇADA, ALTURA TOTAL DA LAJE (ENCHIMENTO+CAPA) = (8+4)",M2,MOBRA,SINAPI,88316,SERVENTE COM ENCARGOS COMPLEMENTARES,H,"0,3220","22,10","7,11",,,,,,,
,,F,SUPERESTRUTURA,UFCA,F0001,"LAJE PRÉ-MOLDADA UNIDIRECIONAL, BIAPOIADA, ENCHIMENTO EM BLOCO CERÂMICO, VIGOTA TRELIÇADA, ALTURA TOTAL DA LAJE (ENCHIMENTO+CAPA) = (8+4)",M2,INSUMO,SINAPI,6193,"TABUA NAO APARELHADA *2,5 X 20* CM, EM MACARANDUBA/MASSARANDUBA, ANGELIM OU EQUIVALENTE DA REGIAO - BRUTA                                                                                                                                                                                                                                                                                                                                                                                                 ",M,"1,8700","19,07","35,66",,,,,,,
,,F,SUPERESTRUTURA,UFCA,F0001,"LAJE PRÉ-MOLDADA UNIDIRECIONAL, BIAPOIADA, ENCHIMENTO EM BLOCO CERÂMICO, VIGOTA TRELIÇADA, ALTURA TOTAL DA LAJE (ENCHIMENTO+CAPA) = (8+4)",M2,INSUMO,SINAPI,40304,PREGO DE ACO POLIDO COM CABECA DUPLA 17 X 27 (2 1/2 X 11)                                                                                                                                                                                                                                                                                                                                                                                                                                                 ,KG,"0,0400","17,00","0,68",,,,,,,
,,F,SUPERESTRUTURA,UFCA,F0001,"LAJE PRÉ-MOLDADA UNIDIRECIONAL, BIAPOIADA, ENCHIMENTO EM BLOCO CERÂMICO, VIGOTA TRELIÇADA, ALTURA TOTAL DA LAJE (ENCHIMENTO+CAPA) = (8+4)",M2,INSUMO,ORSE,3329,"Laje pré-fabricada treliçada para piso ou cobertura, h=12cm, 200kg/m2, enchim ento em bloco cerâmico h=8cm",m²,1,"32,49","32,49",,,,,,,
,,F,SUPERESTRUTURA,UFCA,F0001,"LAJE PRÉ-MOLDADA UNIDIRECIONAL, BIAPOIADA, ENCHIMENTO EM BLOCO CERÂMICO, VIGOTA TRELIÇADA, ALTURA TOTAL DA LAJE (ENCHIMENTO+CAPA) = (8+4)",M2,SERV,SINAPI,92273,"FABRICAÇÃO DE ESCORAS DO TIPO PONTALETE, EM MADEIRA, PARA PÉ-DIREITO SIMPLES. AF_09/2020",M,"0,97","19,05","18,47",,,,,,,
,,F,SUPERESTRUTURA,UFCA,F0001,"LAJE PRÉ-MOLDADA UNIDIRECIONAL, BIAPOIADA, ENCHIMENTO EM BLOCO CERÂMICO, VIGOTA TRELIÇADA, ALTURA TOTAL DA LAJE (ENCHIMENTO+CAPA) = (8+4)",M2,SERV,SINAPI,92767,"ARMAÇÃO DE LAJE DE ESTRUTURA CONVENCIONAL DE CONCRETO ARMADO UTILIZANDO AÇO CA-60 DE 4,2 MM - MONTAGEM. AF_06/2022",KG,"1,211","16,99","20,57",,,,,,,
,,F,SUPERESTRUTURA,UFCA,F0001,"LAJE PRÉ-MOLDADA UNIDIRECIONAL, BIAPOIADA, ENCHIMENTO EM BLOCO CERÂMICO, VIGOTA TRELIÇADA, ALTURA TOTAL DA LAJE (ENCHIMENTO+CAPA) = (8+4)",M2,SERV,SINAPI,94966,"CONCRETO FCK = 30MPA, TRAÇO 1:2,1:2,5 (EM MASSA SECA DE CIMENTO/ AREIA MÉDIA/ BRITA 1) - PREPARO MECÂNICO COM BETONEIRA 400 L. AF_05/2021",M3,"0,048","539,32","25,88",,,,,,,
,,F,SUPERESTRUTURA,UFCA,F0001,"LAJE PRÉ-MOLDADA UNIDIRECIONAL, BIAPOIADA, ENCHIMENTO EM BLOCO CERÂMICO, VIGOTA TRELIÇADA, ALTURA TOTAL DA LAJE (ENCHIMENTO+CAPA) = (8+4)",M2,SERV,SINAPI,103673,"LANÇAMENTO COM USO DE BOMBA, ADENSAMENTO E ACABAMENTO DE CONCRETO EM ESTRUTURAS. AF_02/2022",M3,"0,048","42,75","2,05",,,,,,,
HEAD2,,F,SUPERESTRUTURA,UFCA,F0002,"LAJE PRÉ-MOLDADA UNIDIRECIONAL, BIAPOIADA, ENCHIMENTO EM BLOCO CERÂMICO, VIGOTA TRELIÇADA, ALTURA TOTAL DA LAJE (ENCHIMENTO+CAPA) = (12+4)",M2,,,,,,,,,0,"17,13","115,67",0,"67,76","200,56","Composição com base 
no item SINAPI 101952"
,,F,SUPERESTRUTURA,UFCA,F0002,"LAJE PRÉ-MOLDADA UNIDIRECIONAL, BIAPOIADA, ENCHIMENTO EM BLOCO CERÂMICO, VIGOTA TRELIÇADA, ALTURA TOTAL DA LAJE (ENCHIMENTO+CAPA) = (12+4)",M2,MOBRA,SINAPI,88262,CARPINTEIRO DE FORMAS COM ENCARGOS COMPLEMENTARES,H,"0,3880","28,52","11,06",,,,,,,
,,F,SUPERESTRUTURA,UFCA,F0002,"LAJE PRÉ-MOLDADA UNIDIRECIONAL, BIAPOIADA, ENCHIMENTO EM BLOCO CERÂMICO, VIGOTA TRELIÇADA, ALTURA TOTAL DA LAJE (ENCHIMENTO+CAPA) = (12+4)",M2,MOBRA,SINAPI,88316,SERVENTE COM ENCARGOS COMPLEMENTARES,H,"0,2750","22,10","6,07",,,,,,,
,,F,SUPERESTRUTURA,UFCA,F0002,"LAJE PRÉ-MOLDADA UNIDIRECIONAL, BIAPOIADA, ENCHIMENTO EM BLOCO CERÂMICO, VIGOTA TRELIÇADA, ALTURA TOTAL DA LAJE (ENCHIMENTO+CAPA) = (12+4)",M2,INSUMO,SINAPI,6193,"TABUA NAO APARELHADA *2,5 X 20* CM, EM MACARANDUBA/MASSARANDUBA, ANGELIM OU EQUIVALENTE DA REGIAO - BRUTA                                                                                                                                                                                                                                                                                                                                                                                                 ",M,"1,7200","19,07","32,80",,,,,,,
,,F,SUPERESTRUTURA,UFCA,F0002,"LAJE PRÉ-MOLDADA UNIDIRECIONAL, BIAPOIADA, ENCHIMENTO EM BLOCO CERÂMICO, VIGOTA TRELIÇADA, ALTURA TOTAL DA LAJE (ENCHIMENTO+CAPA) = (12+4)",M2,INSUMO,SINAPI,40304,PREGO DE ACO POLIDO COM CABECA DUPLA 17 X 27 (2 1/2 X 11)                                                                                                                                                                                                                                                                                                                                                                                                                                                 ,KG,"0,0370","17,00","0,62",,,,,,,
,,F,SUPERESTRUTURA,UFCA,F0002,"LAJE PRÉ-MOLDADA UNIDIRECIONAL, BIAPOIADA, ENCHIMENTO EM BLOCO CERÂMICO, VIGOTA TRELIÇADA, ALTURA TOTAL DA LAJE (ENCHIMENTO+CAPA) = (12+4)",M2,INSUMO,ORSE,10149,"Laje pré-fabricada treliçada para piso ou cobertura, h=16cm, enchimento em bl oco ceramico h=12cm",m²,1,"82,25","82,25",,,,,,,
,,F,SUPERESTRUTURA,UFCA,F0002,"LAJE PRÉ-MOLDADA UNIDIRECIONAL, BIAPOIADA, ENCHIMENTO EM BLOCO CERÂMICO, VIGOTA TRELIÇADA, ALTURA TOTAL DA LAJE (ENCHIMENTO+CAPA) = (12+4)",M2,SERV,SINAPI,92273,"FABRICAÇÃO DE ESCORAS DO TIPO PONTALETE, EM MADEIRA, PARA PÉ-DIREITO SIMPLES. AF_09/2020",M,"0,82","19,05","15,62",,,,,,,
,,F,SUPERESTRUTURA,UFCA,F0002,"LAJE PRÉ-MOLDADA UNIDIRECIONAL, BIAPOIADA, ENCHIMENTO EM BLOCO CERÂMICO, VIGOTA TRELIÇADA, ALTURA TOTAL DA LAJE (ENCHIMENTO+CAPA) = (12+4)",M2,SERV,SINAPI,92767,"ARMAÇÃO DE LAJE DE ESTRUTURA CONVENCIONAL DE CONCRETO ARMADO UTILIZANDO AÇO CA-60 DE 4,2 MM - MONTAGEM. AF_06/2022",KG,"1,185","16,99","20,13",,,,,,,
,,F,SUPERESTRUTURA,UFCA,F0002,"LAJE PRÉ-MOLDADA UNIDIRECIONAL, BIAPOIADA, ENCHIMENTO EM BLOCO CERÂMICO, VIGOTA TRELIÇADA, ALTURA TOTAL DA LAJE (ENCHIMENTO+CAPA) = (12+4)",M2,SERV,SINAPI,94966,"CONCRETO FCK = 30MPA, TRAÇO 1:2,1:2,5 (EM MASSA SECA DE CIMENTO/ AREIA MÉDIA/ BRITA 1) - PREPARO MECÂNICO COM BETONEIRA 400 L. AF_05/2021",M3,"0,055","539,32","29,66",,,,,,,
,,F,SUPERESTRUTURA,UFCA,F0002,"LAJE PRÉ-MOLDADA UNIDIRECIONAL, BIAPOIADA, ENCHIMENTO EM BLOCO CERÂMICO, VIGOTA TRELIÇADA, ALTURA TOTAL DA LAJE (ENCHIMENTO+CAPA) = (12+4)",M2,SERV,SINAPI,103673,"LANÇAMENTO COM USO DE BOMBA, ADENSAMENTO E ACABAMENTO DE CONCRETO EM ESTRUTURAS. AF_02/2022",M3,"0,055","42,75","2,35",,,,,,,
HEAD2,,F,SUPERESTRUTURA,UFCA,F0003,"LAJE PRÉ-MOLDADA UNIDIRECIONAL, BIAPOIADA, ENCHIMENTO EM EPS, VIGOTA TRELIÇADA, ALTURA TOTAL DA LAJE (ENCHIMENTO+CAPA) = (20+5)",M2,,,,,,,,,0,"12,87","182,62",0,"83,36","278,85","Composição com base 
no item SINAPI  101954"
,,F,SUPERESTRUTURA,UFCA,F0003,"LAJE PRÉ-MOLDADA UNIDIRECIONAL, BIAPOIADA, ENCHIMENTO EM EPS, VIGOTA TRELIÇADA, ALTURA TOTAL DA LAJE (ENCHIMENTO+CAPA) = (20+5)",M2,MOBRA,SINAPI,88262,CARPINTEIRO DE FORMAS COM ENCARGOS COMPLEMENTARES,H,"0,2920","28,52","8,32",,,,,,,
,,F,SUPERESTRUTURA,UFCA,F0003,"LAJE PRÉ-MOLDADA UNIDIRECIONAL, BIAPOIADA, ENCHIMENTO EM EPS, VIGOTA TRELIÇADA, ALTURA TOTAL DA LAJE (ENCHIMENTO+CAPA) = (20+5)",M2,MOBRA,SINAPI,88316,SERVENTE COM ENCARGOS COMPLEMENTARES,H,"0,2060","22,10","4,55",,,,,,,
,,F,SUPERESTRUTURA,UFCA,F0003,"LAJE PRÉ-MOLDADA UNIDIRECIONAL, BIAPOIADA, ENCHIMENTO EM EPS, VIGOTA TRELIÇADA, ALTURA TOTAL DA LAJE (ENCHIMENTO+CAPA) = (20+5)",M2,INSUMO,SINAPI,6193,"TABUA NAO APARELHADA *2,5 X 20* CM, EM MACARANDUBA/MASSARANDUBA, ANGELIM OU EQUIVALENTE DA REGIAO - BRUTA                                                                                                                                                                                                                                                                                                                                                                                                 ",M,"1,4900","19,07","28,41",,,,,,,
,,F,SUPERESTRUTURA,UFCA,F0003,"LAJE PRÉ-MOLDADA UNIDIRECIONAL, BIAPOIADA, ENCHIMENTO EM EPS, VIGOTA TRELIÇADA, ALTURA TOTAL DA LAJE (ENCHIMENTO+CAPA) = (20+5)",M2,INSUMO,SINAPI,40304,PREGO DE ACO POLIDO COM CABECA DUPLA 17 X 27 (2 1/2 X 11)                                                                                                                                                                                                                                                                                                                                                                                                                                                 ,KG,"0,0320","17,00","0,54",,,,,,,
,,F,SUPERESTRUTURA,UFCA,F0003,"LAJE PRÉ-MOLDADA UNIDIRECIONAL, BIAPOIADA, ENCHIMENTO EM EPS, VIGOTA TRELIÇADA, ALTURA TOTAL DA LAJE (ENCHIMENTO+CAPA) = (20+5)",M2,INSUMO,ORSE,11948,"Laje pré-fabricada treliçada para piso ou cobertura, unidirecional, h=30cm, e l. enchimento em bloco EPS, h=25cm",m²,1,"153,67","153,67",,,,,,,
,,F,SUPERESTRUTURA,UFCA,F0003,"LAJE PRÉ-MOLDADA UNIDIRECIONAL, BIAPOIADA, ENCHIMENTO EM EPS, VIGOTA TRELIÇADA, ALTURA TOTAL DA LAJE (ENCHIMENTO+CAPA) = (20+5)",M2,SERV,SINAPI,92273,"FABRICAÇÃO DE ESCORAS DO TIPO PONTALETE, EM MADEIRA, PARA PÉ-DIREITO SIMPLES. AF_09/2020",M,"0,62","19,05","11,81",,,,,,,
,,F,SUPERESTRUTURA,UFCA,F0003,"LAJE PRÉ-MOLDADA UNIDIRECIONAL, BIAPOIADA, ENCHIMENTO EM EPS, VIGOTA TRELIÇADA, ALTURA TOTAL DA LAJE (ENCHIMENTO+CAPA) = (20+5)",M2,SERV,SINAPI,92767,"ARMAÇÃO DE LAJE DE ESTRUTURA CONVENCIONAL DE CONCRETO ARMADO UTILIZANDO AÇO CA-60 DE 4,2 MM - MONTAGEM. AF_06/2022",KG,"1,54","16,99","26,16",,,,,,,
,,F,SUPERESTRUTURA,UFCA,F0003,"LAJE PRÉ-MOLDADA UNIDIRECIONAL, BIAPOIADA, ENCHIMENTO EM EPS, VIGOTA TRELIÇADA, ALTURA TOTAL DA LAJE (ENCHIMENTO+CAPA) = (20+5)",M2,SERV,SINAPI,94966,"CONCRETO FCK = 30MPA, TRAÇO 1:2,1:2,5 (EM MASSA SECA DE CIMENTO/ AREIA MÉDIA/ BRITA 1) - PREPARO MECÂNICO COM BETONEIRA 400 L. AF_05/2021",M3,"0,078","539,32","42,06",,,,,,,
,,F,SUPERESTRUTURA,UFCA,F0003,"LAJE PRÉ-MOLDADA UNIDIRECIONAL, BIAPOIADA, ENCHIMENTO EM EPS, VIGOTA TRELIÇADA, ALTURA TOTAL DA LAJE (ENCHIMENTO+CAPA) = (20+5)",M2,SERV,SINAPI,103673,"LANÇAMENTO COM USO DE BOMBA, ADENSAMENTO E ACABAMENTO DE CONCRETO EM ESTRUTURAS. AF_02/2022",M3,"0,078","42,75","3,33",,,,,,,
HEAD2,,F,SUPERESTRUTURA,UFCA,F0004,"LAJE PRÉ-MOLDADA UNIDIRECIONAL, BIAPOIADA, ENCHIMENTO EM EPS, VIGOTA TRELIÇADA, ALTURA TOTAL DA LAJE (ENCHIMENTO+CAPA) = (16+4)",M2,,,,,,,,,0,"14,78","141,48",0,"69,14","225,4","Composição com base 
no item SINAPI  101954"
,,F,SUPERESTRUTURA,UFCA,F0004,"LAJE PRÉ-MOLDADA UNIDIRECIONAL, BIAPOIADA, ENCHIMENTO EM EPS, VIGOTA TRELIÇADA, ALTURA TOTAL DA LAJE (ENCHIMENTO+CAPA) = (16+4)",M2,MOBRA,SINAPI,88262,CARPINTEIRO DE FORMAS COM ENCARGOS COMPLEMENTARES,H,"0,3350","28,52","9,55",,,,,,,
,,F,SUPERESTRUTURA,UFCA,F0004,"LAJE PRÉ-MOLDADA UNIDIRECIONAL, BIAPOIADA, ENCHIMENTO EM EPS, VIGOTA TRELIÇADA, ALTURA TOTAL DA LAJE (ENCHIMENTO+CAPA) = (16+4)",M2,MOBRA,SINAPI,88316,SERVENTE COM ENCARGOS COMPLEMENTARES,H,"0,2370","22,10","5,23",,,,,,,
,,F,SUPERESTRUTURA,UFCA,F0004,"LAJE PRÉ-MOLDADA UNIDIRECIONAL, BIAPOIADA, ENCHIMENTO EM EPS, VIGOTA TRELIÇADA, ALTURA TOTAL DA LAJE (ENCHIMENTO+CAPA) = (16+4)",M2,INSUMO,SINAPI,6193,"TABUA NAO APARELHADA *2,5 X 20* CM, EM MACARANDUBA/MASSARANDUBA, ANGELIM OU EQUIVALENTE DA REGIAO - BRUTA                                                                                                                                                                                                                                                                                                                                                                                                 ",M,"1,6000","19,07","30,51",,,,,,,
,,F,SUPERESTRUTURA,UFCA,F0004,"LAJE PRÉ-MOLDADA UNIDIRECIONAL, BIAPOIADA, ENCHIMENTO EM EPS, VIGOTA TRELIÇADA, ALTURA TOTAL DA LAJE (ENCHIMENTO+CAPA) = (16+4)",M2,INSUMO,SINAPI,40304,PREGO DE ACO POLIDO COM CABECA DUPLA 17 X 27 (2 1/2 X 11)                                                                                                                                                                                                                                                                                                                                                                                                                                                 ,KG,"0,0340","17,00","0,57",,,,,,,
,,F,SUPERESTRUTURA,UFCA,F0004,"LAJE PRÉ-MOLDADA UNIDIRECIONAL, BIAPOIADA, ENCHIMENTO EM EPS, VIGOTA TRELIÇADA, ALTURA TOTAL DA LAJE (ENCHIMENTO+CAPA) = (16+4)",M2,INSUMO,ORSE,9805,"Laje pré-fabricada treliçada para piso ou cobertura, h=21cm, el. enchimento e m bloco EPS, h=16cm",m²,1,"110,4","110,40",,,,,,,
,,F,SUPERESTRUTURA,UFCA,F0004,"LAJE PRÉ-MOLDADA UNIDIRECIONAL, BIAPOIADA, ENCHIMENTO EM EPS, VIGOTA TRELIÇADA, ALTURA TOTAL DA LAJE (ENCHIMENTO+CAPA) = (16+4)",M2,SERV,SINAPI,92273,"FABRICAÇÃO DE ESCORAS DO TIPO PONTALETE, EM MADEIRA, PARA PÉ-DIREITO SIMPLES. AF_09/2020",M,"0,71","19,05","13,52",,,,,,,
,,F,SUPERESTRUTURA,UFCA,F0004,"LAJE PRÉ-MOLDADA UNIDIRECIONAL, BIAPOIADA, ENCHIMENTO EM EPS, VIGOTA TRELIÇADA, ALTURA TOTAL DA LAJE (ENCHIMENTO+CAPA) = (16+4)",M2,SERV,SINAPI,92767,"ARMAÇÃO DE LAJE DE ESTRUTURA CONVENCIONAL DE CONCRETO ARMADO UTILIZANDO AÇO CA-60 DE 4,2 MM - MONTAGEM. AF_06/2022",KG,"1,185","16,99","20,13",,,,,,,
,,F,SUPERESTRUTURA,UFCA,F0004,"LAJE PRÉ-MOLDADA UNIDIRECIONAL, BIAPOIADA, ENCHIMENTO EM EPS, VIGOTA TRELIÇADA, ALTURA TOTAL DA LAJE (ENCHIMENTO+CAPA) = (16+4)",M2,SERV,SINAPI,94966,"CONCRETO FCK = 30MPA, TRAÇO 1:2,1:2,5 (EM MASSA SECA DE CIMENTO/ AREIA MÉDIA/ BRITA 1) - PREPARO MECÂNICO COM BETONEIRA 400 L. AF_05/2021",M3,"0,061","539,32","32,89",,,,,,,
,,F,SUPERESTRUTURA,UFCA,F0004,"LAJE PRÉ-MOLDADA UNIDIRECIONAL, BIAPOIADA, ENCHIMENTO EM EPS, VIGOTA TRELIÇADA, ALTURA TOTAL DA LAJE (ENCHIMENTO+CAPA) = (16+4)",M2,SERV,SINAPI,103673,"LANÇAMENTO COM USO DE BOMBA, ADENSAMENTO E ACABAMENTO DE CONCRETO EM ESTRUTURAS. AF_02/2022",M3,"0,061","42,75","2,60",,,,,,,
HEAD1,,G,ALVENARIA/VEDAÇÃO/DIVISÓRIA,UFCA,,,,,,,,,,,,,,,,,,
HEAD2,,G,ALVENARIA/VEDAÇÃO/DIVISÓRIA,UFCA,G0001,"ALVENARIA DE VEDAÇÃO COM ELEMENTO VAZADO DE CONCRETO, QUADRICULADO, 16 FUROS *40 X 40 X 7* CM E ARGAMASSA DE ASSENTAMENTO COM PREPARO EM BETONEIRA",M2,,,,,,,,,0,"81,91","180,93",0,"5,84","268,68","Composição com base 
no item SINAPI 101161. 
Substituição do insumo de 
elemento vazado"
HEAD3,,G,ALVENARIA/VEDAÇÃO/DIVISÓRIA,UFCA,G0001,"ALVENARIA DE VEDAÇÃO COM ELEMENTO VAZADO DE CONCRETO, QUADRICULADO, 16 FUROS *40 X 40 X 7* CM E ARGAMASSA DE ASSENTAMENTO COM PREPARO EM BETONEIRA",M2,MOBRA,SINAPI,88309,PEDREIRO COM ENCARGOS COMPLEMENTARES,H,"2,0500","28,88","59,20",,,,,,,
HEAD3,,G,ALVENARIA/VEDAÇÃO/DIVISÓRIA,UFCA,G0001,"ALVENARIA DE VEDAÇÃO COM ELEMENTO VAZADO DE CONCRETO, QUADRICULADO, 16 FUROS *40 X 40 X 7* CM E ARGAMASSA DE ASSENTAMENTO COM PREPARO EM BETONEIRA",M2,MOBRA,SINAPI,88316,SERVENTE COM ENCARGOS COMPLEMENTARES,H,"1,0280","22,10","22,71",,,,,,,
HEAD3,,G,ALVENARIA/VEDAÇÃO/DIVISÓRIA,UFCA,G0001,"ALVENARIA DE VEDAÇÃO COM ELEMENTO VAZADO DE CONCRETO, QUADRICULADO, 16 FUROS *40 X 40 X 7* CM E ARGAMASSA DE ASSENTAMENTO COM PREPARO EM BETONEIRA",M2,SERV,SINAPI,100489,"ARGAMASSA TRAÇO 1:3 (EM VOLUME DE CIMENTO E AREIA MÉDIA ÚMIDA), PREPARO MECÂNICO COM BETONEIRA 600 L. AF_08/2019",M3,"0,0100","584,70","5,84",,,,,,,
HEAD3,,G,ALVENARIA/VEDAÇÃO/DIVISÓRIA,UFCA,G0001,"ALVENARIA DE VEDAÇÃO COM ELEMENTO VAZADO DE CONCRETO, QUADRICULADO, 16 FUROS *40 X 40 X 7* CM E ARGAMASSA DE ASSENTAMENTO COM PREPARO EM BETONEIRA",M2,INSUMO,SINAPI,666,"ELEMENTO VAZADO DE CONCRETO, QUADRICULADO, 16 FUROS *40 X 40 X 7* CM                                                                                                                                                                                                                                                                                                                                                                                                                                      ",UN,"6,2500","28,95","180,93",,,,,,,
HEAD2,,G,ALVENARIA/VEDAÇÃO/DIVISÓRIA,UFCA,G0002,"FIXAÇÃO (ENCUNHAMENTO) DE ALVENARIA DE VEDAÇÃO COM ARGAMASSA, COM ADITIVO IMPERMEABILIZANTE, APLICADA COM BISNAGA",M,,,,,,,,,0,"9,61","0,31",0,"2,36","12,28","Composição com base no
item SINAPI 93200. 
Adição do aditivo 
impermeabilizante com 
coeficiente com base no
item 98561"
HEAD3,,G,ALVENARIA/VEDAÇÃO/DIVISÓRIA,UFCA,G0002,"FIXAÇÃO (ENCUNHAMENTO) DE ALVENARIA DE VEDAÇÃO COM ARGAMASSA, COM ADITIVO IMPERMEABILIZANTE, APLICADA COM BISNAGA",M,MOBRA,SINAPI,88309,PEDREIRO COM ENCARGOS COMPLEMENTARES,H,"0,2910","28,88","8,40",,,,,,,
HEAD3,,G,ALVENARIA/VEDAÇÃO/DIVISÓRIA,UFCA,G0002,"FIXAÇÃO (ENCUNHAMENTO) DE ALVENARIA DE VEDAÇÃO COM ARGAMASSA, COM ADITIVO IMPERMEABILIZANTE, APLICADA COM BISNAGA",M,MOBRA,SINAPI,88316,SERVENTE COM ENCARGOS COMPLEMENTARES,H,"0,0550","22,10","1,21",,,,,,,
HEAD3,,G,ALVENARIA/VEDAÇÃO/DIVISÓRIA,UFCA,G0002,"FIXAÇÃO (ENCUNHAMENTO) DE ALVENARIA DE VEDAÇÃO COM ARGAMASSA, COM ADITIVO IMPERMEABILIZANTE, APLICADA COM BISNAGA",M,INSUMO,SINAPI,123,"ADITIVO IMPERMEABILIZANTE DE PEGA NORMAL PARA ARGAMASSAS E CONCRETOS SEM ARMACAO, LIQUIDO E ISENTO DE CLORETOS                                                                                                                                                                                                                                                                                                                                                                                            ",L,"0,0392","8,06","0,31",,,,,,,
HEAD3,,G,ALVENARIA/VEDAÇÃO/DIVISÓRIA,UFCA,G0002,"FIXAÇÃO (ENCUNHAMENTO) DE ALVENARIA DE VEDAÇÃO COM ARGAMASSA, COM ADITIVO IMPERMEABILIZANTE, APLICADA COM BISNAGA",M,SERV,SINAPI,87294,"ARGAMASSA TRAÇO 1:2:9 (EM VOLUME DE CIMENTO, CAL E AREIA MÉDIA ÚMIDA) PARA EMBOÇO/MASSA ÚNICA/ASSENTAMENTO DE ALVENARIA DE VEDAÇÃO, PREPARO MECÂNICO COM BETONEIRA 600 L. AF_08/2019",M3,"0,0040","592,44","2,36",,,,,,,
HEAD2,,G,ALVENARIA/VEDAÇÃO/DIVISÓRIA,UFCA,G0003,"REVESTIMENTO COM ARGAMASSA BARITADA, DENSIDADE DE 3,2 G/CM³, ESPESSURA 2,5 CM",M2,,,,,,,,,0,"52,61","121,98",0,0,"174,59","Composição com base no
item 10716/ORSE . 
"
HEAD3,,G,ALVENARIA/VEDAÇÃO/DIVISÓRIA,UFCA,G0003,"REVESTIMENTO COM ARGAMASSA BARITADA, DENSIDADE DE 3,2 G/CM³, ESPESSURA 2,5 CM",M2,MOBRA,SINAPI,88309,PEDREIRO COM ENCARGOS COMPLEMENTARES,H,"0,9800","28,88","28,30",,,,,,,
HEAD3,,G,ALVENARIA/VEDAÇÃO/DIVISÓRIA,UFCA,G0003,"REVESTIMENTO COM ARGAMASSA BARITADA, DENSIDADE DE 3,2 G/CM³, ESPESSURA 2,5 CM",M2,MOBRA,SINAPI,88316,SERVENTE COM ENCARGOS COMPLEMENTARES,H,"1,1000","22,10","24,31",,,,,,,
HEAD3,,G,ALVENARIA/VEDAÇÃO/DIVISÓRIA,UFCA,G0003,"REVESTIMENTO COM ARGAMASSA BARITADA, DENSIDADE DE 3,2 G/CM³, ESPESSURA 2,5 CM",M2,INSUMO,ORSE,256,Argamassa baritada pronta para aplicação,kg,"57,0000","2,14","121,98",,,,,,,valor Junho/2024-1
HEAD2,,G,ALVENARIA/VEDAÇÃO/DIVISÓRIA,UFCA,G0004,DIVISÓRIA DE GRANITO CINZA E=2cm,M2,,,,,,,,,0,"175,39","326,44",0,0,"501,83",Coeficiente de mão de obra elaborado com base na composição SEINFRA C4070. Custos da SINAPI.
HEAD3,,G,ALVENARIA/VEDAÇÃO/DIVISÓRIA,UFCA,G0004,DIVISÓRIA DE GRANITO CINZA E=2cm,M2,MOBRA,SINAPI,88309,PEDREIRO COM ENCARGOS COMPLEMENTARES,H,"2,4","28,88","69,31",,,,,,,
HEAD3,,G,ALVENARIA/VEDAÇÃO/DIVISÓRIA,UFCA,G0004,DIVISÓRIA DE GRANITO CINZA E=2cm,M2,MOBRA,SINAPI,88316,SERVENTE COM ENCARGOS COMPLEMENTARES,H,"4,8","22,10","106,08",,,,,,,
HEAD3,,G,ALVENARIA/VEDAÇÃO/DIVISÓRIA,UFCA,G0004,DIVISÓRIA DE GRANITO CINZA E=2cm,M2,INSUMO,SINAPI,367,"AREIA GROSSA - POSTO JAZIDA/FORNECEDOR (RETIRADO NA JAZIDA, SEM TRANSPORTE)                                                                                                                                                                                                                                                                                                                                                                                                                               ",M3,"0,0040","131,69","0,52",,,,,,,
HEAD3,,G,ALVENARIA/VEDAÇÃO/DIVISÓRIA,UFCA,G0004,DIVISÓRIA DE GRANITO CINZA E=2cm,M2,INSUMO,SINAPI,1380,CIMENTO BRANCO NAO ESTRUTURAL (CPB - NAO ESTRUTURAL)                                                                                                                                                                                                                                                                                                                                                                                                                                                      ,KG,"0,7000","4,95","3,46",,,,,,,
HEAD3,,G,ALVENARIA/VEDAÇÃO/DIVISÓRIA,UFCA,G0004,DIVISÓRIA DE GRANITO CINZA E=2cm,M2,INSUMO,SINAPI,1379,CIMENTO PORTLAND COMPOSTO CP II-32                                                                                                                                                                                                                                                                                                                                                                                                                                                                        ,KG,"1,6000","0,74","1,18",,,,,,,
HEAD3,,G,ALVENARIA/VEDAÇÃO/DIVISÓRIA,UFCA,G0004,DIVISÓRIA DE GRANITO CINZA E=2cm,M2,INSUMO,SEINFRA,I1621,PERFIL BATENTE DE AÇO (14/24)X44MM CHAPA 20 (DIVISÓRIA),KG,"1,3000","4,03","5,23",,,,,,,
HEAD3,,G,ALVENARIA/VEDAÇÃO/DIVISÓRIA,UFCA,G0004,DIVISÓRIA DE GRANITO CINZA E=2cm,M2,INSUMO,SEINFRA,I7895,DIVISÓRIA DE GRANITO CINZA E=2cm,M2,"1,0000","316,05","316,05",,,,,,,
HEAD1,,H,ESQUADRIAS,UFCA,,,,,,,,,,,,,,,,,,
HEAD2,,H,ESQUADRIAS,UFCA,H0001,"ESQUADRIA DE ACRÍLICO COM MOLDURA EM ALUMÍNIO, INCLUSIVE FERRAGENS",M2,,,,,,,,,0,"50,98","142,83",0,0,"193,81","Referência: 10204/ORSE (Porta para armários com moldura em alumínio (alumínio/acrílico), inclusive ferragens)"
HEAD3,,H,ESQUADRIAS,UFCA,H0001,"ESQUADRIA DE ACRÍLICO COM MOLDURA EM ALUMÍNIO, INCLUSIVE FERRAGENS",M2,MOBRA,SINAPI,88309,PEDREIRO COM ENCARGOS COMPLEMENTARES,H,"1,0000","28,88","28,88",,,,,,,
HEAD3,,H,ESQUADRIAS,UFCA,H0001,"ESQUADRIA DE ACRÍLICO COM MOLDURA EM ALUMÍNIO, INCLUSIVE FERRAGENS",M2,MOBRA,SINAPI,88316,SERVENTE COM ENCARGOS COMPLEMENTARES,H,"1,0000","22,10","22,10",,,,,,,
HEAD3,,H,ESQUADRIAS,UFCA,H0001,"ESQUADRIA DE ACRÍLICO COM MOLDURA EM ALUMÍNIO, INCLUSIVE FERRAGENS",M2,INSUMO,ORSE,1689,Parafuso de fixação com bucha plástica 8 mm,cj,"4,0000","0,96","3,84",,,,,,,
HEAD3,,H,ESQUADRIAS,UFCA,H0001,"ESQUADRIA DE ACRÍLICO COM MOLDURA EM ALUMÍNIO, INCLUSIVE FERRAGENS",M2,INSUMO,ORSE,10972,"Porta em alumínio e acrílico para armários, inclusive ferragens",m2,"1,0000","138,99","138,99",,,,,,,
HEAD2,,H,ESQUADRIAS,UFCA,H0002,BANDEIRA FIXA EM MADEIRA PARA VIDRO,M2,,,,,,,,,0,"85,02","436,73",0,0,"521,75",Referência: 08091/ORSE (Bandeira fixa em madeira para vidro)
HEAD3,,H,ESQUADRIAS,UFCA,H0002,BANDEIRA FIXA EM MADEIRA PARA VIDRO,M2,MOBRA,SINAPI,88239,AJUDANTE DE CARPINTEIRO COM ENCARGOS COMPLEMENTARES,H,"1,8800","23,13","43,48",,,,,,,
HEAD3,,H,ESQUADRIAS,UFCA,H0002,BANDEIRA FIXA EM MADEIRA PARA VIDRO,M2,MOBRA,SINAPI,88316,SERVENTE COM ENCARGOS COMPLEMENTARES,H,"1,8800","22,10","41,54",,,,,,,
HEAD3,,H,ESQUADRIAS,UFCA,H0002,BANDEIRA FIXA EM MADEIRA PARA VIDRO,M2,INSUMO,SINAPI,5075,PREGO DE ACO POLIDO COM CABECA 18 X 30 (2 3/4 X 10)                                                                                                                                                                                                                                                                                                                                                                                                                                                       ,KG,"0,0020","13,77","0,02",,,,,,,
HEAD3,,H,ESQUADRIAS,UFCA,H0002,BANDEIRA FIXA EM MADEIRA PARA VIDRO,M2,INSUMO,ORSE,1130,"Folha de janela em madeira de lei, tipo moldura p/ vidro, dimensões 0,60 x 1, 10m",m2,"1,0000","436,71","436,71",,,,,,,
HEAD2,,H,ESQUADRIAS,UFCA,H0003,"GRADIL DE FERRO EM BARRAS QUADRADAS DE AÇO DE 3/8"" NA VERTICAL, ESPAÇAMENTO 10CM, COM DUAS BARRAS CHATAS 1"" X 1/4"" NA HORIZONTAL, APLICADAS NAS DUAS FACES",M2,,,,,,,,,0,"57,03","193,31",0,"0,58","250,92",Referência:10812/ORSE (Gradil Nylofor 3D)
HEAD3,,H,ESQUADRIAS,UFCA,H0003,,M2,MOBRA,SINAPI,88251,AUXILIAR DE SERRALHEIRO COM ENCARGOS COMPLEMENTARES,H,"0,3974","23,22","9,22",,,,,,,
HEAD3,,H,ESQUADRIAS,UFCA,H0003,,M2,MOBRA,SINAPI,88315,SERRALHEIRO COM ENCARGOS COMPLEMENTARES,H,"0,3974","28,66","11,38",,,,,,,
HEAD3,,H,ESQUADRIAS,UFCA,H0003,,M2,MOBRA,SINAPI,88309,PEDREIRO COM ENCARGOS COMPLEMENTARES,H,"0,4000","28,88","11,55",,,,,,,
HEAD3,,H,ESQUADRIAS,UFCA,H0003,,M2,MOBRA,SINAPI,88317,SOLDADOR COM ENCARGOS COMPLEMENTARES,H,"0,8400","29,62","24,88",,,,,,,
HEAD3,,H,ESQUADRIAS,UFCA,H0003,"GRADIL DE FERRO EM BARRAS QUADRADAS DE AÇO DE 3/8"" NA VERTICAL, ESPAÇAMENTO 10CM, COM DUAS BARRAS CHATAS 1"" X 1/4"" NA HORIZONTAL, APLICADAS NAS DUAS FACES",M2,SERV,SINAPI,100489,"ARGAMASSA TRAÇO 1:3 (EM VOLUME DE CIMENTO E AREIA MÉDIA ÚMIDA), PREPARO MECÂNICO COM BETONEIRA 600 L. AF_08/2019",M3,"0,0010","584,70","0,58",,,,,,,
HEAD3,,H,ESQUADRIAS,UFCA,H0003,"GRADIL DE FERRO EM BARRAS QUADRADAS DE AÇO DE 3/8"" NA VERTICAL, ESPAÇAMENTO 10CM, COM DUAS BARRAS CHATAS 1"" X 1/4"" NA HORIZONTAL, APLICADAS NAS DUAS FACES",M2,INSUMO,SINAPI,21008,"TUBO ACO GALVANIZADO COM COSTURA, CLASSE LEVE, DN 15 MM (1/2""), E = 2,25 MM, *1,2* KG/M (NBR 5580)                                                                                                                                                                                                                                                                                                                                                                                                        ",M,"9,9389","19,45","193,31",,,,,,,
HEAD2,,H,ESQUADRIAS,UFCA,H0004,"CERCA/GRADIL NYLOFOR H=2,03M, MALHA 5 X 20CM - FIO 5,00MM, COM FIXADORES DE POLIAMIDA EM POSTE 40 x 60 MM CHUMBADOS EM BASE DE CONCRETO (EXCLUSIVE ESTA) , REVESTIDOS EM POLIESTER POR PROCESSO DE PINTURA ELETROSTÁTICA (GRADIL E POSTE), NAS CORES PRETO OU BRANCA - FORNECIMENTO E INSTALAÇÃO",M,,,,,,,,,0,"103,48","334,75",0,0,"438,23",Referência:C4726 SEINFRA e 10812/ORSE. Coeficiente de mão de obra reajustada para pagamento por Metro
HEAD3,,H,ESQUADRIAS,UFCA,H0004,"CERCA/GRADIL NYLOFOR H=2,03M, MALHA 5 X 20CM - FIO 5,00MM, COM FIXADORES DE POLIAMIDA EM POSTE 40 x 60 MM CHUMBADOS EM BASE DE CONCRETO (EXCLUSIVE ESTA) , REVESTIDOS EM POLIESTER POR PROCESSO DE PINTURA ELETROSTÁTICA (GRADIL E POSTE), NAS CORES PRETO OU BRANCA - FORNECIMENTO E INSTALAÇÃO",M,MOBRA,SINAPI,88309,PEDREIRO COM ENCARGOS COMPLEMENTARES,H,"2,0300","28,88","58,62",,,,,,,
HEAD3,,H,ESQUADRIAS,UFCA,H0004,"CERCA/GRADIL NYLOFOR H=2,03M, MALHA 5 X 20CM - FIO 5,00MM, COM FIXADORES DE POLIAMIDA EM POSTE 40 x 60 MM CHUMBADOS EM BASE DE CONCRETO (EXCLUSIVE ESTA) , REVESTIDOS EM POLIESTER POR PROCESSO DE PINTURA ELETROSTÁTICA (GRADIL E POSTE), NAS CORES PRETO OU BRANCA - FORNECIMENTO E INSTALAÇÃO",M,MOBRA,SINAPI,88316,SERVENTE COM ENCARGOS COMPLEMENTARES,H,"2,0300","22,10","44,86",,,,,,,
HEAD3,,H,ESQUADRIAS,UFCA,H0004,"CERCA/GRADIL NYLOFOR H=2,03M, MALHA 5 X 20CM - FIO 5,00MM, COM FIXADORES DE POLIAMIDA EM POSTE 40 x 60 MM CHUMBADOS EM BASE DE CONCRETO (EXCLUSIVE ESTA) , REVESTIDOS EM POLIESTER POR PROCESSO DE PINTURA ELETROSTÁTICA (GRADIL E POSTE), NAS CORES PRETO OU BRANCA - FORNECIMENTO E INSTALAÇÃO",M,INSUMO,SEINFRA,I9040,"PAINEL NYLOFOR 2,03M x 2,5M (A X L) - MALHA 5 x 20 CM - FIO 5,00MM, REVESTIDO EM POLIESTER POR PROCESSO DE PINTURA ELETROSTÁTICA, NAS CORES VERDE OU BRANCA",UN,"0,4000","675,15","270,06",,,,,,,
HEAD3,,H,ESQUADRIAS,UFCA,H0004,"CERCA/GRADIL NYLOFOR H=2,03M, MALHA 5 X 20CM - FIO 5,00MM, COM FIXADORES DE POLIAMIDA EM POSTE 40 x 60 MM CHUMBADOS EM BASE DE CONCRETO (EXCLUSIVE ESTA) , REVESTIDOS EM POLIESTER POR PROCESSO DE PINTURA ELETROSTÁTICA (GRADIL E POSTE), NAS CORES PRETO OU BRANCA - FORNECIMENTO E INSTALAÇÃO",M,INSUMO,SEINFRA,I9046,"POSTE 40 x 60 MM, PINTURA ELETROSTÁTICA EM POLIESTER, NAS CORES VERDE OU BRANCA ( H=2,50M - COM TAMPA) CHUMBADO",UN,"0,4000","119,56","47,82",,,,,,,
HEAD3,,H,ESQUADRIAS,UFCA,H0004,"CERCA/GRADIL NYLOFOR H=2,03M, MALHA 5 X 20CM - FIO 5,00MM, COM FIXADORES DE POLIAMIDA EM POSTE 40 x 60 MM CHUMBADOS EM BASE DE CONCRETO (EXCLUSIVE ESTA) , REVESTIDOS EM POLIESTER POR PROCESSO DE PINTURA ELETROSTÁTICA (GRADIL E POSTE), NAS CORES PRETO OU BRANCA - FORNECIMENTO E INSTALAÇÃO",M,INSUMO,SEINFRA,I9048,"FIXADOR POLIAMIDA PARA POSTE, NAS CORES VERDE OU BRANCA",UN,"2,4000","7,03","16,87",,,,,,,
HEAD2,,H,ESQUADRIAS,UFCA,H0005,"CERCA/GRADIL NYLOFOR H=1,03M, MALHA 5 X 20CM - FIO 5,00MM, COM FIXADORES DE POLIAMIDA EM POSTE 40 x 60 MM CHUMBADOS EM BASE DE CONCRETO (EXCLUSIVE ESTA) , REVESTIDOS EM POLIESTER POR PROCESSO DE PINTURA ELETROSTÁTICA (GRADIL E POSTE), NAS CORES PRETO OU BRANCA - FORNECIMENTO E INSTALAÇÃO",M,,,,,,,,,0,"52,5","167,56",0,0,"220,06","Referência:C4851 SEINFRA 
e 10812/ORSE"
HEAD3,,H,ESQUADRIAS,UFCA,H0005,"CERCA/GRADIL NYLOFOR H=1,03M, MALHA 5 X 20CM - FIO 5,00MM, COM FIXADORES DE POLIAMIDA EM POSTE 40 x 60 MM CHUMBADOS EM BASE DE CONCRETO (EXCLUSIVE ESTA) , REVESTIDOS EM POLIESTER POR PROCESSO DE PINTURA ELETROSTÁTICA (GRADIL E POSTE), NAS CORES PRETO OU BRANCA - FORNECIMENTO E INSTALAÇÃO",M,MOBRA,SINAPI,88309,PEDREIRO COM ENCARGOS COMPLEMENTARES,H,"1,0300","28,88","29,74",,,,,,,
HEAD3,,H,ESQUADRIAS,UFCA,H0005,"CERCA/GRADIL NYLOFOR H=1,03M, MALHA 5 X 20CM - FIO 5,00MM, COM FIXADORES DE POLIAMIDA EM POSTE 40 x 60 MM CHUMBADOS EM BASE DE CONCRETO (EXCLUSIVE ESTA) , REVESTIDOS EM POLIESTER POR PROCESSO DE PINTURA ELETROSTÁTICA (GRADIL E POSTE), NAS CORES PRETO OU BRANCA - FORNECIMENTO E INSTALAÇÃO",M,MOBRA,SINAPI,88316,SERVENTE COM ENCARGOS COMPLEMENTARES,H,"1,0300","22,10","22,76",,,,,,,
HEAD3,,H,ESQUADRIAS,UFCA,H0005,"CERCA/GRADIL NYLOFOR H=1,03M, MALHA 5 X 20CM - FIO 5,00MM, COM FIXADORES DE POLIAMIDA EM POSTE 40 x 60 MM CHUMBADOS EM BASE DE CONCRETO (EXCLUSIVE ESTA) , REVESTIDOS EM POLIESTER POR PROCESSO DE PINTURA ELETROSTÁTICA (GRADIL E POSTE), NAS CORES PRETO OU BRANCA - FORNECIMENTO E INSTALAÇÃO",M,INSUMO,SEINFRA,I9151,"PAINEL NYLOFOR 1,03M x 2,5M (A X L) - MALHA 5 x 20 CM - FIO 4,30MM, REVESTIDO EM POLIESTER POR PROCESSO DE PINTURA ELETROSTÁTICA, NAS CORES VERDE OU BRANCA",UN,"0,4000","301,01","120,40",,,,,,,
HEAD3,,H,ESQUADRIAS,UFCA,H0005,"CERCA/GRADIL NYLOFOR H=1,03M, MALHA 5 X 20CM - FIO 5,00MM, COM FIXADORES DE POLIAMIDA EM POSTE 40 x 60 MM CHUMBADOS EM BASE DE CONCRETO (EXCLUSIVE ESTA) , REVESTIDOS EM POLIESTER POR PROCESSO DE PINTURA ELETROSTÁTICA (GRADIL E POSTE), NAS CORES PRETO OU BRANCA - FORNECIMENTO E INSTALAÇÃO",M,INSUMO,SEINFRA,I9152,"POSTE 40 x 60 MM, PINTURA ELETROSTÁTICA EM POLIESTER, NAS CORES VERDE OU BRANCA (H=1,50M - COM TAMPA) CHUMBADO",UN,"0,4000","89,8","35,92",,,,,,,
HEAD3,,H,ESQUADRIAS,UFCA,H0005,"CERCA/GRADIL NYLOFOR H=1,03M, MALHA 5 X 20CM - FIO 5,00MM, COM FIXADORES DE POLIAMIDA EM POSTE 40 x 60 MM CHUMBADOS EM BASE DE CONCRETO (EXCLUSIVE ESTA) , REVESTIDOS EM POLIESTER POR PROCESSO DE PINTURA ELETROSTÁTICA (GRADIL E POSTE), NAS CORES PRETO OU BRANCA - FORNECIMENTO E INSTALAÇÃO",M,INSUMO,SEINFRA,I9048,"FIXADOR POLIAMIDA PARA POSTE, NAS CORES VERDE OU BRANCA",UN,"1,6000","7,03","11,24",,,,,,,
HEAD2,,H,ESQUADRIAS,UFCA,H0006,"PORTÃO PIVOTANTE NYLOFOR, COMPOSTO DE QUADRO, PAINÉIS E ACESSÓRIOS COM PINTURA ELETROSTÁTICA COM TINTA POLIESTER, NAS CORES VERDE OU BRANCA, COM POSTE EM AÇO REVESTIDO, COR VERDE OU BRANCA - FORNECIMENTO E MONTAGEM",M2,,,,,,,,,0,0,"630,91",0,0,"630,91",
HEAD3,,H,ESQUADRIAS,UFCA,H0006,"PORTÃO PIVOTANTE NYLOFOR, COMPOSTO DE QUADRO, PAINÉIS E ACESSÓRIOS COM PINTURA ELETROSTÁTICA COM TINTA POLIESTER, NAS CORES VERDE OU BRANCA, COM POSTE EM AÇO REVESTIDO, COR VERDE OU BRANCA - FORNECIMENTO E MONTAGEM",M2,INSUMO,SEINFRA,I8436,"PORTÃO PIVOTANTE NYLOFOR, COMPOSTO DE QUADRO, PAINÉIS E ACESSÓRIOS COM PINTURA ELETROSTÁTICA COM TINTA POLIESTER, NAS CORES VERDE OU BRANCA, COM POSTE EM AÇO REVESTIDO, COR VERDE OU BRANCA - FORNECIMENTO E MONTAGEM
",M2,"1,0000","630,91","630,91",,,,,,,Referência: SEINFRA
HEAD2,,H,ESQUADRIAS,UFCA,H0007,"PORTA EM AÇO DE ABRIR PARA VIDRO SEM GUARNIÇÃO, FIXAÇÃO COM PARAFUSOS, VIDRO TEMPERADO DE 10 MM - FORNECIMENTO E INSTALAÇÃO",M2,,,,,,,,,0,"48,57","903,64",0,0,"952,21","Com base na composição 94806 e 72120 SINAPI
Coeficiente por M2 com base no item 91341"
HEAD3,,H,ESQUADRIAS,UFCA,H0007,"PORTA EM AÇO DE ABRIR PARA VIDRO SEM GUARNIÇÃO, FIXAÇÃO COM PARAFUSOS, VIDRO TEMPERADO DE 10 MM - FORNECIMENTO E INSTALAÇÃO",M2,MOBRA,SINAPI,88309,PEDREIRO COM ENCARGOS COMPLEMENTARES,H,"0,9190000","28,88","26,54",,,,,,,
HEAD3,,H,ESQUADRIAS,UFCA,H0007,"PORTA EM AÇO DE ABRIR PARA VIDRO SEM GUARNIÇÃO, FIXAÇÃO COM PARAFUSOS, VIDRO TEMPERADO DE 10 MM - FORNECIMENTO E INSTALAÇÃO",M2,MOBRA,SINAPI,88316,SERVENTE COM ENCARGOS COMPLEMENTARES,H,"0,4600000","22,10","10,16",,,,,,,
HEAD3,,H,ESQUADRIAS,UFCA,H0007,"PORTA EM AÇO DE ABRIR PARA VIDRO SEM GUARNIÇÃO, FIXAÇÃO COM PARAFUSOS, VIDRO TEMPERADO DE 10 MM - FORNECIMENTO E INSTALAÇÃO",M2,MOBRA,SINAPI,88325,VIDRACEIRO COM ENCARGOS COMPLEMENTARES,H,"0,5000000","23,75","11,87",,,,,,,
HEAD3,,H,ESQUADRIAS,UFCA,H0007,"PORTA EM AÇO DE ABRIR PARA VIDRO SEM GUARNIÇÃO, FIXAÇÃO COM PARAFUSOS, VIDRO TEMPERADO DE 10 MM - FORNECIMENTO E INSTALAÇÃO",M2,INSUMO,SINAPI,142,SELANTE ELASTICO MONOCOMPONENTE A BASE DE POLIURETANO (PU) PARA JUNTAS DIVERSAS                                                                                                                                                                                                                                                                                                                                                                                                                           ,310ML,"1,6130000","38,65","62,34",,,,,,,
HEAD3,,H,ESQUADRIAS,UFCA,H0007,"PORTA EM AÇO DE ABRIR PARA VIDRO SEM GUARNIÇÃO, FIXAÇÃO COM PARAFUSOS, VIDRO TEMPERADO DE 10 MM - FORNECIMENTO E INSTALAÇÃO",M2,INSUMO,SINAPI,7568,"BUCHA DE NYLON SEM ABA S10, COM PARAFUSO DE 6,10 X 65 MM EM ACO ZINCADO COM ROSCA SOBERBA, CABECA CHATA E FENDA PHILLIPS                                                                                                                                                                                                                                                                                                                                                                                  ",UN,"8,8000000","0,92","8,09",,,,,,,
HEAD3,,H,ESQUADRIAS,UFCA,H0007,"PORTA EM AÇO DE ABRIR PARA VIDRO SEM GUARNIÇÃO, FIXAÇÃO COM PARAFUSOS, VIDRO TEMPERADO DE 10 MM - FORNECIMENTO E INSTALAÇÃO",M2,INSUMO,SINAPI,39021,"PORTA DE ABRIR EM ACO, COM DIVISAO HORIZONTAL PARA VIDROS, 90 X 210 CM, COM FUNDO ANTICORROSIVO/PRIMER DE PROTECAO, INCLUI FECHADURA, MACANETA E PARAFUSO, SEM GUARNICAO/ALIZAR/VISTA, VIDROS NAO INCLUSOS                                                                                                                                                                                                                                                                                                ",UN,"0,5473000","563,67","308,49",,,,,,,
HEAD3,,H,ESQUADRIAS,UFCA,H0007,"PORTA EM AÇO DE ABRIR PARA VIDRO SEM GUARNIÇÃO, FIXAÇÃO COM PARAFUSOS, VIDRO TEMPERADO DE 10 MM - FORNECIMENTO E INSTALAÇÃO",M2,INSUMO,SINAPI,10498,MASSA PARA VIDRO                                                                                                                                                                                                                                                                                                                                                                                                                                                                                          ,KG,"1,5000000","10,82","16,23",,,,,,,
HEAD3,,H,ESQUADRIAS,UFCA,H0007,"PORTA EM AÇO DE ABRIR PARA VIDRO SEM GUARNIÇÃO, FIXAÇÃO COM PARAFUSOS, VIDRO TEMPERADO DE 10 MM - FORNECIMENTO E INSTALAÇÃO",M2,INSUMO,SINAPI,10507,"VIDRO TEMPERADO INCOLOR E = 10 MM, SEM COLOCACAO                                                                                                                                                                                                                                                                                                                                                                                                                                                          ",M2,"1,1000","462,27","508,49",,,,,,,
HEAD2,,H,ESQUADRIAS,UFCA,H0008,INSTALAÇÃO DE PELÍCULA ESPELHADA SOBRE VIDRO,M2,,,,,,,,,0,0,"48,55",0,0,"48,55",Com base na composição 11347/ORSE
HEAD3,,H,ESQUADRIAS,UFCA,H0008,INSTALAÇÃO DE PELÍCULA ESPELHADA SOBRE VIDRO,M2,INSUMO,ORSE,7568,Pelicula (filme) tipo fumê espelhado - aplicado,m2,"1,0000","48,55","48,55",,,,,,,valor Junho/2024-1
HEAD2,,H,ESQUADRIAS,UFCA,H0009,JANELA (VISOR) FIXA DE ALUMÍNIO BRANCO COM VIDRO LAMINADO 6 MM (3+3),M2,,,,,,,,,0,"28,74","1309,76",0,0,"1338,5",Com base na composição 100674 SINAPI. Valor do vidro de 4 mm foi subtraído da composição da janela de alumínio
HEAD3,,H,ESQUADRIAS,UFCA,H0009,JANELA (VISOR) FIXA DE ALUMÍNIO BRANCO COM VIDRO LAMINADO 6 MM (3+3),M2,MOBRA,SINAPI,88309,PEDREIRO COM ENCARGOS COMPLEMENTARES,H,"0,7200000","28,88","20,79",,,,,,,
HEAD3,,H,ESQUADRIAS,UFCA,H0009,JANELA (VISOR) FIXA DE ALUMÍNIO BRANCO COM VIDRO LAMINADO 6 MM (3+3),M2,MOBRA,SINAPI,88316,SERVENTE COM ENCARGOS COMPLEMENTARES,H,"0,3600000","22,10","7,95",,,,,,,
HEAD3,,H,ESQUADRIAS,UFCA,H0009,JANELA (VISOR) FIXA DE ALUMÍNIO BRANCO COM VIDRO LAMINADO 6 MM (3+3),M2,INSUMO,SINAPI,599,"JANELA FIXA, EM ALUMINIO PERFIL 20, 60 X 80 CM (A X L), BATENTE/REQUADRO DE 3 A 14 CM, COM VIDRO 4 MM, SEM GUARNICAO/ALIZAR, ACABAMENTO ALUM BRANCO OU BRILHANTE                                                                                                                                                                                                                                                                                                                                          ",M2,"1,0000000","756,78","756,78",,,,,,,
HEAD3,,H,ESQUADRIAS,UFCA,H0009,JANELA (VISOR) FIXA DE ALUMÍNIO BRANCO COM VIDRO LAMINADO 6 MM (3+3),M2,INSUMO,SINAPI,4377,"PARAFUSO DE ACO ZINCADO COM ROSCA SOBERBA, CABECA CHATA E FENDA SIMPLES, DIAMETRO 4,2 MM, COMPRIMENTO * 32 * MM                                                                                                                                                                                                                                                                                                                                                                                           ",UN,"17,4130000","0,22","3,83",,,,,,,
HEAD3,,H,ESQUADRIAS,UFCA,H0009,JANELA (VISOR) FIXA DE ALUMÍNIO BRANCO COM VIDRO LAMINADO 6 MM (3+3),M2,INSUMO,SINAPI,39961,SILICONE ACETICO USO GERAL INCOLOR 280 G                                                                                                                                                                                                                                                                                                                                                                                                                                                                  ,UN,"0,4240000","25,54","10,82",,,,,,,
HEAD3,,H,ESQUADRIAS,UFCA,H0009,JANELA (VISOR) FIXA DE ALUMÍNIO BRANCO COM VIDRO LAMINADO 6 MM (3+3),M2,INSUMO,SINAPI,10492,VIDRO LISO INCOLOR 4MM - SEM COLOCACAO                                                                                                                                                                                                                                                                                                                                                                                                                                                                    ,M2,"1,0000","170,00","-170,00",,,,,,,
HEAD3,,H,ESQUADRIAS,UFCA,H0009,JANELA (VISOR) FIXA DE ALUMÍNIO BRANCO COM VIDRO LAMINADO 6 MM (3+3),M2,INSUMO,SINAPI,10496,"VIDRO COMUM LAMINADO, LISO, INCOLOR, DUPLO, ESPESSURA TOTAL 6 MM (CADA CAMADA E= 3 MM) - COLOCADO                                                                                                                                                                                                                                                                                                                                                                                                         ",M2,"1,0000","708,33","708,33",,,,,,,
HEAD2,,H,ESQUADRIAS,UFCA,H0010,"PORTA EM AÇO, EM CHAPA GALVANIZADA Nº24, RAIADA, DE ENROLAR",M2,,,,,,,,,0,"40,78","172,34",0,"10,97","224,09","Com base na composição 
01857/ORSE"
HEAD3,,H,ESQUADRIAS,UFCA,H0010,"PORTA EM AÇO, EM CHAPA GALVANIZADA Nº24, RAIADA, DE ENROLAR",M2,MOBRA,SINAPI,88309,PEDREIRO COM ENCARGOS COMPLEMENTARES,H,"0,8000","28,88","23,10",,,,,,,
HEAD3,,H,ESQUADRIAS,UFCA,H0010,"PORTA EM AÇO, EM CHAPA GALVANIZADA Nº24, RAIADA, DE ENROLAR",M2,MOBRA,SINAPI,88316,SERVENTE COM ENCARGOS COMPLEMENTARES,H,"0,8000","22,10","17,68",,,,,,,
HEAD3,,H,ESQUADRIAS,UFCA,H0010,"PORTA EM AÇO, EM CHAPA GALVANIZADA Nº24, RAIADA, DE ENROLAR",M2,INSUMO,ORSE,1821,"Porta em chapa de aço galvanizado a frio 24 MSG (0,60mm - 4,80kg/m2), raiada  larga",m2,"1,0000000","172,34","172,34",,,,,,,valor Junho/2024-1
HEAD3,,H,ESQUADRIAS,UFCA,H0010,"PORTA EM AÇO, EM CHAPA GALVANIZADA Nº24, RAIADA, DE ENROLAR",M2,SERV,SINAPI,88629,"ARGAMASSA TRAÇO 1:3 (EM VOLUME DE CIMENTO E AREIA MÉDIA ÚMIDA), PREPARO MANUAL. AF_08/2019",M3,"0,0160","685,88","10,97",,,,,,,valor Junho/2024-1
HEAD2,,H,ESQUADRIAS,UFCA,H0011,"PORTA EM ALUMÍNIO DE ABRIR TIPO VENEZIANA, FIXAÇÃO COM PARAFUSOS, EXCLUSIVE GUARNIÇÃO  - FORNECIMENTO E INSTALAÇÃO. AF_12/2019",M2,,,,,,,,,0,"15,26","394,27",0,0,"409,53","Com base na composição 91341/SINAPI, excluída a guarnição (ALIZAR)"
HEAD3,,H,ESQUADRIAS,UFCA,H0011,"PORTA EM ALUMÍNIO DE ABRIR TIPO VENEZIANA, FIXAÇÃO COM PARAFUSOS, EXCLUSIVE GUARNIÇÃO  - FORNECIMENTO E INSTALAÇÃO. AF_12/2019",M2,MOBRA,SINAPI,88309,PEDREIRO COM ENCARGOS COMPLEMENTARES,H,"0,3826","28,88","11,04",,,,,,,
HEAD3,,H,ESQUADRIAS,UFCA,H0011,"PORTA EM ALUMÍNIO DE ABRIR TIPO VENEZIANA, FIXAÇÃO COM PARAFUSOS, EXCLUSIVE GUARNIÇÃO  - FORNECIMENTO E INSTALAÇÃO. AF_12/2019",M2,MOBRA,SINAPI,88316,SERVENTE COM ENCARGOS COMPLEMENTARES,H,"0,1910","22,10","4,22",,,,,,,
HEAD3,,H,ESQUADRIAS,UFCA,H0011,"PORTA EM ALUMÍNIO DE ABRIR TIPO VENEZIANA, FIXAÇÃO COM PARAFUSOS, EXCLUSIVE GUARNIÇÃO  - FORNECIMENTO E INSTALAÇÃO. AF_12/2019",M2,INSUMO,SINAPI,39025,"PORTA DE ABRIR, TIPO VENEZIANA, EM ALUMINIO, ACABAMENTO ANODIZADO NATURAL, 90 CM X 210 CM (LARGURA X ALTURA), SEM GUARNICAO/ALIZAR/VISTA                                                                                                                                                                                                                                                                                                                                                                  ",UN,"0,5473","649,96","355,72",,,,,,,
HEAD3,,H,ESQUADRIAS,UFCA,H0011,"PORTA EM ALUMÍNIO DE ABRIR TIPO VENEZIANA, FIXAÇÃO COM PARAFUSOS, EXCLUSIVE GUARNIÇÃO  - FORNECIMENTO E INSTALAÇÃO. AF_12/2019",M2,INSUMO,SINAPI,142,SELANTE ELASTICO MONOCOMPONENTE A BASE DE POLIURETANO (PU) PARA JUNTAS DIVERSAS                                                                                                                                                                                                                                                                                                                                                                                                                           ,310ML,"0,8829","38,65","34,12",,,,,,,
HEAD3,,H,ESQUADRIAS,UFCA,H0011,"PORTA EM ALUMÍNIO DE ABRIR TIPO VENEZIANA, FIXAÇÃO COM PARAFUSOS, EXCLUSIVE GUARNIÇÃO  - FORNECIMENTO E INSTALAÇÃO. AF_12/2019",M2,INSUMO,SINAPI,7568,"BUCHA DE NYLON SEM ABA S10, COM PARAFUSO DE 6,10 X 65 MM EM ACO ZINCADO COM ROSCA SOBERBA, CABECA CHATA E FENDA PHILLIPS                                                                                                                                                                                                                                                                                                                                                                                  ",UN,"4,8166","0,92","4,43",,,,,,,
HEAD2,,H,ESQUADRIAS,UFCA,H0012,"PORTÃO DE METALON E BARRA CHATA DE FERRO C/FECHADURA E DOBRADIÇA, INCLUSIVE PINTURA ESMALTE SINTÉTICO",,,,,,,,,,0,"40,65","449,9",0,0,"490,55","Com base na composição 
91341/SINAPI, excluída a guarnição e incluído o trilho do ORSE"
HEAD3,,H,ESQUADRIAS,UFCA,H0012,"PORTÃO DE METALON E BARRA CHATA DE FERRO C/FECHADURA E DOBRADIÇA, INCLUSIVE PINTURA ESMALTE SINTÉTICO",M2,MOBRA,SINAPI,88309,PEDREIRO COM ENCARGOS COMPLEMENTARES,H,"0,3500","28,88","10,10",,,,,,,
HEAD3,,H,ESQUADRIAS,UFCA,H0012,"PORTÃO DE METALON E BARRA CHATA DE FERRO C/FECHADURA E DOBRADIÇA, INCLUSIVE PINTURA ESMALTE SINTÉTICO",M2,MOBRA,SINAPI,88316,SERVENTE COM ENCARGOS COMPLEMENTARES,H,"0,2500","22,10","5,52",,,,,,,
HEAD3,,H,ESQUADRIAS,UFCA,H0012,"PORTÃO DE METALON E BARRA CHATA DE FERRO C/FECHADURA E DOBRADIÇA, INCLUSIVE PINTURA ESMALTE SINTÉTICO",M2,MOBRA,SINAPI,88278,MONTADOR DE ESTRUTURA METÁLICA COM ENCARGOS COMPLEMENTARES,H,"1,0000","25,03","25,03",,,,,,,
HEAD3,,H,ESQUADRIAS,UFCA,H0012,"PORTÃO DE METALON E BARRA CHATA DE FERRO C/FECHADURA E DOBRADIÇA, INCLUSIVE PINTURA ESMALTE SINTÉTICO",M2,INSUMO,SINAPI,367,"AREIA GROSSA - POSTO JAZIDA/FORNECEDOR (RETIRADO NA JAZIDA, SEM TRANSPORTE)                                                                                                                                                                                                                                                                                                                                                                                                                               ",M3,"0,0010","131,69","0,13",,,,,,,
HEAD3,,H,ESQUADRIAS,UFCA,H0012,"PORTÃO DE METALON E BARRA CHATA DE FERRO C/FECHADURA E DOBRADIÇA, INCLUSIVE PINTURA ESMALTE SINTÉTICO",M2,INSUMO,SINAPI,1379,CIMENTO PORTLAND COMPOSTO CP II-32                                                                                                                                                                                                                                                                                                                                                                                                                                                                        ,KG,"0,1500","0,74","0,11",,,,,,,
HEAD3,,H,ESQUADRIAS,UFCA,H0012,"PORTÃO DE METALON E BARRA CHATA DE FERRO C/FECHADURA E DOBRADIÇA, INCLUSIVE PINTURA ESMALTE SINTÉTICO",M2,INSUMO,SEINFRA,I6727,"PORTÃO EM METALON E BARRA CHATA DE FERRO C/FECHADURA E DOBRADIÇAS, INCLUS. PINTURA ESMALTE SINTÉTICO (=1M2)",UN,"1,0000","449,66","449,66",,,,,,,
HEAD2,,H,ESQUADRIAS,UFCA,H0013,"PORTA RADIOLÓGICA EM MAD/MAD DE LEI, P/PINTURA, DIM: 0,92X2,12M, LAMINADO DE CHUMBO EMBUTIDO, E=2MM, DOBRADIÇAS REFORÇADAS, FECHADURA AUTOBLOCANTE, MARCA AROUCA, REF.: 108449/40-Z-ZCE OU SIMILAR, MAÇANETA TIPO ALAVANCA, INCLUSIVE BATENTES DE MADEIRA.",UN,,,,,,,,,0,"197,91","6371,04",0,0,"6568,95",Composição baseada no 12082/ORSE
HEAD3,,H,ESQUADRIAS,UFCA,H0013,"PORTA RADIOLÓGICA EM MAD/MAD DE LEI, P/PINTURA, DIM: 0,92X2,12M, LAMINADO DE CHUMBO EMBUTIDO, E=2MM, DOBRADIÇAS REFORÇADAS, FECHADURA AUTOBLOCANTE, MARCA AROUCA, REF.: 108449/40-Z-ZCE OU SIMILAR, MAÇANETA TIPO ALAVANCA, INCLUSIVE BATENTES DE MADEIRA.",UN,MOBRA,SINAPI,88261,CARPINTEIRO DE ESQUADRIA COM ENCARGOS COMPLEMENTARES,H,"3,9000","27,62","107,71",,,,,,,
HEAD3,,H,ESQUADRIAS,UFCA,H0013,"PORTA RADIOLÓGICA EM MAD/MAD DE LEI, P/PINTURA, DIM: 0,92X2,12M, LAMINADO DE CHUMBO EMBUTIDO, E=2MM, DOBRADIÇAS REFORÇADAS, FECHADURA AUTOBLOCANTE, MARCA AROUCA, REF.: 108449/40-Z-ZCE OU SIMILAR, MAÇANETA TIPO ALAVANCA, INCLUSIVE BATENTES DE MADEIRA.",UN,MOBRA,SINAPI,88239,AJUDANTE DE CARPINTEIRO COM ENCARGOS COMPLEMENTARES,H,"3,9000","23,13","90,20",,,,,,,
HEAD3,,H,ESQUADRIAS,UFCA,H0013,"PORTA RADIOLÓGICA EM MAD/MAD DE LEI, P/PINTURA, DIM: 0,92X2,12M, LAMINADO DE CHUMBO EMBUTIDO, E=2MM, DOBRADIÇAS REFORÇADAS, FECHADURA AUTOBLOCANTE, MARCA AROUCA, REF.: 108449/40-Z-ZCE OU SIMILAR, MAÇANETA TIPO ALAVANCA, INCLUSIVE BATENTES DE MADEIRA.",UN,INSUMO,ORSE,12919,"Porta radiológica em mad/mad de lei p/pintura, dim: 0,92x2,12m, laminado de c humbo embutido, e=2mm, dobradiças reforçadas aneladas de 3 1/2"" x 3"", fechadu ra tambor autoblocante, marca Arouca, ref.: 108449/40-Z-ZCE ou similar, maçan eta tipo alavanca",un,1,"6371,04","6371,04",,,,,,,valor Junho/2024-1
HEAD2,,H,ESQUADRIAS,UFCA,H0014,"PORTA DE MADEIRA, MACIÇA (PESADA OU SUPERPESADA), 2 FOLHAS, 180X210CM, ESPESSURA DE 4,5CM, CAIXÃO DE 14CM. ACABAMENTO EM LAMINADO MELAMÍNICO BRANCO. INCLUSO , ALIZAR - FORNECIMENTO E INSTALAÇÃO, EXCLUSIVE FECHADURA E DOBRADIÇAS",UN,,,,,,,,,0,"255,93","1585,91",0,"506,68","2348,52","Composição baseada na 100700/SINAPI com acréscimo de revestimento laminado, com base na composição C2216/SEINFRA (coeficientes multiplicados pela área revestida da porta de 8,2 m2), incluso composição ufca de batente com 2 jogos de alisar por metro linear (e retirada de composição de alisar). iNCLUSA mão de obra para instalação da dobradiça"
HEAD3,,H,ESQUADRIAS,UFCA,H0014,"PORTA DE MADEIRA, MACIÇA (PESADA OU SUPERPESADA), 2 FOLHAS, 180X210CM, ESPESSURA DE 4,5CM, CAIXÃO DE 14CM. ACABAMENTO EM LAMINADO MELAMÍNICO BRANCO. INCLUSO , ALIZAR - FORNECIMENTO E INSTALAÇÃO, EXCLUSIVE FECHADURA E DOBRADIÇAS",UN,SERV,SINAPI,88627,"ARGAMASSA TRAÇO 1:0,5:4,5 (EM VOLUME DE CIMENTO, CAL E AREIA MÉDIA ÚMIDA) PARA ASSENTAMENTO DE ALVENARIA, PREPARO MANUAL. AF_08/2019",M3,"0,0250","680,53","17,01",,,,,,,
HEAD3,,H,ESQUADRIAS,UFCA,H0014,"PORTA DE MADEIRA, MACIÇA (PESADA OU SUPERPESADA), 2 FOLHAS, 180X210CM, ESPESSURA DE 4,5CM, CAIXÃO DE 14CM. ACABAMENTO EM LAMINADO MELAMÍNICO BRANCO. INCLUSO , ALIZAR - FORNECIMENTO E INSTALAÇÃO, EXCLUSIVE FECHADURA E DOBRADIÇAS",UN,MOBRA,SINAPI,88261,CARPINTEIRO DE ESQUADRIA COM ENCARGOS COMPLEMENTARES,H,"3,4580","27,62","95,50",,,,,,,
HEAD3,,H,ESQUADRIAS,UFCA,H0014,"PORTA DE MADEIRA, MACIÇA (PESADA OU SUPERPESADA), 2 FOLHAS, 180X210CM, ESPESSURA DE 4,5CM, CAIXÃO DE 14CM. ACABAMENTO EM LAMINADO MELAMÍNICO BRANCO. INCLUSO , ALIZAR - FORNECIMENTO E INSTALAÇÃO, EXCLUSIVE FECHADURA E DOBRADIÇAS",UN,MOBRA,SINAPI,88239,AJUDANTE DE CARPINTEIRO COM ENCARGOS COMPLEMENTARES,H,"1,4760","23,13","34,13",,,,,,,
HEAD3,,H,ESQUADRIAS,UFCA,H0014,"PORTA DE MADEIRA, MACIÇA (PESADA OU SUPERPESADA), 2 FOLHAS, 180X210CM, ESPESSURA DE 4,5CM, CAIXÃO DE 14CM. ACABAMENTO EM LAMINADO MELAMÍNICO BRANCO. INCLUSO , ALIZAR - FORNECIMENTO E INSTALAÇÃO, EXCLUSIVE FECHADURA E DOBRADIÇAS",UN,MOBRA,SINAPI,88316,SERVENTE COM ENCARGOS COMPLEMENTARES,H,"3,9000","22,10","86,19",,,,,,,
HEAD3,,H,ESQUADRIAS,UFCA,H0014,"PORTA DE MADEIRA, MACIÇA (PESADA OU SUPERPESADA), 2 FOLHAS, 180X210CM, ESPESSURA DE 4,5CM, CAIXÃO DE 14CM. ACABAMENTO EM LAMINADO MELAMÍNICO BRANCO. INCLUSO , ALIZAR - FORNECIMENTO E INSTALAÇÃO, EXCLUSIVE FECHADURA E DOBRADIÇAS",UN,MOBRA,SINAPI,88309,PEDREIRO COM ENCARGOS COMPLEMENTARES,H,"1,3890","28,88","40,11",,,,,,,
HEAD3,,H,ESQUADRIAS,UFCA,H0014,"PORTA DE MADEIRA, MACIÇA (PESADA OU SUPERPESADA), 2 FOLHAS, 180X210CM, ESPESSURA DE 4,5CM, CAIXÃO DE 14CM. ACABAMENTO EM LAMINADO MELAMÍNICO BRANCO. INCLUSO , ALIZAR - FORNECIMENTO E INSTALAÇÃO, EXCLUSIVE FECHADURA E DOBRADIÇAS",UN,INSUMO,SINAPI,11055,"PARAFUSO ROSCA SOBERBA ZINCADO CABECA CHATA FENDA SIMPLES 3,5 X 25 MM (1 "")                                                                                                                                                                                                                                                                                                                                                                                                                               ",UN,"39,6000","0,06","2,37",,,,,,,
HEAD3,,H,ESQUADRIAS,UFCA,H0014,"PORTA DE MADEIRA, MACIÇA (PESADA OU SUPERPESADA), 2 FOLHAS, 180X210CM, ESPESSURA DE 4,5CM, CAIXÃO DE 14CM. ACABAMENTO EM LAMINADO MELAMÍNICO BRANCO. INCLUSO , ALIZAR - FORNECIMENTO E INSTALAÇÃO, EXCLUSIVE FECHADURA E DOBRADIÇAS",UN,INSUMO,SINAPI,20247,PREGO DE ACO POLIDO COM CABECA 15 X 15 (1 1/4 X 13)                                                                                                                                                                                                                                                                                                                                                                                                                                                       ,KG,"0,0315","15,25","0,48",,,,,,,
HEAD3,,H,ESQUADRIAS,UFCA,H0014,"PORTA DE MADEIRA, MACIÇA (PESADA OU SUPERPESADA), 2 FOLHAS, 180X210CM, ESPESSURA DE 4,5CM, CAIXÃO DE 14CM. ACABAMENTO EM LAMINADO MELAMÍNICO BRANCO. INCLUSO , ALIZAR - FORNECIMENTO E INSTALAÇÃO, EXCLUSIVE FECHADURA E DOBRADIÇAS",UN,INSUMO,SINAPI,39504,"PORTA DE MADEIRA, FOLHA PESADA (NBR 15930) DE 800 X 2100 MM, DE 40 MM A 45 MM DE ESPESSURA, NUCLEO SOLIDO, CAPA LISA EM HDF, ACABAMENTO EM PRIMER PARA PINTURA                                                                                                                                                                                                                                                                                                                                            ",UN,"2,0000","475,30","950,60",,,,,,,
HEAD3,,H,ESQUADRIAS,UFCA,H0014,"PORTA DE MADEIRA, MACIÇA (PESADA OU SUPERPESADA), 2 FOLHAS, 180X210CM, ESPESSURA DE 4,5CM, CAIXÃO DE 14CM. ACABAMENTO EM LAMINADO MELAMÍNICO BRANCO. INCLUSO , ALIZAR - FORNECIMENTO E INSTALAÇÃO, EXCLUSIVE FECHADURA E DOBRADIÇAS",UN,INSUMO,SINAPI,2433,"DOBRADICA EM ACO/FERRO, 3"" X 2 1/2"", E= 1,2 A 1,8 MM, SEM ANEL, CROMADO OU ZINCADO, TAMPA CHATA, COM PARAFUSOS                                                                                                                                                                                                                                                                                                                                                                                            ",UN,"6,0000","11,43","68,58",,,,,,,
HEAD3,,H,ESQUADRIAS,UFCA,H0014,"PORTA DE MADEIRA, MACIÇA (PESADA OU SUPERPESADA), 2 FOLHAS, 180X210CM, ESPESSURA DE 4,5CM, CAIXÃO DE 14CM. ACABAMENTO EM LAMINADO MELAMÍNICO BRANCO. INCLUSO , ALIZAR - FORNECIMENTO E INSTALAÇÃO, EXCLUSIVE FECHADURA E DOBRADIÇAS",UN,INSUMO,SINAPI,39027,PREGO DE ACO POLIDO COM CABECA 19  X 36 (3 1/4  X  9)                                                                                                                                                                                                                                                                                                                                                                                                                                                     ,KG,"0,2250","13,76","3,09",,,,,,,
HEAD3,,H,ESQUADRIAS,UFCA,H0014,"PORTA DE MADEIRA, MACIÇA (PESADA OU SUPERPESADA), 2 FOLHAS, 180X210CM, ESPESSURA DE 4,5CM, CAIXÃO DE 14CM. ACABAMENTO EM LAMINADO MELAMÍNICO BRANCO. INCLUSO , ALIZAR - FORNECIMENTO E INSTALAÇÃO, EXCLUSIVE FECHADURA E DOBRADIÇAS",UN,SERV,UFCA,H0016,"BATENTE EM MADEIRA DE LEI L = 0,14 M (CAIXÃO), PARA PORTAS MADEIRA, INCLUINDO 02 JOGOS DE ALIZAR",M,"6,2000","78,98","489,67",,,,,,,
HEAD3,,H,ESQUADRIAS,UFCA,H0014,"PORTA DE MADEIRA, MACIÇA (PESADA OU SUPERPESADA), 2 FOLHAS, 180X210CM, ESPESSURA DE 4,5CM, CAIXÃO DE 14CM. ACABAMENTO EM LAMINADO MELAMÍNICO BRANCO. INCLUSO , ALIZAR - FORNECIMENTO E INSTALAÇÃO, EXCLUSIVE FECHADURA E DOBRADIÇAS",UN,INSUMO,SEINFRA,I0815,COLA ESPECIAL DE NEOPRENE,KG,"7,3800","25,53","188,41",,,,,,,
HEAD3,,H,ESQUADRIAS,UFCA,H0014,"PORTA DE MADEIRA, MACIÇA (PESADA OU SUPERPESADA), 2 FOLHAS, 180X210CM, ESPESSURA DE 4,5CM, CAIXÃO DE 14CM. ACABAMENTO EM LAMINADO MELAMÍNICO BRANCO. INCLUSO , ALIZAR - FORNECIMENTO E INSTALAÇÃO, EXCLUSIVE FECHADURA E DOBRADIÇAS",UN,INSUMO,SEINFRA,I1342,"LAMINADO MELAMINICO,  ESP.=1MM",M2,"8,6100","43,25","372,38",,,,,,,
HEAD2,,H,ESQUADRIAS,UFCA,H0015,"DOBRADICA EM ACO/FERRO, 3 1/2"" X 3"", E= 1,9 A 2 MM, COM ANEL, CROMADO OU ZINCADO, TAMPA BOLA, COM PARAFUSOS                                                                                                                                                                                                                                                                                                                                                                                               ",UN,,,,,,,,,0,0,"33,74",0,0,"33,74",Dobradiça. Mão de obra já inclusa na composição da porta
HEAD3,,H,ESQUADRIAS,UFCA,H0015,"DOBRADICA EM ACO/FERRO, 3 1/2"" X 3"", E= 1,9 A 2 MM, COM ANEL, CROMADO OU ZINCADO, TAMPA BOLA, COM PARAFUSOS                                                                                                                                                                                                                                                                                                                                                                                               ",UN,INSUMO,SINAPI,2432,"DOBRADICA EM ACO/FERRO, 3 1/2"" X 3"", E= 1,9 A 2 MM, COM ANEL, CROMADO OU ZINCADO, TAMPA BOLA, COM PARAFUSOS                                                                                                                                                                                                                                                                                                                                                                                               ",UN,"1,0000","33,74","33,74",,,,,,,
HEAD2,,H,ESQUADRIAS,UFCA,H0016,"BATENTE EM MADEIRA DE LEI L = 0,14 M (CAIXÃO), PARA PORTAS MADEIRA, INCLUINDO 02 JOGOS DE ALIZAR",M,,,,,,,,,0,"22,57","55,47",0,"0,94","78,98",Composição com base na  1770/ORSE
HEAD3,,H,ESQUADRIAS,UFCA,H0016,"BATENTE EM MADEIRA DE LEI L = 0,14 M (CAIXÃO), PARA PORTAS MADEIRA, INCLUINDO 02 JOGOS DE ALIZAR",M,MOBRA,SINAPI,88261,CARPINTEIRO DE ESQUADRIA COM ENCARGOS COMPLEMENTARES,H,"0,2800","27,62","7,73",,,,,,,
HEAD3,,H,ESQUADRIAS,UFCA,H0016,"BATENTE EM MADEIRA DE LEI L = 0,14 M (CAIXÃO), PARA PORTAS MADEIRA, INCLUINDO 02 JOGOS DE ALIZAR",M,MOBRA,SINAPI,88309,PEDREIRO COM ENCARGOS COMPLEMENTARES,H,"0,3000","28,88","8,66",,,,,,,
HEAD3,,H,ESQUADRIAS,UFCA,H0016,"BATENTE EM MADEIRA DE LEI L = 0,14 M (CAIXÃO), PARA PORTAS MADEIRA, INCLUINDO 02 JOGOS DE ALIZAR",M,MOBRA,SINAPI,88316,SERVENTE COM ENCARGOS COMPLEMENTARES,H,"0,2800","22,10","6,18",,,,,,,
HEAD3,,H,ESQUADRIAS,UFCA,H0016,"BATENTE EM MADEIRA DE LEI L = 0,14 M (CAIXÃO), PARA PORTAS MADEIRA, INCLUINDO 02 JOGOS DE ALIZAR",M,INSUMO,ORSE,487,"Batente (caixão) em madeira de lei, l=14cm, completo, c/02 jogos de alizar",m,"1,1000","50,39","55,42",,,,,,,valor Junho/2024-1
HEAD3,,H,ESQUADRIAS,UFCA,H0016,"BATENTE EM MADEIRA DE LEI L = 0,14 M (CAIXÃO), PARA PORTAS MADEIRA, INCLUINDO 02 JOGOS DE ALIZAR",M,INSUMO,SINAPI,5075,PREGO DE ACO POLIDO COM CABECA 18 X 30 (2 3/4 X 10)                                                                                                                                                                                                                                                                                                                                                                                                                                                       ,KG,"0,0040","13,77","0,05",,,,,,,
HEAD3,,H,ESQUADRIAS,UFCA,H0016,"BATENTE EM MADEIRA DE LEI L = 0,14 M (CAIXÃO), PARA PORTAS MADEIRA, INCLUINDO 02 JOGOS DE ALIZAR",M,SERV,SINAPI,88628,"ARGAMASSA TRAÇO 1:3 (EM VOLUME DE CIMENTO E AREIA MÉDIA ÚMIDA), PREPARO MECÂNICO COM BETONEIRA 400 L. AF_08/2019",M3,"0,0016","590,88","0,94",,,,,,,
HEAD2,,H,ESQUADRIAS,UFCA,H0017,REVESTIMENTO C/LAMINADO MELAMÍNICO COLADO,M2,,,,,,,,,0,"8,94","68,38",0,0,"77,32"," 
Elaborado com base na composição C2216/SEINFRA com mão de obra  SINAPI."
HEAD3,,H,ESQUADRIAS,UFCA,H0017,REVESTIMENTO C/LAMINADO MELAMÍNICO COLADO,M2,MOBRA,SINAPI,88261,CARPINTEIRO DE ESQUADRIA COM ENCARGOS COMPLEMENTARES,H,"0,1800","27,62","4,97",,,,,,,
HEAD3,,H,ESQUADRIAS,UFCA,H0017,REVESTIMENTO C/LAMINADO MELAMÍNICO COLADO,M2,MOBRA,SINAPI,88316,SERVENTE COM ENCARGOS COMPLEMENTARES,H,"0,1800","22,10","3,97",,,,,,,
HEAD3,,H,ESQUADRIAS,UFCA,H0017,REVESTIMENTO C/LAMINADO MELAMÍNICO COLADO,M2,INSUMO,SEINFRA,I1342,"LAMINADO MELAMINICO,  ESP.=1MM",M2,"1,0500","43,25","45,41",,,,,,,
HEAD3,,H,ESQUADRIAS,UFCA,H0017,REVESTIMENTO C/LAMINADO MELAMÍNICO COLADO,M2,INSUMO,SEINFRA,I0815,COLA ESPECIAL DE NEOPRENE,KG,"0,9000","25,53","22,97",,,,,,,
HEAD2,,H,ESQUADRIAS,UFCA,H0018,"PEITORIL GRANITO CINZA POLIDO, ESPESSURA 2CM, ASSENTADO COM ARGAMASSA 1:6 COM ADITIVO",M2,,,,,,,,,0,"19,78","305,08",0,"0,99","325,85",Composição com base nos coeficientes da 08228/ORSE
HEAD3,,H,ESQUADRIAS,UFCA,H0018,"PEITORIL GRANITO CINZA POLIDO, ESPESSURA 2CM, ASSENTADO COM ARGAMASSA 1:6 COM ADITIVO",M2,MOBRA,SINAPI,88274,MARMORISTA/GRANITEIRO COM ENCARGOS COMPLEMENTARES,H,"0,7000","28,27","19,78",,,,,,,
HEAD3,,H,ESQUADRIAS,UFCA,H0018,"PEITORIL GRANITO CINZA POLIDO, ESPESSURA 2CM, ASSENTADO COM ARGAMASSA 1:6 COM ADITIVO",M2,SERV,SINAPI,87283,"ARGAMASSA TRAÇO 1:6 (EM VOLUME DE CIMENTO E AREIA MÉDIA ÚMIDA) COM ADIÇÃO DE PLASTIFICANTE PARA EMBOÇO/MASSA ÚNICA/ASSENTAMENTO DE ALVENARIA DE VEDAÇÃO, PREPARO MECÂNICO COM BETONEIRA 400 L. AF_08/2019",M3,"0,0020","496,56","0,99",,,,,,,
HEAD3,,H,ESQUADRIAS,UFCA,H0018,"PEITORIL GRANITO CINZA POLIDO, ESPESSURA 2CM, ASSENTADO COM ARGAMASSA 1:6 COM ADITIVO",M2,INSUMO,SINAPI,10841,"PISO EM GRANITO, POLIDO, TIPO ANDORINHA/ QUARTZ/ CASTELO/ CORUMBA OU OUTROS EQUIVALENTES DA REGIAO, FORMATO MENOR OU IGUAL A 3025 CM2, E= *2* CM                                                                                                                                                                                                                                                                                                                                                          ",M2,"1,0500","290,56","305,08",,,,,,,
HEAD2,,H,ESQUADRIAS,UFCA,H0023,"GUARDA-CORPO DE AÇO GALVANIZADO DE 1,10M COM MONTANTES A CADA 1M, COM ESPERA CHUMBADA EM PISO DURANTE A CONCRETAGEM",M,,,,,,,,,0,"144,29","175,25",0,0,"319,54","Coeficiente de mão de obra elaborado com base na composição SEINFRA C2423. Custos da SINAPI.

Insumos da SINAPI. Calculado para 1m²

Coeficiente de de solda da SEINFRA, do item citado."
HEAD3,,H,ESQUADRIAS,UFCA,H0023,"GUARDA-CORPO DE AÇO GALVANIZADO DE 1,10M COM MONTANTES A CADA 1M, COM ESPERA CHUMBADA EM PISO DURANTE A CONCRETAGEM",M,MOBRA,SINAPI,88251,AUXILIAR DE SERRALHEIRO COM ENCARGOS COMPLEMENTARES,H,"2,4818","23,22","57,62",,,,,,,
HEAD3,,H,ESQUADRIAS,UFCA,H0023,"GUARDA-CORPO DE AÇO GALVANIZADO DE 1,10M COM MONTANTES A CADA 1M, COM ESPERA CHUMBADA EM PISO DURANTE A CONCRETAGEM",M,MOBRA,SINAPI,88315,SERRALHEIRO COM ENCARGOS COMPLEMENTARES,H,"3,0241","28,66","86,67",,,,,,,
HEAD3,,H,ESQUADRIAS,UFCA,H0023,"GUARDA-CORPO DE AÇO GALVANIZADO DE 1,10M COM MONTANTES A CADA 1M, COM ESPERA CHUMBADA EM PISO DURANTE A CONCRETAGEM",M,INSUMO,SINAPI,11002,"ELETRODO REVESTIDO AWS - E6013, DIAMETRO IGUAL A 2,50 MM                                                                                                                                                                                                                                                                                                                                                                                                                                                  ",KG,"0,0128","42,76","0,54",,,,,,,
HEAD3,,H,ESQUADRIAS,UFCA,H0023,"GUARDA-CORPO DE AÇO GALVANIZADO DE 1,10M COM MONTANTES A CADA 1M, COM ESPERA CHUMBADA EM PISO DURANTE A CONCRETAGEM",M,INSUMO,SINAPI,21012,"TUBO ACO GALVANIZADO COM COSTURA, CLASSE LEVE, DN 40 MM (1 1/2""), E = 3,00 MM, *3,48* KG/M (NBR 5580)                                                                                                                                                                                                                                                                                                                                                                                                     ",M,"3,1900","54,77","174,71",,,,,,,
HEAD2,,H,ESQUADRIAS,UFCA,H0024,"GRADIL DE  TELA 5 X 5 CM, COM MOLDURA EM CANTONEIRA E BARRA CHATA, SEM PINTURA",M2,,,,,,,,,0,"41,49","84,94",0,0,"126,43","Coeficiente de mão de obra elaborado com base na composição SEINFRA C2423. Custos da SINAPI.

Insumos da SINAPI. Calculado para 1m²

Coeficiente de de solda da SEINFRA, do item citado."
HEAD3,,H,ESQUADRIAS,UFCA,H0024,"GRADIL DE  TELA 5 X 5 CM, COM MOLDURA EM CANTONEIRA E BARRA CHATA, SEM PINTURA",M2,MOBRA,SINAPI,88251,AUXILIAR DE SERRALHEIRO COM ENCARGOS COMPLEMENTARES,H,"0,8000","23,22","18,57",,,,,,,
HEAD3,,H,ESQUADRIAS,UFCA,H0024,"GRADIL DE  TELA 5 X 5 CM, COM MOLDURA EM CANTONEIRA E BARRA CHATA, SEM PINTURA",M2,MOBRA,SINAPI,88315,SERRALHEIRO COM ENCARGOS COMPLEMENTARES,H,"0,8000","28,66","22,92",,,,,,,
HEAD3,,H,ESQUADRIAS,UFCA,H0024,"GRADIL DE  TELA 5 X 5 CM, COM MOLDURA EM CANTONEIRA E BARRA CHATA, SEM PINTURA",M2,INSUMO,SINAPI,7164,"TELA DE ARAME ONDULADA, FIO *2,77* MM (12 BWG), MALHA 5 X 5 CM, H = 2 M                                                                                                                                                                                                                                                                                                                                                                                                                                   ",M2,"1,0000000","41,80","41,80",,,,,,,
HEAD3,,H,ESQUADRIAS,UFCA,H0024,"GRADIL DE  TELA 5 X 5 CM, COM MOLDURA EM CANTONEIRA E BARRA CHATA, SEM PINTURA",M2,INSUMO,SINAPI,567,"CANTONEIRA (ABAS IGUAIS) EM ACO CARBONO, 25,4 MM X 3,17 MM (L X E), 1,27KG/M                                                                                                                                                                                                                                                                                                                                                                                                                              ",M,"0,0160","12,33","0,19",,,,,,,
HEAD3,,H,ESQUADRIAS,UFCA,H0024,"GRADIL DE  TELA 5 X 5 CM, COM MOLDURA EM CANTONEIRA E BARRA CHATA, SEM PINTURA",M2,INSUMO,SINAPI,11002,"ELETRODO REVESTIDO AWS - E6013, DIAMETRO IGUAL A 2,50 MM                                                                                                                                                                                                                                                                                                                                                                                                                                                  ",KG,"1,0000000","42,76","42,76",,,,,,,
HEAD3,,H,ESQUADRIAS,UFCA,H0024,"GRADIL DE  TELA 5 X 5 CM, COM MOLDURA EM CANTONEIRA E BARRA CHATA, SEM PINTURA",M2,INSUMO,SINAPI,555,"BARRA DE ACO CHATO, RETANGULAR, 25,4 MM X 6,35 MM (L X E), 1,2265 KG/M                                                                                                                                                                                                                                                                                                                                                                                                                                    ",M,"0,0160","11,92","0,19",,,,,,,
HEAD2,,H,ESQUADRIAS,UFCA,H0025,"PORTA DE METALON COM DOBRADIÇA, FERROLHO E CADEADO",M2,,,,,,,,,0,"50,98","302,32",0,0,"353,3","Coeficiente de mão de obra elaborado com base na composição SEINFRA C2423. Custos da SINAPI.

Insumos da SINAPI. Calculado para 1m²

Coeficiente de de solda da SEINFRA, do item citado."
HEAD3,,H,ESQUADRIAS,UFCA,H0025,"PORTA DE METALON COM DOBRADIÇA, FERROLHO E CADEADO",M2,MOBRA,SINAPI,88309,PEDREIRO COM ENCARGOS COMPLEMENTARES,H,"1,0000","28,88","28,88",,,,,,,
HEAD3,,H,ESQUADRIAS,UFCA,H0025,"PORTA DE METALON COM DOBRADIÇA, FERROLHO E CADEADO",M2,MOBRA,SINAPI,88316,SERVENTE COM ENCARGOS COMPLEMENTARES,H,"1,0000","22,10","22,10",,,,,,,
HEAD3,,H,ESQUADRIAS,UFCA,H0025,"PORTA DE METALON COM DOBRADIÇA, FERROLHO E CADEADO",M2,INSUMO,SINAPI,367,"AREIA GROSSA - POSTO JAZIDA/FORNECEDOR (RETIRADO NA JAZIDA, SEM TRANSPORTE)                                                                                                                                                                                                                                                                                                                                                                                                                               ",M3,"0,0010","131,69","0,13",,,,,,,
HEAD3,,H,ESQUADRIAS,UFCA,H0025,"PORTA DE METALON COM DOBRADIÇA, FERROLHO E CADEADO",M2,INSUMO,SINAPI,1379,CIMENTO PORTLAND COMPOSTO CP II-32                                                                                                                                                                                                                                                                                                                                                                                                                                                                        ,KG,"0,1500","0,74","0,11",,,,,,,
HEAD3,,H,ESQUADRIAS,UFCA,H0025,"PORTA DE METALON COM DOBRADIÇA, FERROLHO E CADEADO",M2,INSUMO,ORSE,4406,Grade em metalon,m2,"1,0000","254,87","254,87",,,,,,,valor Junho/2024-1
HEAD3,,H,ESQUADRIAS,UFCA,H0025,"PORTA DE METALON COM DOBRADIÇA, FERROLHO E CADEADO",M2,INSUMO,SINAPI,2433,"DOBRADICA EM ACO/FERRO, 3"" X 2 1/2"", E= 1,2 A 1,8 MM, SEM ANEL, CROMADO OU ZINCADO, TAMPA CHATA, COM PARAFUSOS                                                                                                                                                                                                                                                                                                                                                                                            ",UN,"1,5900","11,43","18,17",,,,,,,
HEAD3,,H,ESQUADRIAS,UFCA,H0025,"PORTA DE METALON COM DOBRADIÇA, FERROLHO E CADEADO",M2,INSUMO,SINAPI,3106,"FERROLHO COM FECHO CHATO E PORTA CADEADO, EM ACO GALVANIZADO / ZINCADO, DE SOBREPOR, COM COMPRIMENTO DE 6"", CHAPA COM ESPESSURA MINIMA DE 1,70 MM E LARGURA /MINIMA DE 5,00 CM (FECHO REFORCADO) (INCLUI PARAFUSOS)                                                                                                                                                                                                                                                                                       ",UN,"0,5900","16,91","9,97",,,,,,,
HEAD3,,H,ESQUADRIAS,UFCA,H0025,"PORTA DE METALON COM DOBRADIÇA, FERROLHO E CADEADO",M2,INSUMO,SINAPI,5085,"CADEADO SIMPLES, CORPO EM LATAO MACICO, COM LARGURA DE 35 MM E ALTURA DE APROX 30 MM, HASTE CEMENTADA (NAO LONGA), EM ACO TEMPERADO COM DIAMETRO DE APROX 6,0 MM, INCLUINDO 2 CHAVES                                                                                                                                                                                                                                                                                                                      ",UN,"0,5900","32,33","19,07",,,,,,,
HEAD2,,H,ESQUADRIAS,UFCA,H0026,"ESCADA MARINHEIRO EM BARRA CHATA DE FERRO 2"" X 5/16""",M,,,,,,,,,0,"222,43","183,49",0,0,"405,92",Elaborada com base na composição 02642/ORSE
HEAD3,,H,ESQUADRIAS,UFCA,H0026,"ESCADA MARINHEIRO EM BARRA CHATA DE FERRO 2"" X 5/16""",M,MOBRA,SINAPI,88315,SERRALHEIRO COM ENCARGOS COMPLEMENTARES,H,"3,0000","28,66","85,98",,,,,,,
HEAD3,,H,ESQUADRIAS,UFCA,H0026,"ESCADA MARINHEIRO EM BARRA CHATA DE FERRO 2"" X 5/16""",M,MOBRA,SINAPI,88309,PEDREIRO COM ENCARGOS COMPLEMENTARES,H,"0,5000","28,88","14,44",,,,,,,
HEAD3,,H,ESQUADRIAS,UFCA,H0026,"ESCADA MARINHEIRO EM BARRA CHATA DE FERRO 2"" X 5/16""",M,MOBRA,SINAPI,88316,SERVENTE COM ENCARGOS COMPLEMENTARES,H,"1,5000","22,10","33,15",,,,,,,
HEAD3,,H,ESQUADRIAS,UFCA,H0026,"ESCADA MARINHEIRO EM BARRA CHATA DE FERRO 2"" X 5/16""",M,MOBRA,SINAPI,88317,SOLDADOR COM ENCARGOS COMPLEMENTARES,H,"3,0000","29,62","88,86",,,,,,,
HEAD3,,H,ESQUADRIAS,UFCA,H0026,"ESCADA MARINHEIRO EM BARRA CHATA DE FERRO 2"" X 5/16""",M,INSUMO,ORSE,262,"Barra quadrada de ferro 3/4"" (2,85 kg/m)",m,"2,2000","30,92","68,02",,,,,,,valor Junho/2024-1
HEAD3,,H,ESQUADRIAS,UFCA,H0026,"ESCADA MARINHEIRO EM BARRA CHATA DE FERRO 2"" X 5/16""",M,INSUMO,SINAPI,560,"BARRA DE ACO CHATO, RETANGULAR, 50,8 MM X 7,94 MM (L X E), 3,162 KG/M                                                                                                                                                                                                                                                                                                                                                                                                                                     ",M,"3,0000","31,07","93,21",,,,,,,
HEAD3,,H,ESQUADRIAS,UFCA,H0026,"ESCADA MARINHEIRO EM BARRA CHATA DE FERRO 2"" X 5/16""",M,INSUMO,SINAPI,10997,"ELETRODO REVESTIDO AWS - E7018, DIAMETRO IGUAL A 4,00 MM                                                                                                                                                                                                                                                                                                                                                                                                                                                  ",KG,"0,5000","44,53","22,26",,,,,,,
HEAD2,,H,ESQUADRIAS,UFCA,H0027,"GUARDA-CORPO PARA ESCADA MARINHEIRO, COM 05 (CINCO) BARRAS CHATAS VERTICAIS 1 1/4"" X 3/16"" E ARCO A CADA 30CM DE 1 1/4"" X 3/16"", FIXADA COM PARABOLT - FORNECIMENTO E INSTALAÇÃO",M,,,,,,,,,0,0,"110,98",0,0,"110,98",Elaborada com base na composição 11499/ORSE
HEAD3,,H,ESQUADRIAS,UFCA,H0027,"GUARDA-CORPO PARA ESCADA MARINHEIRO, COM 05 (CINCO) BARRAS CHATAS VERTICAIS 1 1/4"" X 3/16"" E ARCO A CADA 30CM DE 1 1/4"" X 3/16"", FIXADA COM PARABOLT - FORNECIMENTO E INSTALAÇÃO",M,INSUMO,ORSE,12437,"Guarda-corpo para escada marinheiro, com 05 (cinco) barras chatas verticais 1 1/4"" x 3/16"" e arco a cada 30cm de 1 1/4"" x 3/16"", fixada com parabolt, insta lado",m,"1,0000","110,98","110,98",,,,,,,valor Junho/2024-1
HEAD2,,H,ESQUADRIAS,UFCA,H0028,"VISOR PLUMBÍFERO COM MOLDURA, ESP=80MM (NACIONAL)",M2,,,,,,,,,0,"65,42",6875,0,"2,05","6942,47",Elaborada com base na composição 04894/ORSE
HEAD3,,H,ESQUADRIAS,UFCA,H0028,"VISOR PLUMBÍFERO COM MOLDURA, ESP=80MM (NACIONAL)",M2,MOBRA,SINAPI,88309,PEDREIRO COM ENCARGOS COMPLEMENTARES,H,"1,5000","28,88","43,32",,,,,,,
HEAD3,,H,ESQUADRIAS,UFCA,H0028,"VISOR PLUMBÍFERO COM MOLDURA, ESP=80MM (NACIONAL)",M2,MOBRA,SINAPI,88316,SERVENTE COM ENCARGOS COMPLEMENTARES,H,"1,0000","22,10","22,10",,,,,,,
HEAD3,,H,ESQUADRIAS,UFCA,H0028,"VISOR PLUMBÍFERO COM MOLDURA, ESP=80MM (NACIONAL)",M2,INSUMO,ORSE,4702,"Visor plumbífero com moldura, com esp=80mm, nacional",m2,"1,0000",6875,"6875,00",,,,,,,valor Janeiro/2024-1
HEAD3,,H,ESQUADRIAS,UFCA,H0028,"VISOR PLUMBÍFERO COM MOLDURA, ESP=80MM (NACIONAL)",M2,SERV,SINAPI,88629,"ARGAMASSA TRAÇO 1:3 (EM VOLUME DE CIMENTO E AREIA MÉDIA ÚMIDA), PREPARO MANUAL. AF_08/2019",M3,"0,0030","685,88","2,05",,,,,,,
HEAD2,,H,ESQUADRIAS,UFCA,H0029,VISOR COM VIDRO LISO INCOLOR E=4mm E MOLDURA DE MADEIRA REVESTIDA COM LAMINADO MELAMÍNICO,M2,,,,,,,,,0,"102,2","226,73",0,0,"328,93","Elaborada com base na composição 
C2680/SEINFRA, com vidro temperado substituído por vidro comum 4mm. Adicionado alizar para o visor e revestimento em chapa laminada"
HEAD3,,H,ESQUADRIAS,UFCA,H0029,VISOR COM VIDRO LISO INCOLOR E=4mm E MOLDURA DE MADEIRA REVESTIDA COM LAMINADO MELAMÍNICOA,M2,MOBRA,SINAPI,88261,CARPINTEIRO DE ESQUADRIA COM ENCARGOS COMPLEMENTARES,H,"2,5000","27,62","69,05",,,,,,,
HEAD3,,H,ESQUADRIAS,UFCA,H0029,VISOR COM VIDRO LISO INCOLOR E=4mm E MOLDURA DE MADEIRA REVESTIDA COM LAMINADO MELAMÍNICOA,M2,MOBRA,SINAPI,88316,SERVENTE COM ENCARGOS COMPLEMENTARES,H,"1,5000","22,10","33,15",,,,,,,
HEAD3,,H,ESQUADRIAS,UFCA,H0029,VISOR COM VIDRO LISO INCOLOR E=4mm E MOLDURA DE MADEIRA REVESTIDA COM LAMINADO MELAMÍNICOA,M2,INSUMO,SINAPI,20017,"GUARNICAO / ALIZAR / VISTA LISA EM MADEIRA MACICA, PARA PORTA, E = *1* CM, L = *5* CM, CEDRINHO / ANGELIM COMERCIAL / TAURI/ CURUPIXA / PEROBA / CUMARU OU EQUIVALENTE DA REGIAO                                                                                                                                                                                                                                                                                                                          ",M,"4,0000","7,26","29,04",,,,,,,
HEAD3,,H,ESQUADRIAS,UFCA,H0029,VISOR COM VIDRO LISO INCOLOR E=4mm E MOLDURA DE MADEIRA REVESTIDA COM LAMINADO MELAMÍNICOA,M2,INSUMO,SINAPI,10498,MASSA PARA VIDRO                                                                                                                                                                                                                                                                                                                                                                                                                                                                                          ,KG,"1,5000","10,82","16,23",,,,,,,
HEAD3,,H,ESQUADRIAS,UFCA,H0029,VISOR COM VIDRO LISO INCOLOR E=4mm E MOLDURA DE MADEIRA REVESTIDA COM LAMINADO MELAMÍNICOA,M2,INSUMO,SINAPI,10492,VIDRO LISO INCOLOR 4MM - SEM COLOCACAO                                                                                                                                                                                                                                                                                                                                                                                                                                                                    ,M2,"1,0000","170,00","170,00",,,,,,,
HEAD3,,H,ESQUADRIAS,UFCA,H0029,VISOR COM VIDRO LISO INCOLOR E=4mm E MOLDURA DE MADEIRA REVESTIDA COM LAMINADO MELAMÍNICOA,M2,INSUMO,SINAPI,1338,"CHAPA DE LAMINADO MELAMINICO, LISO BRILHANTE, DE 1,25 X 3,08 METROS, ESPESSURA = 0,8 MILIMETROS                                                                                                                                                                                                                                                                                                                                                                                                           ",M2,"0,2100","49,65","10,42",,,,,,,
HEAD3,,H,ESQUADRIAS,UFCA,H0029,VISOR COM VIDRO LISO INCOLOR E=4mm E MOLDURA DE MADEIRA REVESTIDA COM LAMINADO MELAMÍNICOA,M2,INSUMO,SINAPI,1339,COLA A BASE DE RESINA SINTETICA PARA CHAPA DE LAMINADO MELAMINICO E OUTROS                                                                                                                                                                                                                                                                                                                                                                                                                                ,KG,"0,0210","49,78","1,04",,,,,,,
HEAD2,,H,ESQUADRIAS,UFCA,H0050,PRENDEDOR METÁLICO PARA PORTA,UN,,,,,,,,,0,"9,25","37,4",0,0,"46,65","Composição com base na SEINFRA C2031 .
Prendedor conforme insumo do sinapi.
Parafuso conforme base SEINFRA C2031."
HEAD3,,H,ESQUADRIAS,UFCA,H0050,PRENDEDOR METÁLICO PARA PORTA,UN,MOBRA,SINAPI,88239,AJUDANTE DE CARPINTEIRO COM ENCARGOS COMPLEMENTARES,H,"0,4000","23,13","9,25",,,,,,,
HEAD3,,H,ESQUADRIAS,UFCA,H0050,PRENDEDOR METÁLICO PARA PORTA,UN,INSUMO,SEINFRA,I1566,PARAFUSO - 8MM COM BUCHA PLASTICA,UN,"4,0000","0,9","3,60",,,,,,,
HEAD3,,H,ESQUADRIAS,UFCA,H0050,PRENDEDOR METÁLICO PARA PORTA,UN,INSUMO,SINAPI,11572,"TRAVA / PRENDEDOR DE PORTA, EM LATAO CROMADO, MONTADO EM PISO                                                                                                                                                                                                                                                                                                                                                                                                                                             ",UN,"1,0000","33,80","33,80",,,,,,,valor Junho/2024-1
HEAD2,,H,ESQUADRIAS,UFCA,H0052,"TELA PENEIRA EM AÇO GALVANIZADO, MALHA 8, FIO 26 E ESQUADRO EM MADEIRA",M2,,,,,,,,,0,"40,49","246,93",0,0,"287,42","Elaborada com base na composição 09571/ORSE (TELA MOSQUITEIRO GALVANIZADA, MALHA 14, FIO 30). Custos de mão de obra do SINAPI.
Insumo foi substituído por 04438/ORSE"
HEAD3,,H,ESQUADRIAS,UFCA,H0052,"TELA PENEIRA EM AÇO GALVANIZADO, MALHA 8, FIO 26 E ESQUADRO EM MADEIRA",M2,MOBRA,SINAPI,88262,CARPINTEIRO DE FORMAS COM ENCARGOS COMPLEMENTARES,H,"0,8000","28,52","22,81",,,,,,,
HEAD3,,H,ESQUADRIAS,UFCA,H0052,"TELA PENEIRA EM AÇO GALVANIZADO, MALHA 8, FIO 26 E ESQUADRO EM MADEIRA",M2,MOBRA,SINAPI,88316,SERVENTE COM ENCARGOS COMPLEMENTARES,H,"0,8000","22,10","17,68",,,,,,,
HEAD3,,H,ESQUADRIAS,UFCA,H0052,"TELA PENEIRA EM AÇO GALVANIZADO, MALHA 8, FIO 26 E ESQUADRO EM MADEIRA",M2,INSUMO,SINAPI,4512,"SARRAFO *2,5 X 5* CM EM PINUS, MISTA OU EQUIVALENTE DA REGIAO - BRUTA                                                                                                                                                                                                                                                                                                                                                                                                                                     ",M,"4,0000","2,68","10,72",,,,,,,
HEAD3,,H,ESQUADRIAS,UFCA,H0052,"TELA PENEIRA EM AÇO GALVANIZADO, MALHA 8, FIO 26 E ESQUADRO EM MADEIRA",M2,INSUMO,SINAPI,7568,"BUCHA DE NYLON SEM ABA S10, COM PARAFUSO DE 6,10 X 65 MM EM ACO ZINCADO COM ROSCA SOBERBA, CABECA CHATA E FENDA PHILLIPS                                                                                                                                                                                                                                                                                                                                                                                  ",UN,"8,0000","0,92","7,36",,,,,,,
HEAD3,,H,ESQUADRIAS,UFCA,H0052,"TELA PENEIRA EM AÇO GALVANIZADO, MALHA 8, FIO 26 E ESQUADRO EM MADEIRA",M2,INSUMO,ORSE,4438,Tela peneira fio 26mm malha 8mm,m2,"1,0500","217,96","228,85",,,,,,,valor Junho/2024-1
HEAD2,,H,ESQUADRIAS,UFCA,H0053,"BARRA DE APOIO, RETA, FIXA, EM AÇO INOX, L=40CM, D=1 1/4”, JACKWAL OU SIMILAR",UN,,,,,,,,,0,"8,66","104,9",0,0,"113,56",
HEAD3,,H,ESQUADRIAS,UFCA,H0053,"BARRA DE APOIO, RETA, FIXA, EM AÇO INOX, L=40CM, D=1 1/4”, JACKWAL OU SIMILAR",UN,MOBRA,SINAPI,88309,PEDREIRO COM ENCARGOS COMPLEMENTARES,H,"0,3000","28,88","8,66",,,,,,,
HEAD3,,H,ESQUADRIAS,UFCA,H0053,"BARRA DE APOIO, RETA, FIXA, EM AÇO INOX, L=40CM, D=1 1/4”, JACKWAL OU SIMILAR",UN,INSUMO,ORSE,2062,"Barra de apoio, reta, fixa, em aço inox, l=40cm, d=1 1/4"" - Jackwal ou simila r",un,"1,0000","104,9","104,90",,,,,,,
HEAD2,,H,ESQUADRIAS,UFCA,H0054,FERROLHO PARA PORTAS DAS CABINES DOS BANHEIROS,UN,,,,,,,,,0,"35,33","2,87",0,0,"38,2","Com base na composição 
100705/SINAPI"
HEAD3,,H,ESQUADRIAS,UFCA,H0054,FERROLHO PARA PORTAS DAS CABINES DOS BANHEIROS,UN,MOBRA,SINAPI,88316,SERVENTE COM ENCARGOS COMPLEMENTARES,H,"0,4570","22,10","10,09",,,,,,,
HEAD3,,H,ESQUADRIAS,UFCA,H0054,FERROLHO PARA PORTAS DAS CABINES DOS BANHEIROS,UN,MOBRA,SINAPI,88261,CARPINTEIRO DE ESQUADRIA COM ENCARGOS COMPLEMENTARES,H,"0,9140","27,62","25,24",,,,,,,
HEAD3,,H,ESQUADRIAS,UFCA,H0054,FERROLHO PARA PORTAS DAS CABINES DOS BANHEIROS,UN,INSUMO,SINAPI,3119,"FERROLHO COM FECHO / TRINCO REDONDO, EM ACO GALVANIZADO / ZINCADO, DE SOBREPOR, COM COMPRIMENTO DE 2"" E ESPESSURA MINIMA DA CHAPA DE 0,90 MM, PARA PORTAS E JANELAS                                                                                                                                                                                                                                                                                                                                       ",UN,"1,0000","2,87","2,87",,,,,,,
HEAD2,,H,ESQUADRIAS,UFCA,H0055,ALÇAPÃO EM CHAPA DE AÇO 70X70 CM,UN,,,,,,,,,0,44,"143,64",0,0,"187,64","Com base na 01845/ORSE Alçapão em chapa de aço e = 3/16"""
HEAD3,,H,ESQUADRIAS,UFCA,H0055,ALÇAPÃO EM CHAPA DE AÇO 70X70 CM,UN,MOBRA,SINAPI,88309,PEDREIRO COM ENCARGOS COMPLEMENTARES,H,"0,4900","28,88","14,15",,,,,,,
HEAD3,,H,ESQUADRIAS,UFCA,H0055,ALÇAPÃO EM CHAPA DE AÇO 70X70 CM,UN,MOBRA,SINAPI,88316,SERVENTE COM ENCARGOS COMPLEMENTARES,H,"0,3136","22,10","6,93",,,,,,,
HEAD3,,H,ESQUADRIAS,UFCA,H0055,ALÇAPÃO EM CHAPA DE AÇO 70X70 CM,UN,MOBRA,SINAPI,88315,SERRALHEIRO COM ENCARGOS COMPLEMENTARES,H,"0,8000","28,66","22,92",,,,,,,
HEAD3,,H,ESQUADRIAS,UFCA,H0055,ALÇAPÃO EM CHAPA DE AÇO 70X70 CM,UN,INSUMO,SINAPI,11026,"CHAPA DE ACO GALVANIZADA BITOLA GSG 14, E = 1,95 MM (15,60 KG/M2)                                                                                                                                                                                                                                                                                                                                                                                                                                         ",KG,"7,6440","11,16","85,30",,,,,,,
HEAD3,,H,ESQUADRIAS,UFCA,H0055,ALÇAPÃO EM CHAPA DE AÇO 70X70 CM,UN,INSUMO,SINAPI,567,"CANTONEIRA (ABAS IGUAIS) EM ACO CARBONO, 25,4 MM X 3,17 MM (L X E), 1,27KG/M                                                                                                                                                                                                                                                                                                                                                                                                                              ",M,"2,8000","12,33","34,52",,,,,,,
HEAD3,,H,ESQUADRIAS,UFCA,H0055,ALÇAPÃO EM CHAPA DE AÇO 70X70 CM,UN,INSUMO,SINAPI,11002,"ELETRODO REVESTIDO AWS - E6013, DIAMETRO IGUAL A 2,50 MM                                                                                                                                                                                                                                                                                                                                                                                                                                                  ",KG,"0,4900","42,76","20,95",,,,,,,
HEAD3,,H,ESQUADRIAS,UFCA,H0055,ALÇAPÃO EM CHAPA DE AÇO 70X70 CM,UN,INSUMO,SINAPI,3119,"FERROLHO COM FECHO / TRINCO REDONDO, EM ACO GALVANIZADO / ZINCADO, DE SOBREPOR, COM COMPRIMENTO DE 2"" E ESPESSURA MINIMA DA CHAPA DE 0,90 MM, PARA PORTAS E JANELAS                                                                                                                                                                                                                                                                                                                                       ",UN,"1,0000","2,87","2,87",,,,,,,
HEAD2,,H,ESQUADRIAS,UFCA,H0056,"BARRA ANTIPANICO SIMPLES, COM FECHADURA LADO OPOSTO, COR CINZA                                                                                                                                                                                                                                                                                                                                                                                                                                            ",UN,,,,,,,,,0,"38,74","774,04",0,0,"812,78",Com base na 91305
HEAD3,,H,ESQUADRIAS,UFCA,H0056,"BARRA ANTIPANICO SIMPLES, COM FECHADURA LADO OPOSTO, COR CINZA                                                                                                                                                                                                                                                                                                                                                                                                                                            ",UN,MOBRA,SINAPI,88261,CARPINTEIRO DE ESQUADRIA COM ENCARGOS COMPLEMENTARES,H,"1,0020000","27,62","27,67",,,,,,,
HEAD3,,H,ESQUADRIAS,UFCA,H0056,"BARRA ANTIPANICO SIMPLES, COM FECHADURA LADO OPOSTO, COR CINZA                                                                                                                                                                                                                                                                                                                                                                                                                                            ",UN,MOBRA,SINAPI,88316,SERVENTE COM ENCARGOS COMPLEMENTARES,H,"0,5010","22,10","11,07",,,,,,,
HEAD3,,H,ESQUADRIAS,UFCA,H0056,"BARRA ANTIPANICO SIMPLES, COM FECHADURA LADO OPOSTO, COR CINZA                                                                                                                                                                                                                                                                                                                                                                                                                                            ",UN,INSUMO,SINAPI,39620,"BARRA ANTIPANICO SIMPLES, COM FECHADURA LADO OPOSTO, COR CINZA                                                                                                                                                                                                                                                                                                                                                                                                                                            ",UN,"1,0000","774,04","774,04",,,,,,,
HEAD2,,H,ESQUADRIAS,UFCA,H0057,"BARRA ANTIPANICO DUPLA, CEGA EM LADO OPOSTO, COR CINZA                                                                                                                                                                                                                                                                                                                                                                                                                                                    ",UN,,,,,,,,,0,"38,74","1136,97",0,0,"1175,71",Com base na 91305
HEAD3,,H,ESQUADRIAS,UFCA,H0057,"BARRA ANTIPANICO DUPLA, CEGA EM LADO OPOSTO, COR CINZA                                                                                                                                                                                                                                                                                                                                                                                                                                                    ",UN,MOBRA,SINAPI,88261,CARPINTEIRO DE ESQUADRIA COM ENCARGOS COMPLEMENTARES,H,"1,0020000","27,62","27,67",,,,,,,
HEAD3,,H,ESQUADRIAS,UFCA,H0057,"BARRA ANTIPANICO DUPLA, CEGA EM LADO OPOSTO, COR CINZA                                                                                                                                                                                                                                                                                                                                                                                                                                                    ",UN,MOBRA,SINAPI,88316,SERVENTE COM ENCARGOS COMPLEMENTARES,H,"0,5010","22,10","11,07",,,,,,,
HEAD3,,H,ESQUADRIAS,UFCA,H0057,"BARRA ANTIPANICO DUPLA, CEGA EM LADO OPOSTO, COR CINZA                                                                                                                                                                                                                                                                                                                                                                                                                                                    ",UN,INSUMO,SINAPI,39621,"BARRA ANTIPANICO DUPLA, CEGA EM LADO OPOSTO, COR CINZA                                                                                                                                                                                                                                                                                                                                                                                                                                                    ",PAR,"1,0000","1.136,97","1136,97",,,,,,,
HEAD2,,H,ESQUADRIAS,UFCA,H0058,"PORTA EM ALUMÍNIO DE CORRER TIPO VENEZIANA, INCLUSIVE DOBRADIÇAS, PERFIS, ROLDANA E FECHADURA",M2,,,,,,,,,0,"15,26","318,55",0,0,"333,81","Com base na composição 91341/SINAPI, excluída a guarnição (ALIZAR)"
HEAD3,,H,ESQUADRIAS,UFCA,H0058,"PORTA EM ALUMÍNIO DE CORRER TIPO VENEZIANA, INCLUSIVE DOBRADIÇAS, PERFIS, ROLDANA E FECHADURA",M2,MOBRA,SINAPI,88309,PEDREIRO COM ENCARGOS COMPLEMENTARES,H,"0,3826","28,88","11,04",,,,,,,
HEAD3,,H,ESQUADRIAS,UFCA,H0058,"PORTA EM ALUMÍNIO DE CORRER TIPO VENEZIANA, INCLUSIVE DOBRADIÇAS, PERFIS, ROLDANA E FECHADURA",M2,MOBRA,SINAPI,88316,SERVENTE COM ENCARGOS COMPLEMENTARES,H,"0,1910","22,10","4,22",,,,,,,
HEAD3,,H,ESQUADRIAS,UFCA,H0058,"PORTA EM ALUMÍNIO DE CORRER TIPO VENEZIANA, INCLUSIVE DOBRADIÇAS, PERFIS, ROLDANA E FECHADURA",M2,INSUMO,ORSE,12806,"Portão ou porta em alumínio, cor N/P/B, com pefis em lambril, em búzio quadra do ou ambos, de correr ou abrir, completo inclusive dobradiças, ou perfis e r oldana,  e fechadura",m2,"1,0000",280,"280,00",,,,,,,
HEAD3,,H,ESQUADRIAS,UFCA,H0058,"PORTA EM ALUMÍNIO DE CORRER TIPO VENEZIANA, INCLUSIVE DOBRADIÇAS, PERFIS, ROLDANA E FECHADURA",M2,INSUMO,SINAPI,142,SELANTE ELASTICO MONOCOMPONENTE A BASE DE POLIURETANO (PU) PARA JUNTAS DIVERSAS                                                                                                                                                                                                                                                                                                                                                                                                                           ,310ML,"0,8829","38,65","34,12",,,,,,,
HEAD3,,H,ESQUADRIAS,UFCA,H0058,"PORTA EM ALUMÍNIO DE CORRER TIPO VENEZIANA, INCLUSIVE DOBRADIÇAS, PERFIS, ROLDANA E FECHADURA",M2,INSUMO,SINAPI,7568,"BUCHA DE NYLON SEM ABA S10, COM PARAFUSO DE 6,10 X 65 MM EM ACO ZINCADO COM ROSCA SOBERBA, CABECA CHATA E FENDA PHILLIPS                                                                                                                                                                                                                                                                                                                                                                                  ",UN,"4,8166","0,92","4,43",,,,,,,
HEAD1,,I,COBERTURA,UFCA,,,,,,,,,,,,,,,,,,
HEAD2,,I,COBERTURA,UFCA,i0001,"TELHAMENTO COM TELHA METÁLICA TERMOISOLANTE REVESTIDA EM ACO GALVALUME, FACE SUPERIOR TRAPEZOIDAL, NÚCLEO EM POLIISOCIANURATO (PIR), E = 50 MM, COM ATÉ 2 ÁGUAS, INCLUSO IÇAMENTO, ACESSÓRIOS E FIXAÇÃO",M2,,,,,,,,,0,"2,95","208,98",0,"0,05","211,98",Composição com base no item SINAPI  94216
,,I,COBERTURA,UFCA,i0001,"TELHAMENTO COM TELHA METÁLICA TERMOISOLANTE REVESTIDA EM ACO GALVALUME, FACE SUPERIOR TRAPEZOIDAL, NÚCLEO EM POLIISOCIANURATO (PIR), E = 50 MM, COM ATÉ 2 ÁGUAS, INCLUSO IÇAMENTO, ACESSÓRIOS E FIXAÇÃO",M2,MOBRA,SINAPI,88323,TELHADISTA COM ENCARGOS COMPLEMENTARES,H,"0,0560","28,26","1,58",,,,,,,
,,I,COBERTURA,UFCA,i0001,"TELHAMENTO COM TELHA METÁLICA TERMOISOLANTE REVESTIDA EM ACO GALVALUME, FACE SUPERIOR TRAPEZOIDAL, NÚCLEO EM POLIISOCIANURATO (PIR), E = 50 MM, COM ATÉ 2 ÁGUAS, INCLUSO IÇAMENTO, ACESSÓRIOS E FIXAÇÃO",M2,MOBRA,SINAPI,88316,SERVENTE COM ENCARGOS COMPLEMENTARES,H,"0,0620","22,10","1,37",,,,,,,
,,I,COBERTURA,UFCA,i0001,"TELHAMENTO COM TELHA METÁLICA TERMOISOLANTE REVESTIDA EM ACO GALVALUME, FACE SUPERIOR TRAPEZOIDAL, NÚCLEO EM POLIISOCIANURATO (PIR), E = 50 MM, COM ATÉ 2 ÁGUAS, INCLUSO IÇAMENTO, ACESSÓRIOS E FIXAÇÃO",M2,INSUMO,SINAPI,11029,"HASTE RETA PARA GANCHO DE FERRO GALVANIZADO, COM ROSCA 1/4"" X 30 CM PARA FIXACAO DE TELHA METALICA, INCLUI PORCA E ARRUELAS DE VEDACAO                                                                                                                                                                                                                                                                                                                                                                    ",CJ,"4,1500","1,46","6,05",,,,,,,
,,I,COBERTURA,UFCA,i0001,"TELHAMENTO COM TELHA METÁLICA TERMOISOLANTE REVESTIDA EM ACO GALVALUME, FACE SUPERIOR TRAPEZOIDAL, NÚCLEO EM POLIISOCIANURATO (PIR), E = 50 MM, COM ATÉ 2 ÁGUAS, INCLUSO IÇAMENTO, ACESSÓRIOS E FIXAÇÃO",M2,INSUMO,SINAPI,43071,"TELHA TERMOISOLANTE REVESTIDA EM ACO GALVALUME, FACE SUPERIOR TRAPEZOIDAL E FACE INFERIOR PLANA (NAO INCLUI ACESSORIOS DE FIXACAO), REVEST COM ESPESSURA DE 0,50 MM, COM PRE-PINTURA DE COR BRANCA NAS DUAS FACES, NUCLEO EM POLIISOCIANURATO (PIR) COM ESPESSURA DE 50 MM                                                                                                                                                                                                                                ",M2,"1,1460","177,08","202,93",,,,,,,
,,I,COBERTURA,UFCA,i0001,"TELHAMENTO COM TELHA METÁLICA TERMOISOLANTE REVESTIDA EM ACO GALVALUME, FACE SUPERIOR TRAPEZOIDAL, NÚCLEO EM POLIISOCIANURATO (PIR), E = 50 MM, COM ATÉ 2 ÁGUAS, INCLUSO IÇAMENTO, ACESSÓRIOS E FIXAÇÃO",M2,SERV,SINAPI,93281,"GUINCHO ELÉTRICO DE COLUNA, CAPACIDADE 400 KG, COM MOTO FREIO, MOTOR TRIFÁSICO DE 1,25 CV - CHP DIURNO. AF_03/2016",CHP,"0,0009","28,85","0,02",,,,,,,
,,I,COBERTURA,UFCA,i0001,"TELHAMENTO COM TELHA METÁLICA TERMOISOLANTE REVESTIDA EM ACO GALVALUME, FACE SUPERIOR TRAPEZOIDAL, NÚCLEO EM POLIISOCIANURATO (PIR), E = 50 MM, COM ATÉ 2 ÁGUAS, INCLUSO IÇAMENTO, ACESSÓRIOS E FIXAÇÃO",M2,SERV,SINAPI,93282,"GUINCHO ELÉTRICO DE COLUNA, CAPACIDADE 400 KG, COM MOTO FREIO, MOTOR TRIFÁSICO DE 1,25 CV - CHI DIURNO. AF_03/2016",CHI,"0,0012","27,55","0,03",,,,,,,
HEAD1,,J,INSTALAÇÕES ELÉTRICAS,UFCA,,,,,,,,,,,,,,,,,,
HEAD2,,J,INSTALAÇÕES ELÉTRICAS,UFCA,J0001,"CONDULETE EM PVC, TIPO ""C"", SEM TAMPA, DE 3/4"" - FORNECIMENTO E INSTALAÇÃO",UN,,,,,,,,,0,"12,67","8,41",0,0,"21,08",
HEAD3,,J,INSTALAÇÕES ELÉTRICAS,UFCA,J0001,"CONDULETE EM PVC, TIPO ""C"", SEM TAMPA, DE 3/4"" - FORNECIMENTO E INSTALAÇÃO",UN,MOBRA,SINAPI,88247,AUXILIAR DE ELETRICISTA COM ENCARGOS COMPLEMENTARES,H,"0,2397","23,65","5,66",,,,,,,
HEAD3,,J,INSTALAÇÕES ELÉTRICAS,UFCA,J0001,"CONDULETE EM PVC, TIPO ""C"", SEM TAMPA, DE 3/4"" - FORNECIMENTO E INSTALAÇÃO",UN,MOBRA,SINAPI,88264,ELETRICISTA COM ENCARGOS COMPLEMENTARES,H,"0,2397","29,25","7,01",,,,,,,
HEAD3,,J,INSTALAÇÕES ELÉTRICAS,UFCA,J0001,"CONDULETE EM PVC, TIPO ""C"", SEM TAMPA, DE 3/4"" - FORNECIMENTO E INSTALAÇÃO",UN,INSUMO,SINAPI,39331,"CONDULETE EM PVC, TIPO ""C"", SEM TAMPA, DE 3/4""                                                                                                                                                                                                                                                                                                                                                                                                                                                            ",UN,"1,0000","8,41","8,41",,,,,,,
HEAD2,,J,INSTALAÇÕES ELÉTRICAS,UFCA,J0002,"INSTALAÇÃO DE CABO DE COBRE FLEXÍVEL 2,5 MM², ANTI-CHAMA 450/750 V - SEM FORNECIMENTO",M,,,,,,,,,0,"1,52","0,03",0,0,"1,55",
HEAD3,,J,INSTALAÇÕES ELÉTRICAS,UFCA,J0002,"INSTALAÇÃO DE CABO DE COBRE FLEXÍVEL 2,5 MM², ANTI-CHAMA 450/750 V - SEM FORNECIMENTO",M,MOBRA,SINAPI,88247,AUXILIAR DE ELETRICISTA COM ENCARGOS COMPLEMENTARES,H,"0,029","23,65","0,68",,,,,,,
HEAD3,,J,INSTALAÇÕES ELÉTRICAS,UFCA,J0002,"INSTALAÇÃO DE CABO DE COBRE FLEXÍVEL 2,5 MM², ANTI-CHAMA 450/750 V - SEM FORNECIMENTO",M,MOBRA,SINAPI,88264,ELETRICISTA COM ENCARGOS COMPLEMENTARES,H,"0,029","29,25","0,84",,,,,,,
HEAD3,,J,INSTALAÇÕES ELÉTRICAS,UFCA,J0002,"INSTALAÇÃO DE CABO DE COBRE FLEXÍVEL 2,5 MM², ANTI-CHAMA 450/750 V - SEM FORNECIMENTO",M,INSUMO,SINAPI,21127,"FITA ISOLANTE ADESIVA ANTICHAMA, USO ATE 750 V, EM ROLO DE 19 MM X 5 M                                                                                                                                                                                                                                                                                                                                                                                                                                    ",UN,"0,0094","3,69","0,03",,,,,,,
HEAD2,,J,INSTALAÇÕES ELÉTRICAS,UFCA,J0003,"ELETRODUTO RÍGIDO ROSCÁVEL, PVC, DN 50 MM (1.1/2""), INSTALADO EM FORRO - FORNECIMENTO E INSTALAÇÃO",M,,,,,,,,,0,"10,15","11,87",0,0,"22,02",
HEAD3,,J,INSTALAÇÕES ELÉTRICAS,UFCA,J0003,"ELETRODUTO RÍGIDO ROSCÁVEL, PVC, DN 50 MM (1.1/2""), INSTALADO EM FORRO - FORNECIMENTO E INSTALAÇÃO",M,MOBRA,SINAPI,88247,AUXILIAR DE ELETRICISTA COM ENCARGOS COMPLEMENTARES,H,"0,1920","23,65","4,54",,,,,,,
HEAD3,,J,INSTALAÇÕES ELÉTRICAS,UFCA,J0003,"ELETRODUTO RÍGIDO ROSCÁVEL, PVC, DN 50 MM (1.1/2""), INSTALADO EM FORRO - FORNECIMENTO E INSTALAÇÃO",M,MOBRA,SINAPI,88264,ELETRICISTA COM ENCARGOS COMPLEMENTARES,H,"0,1920","29,25","5,61",,,,,,,
HEAD3,,J,INSTALAÇÕES ELÉTRICAS,UFCA,J0003,"ELETRODUTO RÍGIDO ROSCÁVEL, PVC, DN 50 MM (1.1/2""), INSTALADO EM FORRO - FORNECIMENTO E INSTALAÇÃO",M,INSUMO,SINAPI,2680,"ELETRODUTO DE PVC RIGIDO ROSCAVEL DE 1 1/2 "", SEM LUVA                                                                                                                                                                                                                                                                                                                                                                                                                                                    ",M,"1,000","11,87","11,87",,,,,,,
HEAD2,,J,INSTALAÇÕES ELÉTRICAS,UFCA,J0004,"LUVA PARAELETRODUTO RÍGIDO ROSCÁVEL, PVC, DN 50 MM (1.1/2""), INSTALADO EM FORRO - FORNECIMENTO E INSTALAÇÃO",UN,,,,,,,,,0,"11,65","3,06",0,0,"14,71",
HEAD3,,J,INSTALAÇÕES ELÉTRICAS,UFCA,J0004,"LUVA PARA ELETRODUTO RÍGIDO ROSCÁVEL, PVC, DN 50 MM (1.1/2""), INSTALADO EM FORRO - FORNECIMENTO E INSTALAÇÃO",UN,MOBRA,SINAPI,88247,AUXILIAR DE ELETRICISTA COM ENCARGOS COMPLEMENTARES,H,"0,2204","23,65","5,21",,,,,,,
HEAD3,,J,INSTALAÇÕES ELÉTRICAS,UFCA,J0004,"LUVA PARA ELETRODUTO RÍGIDO ROSCÁVEL, PVC, DN 50 MM (1.1/2""), INSTALADO EM FORRO - FORNECIMENTO E INSTALAÇÃO",UN,MOBRA,SINAPI,88264,ELETRICISTA COM ENCARGOS COMPLEMENTARES,H,"0,2204","29,25","6,44",,,,,,,
HEAD3,,J,INSTALAÇÕES ELÉTRICAS,UFCA,J0004,"LUVA PARA ELETRODUTO RÍGIDO ROSCÁVEL, PVC, DN 50 MM (1.1/2""), INSTALADO EM FORRO - FORNECIMENTO E INSTALAÇÃO",UN,INSUMO,SINAPI,1893,"LUVA EM PVC RIGIDO ROSCAVEL, DE 1 1/2"", PARA ELETRODUTO                                                                                                                                                                                                                                                                                                                                                                                                                                                   ",UN,"1,000","3,06","3,06",,,,,,,
HEAD2,,J,INSTALAÇÕES ELÉTRICAS,UFCA,J0005,"SUPORTE TIRANTE PARA ELETROCALHA 50X50MM COM CANTONEIRA ZZ, VERGALHÃO, PORCAS, ARRUELAS E PARABOLTS - FORRNECIMENTO E INSTALAÇÃO",UN,,,,,,,,,0,"25,67","18,25",0,0,"43,92",
HEAD3,,J,INSTALAÇÕES ELÉTRICAS,UFCA,J0005,"SUPORTE TIRANTE PARA ELETROCALHA 50X50MM COM CANTONEIRA ZZ, VERGALHÃO, PORCAS, ARRUELAS E PARABOLTS - FORRNECIMENTO E INSTALAÇÃO",UN,MOBRA,SINAPI,88316,SERVENTE COM ENCARGOS COMPLEMENTARES,H,"0,5000","22,10","11,05",,,,,,,
HEAD3,,J,INSTALAÇÕES ELÉTRICAS,UFCA,J0005,"SUPORTE TIRANTE PARA ELETROCALHA 50X50MM COM CANTONEIRA ZZ, VERGALHÃO, PORCAS, ARRUELAS E PARABOLTS - FORRNECIMENTO E INSTALAÇÃO",UN,MOBRA,SINAPI,88264,ELETRICISTA COM ENCARGOS COMPLEMENTARES,H,"0,5000","29,25","14,62",,,,,,,
HEAD3,,J,INSTALAÇÕES ELÉTRICAS,UFCA,J0005,"SUPORTE TIRANTE PARA ELETROCALHA 50X50MM COM CANTONEIRA ZZ, VERGALHÃO, PORCAS, ARRUELAS E PARABOLTS - FORRNECIMENTO E INSTALAÇÃO",UN,INSUMO,ORSE,4112,Suporte vertical 50 x 50mm para fixação de eletrocalha metálica (ref. Mopa ou similar),un,"1,000","3,75","3,75",,,,,,,
HEAD3,,J,INSTALAÇÕES ELÉTRICAS,UFCA,J0005,"SUPORTE TIRANTE PARA ELETROCALHA 50X50MM COM CANTONEIRA ZZ, VERGALHÃO, PORCAS, ARRUELAS E PARABOLTS - FORRNECIMENTO E INSTALAÇÃO",UN,INSUMO,SINAPI,39996,"VERGALHAO ZINCADO ROSCA TOTAL, 1/4"" (6,3 MM)                                                                                                                                                                                                                                                                                                                                                                                                                                                              ",M,"0,4670","4,53","2,11",,,,,,,
HEAD3,,J,INSTALAÇÕES ELÉTRICAS,UFCA,J0005,"SUPORTE TIRANTE PARA ELETROCALHA 50X50MM COM CANTONEIRA ZZ, VERGALHÃO, PORCAS, ARRUELAS E PARABOLTS - FORRNECIMENTO E INSTALAÇÃO",UN,INSUMO,SINAPI,39997,"PORCA ZINCADA, SEXTAVADA, DIAMETRO 1/4""                                                                                                                                                                                                                                                                                                                                                                                                                                                                   ",UN,"2,0000","0,35","0,70",,,,,,,
HEAD3,,J,INSTALAÇÕES ELÉTRICAS,UFCA,J0005,"SUPORTE TIRANTE PARA ELETROCALHA 50X50MM COM CANTONEIRA ZZ, VERGALHÃO, PORCAS, ARRUELAS E PARABOLTS - FORRNECIMENTO E INSTALAÇÃO",UN,INSUMO,SINAPI,11267,"ARRUELA LISA, REDONDA, DE LATAO POLIDO, DIAMETRO NOMINAL 5/8"", DIAMETRO EXTERNO = 34 MM, DIAMETRO DO FURO = 17 MM, ESPESSURA = *2,5* MM                                                                                                                                                                                                                                                                                                                                                                   ",UN,"4,0000","1,43","5,72",,,,,,,
HEAD3,,J,INSTALAÇÕES ELÉTRICAS,UFCA,J0005,"SUPORTE TIRANTE PARA ELETROCALHA 50X50MM COM CANTONEIRA ZZ, VERGALHÃO, PORCAS, ARRUELAS E PARABOLTS - FORRNECIMENTO E INSTALAÇÃO",UN,INSUMO,ORSE,3631,"Cantoneira ""ZZ"" para fixação de  perfilado, ref. Mopa ou similar",un,"1,000","3,15","3,15",,,,,,,
HEAD3,,J,INSTALAÇÕES ELÉTRICAS,UFCA,J0005,"SUPORTE TIRANTE PARA ELETROCALHA 50X50MM COM CANTONEIRA ZZ, VERGALHÃO, PORCAS, ARRUELAS E PARABOLTS - FORRNECIMENTO E INSTALAÇÃO",UN,INSUMO,SINAPI,11976,"CHUMBADOR DE ACO ZINCADO, DIAMETRO 1/4"" COM PARAFUSO 1/4"" X 40 MM                                                                                                                                                                                                                                                                                                                                                                                                                                         ",UN,"2,000","1,41","2,82",,,,,,,
HEAD2,,J,INSTALAÇÕES ELÉTRICAS,UFCA,J0006,RETIRADA DE DISJUNTOR MONOFÁSICO NEMA DE 10A - SEM REAPROVEITAMENTO ,UN,,,,,,,,,0,"5,36",0,0,0,"5,36",
HEAD3,,J,INSTALAÇÕES ELÉTRICAS,UFCA,J0006,RETIRADA DE DISJUNTOR MONOFÁSICO NEMA DE 10A - SEM REAPROVEITAMENTO ,UN,MOBRA,SINAPI,88247,AUXILIAR DE ELETRICISTA COM ENCARGOS COMPLEMENTARES,H,"0,1015","23,65","2,40",,,,,,,
HEAD3,,J,INSTALAÇÕES ELÉTRICAS,UFCA,J0006,RETIRADA DE DISJUNTOR MONOFÁSICO NEMA DE 10A - SEM REAPROVEITAMENTO ,UN,MOBRA,SINAPI,88264,ELETRICISTA COM ENCARGOS COMPLEMENTARES,H,"0,1015","29,25","2,96",,,,,,,
HEAD2,,J,INSTALAÇÕES ELÉTRICAS,UFCA,J0007,ELETROCALHA PERFURADA 100X100MM - FORNECIMENTO E INSTALAÇÃO,M,,,,,,,,,0,"63,48","28,38",0,0,"91,86",
HEAD3,,J,INSTALAÇÕES ELÉTRICAS,UFCA,J0007,ELETROCALHA PERFURADA 100X100MM - FORNECIMENTO E INSTALAÇÃO,M,MOBRA,SINAPI,88247,AUXILIAR DE ELETRICISTA COM ENCARGOS COMPLEMENTARES,H,"1,2000","23,65","28,38",,,,,,,
HEAD3,,J,INSTALAÇÕES ELÉTRICAS,UFCA,J0007,ELETROCALHA PERFURADA 100X100MM - FORNECIMENTO E INSTALAÇÃO,M,MOBRA,SINAPI,88264,ELETRICISTA COM ENCARGOS COMPLEMENTARES,H,"1,2000","29,25","35,10",,,,,,,
HEAD3,,J,INSTALAÇÕES ELÉTRICAS,UFCA,J0007,ELETROCALHA PERFURADA 100X100MM - FORNECIMENTO E INSTALAÇÃO,M,INSUMO,SEINFRA,I1044,DUTO PERFURADO-ELETROCALHA CHAPA DE AÇO (100X100)MM,M,"1,0000","28,38","28,38",,,,,,,
HEAD2,,J,INSTALAÇÕES ELÉTRICAS,UFCA,J0008,"SUPORTE TIRANTE PARA ELETROCALHA 100X100MM COM CANTONEIRA ZZ, VERGALHÃO, PORCAS, ARRUELAS E PARABOLTS - FORRNECIMENTO E INSTALAÇÃO",UN,,,,,,,,,0,"25,67",20,0,0,"45,67",
HEAD3,,J,INSTALAÇÕES ELÉTRICAS,UFCA,J0008,"SUPORTE TIRANTE PARA ELETROCALHA 100X100MM COM CANTONEIRA ZZ, VERGALHÃO, PORCAS, ARRUELAS E PARABOLTS - FORRNECIMENTO E INSTALAÇÃO",UN,MOBRA,SINAPI,88316,SERVENTE COM ENCARGOS COMPLEMENTARES,H,"0,5000","22,10","11,05",,,,,,,
HEAD3,,J,INSTALAÇÕES ELÉTRICAS,UFCA,J0008,"SUPORTE TIRANTE PARA ELETROCALHA 100X100MM COM CANTONEIRA ZZ, VERGALHÃO, PORCAS, ARRUELAS E PARABOLTS - FORRNECIMENTO E INSTALAÇÃO",UN,MOBRA,SINAPI,88264,ELETRICISTA COM ENCARGOS COMPLEMENTARES,H,"0,5000","29,25","14,62",,,,,,,
HEAD3,,J,INSTALAÇÕES ELÉTRICAS,UFCA,J0008,"SUPORTE TIRANTE PARA ELETROCALHA 100X100MM COM CANTONEIRA ZZ, VERGALHÃO, PORCAS, ARRUELAS E PARABOLTS - FORRNECIMENTO E INSTALAÇÃO",UN,INSUMO,ORSE,3638,Suporte vertical  100 x 100 mm  para fixação de eletrocalha metálica ( ref.:  Mopa ou similar),un,"1,000","5,5","5,50",,,,,,,
HEAD3,,J,INSTALAÇÕES ELÉTRICAS,UFCA,J0008,"SUPORTE TIRANTE PARA ELETROCALHA 100X100MM COM CANTONEIRA ZZ, VERGALHÃO, PORCAS, ARRUELAS E PARABOLTS - FORRNECIMENTO E INSTALAÇÃO",UN,INSUMO,SINAPI,39996,"VERGALHAO ZINCADO ROSCA TOTAL, 1/4"" (6,3 MM)                                                                                                                                                                                                                                                                                                                                                                                                                                                              ",M,"0,4670","4,53","2,11",,,,,,,
HEAD3,,J,INSTALAÇÕES ELÉTRICAS,UFCA,J0008,"SUPORTE TIRANTE PARA ELETROCALHA 100X100MM COM CANTONEIRA ZZ, VERGALHÃO, PORCAS, ARRUELAS E PARABOLTS - FORRNECIMENTO E INSTALAÇÃO",UN,INSUMO,SINAPI,39997,"PORCA ZINCADA, SEXTAVADA, DIAMETRO 1/4""                                                                                                                                                                                                                                                                                                                                                                                                                                                                   ",UN,"2,0000","0,35","0,70",,,,,,,
HEAD3,,J,INSTALAÇÕES ELÉTRICAS,UFCA,J0008,"SUPORTE TIRANTE PARA ELETROCALHA 100X100MM COM CANTONEIRA ZZ, VERGALHÃO, PORCAS, ARRUELAS E PARABOLTS - FORRNECIMENTO E INSTALAÇÃO",UN,INSUMO,SINAPI,11267,"ARRUELA LISA, REDONDA, DE LATAO POLIDO, DIAMETRO NOMINAL 5/8"", DIAMETRO EXTERNO = 34 MM, DIAMETRO DO FURO = 17 MM, ESPESSURA = *2,5* MM                                                                                                                                                                                                                                                                                                                                                                   ",UN,"4,0000","1,43","5,72",,,,,,,
HEAD3,,J,INSTALAÇÕES ELÉTRICAS,UFCA,J0008,"SUPORTE TIRANTE PARA ELETROCALHA 100X100MM COM CANTONEIRA ZZ, VERGALHÃO, PORCAS, ARRUELAS E PARABOLTS - FORRNECIMENTO E INSTALAÇÃO",UN,INSUMO,ORSE,3631,"Cantoneira ""ZZ"" para fixação de  perfilado, ref. Mopa ou similar",un,"1,000","3,15","3,15",,,,,,,
HEAD3,,J,INSTALAÇÕES ELÉTRICAS,UFCA,J0008,"SUPORTE TIRANTE PARA ELETROCALHA 100X100MM COM CANTONEIRA ZZ, VERGALHÃO, PORCAS, ARRUELAS E PARABOLTS - FORRNECIMENTO E INSTALAÇÃO",UN,INSUMO,SINAPI,11976,"CHUMBADOR DE ACO ZINCADO, DIAMETRO 1/4"" COM PARAFUSO 1/4"" X 40 MM                                                                                                                                                                                                                                                                                                                                                                                                                                         ",UN,"2,000","1,41","2,82",,,,,,,
HEAD2,,J,INSTALAÇÕES ELÉTRICAS,UFCA,J0009,EMENDA INTERNA PARA ELETROCALHA PERFURADA 100X100MM - FORNECIMENTO E INSTALAÇÃO,UN,,,,,,,,,0,"10,27","15,61",0,0,"25,88",
HEAD3,,J,INSTALAÇÕES ELÉTRICAS,UFCA,J0009,EMENDA INTERNA PARA ELETROCALHA PERFURADA 100X100MM - FORNECIMENTO E INSTALAÇÃO,UN,MOBRA,SINAPI,88316,SERVENTE COM ENCARGOS COMPLEMENTARES,H,"0,2000","22,10","4,42",,,,,,,
HEAD3,,J,INSTALAÇÕES ELÉTRICAS,UFCA,J0009,EMENDA INTERNA PARA ELETROCALHA PERFURADA 100X100MM - FORNECIMENTO E INSTALAÇÃO,UN,MOBRA,SINAPI,88264,ELETRICISTA COM ENCARGOS COMPLEMENTARES,H,"0,2000","29,25","5,85",,,,,,,
HEAD3,,J,INSTALAÇÕES ELÉTRICAS,UFCA,J0009,EMENDA INTERNA PARA ELETROCALHA PERFURADA 100X100MM - FORNECIMENTO E INSTALAÇÃO,UN,INSUMO,ORSE,4034,Emenda interna 100 x 100 mm com base lisa perfurada para eletrocalha metálica (ref. Mopa ou similar),un,"1,000","4,15","4,15",,,,,,,
HEAD3,,J,INSTALAÇÕES ELÉTRICAS,UFCA,J0009,EMENDA INTERNA PARA ELETROCALHA PERFURADA 100X100MM - FORNECIMENTO E INSTALAÇÃO,UN,INSUMO,SEINFRA,I9919,"PARAFUSO CABEÇA LENTILHA AUTO TRAVANTE 1/4"" X 1/2""",UN,"6,000","0,13","0,78",,,,,,,
HEAD3,,J,INSTALAÇÕES ELÉTRICAS,UFCA,J0009,EMENDA INTERNA PARA ELETROCALHA PERFURADA 100X100MM - FORNECIMENTO E INSTALAÇÃO,UN,INSUMO,SINAPI,39997,"PORCA ZINCADA, SEXTAVADA, DIAMETRO 1/4""                                                                                                                                                                                                                                                                                                                                                                                                                                                                   ",UN,"6,0000","0,35","2,10",,,,,,,
HEAD3,,J,INSTALAÇÕES ELÉTRICAS,UFCA,J0009,EMENDA INTERNA PARA ELETROCALHA PERFURADA 100X100MM - FORNECIMENTO E INSTALAÇÃO,UN,INSUMO,SINAPI,11267,"ARRUELA LISA, REDONDA, DE LATAO POLIDO, DIAMETRO NOMINAL 5/8"", DIAMETRO EXTERNO = 34 MM, DIAMETRO DO FURO = 17 MM, ESPESSURA = *2,5* MM                                                                                                                                                                                                                                                                                                                                                                   ",UN,"6,0000","1,43","8,58",,,,,,,
HEAD2,,J,INSTALAÇÕES ELÉTRICAS,UFCA,J0010,TÊ HORIZONTAL PARA ELETROCALHA PERFURADA 100X100 MM - FORNECIMENTO E INSTALAÇÃO,UN,,,,,,,,,0,"10,27","52,87",0,0,"63,14",
HEAD3,,J,INSTALAÇÕES ELÉTRICAS,UFCA,J0010,TÊ HORIZONTAL PARA ELETROCALHA PERFURADA 100X100 MM - FORNECIMENTO E INSTALAÇÃO,UN,MOBRA,SINAPI,88316,SERVENTE COM ENCARGOS COMPLEMENTARES,H,"0,2000","22,10","4,42",,,,,,,
HEAD3,,J,INSTALAÇÕES ELÉTRICAS,UFCA,J0010,TÊ HORIZONTAL PARA ELETROCALHA PERFURADA 100X100 MM - FORNECIMENTO E INSTALAÇÃO,UN,MOBRA,SINAPI,88264,ELETRICISTA COM ENCARGOS COMPLEMENTARES,H,"0,2000","29,25","5,85",,,,,,,
HEAD3,,J,INSTALAÇÕES ELÉTRICAS,UFCA,J0010,TÊ HORIZONTAL PARA ELETROCALHA PERFURADA 100X100 MM - FORNECIMENTO E INSTALAÇÃO,UN,INSUMO,ORSE,4096,Tê horizontal 100 x 100mm para eletrocalha metálica (ref. Mopa ou similar),un,"1,000","29,95","29,95",,,,,,,
HEAD3,,J,INSTALAÇÕES ELÉTRICAS,UFCA,J0010,TÊ HORIZONTAL PARA ELETROCALHA PERFURADA 100X100 MM - FORNECIMENTO E INSTALAÇÃO,UN,INSUMO,SEINFRA,I9919,"PARAFUSO CABEÇA LENTILHA AUTO TRAVANTE 1/4"" X 1/2""",UN,"12,000","0,13","1,56",,,,,,,
HEAD3,,J,INSTALAÇÕES ELÉTRICAS,UFCA,J0010,TÊ HORIZONTAL PARA ELETROCALHA PERFURADA 100X100 MM - FORNECIMENTO E INSTALAÇÃO,UN,INSUMO,SINAPI,39997,"PORCA ZINCADA, SEXTAVADA, DIAMETRO 1/4""                                                                                                                                                                                                                                                                                                                                                                                                                                                                   ",UN,"12,0000","0,35","4,20",,,,,,,
HEAD3,,J,INSTALAÇÕES ELÉTRICAS,UFCA,J0010,TÊ HORIZONTAL PARA ELETROCALHA PERFURADA 100X100 MM - FORNECIMENTO E INSTALAÇÃO,UN,INSUMO,SINAPI,11267,"ARRUELA LISA, REDONDA, DE LATAO POLIDO, DIAMETRO NOMINAL 5/8"", DIAMETRO EXTERNO = 34 MM, DIAMETRO DO FURO = 17 MM, ESPESSURA = *2,5* MM                                                                                                                                                                                                                                                                                                                                                                   ",UN,"12,0000","1,43","17,16",,,,,,,
HEAD2,,J,INSTALAÇÕES ELÉTRICAS,UFCA,J0011,CANALETA EVOLUTIVA SISTEMA DLP 60X50 MM COM DIVISÓRIA INTERNA - FORNECIMENTO E INSTALAÇÃO,UN,,,,,,,,,0,"8,04","78,33",0,0,"86,37",
HEAD3,,J,INSTALAÇÕES ELÉTRICAS,UFCA,J0011,CANALETA EVOLUTIVA SISTEMA DLP 60X50 MM COM DIVISÓRIA INTERNA - FORNECIMENTO E INSTALAÇÃO,UN,MOBRA,SINAPI,88247,AUXILIAR DE ELETRICISTA COM ENCARGOS COMPLEMENTARES,H,"0,1300","23,65","3,07",,,,,,,
HEAD3,,J,INSTALAÇÕES ELÉTRICAS,UFCA,J0011,CANALETA EVOLUTIVA SISTEMA DLP 60X50 MM COM DIVISÓRIA INTERNA - FORNECIMENTO E INSTALAÇÃO,UN,MOBRA,SINAPI,88264,ELETRICISTA COM ENCARGOS COMPLEMENTARES,H,"0,1700","29,25","4,97",,,,,,,
HEAD3,,J,INSTALAÇÕES ELÉTRICAS,UFCA,J0011,CANALETA EVOLUTIVA SISTEMA DLP 60X50 MM COM DIVISÓRIA INTERNA - FORNECIMENTO E INSTALAÇÃO,UN,INSUMO,SEINFRA,I6173,CANALETA SISTEMA DLP 60MM X 50MM,M,"1,000","78,33","78,33",,,,,,,
HEAD2,,J,INSTALAÇÕES ELÉTRICAS,UFCA,J0012,LUVA PARA CANALETA EVOLUTIVA SISTEMA DLP 60X50MM - FORNECIMENTO E INSTALAÇÃO,UN,,,,,,,,,0,"7,92","12,73",0,0,"20,65",
HEAD3,,J,INSTALAÇÕES ELÉTRICAS,UFCA,J0012,LUVA PARA CANALETA EVOLUTIVA SISTEMA DLP 60X50MM - FORNECIMENTO E INSTALAÇÃO,UN,MOBRA,SINAPI,88247,AUXILIAR DE ELETRICISTA COM ENCARGOS COMPLEMENTARES,H,"0,1500","23,65","3,54",,,,,,,
HEAD3,,J,INSTALAÇÕES ELÉTRICAS,UFCA,J0012,LUVA PARA CANALETA EVOLUTIVA SISTEMA DLP 60X50MM - FORNECIMENTO E INSTALAÇÃO,UN,MOBRA,SINAPI,88264,ELETRICISTA COM ENCARGOS COMPLEMENTARES,H,"0,1500","29,25","4,38",,,,,,,
HEAD3,,J,INSTALAÇÕES ELÉTRICAS,UFCA,J0012,LUVA PARA CANALETA EVOLUTIVA SISTEMA DLP 60X50MM - FORNECIMENTO E INSTALAÇÃO,UN,INSUMO,SEINFRA,I6176,LUVA PARA CANALETA SISTEMA DLP 60MM X 50MM,UN,"1,000","12,73","12,73",,,,,,,
HEAD2,,J,INSTALAÇÕES ELÉTRICAS,UFCA,J0013,COTOVELO 90° HORIZONTAL PARA CANALETA EVOLUTIVA SISTEMA DLP 60X50MM - FORNECIMENTO E INSTALAÇÃO,UN,,,,,,,,,0,"8,99","44,14",0,0,"53,13",
HEAD3,,J,INSTALAÇÕES ELÉTRICAS,UFCA,J0013,COTOVELO 90° HORIZONTAL PARA CANALETA EVOLUTIVA SISTEMA DLP 60X50MM - FORNECIMENTO E INSTALAÇÃO,UN,MOBRA,SINAPI,88247,AUXILIAR DE ELETRICISTA COM ENCARGOS COMPLEMENTARES,H,"0,1700","23,65","4,02",,,,,,,
HEAD3,,J,INSTALAÇÕES ELÉTRICAS,UFCA,J0013,COTOVELO 90° HORIZONTAL PARA CANALETA EVOLUTIVA SISTEMA DLP 60X50MM - FORNECIMENTO E INSTALAÇÃO,UN,MOBRA,SINAPI,88264,ELETRICISTA COM ENCARGOS COMPLEMENTARES,H,"0,1700","29,25","4,97",,,,,,,
HEAD3,,J,INSTALAÇÕES ELÉTRICAS,UFCA,J0013,COTOVELO 90° HORIZONTAL PARA CANALETA EVOLUTIVA SISTEMA DLP 60X50MM - FORNECIMENTO E INSTALAÇÃO,UN,INSUMO,SEINFRA,I6174,COTOVELO 90 VARIAVEL SISTEMA DLP P/CANALETA 60MM X 34/50MM,UN,"1,000","44,14","44,14",,,,,,,
HEAD2,,J,INSTALAÇÕES ELÉTRICAS,UFCA,J0014,COTOVELO 90° INTERNO PARA CANALETA EVOLUTIVA SISTEMA DLP 60X50MM - FORNECIMENTO E INSTALAÇÃO,UN,,,,,,,,,0,"8,99","46,57",0,0,"55,56",
HEAD3,,J,INSTALAÇÕES ELÉTRICAS,UFCA,J0014,COTOVELO 90° INTERNO PARA CANALETA EVOLUTIVA SISTEMA DLP 60X50MM - FORNECIMENTO E INSTALAÇÃO,UN,MOBRA,SINAPI,88247,AUXILIAR DE ELETRICISTA COM ENCARGOS COMPLEMENTARES,H,"0,1700","23,65","4,02",,,,,,,
HEAD3,,J,INSTALAÇÕES ELÉTRICAS,UFCA,J0014,COTOVELO 90° INTERNO PARA CANALETA EVOLUTIVA SISTEMA DLP 60X50MM - FORNECIMENTO E INSTALAÇÃO,UN,MOBRA,SINAPI,88264,ELETRICISTA COM ENCARGOS COMPLEMENTARES,H,"0,1700","29,25","4,97",,,,,,,
HEAD3,,J,INSTALAÇÕES ELÉTRICAS,UFCA,J0014,COTOVELO 90° INTERNO PARA CANALETA EVOLUTIVA SISTEMA DLP 60X50MM - FORNECIMENTO E INSTALAÇÃO,UN,INSUMO,SEINFRA,I6175,COTOVELO 90 INTERNO SISTEMA DLP PARA CANALETA 60MM X 34/50MM,UN,"1,000","46,57","46,57",,,,,,,
HEAD2,,J,INSTALAÇÕES ELÉTRICAS,UFCA,J0015,SUPORTE PARA 3 MÓDULOS DE TOMADAS E/OU INTERRUPTORES EM CANALETA EVOLUTIVA - FORNECIMENTO E INSTALAÇÃO,UN,,,,,,,,,0,"5,28","18,09",0,0,"23,37",
HEAD3,,J,INSTALAÇÕES ELÉTRICAS,UFCA,J0015,SUPORTE PARA 3 MÓDULOS DE TOMADAS E/OU INTERRUPTORES EM CANALETA EVOLUTIVA - FORNECIMENTO E INSTALAÇÃO,UN,MOBRA,SINAPI,88247,AUXILIAR DE ELETRICISTA COM ENCARGOS COMPLEMENTARES,H,"0,1000","23,65","2,36",,,,,,,
HEAD3,,J,INSTALAÇÕES ELÉTRICAS,UFCA,J0015,SUPORTE PARA 3 MÓDULOS DE TOMADAS E/OU INTERRUPTORES EM CANALETA EVOLUTIVA - FORNECIMENTO E INSTALAÇÃO,UN,MOBRA,SINAPI,88264,ELETRICISTA COM ENCARGOS COMPLEMENTARES,H,"0,1000","29,25","2,92",,,,,,,
HEAD3,,J,INSTALAÇÕES ELÉTRICAS,UFCA,J0015,SUPORTE PARA 3 MÓDULOS DE TOMADAS E/OU INTERRUPTORES EM CANALETA EVOLUTIVA - FORNECIMENTO E INSTALAÇÃO,UN,INSUMO,SEINFRA,I6168,SUPORTE DE EQUIPAMENTOS,UN,"1,000","18,09","18,09",,,,,,,
HEAD2,,J,INSTALAÇÕES ELÉTRICAS,UFCA,J0031,APARELHO SINALIZADOR DE OBSTÁCULOS C/CÉLULA FOTOELÉTRICA,UN,,,,,,,,,0,"79,34","86,94",0,0,"166,28",Baseado nos coeficientes da composição SEINFRA C0093
HEAD3,,J,INSTALAÇÕES ELÉTRICAS,UFCA,J0031,APARELHO SINALIZADOR DE OBSTÁCULOS C/CÉLULA FOTOELÉTRICA,UN,MOBRA,SINAPI,88247,AUXILIAR DE ELETRICISTA COM ENCARGOS COMPLEMENTARES,H,"1,5000","23,65","35,47",,,,,,,
HEAD3,,J,INSTALAÇÕES ELÉTRICAS,UFCA,J0031,APARELHO SINALIZADOR DE OBSTÁCULOS C/CÉLULA FOTOELÉTRICA,UN,MOBRA,SINAPI,88264,ELETRICISTA COM ENCARGOS COMPLEMENTARES,H,"1,5000","29,25","43,87",,,,,,,
HEAD3,,J,INSTALAÇÕES ELÉTRICAS,UFCA,J0031,APARELHO SINALIZADOR DE OBSTÁCULOS C/CÉLULA FOTOELÉTRICA,UN,INSUMO,SINAPI,38061,"SINALIZADOR NOTURNO SIMPLES PARA PARA-RAIOS, SEM RELE FOTOELETRICO                                                                                                                                                                                                                                                                                                                                                                                                                                        ",UN,"1,000","48,81","48,81",,,,,,,
HEAD3,,J,INSTALAÇÕES ELÉTRICAS,UFCA,J0031,APARELHO SINALIZADOR DE OBSTÁCULOS C/CÉLULA FOTOELÉTRICA,UN,INSUMO,SEINFRA,I0272,BRAÇADEIRA P/FIXACAO APARELHO SINALIZADOR,UN,"1,000","2,67","2,67",,,,,,,
HEAD3,,J,INSTALAÇÕES ELÉTRICAS,UFCA,J0031,APARELHO SINALIZADOR DE OBSTÁCULOS C/CÉLULA FOTOELÉTRICA,UN,INSUMO,SINAPI,2510,"RELE FOTOELETRICO INTERNO E EXTERNO BIVOLT 1000 W, DE CONECTOR, SEM BASE                                                                                                                                                                                                                                                                                                                                                                                                                                  ",UN,"1,000","35,46","35,46",,,,,,,
HEAD2,,J,INSTALAÇÕES ELÉTRICAS,UFCA,J0032,SOLDA EXOTÉRMICA,UN,,,,,,,,,0,"4,1","36,32",0,0,"40,42",Baseado nos coeficientes da composição SEINFRA C3909
HEAD3,,J,INSTALAÇÕES ELÉTRICAS,UFCA,J0032,SOLDA EXOTÉRMICA,UN,MOBRA,SINAPI,88316,SERVENTE COM ENCARGOS COMPLEMENTARES,H,"0,0800","22,10","1,76",,,,,,,
HEAD3,,J,INSTALAÇÕES ELÉTRICAS,UFCA,J0032,SOLDA EXOTÉRMICA,UN,MOBRA,SINAPI,88264,ELETRICISTA COM ENCARGOS COMPLEMENTARES,H,"0,0800","29,25","2,34",,,,,,,
HEAD3,,J,INSTALAÇÕES ELÉTRICAS,UFCA,J0032,SOLDA EXOTÉRMICA,UN,INSUMO,SEINFRA,I7377,CARTUCHO DE SOLDA EXOTÉRMICA N.º 90,UN,"1,000","23,74","23,74",,,,,,,
HEAD3,,J,INSTALAÇÕES ELÉTRICAS,UFCA,J0032,SOLDA EXOTÉRMICA,UN,INSUMO,SEINFRA,I7378,IGNEX - PALITO IGNITOR PARA SOLDA EXOTÉRMICA,UN,"1,000","4,8","4,80",,,,,,,
HEAD3,,J,INSTALAÇÕES ELÉTRICAS,UFCA,J0032,SOLDA EXOTÉRMICA,UN,INSUMO,SEINFRA,I7379,"MOLDE P/ SOLDA TIPO ""T"" ATÉ 35mm²",UN,"0,040","194,68","7,78",,,,,,,
HEAD2,,J,INSTALAÇÕES ELÉTRICAS,UFCA,J0043,"DISJUNTOR DIFERENCIAL DR – 16A – 40A, 30mA",UN,,,,,,,,,0,"31,74","134,19",0,0,"165,93",Baseado nos coeficientes da composição SEINFRA C4530
HEAD3,,J,INSTALAÇÕES ELÉTRICAS,UFCA,J0043,"DISJUNTOR DIFERENCIAL DR – 16A – 40A, 30mA",UN,MOBRA,SINAPI,88247,AUXILIAR DE ELETRICISTA COM ENCARGOS COMPLEMENTARES,H,"0,6000","23,65","14,19",,,,,,,
HEAD3,,J,INSTALAÇÕES ELÉTRICAS,UFCA,J0043,"DISJUNTOR DIFERENCIAL DR – 16A – 40A, 30mA",UN,MOBRA,SINAPI,88264,ELETRICISTA COM ENCARGOS COMPLEMENTARES,H,"0,6000","29,25","17,55",,,,,,,
HEAD3,,J,INSTALAÇÕES ELÉTRICAS,UFCA,J0043,"DISJUNTOR DIFERENCIAL DR – 16A – 40A, 30mA",UN,INSUMO,SEINFRA,I8365,"DISJUNTOR DIFERENCIAL DR-16A - 40A, 30mA",UN,"1,000","134,19","134,19",,,,,,,
HEAD2,,J,INSTALAÇÕES ELÉTRICAS,UFCA,J0085,"CAIXA DE EQUIPOTENCIALIZAÇÃO EM  AÇO, COM 9 TERMINAIS",UN,,,,,,,,,0,"43,87",320,0,0,"363,87",Baseado nos coeficientes da composição ORSE 11273
HEAD3,,J,INSTALAÇÕES ELÉTRICAS,UFCA,J0085,"CAIXA DE EQUIPOTENCIALIZAÇÃO EM  AÇO, COM 9 TERMINAIS",UN,MOBRA,SINAPI,88264,ELETRICISTA COM ENCARGOS COMPLEMENTARES,H,"1,5000","29,25","43,87",,,,,,,
HEAD3,,J,INSTALAÇÕES ELÉTRICAS,UFCA,J0085,"CAIXA DE EQUIPOTENCIALIZAÇÃO EM  AÇO, COM 9 TERMINAIS",UN,INSUMO,ORSE,12141,"Caixa de equipotencialização em aço 200x200x90mm, para embutir com tampa, com 9 terminais, ref:TEL-901 ou similar (SPDA)",un,"1,000",320,"320,00",,,,,,,
HEAD2,,J,INSTALAÇÕES ELÉTRICAS,UFCA,J0097,BARRA CHATA DE ALUMÍNIO 7/8”x 1/8”,M,,,,,,,,,0,"5,26","11,03",0,0,"16,29",Baseado nos coeficientes da composição ORSE 12740
HEAD3,,J,INSTALAÇÕES ELÉTRICAS,UFCA,J0097,BARRA CHATA DE ALUMÍNIO 7/8”x 1/8”,M,MOBRA,SINAPI,88264,ELETRICISTA COM ENCARGOS COMPLEMENTARES,H,"0,1800","29,25","5,26",,,,,,,
HEAD3,,J,INSTALAÇÕES ELÉTRICAS,UFCA,J0097,BARRA CHATA DE ALUMÍNIO 7/8”x 1/8”,M,INSUMO,ORSE,11095,"Barra chata de aluminio 7/8"" x 1/8""",m,"1,000","11,03","11,03",,,,,,,
HEAD2,,J,INSTALAÇÕES ELÉTRICAS,UFCA,J0098,"CONECTOR METÁLICO TIPO PARAFUSO FENDIDO (SPLIT BOLT), PARA CABOS ATE 50 MM2",UN,,,,,,,,,0,"5,28","14,36",0,0,"19,64",Baseado nos coeficientes da composição ORSE 11771
HEAD3,,J,INSTALAÇÕES ELÉTRICAS,UFCA,J0098,"CONECTOR METÁLICO TIPO PARAFUSO FENDIDO (SPLIT BOLT), PARA CABOS ATE 50 MM2",UN,MOBRA,SINAPI,88247,AUXILIAR DE ELETRICISTA COM ENCARGOS COMPLEMENTARES,H,"0,1000","23,65","2,36",,,,,,,
HEAD3,,J,INSTALAÇÕES ELÉTRICAS,UFCA,J0098,"CONECTOR METÁLICO TIPO PARAFUSO FENDIDO (SPLIT BOLT), PARA CABOS ATE 50 MM2",UN,MOBRA,SINAPI,88264,ELETRICISTA COM ENCARGOS COMPLEMENTARES,H,"0,1000","29,25","2,92",,,,,,,
HEAD3,,J,INSTALAÇÕES ELÉTRICAS,UFCA,J0098,"CONECTOR METÁLICO TIPO PARAFUSO FENDIDO (SPLIT BOLT), PARA CABOS ATE 50 MM2",UN,INSUMO,SINAPI,11862,"CONECTOR METALICO TIPO PARAFUSO FENDIDO (SPLIT BOLT), PARA CABOS ATE 50 MM2                                                                                                                                                                                                                                                                                                                                                                                                                               ",UN,"1,000","14,36","14,36",,,,,,,
HEAD2,,J,INSTALAÇÕES ELÉTRICAS,UFCA,J0101,"BARRA DE AÇO REDONDA RE-BAR 3/8” x 3,00m",UN,,,,,,,,,0,"15,4","40,85",0,0,"56,25",Baseado nos coeficientes da composição ORSE 10908
HEAD3,,J,INSTALAÇÕES ELÉTRICAS,UFCA,J0101,"BARRA DE AÇO REDONDA RE-BAR 3/8” x 3,00m",UN,MOBRA,SINAPI,88316,SERVENTE COM ENCARGOS COMPLEMENTARES,H,"0,3000","22,10","6,63",,,,,,,
HEAD3,,J,INSTALAÇÕES ELÉTRICAS,UFCA,J0101,"BARRA DE AÇO REDONDA RE-BAR 3/8” x 3,00m",UN,MOBRA,SINAPI,88264,ELETRICISTA COM ENCARGOS COMPLEMENTARES,H,"0,3000","29,25","8,77",,,,,,,
HEAD3,,J,INSTALAÇÕES ELÉTRICAS,UFCA,J0101,"BARRA DE AÇO REDONDA RE-BAR 3/8” x 3,00m",UN,INSUMO,ORSE,11846,"Barra de aço redonda re-bar3/8"" x 3,00m",un,"1,000","40,85","40,85",,,,,,,
HEAD2,,J,INSTALAÇÕES ELÉTRICAS,UFCA,J0102,"LUMINÁRIA TIPO CALHA, DE EMBUTIR, CORPO/REFLETOR E ALETAS FABRICADAS EM CHAPA DE AÇO TRATADA E PINTADA EM EPOXI BRANCO, COM DUAS LÂMPADAS TUBULARES LED DE 18W",UN,,,,,,,,,0,"21,12","138,34",0,0,"159,46",Baseado nos coeficientes da composição SINAPI 97607
HEAD3,,J,INSTALAÇÕES ELÉTRICAS,UFCA,J0102,"LUMINÁRIA TIPO CALHA, DE EMBUTIR, CORPO/REFLETOR E ALETAS FABRICADAS EM CHAPA DE AÇO TRATADA E PINTADA EM EPOXI BRANCO, COM DUAS LÂMPADAS TUBULARES LED DE 18W",UN,MOBRA,SINAPI,88247,AUXILIAR DE ELETRICISTA COM ENCARGOS COMPLEMENTARES,H,"0,1802","23,65","4,26",,,,,,,
HEAD3,,J,INSTALAÇÕES ELÉTRICAS,UFCA,J0102,"LUMINÁRIA TIPO CALHA, DE EMBUTIR, CORPO/REFLETOR E ALETAS FABRICADAS EM CHAPA DE AÇO TRATADA E PINTADA EM EPOXI BRANCO, COM DUAS LÂMPADAS TUBULARES LED DE 18W",UN,MOBRA,SINAPI,88264,ELETRICISTA COM ENCARGOS COMPLEMENTARES,H,"0,5766","29,25","16,86",,,,,,,
HEAD3,,J,INSTALAÇÕES ELÉTRICAS,UFCA,J0102,"LUMINÁRIA TIPO CALHA, DE EMBUTIR, CORPO/REFLETOR E ALETAS FABRICADAS EM CHAPA DE AÇO TRATADA E PINTADA EM EPOXI BRANCO, COM DUAS LÂMPADAS TUBULARES LED DE 18W",UN,INSUMO,ORSE,11434,"Luminária fluorescente 2 x 40w, ref: A 407, de embutir  Abalux ou similar",un,"1,000","117,64","117,64",,,,,,,
HEAD3,,J,INSTALAÇÕES ELÉTRICAS,UFCA,J0102,"LUMINÁRIA TIPO CALHA, DE EMBUTIR, CORPO/REFLETOR E ALETAS FABRICADAS EM CHAPA DE AÇO TRATADA E PINTADA EM EPOXI BRANCO, COM DUAS LÂMPADAS TUBULARES LED DE 18W",UN,INSUMO,SINAPI,39387,"LAMPADA LED TUBULAR BIVOLT 18/20 W, BASE G13                                                                                                                                                                                                                                                                                                                                                                                                                                                              ",UN,"2,0000","10,35","20,70",,,,,,,
HEAD2,,J,INSTALAÇÕES ELÉTRICAS,UFCA,J0103,"LUMINÁRIA TIPO CALHA, DE SOBREPOR/EMBUTIR, CORPO/REFLETOR E ALETAS FABRICADAS EM CHAPA DE AÇO TRATADA E PINTADA EM EPOXI BRANCO, COM DUAS LÂMPADAS TUBULARES LED DE 9W",UN,,,,,,,,,0,"21,12","142,44",0,0,"163,56",Baseado nos coeficientes da composição SINAPI 97607
HEAD3,,J,INSTALAÇÕES ELÉTRICAS,UFCA,J0103,"LUMINÁRIA TIPO CALHA, DE SOBREPOR/EMBUTIR, CORPO/REFLETOR E ALETAS FABRICADAS EM CHAPA DE AÇO TRATADA E PINTADA EM EPOXI BRANCO, COM DUAS LÂMPADAS TUBULARES LED DE 9W",UN,MOBRA,SINAPI,88247,AUXILIAR DE ELETRICISTA COM ENCARGOS COMPLEMENTARES,H,"0,1802","23,65","4,26",,,,,,,
HEAD3,,J,INSTALAÇÕES ELÉTRICAS,UFCA,J0103,"LUMINÁRIA TIPO CALHA, DE SOBREPOR/EMBUTIR, CORPO/REFLETOR E ALETAS FABRICADAS EM CHAPA DE AÇO TRATADA E PINTADA EM EPOXI BRANCO, COM DUAS LÂMPADAS TUBULARES LED DE 9W",UN,MOBRA,SINAPI,88264,ELETRICISTA COM ENCARGOS COMPLEMENTARES,H,"0,5766","29,25","16,86",,,,,,,
HEAD3,,J,INSTALAÇÕES ELÉTRICAS,UFCA,J0103,"LUMINÁRIA TIPO CALHA, DE SOBREPOR/EMBUTIR, CORPO/REFLETOR E ALETAS FABRICADAS EM CHAPA DE AÇO TRATADA E PINTADA EM EPOXI BRANCO, COM DUAS LÂMPADAS TUBULARES LED DE 9W",UN,INSUMO,ORSE,7294,"Luminária fluorescente 2 x 20 w, ref: A01, Abalux ou similar",Un,"1,000",128,"128,00",,,,,,,
HEAD3,,J,INSTALAÇÕES ELÉTRICAS,UFCA,J0103,"LUMINÁRIA TIPO CALHA, DE SOBREPOR/EMBUTIR, CORPO/REFLETOR E ALETAS FABRICADAS EM CHAPA DE AÇO TRATADA E PINTADA EM EPOXI BRANCO, COM DUAS LÂMPADAS TUBULARES LED DE 9W",UN,INSUMO,SINAPI,39386,"LAMPADA LED TUBULAR BIVOLT 9/10 W, BASE G13                                                                                                                                                                                                                                                                                                                                                                                                                                                               ",UN,"2,000","7,22","14,44",,,,,,,
HEAD2,,J,INSTALAÇÕES ELÉTRICAS,UFCA,J0108,"QUADRO DE BOMBA DE RECALQUE, COMPLETO - PARA 1 BOMBA",UN,,,,,,,,,0,"74,24","946,83",0,0,"1021,07",Baseado nos coeficientes da composição SINAPI 102136
HEAD3,,J,INSTALAÇÕES ELÉTRICAS,UFCA,J0108,"QUADRO DE BOMBA DE RECALQUE, COMPLETO - PARA 1 BOMBA",UN,MOBRA,SINAPI,88247,AUXILIAR DE ELETRICISTA COM ENCARGOS COMPLEMENTARES,H,"1,4037","23,65","33,19",,,,,,,
HEAD3,,J,INSTALAÇÕES ELÉTRICAS,UFCA,J0108,"QUADRO DE BOMBA DE RECALQUE, COMPLETO - PARA 1 BOMBA",UN,MOBRA,SINAPI,88264,ELETRICISTA COM ENCARGOS COMPLEMENTARES,H,"1,4037","29,25","41,05",,,,,,,
HEAD3,,J,INSTALAÇÕES ELÉTRICAS,UFCA,J0108,"QUADRO DE BOMBA DE RECALQUE, COMPLETO - PARA 1 BOMBA",UN,INSUMO,ORSE,3001,Botão de comando duplo,un,"1,000",80,"80,00",,,,,,,
HEAD3,,J,INSTALAÇÕES ELÉTRICAS,UFCA,J0108,"QUADRO DE BOMBA DE RECALQUE, COMPLETO - PARA 1 BOMBA",UN,INSUMO,SEINFRA,I0648,CONTACTOR AUXILIAR 2NA + 2NF,UN,"1,000","144,41","144,41",,,,,,,
HEAD3,,J,INSTALAÇÕES ELÉTRICAS,UFCA,J0108,"QUADRO DE BOMBA DE RECALQUE, COMPLETO - PARA 1 BOMBA",UN,INSUMO,SINAPI,1625,"CONTATOR TRIPOLAR, CORRENTE DE *22* A, TENSAO NOMINAL DE *500* V, CATEGORIA AC-2 E AC-3                                                                                                                                                                                                                                                                                                                                                                                                                   ",UN,"1,000","187,79","187,79",,,,,,,
HEAD3,,J,INSTALAÇÕES ELÉTRICAS,UFCA,J0108,"QUADRO DE BOMBA DE RECALQUE, COMPLETO - PARA 1 BOMBA",UN,INSUMO,ORSE,12405,Sinaleiro monobloco led110/220V,un,"2,000","33,6","67,20",,,,,,,
HEAD3,,J,INSTALAÇÕES ELÉTRICAS,UFCA,J0108,"QUADRO DE BOMBA DE RECALQUE, COMPLETO - PARA 1 BOMBA",UN,INSUMO,SINAPI,34709,"DISJUNTOR TERMOMAGNETICO PARA TRILHO DIN (IEC), TRIPOLAR, 10 - 50 A                                                                                                                                                                                                                                                                                                                                                                                                                                       ",UN,"1,000","59,65","59,65",,,,,,,
HEAD3,,J,INSTALAÇÕES ELÉTRICAS,UFCA,J0108,"QUADRO DE BOMBA DE RECALQUE, COMPLETO - PARA 1 BOMBA",UN,INSUMO,SEINFRA,I0436,CAIXA TIPO 'J' 50X60X27CM,UN,"1,000","89,88","89,88",,,,,,,
HEAD3,,J,INSTALAÇÕES ELÉTRICAS,UFCA,J0108,"QUADRO DE BOMBA DE RECALQUE, COMPLETO - PARA 1 BOMBA",UN,INSUMO,SEINFRA,I7417,RELÉ BIMETÁLICO SOBRECARGA 3UA52 P/ 3TF42/43,UN,"1,000","108,6","108,60",,,,,,,
HEAD3,,J,INSTALAÇÕES ELÉTRICAS,UFCA,J0108,"QUADRO DE BOMBA DE RECALQUE, COMPLETO - PARA 1 BOMBA",UN,INSUMO,SEINFRA,I8953,RELÉ DE NÍVEL COM 2 ELETRODOS CONTATOS DE 10A - 250V,UN,"1,000","126,77","126,77",,,,,,,
HEAD3,,J,INSTALAÇÕES ELÉTRICAS,UFCA,J0108,"QUADRO DE BOMBA DE RECALQUE, COMPLETO - PARA 1 BOMBA",UN,INSUMO,ORSE,11937,Chave comutadora de 3 posições em retenção ref. S1-3SB3001-2AA21 da Siemens o u similar,un,"1,000","82,53","82,53",,,,,,,
HEAD2,,J,INSTALAÇÕES ELÉTRICAS,UFCA,J0110,"QUADRO DE BOMBA DE INCÊNDIO, COMPLETO - PARA 1 BOMBA",UN,,,,,,,,,0,"74,24","820,06",0,0,"894,3",Baseado nos coeficientes da composição SINAPI 102136
HEAD3,,J,INSTALAÇÕES ELÉTRICAS,UFCA,J0110,"QUADRO DE BOMBA DE INCÊNDIO, COMPLETO - PARA 1 BOMBA",UN,MOBRA,SINAPI,88247,AUXILIAR DE ELETRICISTA COM ENCARGOS COMPLEMENTARES,H,"1,4037","23,65","33,19",,,,,,,
HEAD3,,J,INSTALAÇÕES ELÉTRICAS,UFCA,J0110,"QUADRO DE BOMBA DE INCÊNDIO, COMPLETO - PARA 1 BOMBA",UN,MOBRA,SINAPI,88264,ELETRICISTA COM ENCARGOS COMPLEMENTARES,H,"1,4037","29,25","41,05",,,,,,,
HEAD3,,J,INSTALAÇÕES ELÉTRICAS,UFCA,J0110,"QUADRO DE BOMBA DE INCÊNDIO, COMPLETO - PARA 1 BOMBA",UN,INSUMO,ORSE,3001,Botão de comando duplo,un,"1,000",80,"80,00",,,,,,,
HEAD3,,J,INSTALAÇÕES ELÉTRICAS,UFCA,J0110,"QUADRO DE BOMBA DE INCÊNDIO, COMPLETO - PARA 1 BOMBA",UN,INSUMO,SEINFRA,I0648,CONTACTOR AUXILIAR 2NA + 2NF,UN,"1,000","144,41","144,41",,,,,,,
HEAD3,,J,INSTALAÇÕES ELÉTRICAS,UFCA,J0110,"QUADRO DE BOMBA DE INCÊNDIO, COMPLETO - PARA 1 BOMBA",UN,INSUMO,SINAPI,1625,"CONTATOR TRIPOLAR, CORRENTE DE *22* A, TENSAO NOMINAL DE *500* V, CATEGORIA AC-2 E AC-3                                                                                                                                                                                                                                                                                                                                                                                                                   ",UN,"1,000","187,79","187,79",,,,,,,
HEAD3,,J,INSTALAÇÕES ELÉTRICAS,UFCA,J0110,"QUADRO DE BOMBA DE INCÊNDIO, COMPLETO - PARA 1 BOMBA",UN,INSUMO,ORSE,12405,Sinaleiro monobloco led110/220V,un,"2,000","33,6","67,20",,,,,,,
HEAD3,,J,INSTALAÇÕES ELÉTRICAS,UFCA,J0110,"QUADRO DE BOMBA DE INCÊNDIO, COMPLETO - PARA 1 BOMBA",UN,INSUMO,SINAPI,34709,"DISJUNTOR TERMOMAGNETICO PARA TRILHO DIN (IEC), TRIPOLAR, 10 - 50 A                                                                                                                                                                                                                                                                                                                                                                                                                                       ",UN,"1,000","59,65","59,65",,,,,,,
HEAD3,,J,INSTALAÇÕES ELÉTRICAS,UFCA,J0110,"QUADRO DE BOMBA DE INCÊNDIO, COMPLETO - PARA 1 BOMBA",UN,INSUMO,SEINFRA,I0436,CAIXA TIPO 'J' 50X60X27CM,UN,"1,000","89,88","89,88",,,,,,,
HEAD3,,J,INSTALAÇÕES ELÉTRICAS,UFCA,J0110,"QUADRO DE BOMBA DE INCÊNDIO, COMPLETO - PARA 1 BOMBA",UN,INSUMO,SEINFRA,I7417,RELÉ BIMETÁLICO SOBRECARGA 3UA52 P/ 3TF42/43,UN,"1,000","108,6","108,60",,,,,,,
HEAD3,,J,INSTALAÇÕES ELÉTRICAS,UFCA,J0110,"QUADRO DE BOMBA DE INCÊNDIO, COMPLETO - PARA 1 BOMBA",UN,INSUMO,ORSE,11937,Chave comutadora de 3 posições em retenção ref. S1-3SB3001-2AA21 da Siemens o u similar,un,"1,000","82,53","82,53",,,,,,,
HEAD2,,J,INSTALAÇÕES ELÉTRICAS,UFCA,J0120,PARAFUSO INOX COM PORCA DE ¼”,UN,,,,,,,,,0,"5,28","0,6",0,0,"5,88",Baseado nos coeficientes da composição ORSE 12494
HEAD3,,J,INSTALAÇÕES ELÉTRICAS,UFCA,J0120,PARAFUSO INOX COM PORCA DE ¼”,UN,MOBRA,SINAPI,88247,AUXILIAR DE ELETRICISTA COM ENCARGOS COMPLEMENTARES,H,"0,1000","23,65","2,36",,,,,,,
HEAD3,,J,INSTALAÇÕES ELÉTRICAS,UFCA,J0120,PARAFUSO INOX COM PORCA DE ¼”,UN,MOBRA,SINAPI,88264,ELETRICISTA COM ENCARGOS COMPLEMENTARES,H,"0,1000","29,25","2,92",,,,,,,
HEAD3,,J,INSTALAÇÕES ELÉTRICAS,UFCA,J0120,PARAFUSO INOX COM PORCA DE ¼”,UN,INSUMO,SEINFRA,I2525,"PARAFUSO C/PORCA E ARRUELA DE 1/4X1 1/2""",UN,"1,000","0,6","0,60",,,,,,,
HEAD2,,J,INSTALAÇÕES ELÉTRICAS,UFCA,J0121,FITA DE ADVERTÊNCIA DE REDE ELÉTRICA ENTERRADA,M,,,,,,,,,0,"1,1","1,43",0,0,"2,53",Baseado nos coeficientes da composição SEINFRA C5201
HEAD3,,J,INSTALAÇÕES ELÉTRICAS,UFCA,J0121,FITA DE ADVERTÊNCIA DE REDE ELÉTRICA ENTERRADA,M,MOBRA,SINAPI,88316,SERVENTE COM ENCARGOS COMPLEMENTARES,H,"0,0500","22,10","1,10",,,,,,,
HEAD3,,J,INSTALAÇÕES ELÉTRICAS,UFCA,J0121,FITA DE ADVERTÊNCIA DE REDE ELÉTRICA ENTERRADA,M,INSUMO,ORSE,11201,Fita de advertência de rede elétrica enterrada,m,"1,000","1,43","1,43",,,,,,,
HEAD2,,J,INSTALAÇÕES ELÉTRICAS,UFCA,J0123,SUPORTE ISOLADOR COLÁVEL/PARAFUSÁVEL PARA BARRA CHATA DE ALUMÍNIO,UN,,,,,,,,,0,"5,28","9,28",0,0,"14,56",Baseado nos coeficientes da composição ORSE 10903
HEAD3,,J,INSTALAÇÕES ELÉTRICAS,UFCA,J0123,SUPORTE ISOLADOR COLÁVEL/PARAFUSÁVEL PARA BARRA CHATA DE ALUMÍNIO,UN,MOBRA,SINAPI,88247,AUXILIAR DE ELETRICISTA COM ENCARGOS COMPLEMENTARES,H,"0,1000","23,65","2,36",,,,,,,
HEAD3,,J,INSTALAÇÕES ELÉTRICAS,UFCA,J0123,SUPORTE ISOLADOR COLÁVEL/PARAFUSÁVEL PARA BARRA CHATA DE ALUMÍNIO,UN,MOBRA,SINAPI,88264,ELETRICISTA COM ENCARGOS COMPLEMENTARES,H,"0,1000","29,25","2,92",,,,,,,
HEAD3,,J,INSTALAÇÕES ELÉTRICAS,UFCA,J0123,SUPORTE ISOLADOR COLÁVEL/PARAFUSÁVEL PARA BARRA CHATA DE ALUMÍNIO,UN,INSUMO,SEINFRA,I7415,ISOLADOR EPÓXI 1kV - 25mm,UN,"1,000","8,68","8,68",,,,,,,
HEAD3,,J,INSTALAÇÕES ELÉTRICAS,UFCA,J0123,SUPORTE ISOLADOR COLÁVEL/PARAFUSÁVEL PARA BARRA CHATA DE ALUMÍNIO,UN,INSUMO,SEINFRA,I2525,"PARAFUSO C/PORCA E ARRUELA DE 1/4X1 1/2""",UN,"1,000","0,6","0,60",,,,,,,
HEAD2,,J,INSTALAÇÕES ELÉTRICAS,UFCA,J0124,ELETROCALHA PERFURADA 50x100mm - FORNECIMENTO E INSTALAÇÃO,M,,,,,,,,,0,"47,6","18,82",0,0,"66,42",Baseado nos coeficientes da composição SEINFRA C1158
HEAD3,,J,INSTALAÇÕES ELÉTRICAS,UFCA,J0124,ELETROCALHA PERFURADA 50x100mm - FORNECIMENTO E INSTALAÇÃO,M,MOBRA,SINAPI,88247,AUXILIAR DE ELETRICISTA COM ENCARGOS COMPLEMENTARES,H,"0,9000","23,65","21,28",,,,,,,
HEAD3,,J,INSTALAÇÕES ELÉTRICAS,UFCA,J0124,ELETROCALHA PERFURADA 50x100mm - FORNECIMENTO E INSTALAÇÃO,M,MOBRA,SINAPI,88264,ELETRICISTA COM ENCARGOS COMPLEMENTARES,H,"0,9000","29,25","26,32",,,,,,,
HEAD3,,J,INSTALAÇÕES ELÉTRICAS,UFCA,J0124,ELETROCALHA PERFURADA 50x100mm - FORNECIMENTO E INSTALAÇÃO,M,INSUMO,SEINFRA,I1048,DUTO PERFURADO-ELETROCALHA CHAPA DE AÇO (50X100)MM,M,"1,000","18,82","18,82",,,,,,,
HEAD2,,J,INSTALAÇÕES ELÉTRICAS,UFCA,J0125,ELETROCALHA PERFURADA 50x200mm - FORNECIMENTO E INSTALAÇÃO,M,,,,,,,,,0,"68,76","26,12",0,0,"94,88",Baseado nos coeficientes da composição SEINFRA C1154
HEAD3,,J,INSTALAÇÕES ELÉTRICAS,UFCA,J0125,ELETROCALHA PERFURADA 50x200mm - FORNECIMENTO E INSTALAÇÃO,M,MOBRA,SINAPI,88247,AUXILIAR DE ELETRICISTA COM ENCARGOS COMPLEMENTARES,H,"1,3000","23,65","30,74",,,,,,,
HEAD3,,J,INSTALAÇÕES ELÉTRICAS,UFCA,J0125,ELETROCALHA PERFURADA 50x200mm - FORNECIMENTO E INSTALAÇÃO,M,MOBRA,SINAPI,88264,ELETRICISTA COM ENCARGOS COMPLEMENTARES,H,"1,3000","29,25","38,02",,,,,,,
HEAD3,,J,INSTALAÇÕES ELÉTRICAS,UFCA,J0125,ELETROCALHA PERFURADA 50x200mm - FORNECIMENTO E INSTALAÇÃO,M,INSUMO,ORSE,2692,Eletrocalha metálica perfurada 200 x 50 x 3000 mm (ref. mopa ou similar),m,"1,000","26,12","26,12",,,,,,,
HEAD2,,J,INSTALAÇÕES ELÉTRICAS,UFCA,J0126,MÃO FRANCESA 300MM PARA ELETROCALHA - FORNECIMENTO E INSTALAÇÃO,UN,,,,,,,,,0,"7,69","27,6",0,0,"35,29",Baseado nos coeficientes da composição 11299/ORSE
HEAD3,,J,INSTALAÇÕES ELÉTRICAS,UFCA,J0126,MÃO FRANCESA 300MM PARA ELETROCALHA - FORNECIMENTO E INSTALAÇÃO,UN,MOBRA,SINAPI,88316,SERVENTE COM ENCARGOS COMPLEMENTARES,H,"0,1500","22,10","3,31",,,,,,,
HEAD3,,J,INSTALAÇÕES ELÉTRICAS,UFCA,J0126,MÃO FRANCESA 300MM PARA ELETROCALHA - FORNECIMENTO E INSTALAÇÃO,UN,MOBRA,SINAPI,88264,ELETRICISTA COM ENCARGOS COMPLEMENTARES,H,"0,1500","29,25","4,38",,,,,,,
HEAD3,,J,INSTALAÇÕES ELÉTRICAS,UFCA,J0126,MÃO FRANCESA 300MM PARA ELETROCALHA - FORNECIMENTO E INSTALAÇÃO,UN,INSUMO,ORSE,4416,Mão francesa simples 300 mm,un,"1,000","13,19","13,19",,,,,,,
HEAD3,,J,INSTALAÇÕES ELÉTRICAS,UFCA,J0126,MÃO FRANCESA 300MM PARA ELETROCALHA - FORNECIMENTO E INSTALAÇÃO,UN,INSUMO,SINAPI,4374,BUCHA DE NYLON SEM ABA S10                                                                                                                                                                                                                                                                                                                                                                                                                                                                                ,UN,"3,000","0,55","1,65",,,,,,,
HEAD3,,J,INSTALAÇÕES ELÉTRICAS,UFCA,J0126,MÃO FRANCESA 300MM PARA ELETROCALHA - FORNECIMENTO E INSTALAÇÃO,UN,INSUMO,SINAPI,11948,"PARAFUSO ZINCADO, SEXTAVADO, COM ROSCA SOBERBA, DIAMETRO 5/16"", COMPRIMENTO 40 MM                                                                                                                                                                                                                                                                                                                                                                                                                         ",UN,"4,000","0,79","3,16",,,,,,,
HEAD3,,J,INSTALAÇÕES ELÉTRICAS,UFCA,J0126,MÃO FRANCESA 300MM PARA ELETROCALHA - FORNECIMENTO E INSTALAÇÃO,UN,INSUMO,SEINFRA,I0138,ARRUELA LISA 5/16''X5/8'',UN,"6,000","0,47","2,82",,,,,,,
HEAD3,,J,INSTALAÇÕES ELÉTRICAS,UFCA,J0126,MÃO FRANCESA 300MM PARA ELETROCALHA - FORNECIMENTO E INSTALAÇÃO,UN,INSUMO,SEINFRA,I9918,"PARAFUSO CABEÇA LENTILHA AUTO TRAVANTE 1/4"" X 5/8""",UN,"2,000","0,18","0,36",,,,,,,
HEAD3,,J,INSTALAÇÕES ELÉTRICAS,UFCA,J0126,MÃO FRANCESA 300MM PARA ELETROCALHA - FORNECIMENTO E INSTALAÇÃO,UN,INSUMO,SINAPI,39997,"PORCA ZINCADA, SEXTAVADA, DIAMETRO 1/4""                                                                                                                                                                                                                                                                                                                                                                                                                                                                   ",UN,"2,000","0,35","0,70",,,,,,,
HEAD3,,J,INSTALAÇÕES ELÉTRICAS,UFCA,J0126,MÃO FRANCESA 300MM PARA ELETROCALHA - FORNECIMENTO E INSTALAÇÃO,UN,INSUMO,SINAPI,11267,"ARRUELA LISA, REDONDA, DE LATAO POLIDO, DIAMETRO NOMINAL 5/8"", DIAMETRO EXTERNO = 34 MM, DIAMETRO DO FURO = 17 MM, ESPESSURA = *2,5* MM                                                                                                                                                                                                                                                                                                                                                                   ",UN,"4,000","1,43","5,72",,,,,,,
HEAD2,,J,INSTALAÇÕES ELÉTRICAS,UFCA,J0127,EMENDA INTERNA PARA ELETROCALHA PERFURADA 50x100mm - FORNECIMENTO E INSTALAÇÃO,UN,,,,,,,,,0,"10,27","7,22",0,0,"17,49",Baseado nos coeficientes da composição 07878/ORSE
HEAD3,,J,INSTALAÇÕES ELÉTRICAS,UFCA,J0127,EMENDA INTERNA PARA ELETROCALHA PERFURADA 50x100mm - FORNECIMENTO E INSTALAÇÃO,UN,MOBRA,SINAPI,88316,SERVENTE COM ENCARGOS COMPLEMENTARES,H,"0,2000","22,10","4,42",,,,,,,
HEAD3,,J,INSTALAÇÕES ELÉTRICAS,UFCA,J0127,EMENDA INTERNA PARA ELETROCALHA PERFURADA 50x100mm - FORNECIMENTO E INSTALAÇÃO,UN,MOBRA,SINAPI,88264,ELETRICISTA COM ENCARGOS COMPLEMENTARES,H,"0,2000","29,25","5,85",,,,,,,
HEAD3,,J,INSTALAÇÕES ELÉTRICAS,UFCA,J0127,EMENDA INTERNA PARA ELETROCALHA PERFURADA 50x100mm - FORNECIMENTO E INSTALAÇÃO,UN,INSUMO,ORSE,4032,Emenda interna 100 x 50 mm com base lisa perfurada para eletrocalha metálica  (ref. Mopa ou similar),un,"1,000","4,9","4,90",,,,,,,
HEAD3,,J,INSTALAÇÕES ELÉTRICAS,UFCA,J0127,EMENDA INTERNA PARA ELETROCALHA PERFURADA 50x100mm - FORNECIMENTO E INSTALAÇÃO,UN,INSUMO,SEINFRA,I9919,"PARAFUSO CABEÇA LENTILHA AUTO TRAVANTE 1/4"" X 1/2""",UN,"4,000","0,13","0,52",,,,,,,
HEAD3,,J,INSTALAÇÕES ELÉTRICAS,UFCA,J0127,EMENDA INTERNA PARA ELETROCALHA PERFURADA 50x100mm - FORNECIMENTO E INSTALAÇÃO,UN,INSUMO,SINAPI,39997,"PORCA ZINCADA, SEXTAVADA, DIAMETRO 1/4""                                                                                                                                                                                                                                                                                                                                                                                                                                                                   ",UN,"4,000","0,35","1,40",,,,,,,
HEAD3,,J,INSTALAÇÕES ELÉTRICAS,UFCA,J0127,EMENDA INTERNA PARA ELETROCALHA PERFURADA 50x100mm - FORNECIMENTO E INSTALAÇÃO,UN,INSUMO,SEINFRA,I9566,"ARRUELA DE PRESSÃO 3/8"" AÇO CARBONO",UN,"4,000","0,1","0,40",,,,,,,
HEAD2,,J,INSTALAÇÕES ELÉTRICAS,UFCA,J0128,EMENDA INTERNA PARA ELETROCALHA PERFURADA 50x200mm - FORNECIMENTO E INSTALAÇÃO,UN,,,,,,,,,0,"7,69","6,92",0,0,"14,61",Baseado nos coeficientes da composição 08357/ORSE
HEAD3,,J,INSTALAÇÕES ELÉTRICAS,UFCA,J0128,EMENDA INTERNA PARA ELETROCALHA PERFURADA 50x200mm - FORNECIMENTO E INSTALAÇÃO,UN,MOBRA,SINAPI,88316,SERVENTE COM ENCARGOS COMPLEMENTARES,H,"0,1500","22,10","3,31",,,,,,,
HEAD3,,J,INSTALAÇÕES ELÉTRICAS,UFCA,J0128,EMENDA INTERNA PARA ELETROCALHA PERFURADA 50x200mm - FORNECIMENTO E INSTALAÇÃO,UN,MOBRA,SINAPI,88264,ELETRICISTA COM ENCARGOS COMPLEMENTARES,H,"0,1500","29,25","4,38",,,,,,,
HEAD3,,J,INSTALAÇÕES ELÉTRICAS,UFCA,J0128,EMENDA INTERNA PARA ELETROCALHA PERFURADA 50x200mm - FORNECIMENTO E INSTALAÇÃO,UN,INSUMO,ORSE,4036,Emenda interna 200 x 50 mm com base lisa perfurada para eletrocalha metálica  (ref. Mopa ou similar),un,"1,000","4,6","4,60",,,,,,,
HEAD3,,J,INSTALAÇÕES ELÉTRICAS,UFCA,J0128,EMENDA INTERNA PARA ELETROCALHA PERFURADA 50x200mm - FORNECIMENTO E INSTALAÇÃO,UN,INSUMO,SEINFRA,I9919,"PARAFUSO CABEÇA LENTILHA AUTO TRAVANTE 1/4"" X 1/2""",UN,"4,000","0,13","0,52",,,,,,,
HEAD3,,J,INSTALAÇÕES ELÉTRICAS,UFCA,J0128,EMENDA INTERNA PARA ELETROCALHA PERFURADA 50x200mm - FORNECIMENTO E INSTALAÇÃO,UN,INSUMO,SINAPI,39997,"PORCA ZINCADA, SEXTAVADA, DIAMETRO 1/4""                                                                                                                                                                                                                                                                                                                                                                                                                                                                   ",UN,"4,000","0,35","1,40",,,,,,,
HEAD3,,J,INSTALAÇÕES ELÉTRICAS,UFCA,J0128,EMENDA INTERNA PARA ELETROCALHA PERFURADA 50x200mm - FORNECIMENTO E INSTALAÇÃO,UN,INSUMO,SEINFRA,I9566,"ARRUELA DE PRESSÃO 3/8"" AÇO CARBONO",UN,"4,000","0,1","0,40",,,,,,,
HEAD2,,J,INSTALAÇÕES ELÉTRICAS,UFCA,J0129,TÊ HORIZONTAL PARA ELETROCALHA PERFURADA 50x200mm - FORNECIMENTO E INSTALAÇÃO,UN,,,,,,,,,0,"10,27","33,26",0,0,"43,53",Baseado nos coeficientes da composição 07143/ORSE
HEAD3,,J,INSTALAÇÕES ELÉTRICAS,UFCA,J0129,TÊ HORIZONTAL PARA ELETROCALHA PERFURADA 50x200mm - FORNECIMENTO E INSTALAÇÃO,UN,MOBRA,SINAPI,88316,SERVENTE COM ENCARGOS COMPLEMENTARES,H,"0,2000","22,10","4,42",,,,,,,
HEAD3,,J,INSTALAÇÕES ELÉTRICAS,UFCA,J0129,TÊ HORIZONTAL PARA ELETROCALHA PERFURADA 50x200mm - FORNECIMENTO E INSTALAÇÃO,UN,MOBRA,SINAPI,88264,ELETRICISTA COM ENCARGOS COMPLEMENTARES,H,"0,2000","29,25","5,85",,,,,,,
HEAD3,,J,INSTALAÇÕES ELÉTRICAS,UFCA,J0129,TÊ HORIZONTAL PARA ELETROCALHA PERFURADA 50x200mm - FORNECIMENTO E INSTALAÇÃO,UN,INSUMO,ORSE,6551,Tê horizontal 200 x 50mm para eletrocalha metálica (ref. Mopa ou similar),un,"1,000","26,3","26,30",,,,,,,
HEAD3,,J,INSTALAÇÕES ELÉTRICAS,UFCA,J0129,TÊ HORIZONTAL PARA ELETROCALHA PERFURADA 50x200mm - FORNECIMENTO E INSTALAÇÃO,UN,INSUMO,SEINFRA,I9919,"PARAFUSO CABEÇA LENTILHA AUTO TRAVANTE 1/4"" X 1/2""",UN,"12,000","0,13","1,56",,,,,,,
HEAD3,,J,INSTALAÇÕES ELÉTRICAS,UFCA,J0129,TÊ HORIZONTAL PARA ELETROCALHA PERFURADA 50x200mm - FORNECIMENTO E INSTALAÇÃO,UN,INSUMO,SINAPI,39997,"PORCA ZINCADA, SEXTAVADA, DIAMETRO 1/4""                                                                                                                                                                                                                                                                                                                                                                                                                                                                   ",UN,"12,000","0,35","4,20",,,,,,,
HEAD3,,J,INSTALAÇÕES ELÉTRICAS,UFCA,J0129,TÊ HORIZONTAL PARA ELETROCALHA PERFURADA 50x200mm - FORNECIMENTO E INSTALAÇÃO,UN,INSUMO,SEINFRA,I9566,"ARRUELA DE PRESSÃO 3/8"" AÇO CARBONO",UN,"12,000","0,1","1,20",,,,,,,
HEAD2,,J,INSTALAÇÕES ELÉTRICAS,UFCA,J0130,REDUÇÃO CONCÊNTRICA DA ELETROCALHA PERFURADA 50x200mm / 50x100mm - FORNECIMENTO E INSTALAÇÃO,UN,,,,,,,,,0,"7,69","41,38",0,0,"49,07",Baseado nos coeficientes da composição 08224/ORSE
HEAD3,,J,INSTALAÇÕES ELÉTRICAS,UFCA,J0130,REDUÇÃO CONCÊNTRICA DA ELETROCALHA PERFURADA 50x200mm / 50x100mm - FORNECIMENTO E INSTALAÇÃO,UN,MOBRA,SINAPI,88316,SERVENTE COM ENCARGOS COMPLEMENTARES,H,"0,1500","22,10","3,31",,,,,,,
HEAD3,,J,INSTALAÇÕES ELÉTRICAS,UFCA,J0130,REDUÇÃO CONCÊNTRICA DA ELETROCALHA PERFURADA 50x200mm / 50x100mm - FORNECIMENTO E INSTALAÇÃO,UN,MOBRA,SINAPI,88264,ELETRICISTA COM ENCARGOS COMPLEMENTARES,H,"0,1500","29,25","4,38",,,,,,,
HEAD3,,J,INSTALAÇÕES ELÉTRICAS,UFCA,J0130,REDUÇÃO CONCÊNTRICA DA ELETROCALHA PERFURADA 50x200mm / 50x100mm - FORNECIMENTO E INSTALAÇÃO,UN,INSUMO,ORSE,8314,Redução concêntrica 200 x 50mm / 100 x 50mm para eletrocalha metálica (ref. m opa ou similar),un,"1,000","36,74","36,74",,,,,,,
HEAD3,,J,INSTALAÇÕES ELÉTRICAS,UFCA,J0130,REDUÇÃO CONCÊNTRICA DA ELETROCALHA PERFURADA 50x200mm / 50x100mm - FORNECIMENTO E INSTALAÇÃO,UN,INSUMO,SEINFRA,I9919,"PARAFUSO CABEÇA LENTILHA AUTO TRAVANTE 1/4"" X 1/2""",UN,"8,000","0,13","1,04",,,,,,,
HEAD3,,J,INSTALAÇÕES ELÉTRICAS,UFCA,J0130,REDUÇÃO CONCÊNTRICA DA ELETROCALHA PERFURADA 50x200mm / 50x100mm - FORNECIMENTO E INSTALAÇÃO,UN,INSUMO,SINAPI,39997,"PORCA ZINCADA, SEXTAVADA, DIAMETRO 1/4""                                                                                                                                                                                                                                                                                                                                                                                                                                                                   ",UN,"8,000","0,35","2,80",,,,,,,
HEAD3,,J,INSTALAÇÕES ELÉTRICAS,UFCA,J0130,REDUÇÃO CONCÊNTRICA DA ELETROCALHA PERFURADA 50x200mm / 50x100mm - FORNECIMENTO E INSTALAÇÃO,UN,INSUMO,SEINFRA,I9566,"ARRUELA DE PRESSÃO 3/8"" AÇO CARBONO",UN,"8,000","0,1","0,80",,,,,,,
HEAD2,,J,INSTALAÇÕES ELÉTRICAS,UFCA,J0131,CURVA DE INVERSÃO PARA ELETROCALHA PERFURADA 50x200mm - FORNECIMENTO E INSTALAÇÃO,UN,,,,,,,,,0,"10,27","107,03",0,0,"117,3",Baseado nos coeficientes da composição 11290/ORSE
HEAD3,,J,INSTALAÇÕES ELÉTRICAS,UFCA,J0131,CURVA DE INVERSÃO PARA ELETROCALHA PERFURADA 50x200mm - FORNECIMENTO E INSTALAÇÃO,UN,MOBRA,SINAPI,88316,SERVENTE COM ENCARGOS COMPLEMENTARES,H,"0,2000","22,10","4,42",,,,,,,
HEAD3,,J,INSTALAÇÕES ELÉTRICAS,UFCA,J0131,CURVA DE INVERSÃO PARA ELETROCALHA PERFURADA 50x200mm - FORNECIMENTO E INSTALAÇÃO,UN,MOBRA,SINAPI,88264,ELETRICISTA COM ENCARGOS COMPLEMENTARES,H,"0,2000","29,25","5,85",,,,,,,
HEAD3,,J,INSTALAÇÕES ELÉTRICAS,UFCA,J0131,CURVA DE INVERSÃO PARA ELETROCALHA PERFURADA 50x200mm - FORNECIMENTO E INSTALAÇÃO,UN,INSUMO,ORSE,12156,Curva de inversão 200 x 75 mm para eletrocalha metálica (ref.: mopa ou simila r),un,"1,000","102,39","102,39",,,,,,,
HEAD3,,J,INSTALAÇÕES ELÉTRICAS,UFCA,J0131,CURVA DE INVERSÃO PARA ELETROCALHA PERFURADA 50x200mm - FORNECIMENTO E INSTALAÇÃO,UN,INSUMO,SEINFRA,I9919,"PARAFUSO CABEÇA LENTILHA AUTO TRAVANTE 1/4"" X 1/2""",UN,"8,000","0,13","1,04",,,,,,,
HEAD3,,J,INSTALAÇÕES ELÉTRICAS,UFCA,J0131,CURVA DE INVERSÃO PARA ELETROCALHA PERFURADA 50x200mm - FORNECIMENTO E INSTALAÇÃO,UN,INSUMO,SINAPI,39997,"PORCA ZINCADA, SEXTAVADA, DIAMETRO 1/4""                                                                                                                                                                                                                                                                                                                                                                                                                                                                   ",UN,"8,000","0,35","2,80",,,,,,,
HEAD3,,J,INSTALAÇÕES ELÉTRICAS,UFCA,J0131,CURVA DE INVERSÃO PARA ELETROCALHA PERFURADA 50x200mm - FORNECIMENTO E INSTALAÇÃO,UN,INSUMO,SEINFRA,I9566,"ARRUELA DE PRESSÃO 3/8"" AÇO CARBONO",UN,"8,000","0,1","0,80",,,,,,,
HEAD2,,J,INSTALAÇÕES ELÉTRICAS,UFCA,J0132,CURVA HORIZONTAL 90° PARA ELETROCALHA 50x200mm - FORNECIMENTO E INSTALAÇÃO,UN,,,,,,,,,0,"10,27","27,32",0,0,"37,59",Baseado nos coeficientes da composição 07144/ORSE
HEAD3,,J,INSTALAÇÕES ELÉTRICAS,UFCA,J0132,CURVA HORIZONTAL 90° PARA ELETROCALHA 50x200mm - FORNECIMENTO E INSTALAÇÃO,UN,MOBRA,SINAPI,88316,SERVENTE COM ENCARGOS COMPLEMENTARES,H,"0,2000","22,10","4,42",,,,,,,
HEAD3,,J,INSTALAÇÕES ELÉTRICAS,UFCA,J0132,CURVA HORIZONTAL 90° PARA ELETROCALHA 50x200mm - FORNECIMENTO E INSTALAÇÃO,UN,MOBRA,SINAPI,88264,ELETRICISTA COM ENCARGOS COMPLEMENTARES,H,"0,2000","29,25","5,85",,,,,,,
HEAD3,,J,INSTALAÇÕES ELÉTRICAS,UFCA,J0132,CURVA HORIZONTAL 90° PARA ELETROCALHA 50x200mm - FORNECIMENTO E INSTALAÇÃO,UN,INSUMO,ORSE,6552,"Curva horizontal 200 x 50 mm para eletrocalha metálica, com ângulo 90° (ref.: mopa ou similar)",un,"1,000",25,"25,00",,,,,,,
HEAD3,,J,INSTALAÇÕES ELÉTRICAS,UFCA,J0132,CURVA HORIZONTAL 90° PARA ELETROCALHA 50x200mm - FORNECIMENTO E INSTALAÇÃO,UN,INSUMO,SEINFRA,I9919,"PARAFUSO CABEÇA LENTILHA AUTO TRAVANTE 1/4"" X 1/2""",UN,"4,000","0,13","0,52",,,,,,,
HEAD3,,J,INSTALAÇÕES ELÉTRICAS,UFCA,J0132,CURVA HORIZONTAL 90° PARA ELETROCALHA 50x200mm - FORNECIMENTO E INSTALAÇÃO,UN,INSUMO,SINAPI,39997,"PORCA ZINCADA, SEXTAVADA, DIAMETRO 1/4""                                                                                                                                                                                                                                                                                                                                                                                                                                                                   ",UN,"4,000","0,35","1,40",,,,,,,
HEAD3,,J,INSTALAÇÕES ELÉTRICAS,UFCA,J0132,CURVA HORIZONTAL 90° PARA ELETROCALHA 50x200mm - FORNECIMENTO E INSTALAÇÃO,UN,INSUMO,SEINFRA,I9566,"ARRUELA DE PRESSÃO 3/8"" AÇO CARBONO",UN,"4,000","0,1","0,40",,,,,,,
HEAD2,,J,INSTALAÇÕES ELÉTRICAS,UFCA,J0134,"CABO DE COBRE ISOLADO, 50 MM², ANTI-CHAMA 0,6/1 KV, INSTALADO EM ELETROCALHA OU PERFILADO - FORNECIMENTO E INSTALAÇÃO",M,,,,,,,,,0,"0,62","49,36",0,0,"49,98",Baseado nos coeficientes da composição SINAPI 101889
HEAD3,,J,INSTALAÇÕES ELÉTRICAS,UFCA,J0134,"CABO DE COBRE ISOLADO, 50 MM², ANTI-CHAMA 0,6/1 KV, INSTALADO EM ELETROCALHA OU PERFILADO - FORNECIMENTO E INSTALAÇÃO",M,MOBRA,SINAPI,88247,AUXILIAR DE ELETRICISTA COM ENCARGOS COMPLEMENTARES,H,"0,0119","23,65","0,28",,,,,,,
HEAD3,,J,INSTALAÇÕES ELÉTRICAS,UFCA,J0134,"CABO DE COBRE ISOLADO, 50 MM², ANTI-CHAMA 0,6/1 KV, INSTALADO EM ELETROCALHA OU PERFILADO - FORNECIMENTO E INSTALAÇÃO",M,MOBRA,SINAPI,88264,ELETRICISTA COM ENCARGOS COMPLEMENTARES,H,"0,0119","29,25","0,34",,,,,,,
HEAD3,,J,INSTALAÇÕES ELÉTRICAS,UFCA,J0134,"CABO DE COBRE ISOLADO, 50 MM², ANTI-CHAMA 0,6/1 KV, INSTALADO EM ELETROCALHA OU PERFILADO - FORNECIMENTO E INSTALAÇÃO",M,INSUMO,SINAPI,21127,"FITA ISOLANTE ADESIVA ANTICHAMA, USO ATE 750 V, EM ROLO DE 19 MM X 5 M                                                                                                                                                                                                                                                                                                                                                                                                                                    ",UN,"0,010","3,69","0,03",,,,,,,
HEAD3,,J,INSTALAÇÕES ELÉTRICAS,UFCA,J0134,"CABO DE COBRE ISOLADO, 50 MM², ANTI-CHAMA 0,6/1 KV, INSTALADO EM ELETROCALHA OU PERFILADO - FORNECIMENTO E INSTALAÇÃO",M,INSUMO,SINAPI,1018,"CABO DE COBRE, FLEXIVEL, CLASSE 4 OU 5, ISOLACAO EM PVC/A, ANTICHAMA BWF-B, COBERTURA PVC-ST1, ANTICHAMA BWF-B, 1 CONDUTOR, 0,6/1 KV, SECAO NOMINAL 50 MM2                                                                                                                                                                                                                                                                                                                                                ",M,"1,000","49,33","49,33",,,,,,,
HEAD2,,J,INSTALAÇÕES ELÉTRICAS,UFCA,J0135,"TERMINAL OLHAL PARA CABO DE 4,00MM2 À 6,00MM2",UN,,,,,,,,,0,"5,28","4,31",0,0,"9,59",Baseado nos coeficientes da composição SEINFRA C3483
HEAD3,,J,INSTALAÇÕES ELÉTRICAS,UFCA,J0135,"TERMINAL OLHAL PARA CABO DE 4,00MM2 À 6,00MM2",UN,MOBRA,SINAPI,88247,AUXILIAR DE ELETRICISTA COM ENCARGOS COMPLEMENTARES,H,"0,1000","23,65","2,36",,,,,,,
HEAD3,,J,INSTALAÇÕES ELÉTRICAS,UFCA,J0135,"TERMINAL OLHAL PARA CABO DE 4,00MM2 À 6,00MM3",UN,MOBRA,SINAPI,88264,ELETRICISTA COM ENCARGOS COMPLEMENTARES,H,"0,1000","29,25","2,92",,,,,,,
HEAD3,,J,INSTALAÇÕES ELÉTRICAS,UFCA,J0135,"TERMINAL OLHAL PARA CABO DE 4,00MM2 À 6,00MM4",UN,INSUMO,SEINFRA,I6161,"TERMINAL OLHAL PARA CABO DE 4,00mm2  A  6,00mm2",UN,"1,000","4,31","4,31",,,,,,,
HEAD2,,J,INSTALAÇÕES ELÉTRICAS,UFCA,J0136,TERMINAL A COMPRESSÃO PARA CABO DE 10 mm² A 16mm²,UN,,,,,,,,,0,"5,28",2,0,0,"7,28",Baseado nos coeficientes da composição SEINFRA C3483
HEAD3,,J,INSTALAÇÕES ELÉTRICAS,UFCA,J0136,TERMINAL A COMPRESSÃO PARA CABO DE 10 mm² A 16mm²,UN,MOBRA,SINAPI,88247,AUXILIAR DE ELETRICISTA COM ENCARGOS COMPLEMENTARES,H,"0,1000","23,65","2,36",,,,,,,
HEAD3,,J,INSTALAÇÕES ELÉTRICAS,UFCA,J0136,TERMINAL A COMPRESSÃO PARA CABO DE 10 mm² A 16mm²,UN,MOBRA,SINAPI,88264,ELETRICISTA COM ENCARGOS COMPLEMENTARES,H,"0,1000","29,25","2,92",,,,,,,
HEAD3,,J,INSTALAÇÕES ELÉTRICAS,UFCA,J0136,TERMINAL A COMPRESSÃO PARA CABO DE 10 mm² A 16mm²,UN,INSUMO,SINAPI,1575,"TERMINAL A COMPRESSAO EM COBRE ESTANHADO PARA CABO 16 MM2, 1 FURO E 1 COMPRESSAO, PARA PARAFUSO DE FIXACAO M6                                                                                                                                                                                                                                                                                                                                                                                             ",UN,"1,000","2,00","2,00",,,,,,,
HEAD2,,J,INSTALAÇÕES ELÉTRICAS,UFCA,J0137,TERMINAL A COMPRESSÃO PARA CABO DE 25 mm² A 35mm²,UN,,,,,,,,,0,"5,28","3,12",0,0,"8,4",Baseado nos coeficientes da composição SEINFRA C3483
HEAD3,,J,INSTALAÇÕES ELÉTRICAS,UFCA,J0137,TERMINAL A COMPRESSÃO PARA CABO DE 25 mm² A 35mm²,UN,MOBRA,SINAPI,88247,AUXILIAR DE ELETRICISTA COM ENCARGOS COMPLEMENTARES,H,"0,1000","23,65","2,36",,,,,,,
HEAD3,,J,INSTALAÇÕES ELÉTRICAS,UFCA,J0137,TERMINAL A COMPRESSÃO PARA CABO DE 25 mm² A 35mm²,UN,MOBRA,SINAPI,88264,ELETRICISTA COM ENCARGOS COMPLEMENTARES,H,"0,1000","29,25","2,92",,,,,,,
HEAD3,,J,INSTALAÇÕES ELÉTRICAS,UFCA,J0137,TERMINAL A COMPRESSÃO PARA CABO DE 25 mm² A 35mm²,UN,INSUMO,SINAPI,1577,"TERMINAL A COMPRESSAO EM COBRE ESTANHADO PARA CABO 35 MM2, 1 FURO E 1 COMPRESSAO, PARA PARAFUSO DE FIXACAO M8                                                                                                                                                                                                                                                                                                                                                                                             ",UN,"1,000","3,12","3,12",,,,,,,
HEAD2,,J,INSTALAÇÕES ELÉTRICAS,UFCA,J0138,TERMINAL A COMPRESSÃO PARA CABO DE 50 mm² A 120mm²,UN,,,,,,,,,0,"5,28","11,7",0,0,"16,98",Baseado nos coeficientes da composição SEINFRA C3483
HEAD3,,J,INSTALAÇÕES ELÉTRICAS,UFCA,J0138,TERMINAL A COMPRESSÃO PARA CABO DE 50 mm² A 120mm²,UN,MOBRA,SINAPI,88247,AUXILIAR DE ELETRICISTA COM ENCARGOS COMPLEMENTARES,H,"0,1000","23,65","2,36",,,,,,,
HEAD3,,J,INSTALAÇÕES ELÉTRICAS,UFCA,J0138,TERMINAL A COMPRESSÃO PARA CABO DE 50 mm² A 120mm²,UN,MOBRA,SINAPI,88264,ELETRICISTA COM ENCARGOS COMPLEMENTARES,H,"0,1000","29,25","2,92",,,,,,,
HEAD3,,J,INSTALAÇÕES ELÉTRICAS,UFCA,J0138,TERMINAL A COMPRESSÃO PARA CABO DE 50 mm² A 120mm²,UN,INSUMO,SINAPI,1581,"TERMINAL A COMPRESSAO EM COBRE ESTANHADO PARA CABO 120 MM2, 1 FURO E 1 COMPRESSAO, PARA PARAFUSO DE FIXACAO M12                                                                                                                                                                                                                                                                                                                                                                                           ",UN,"1,000","11,70","11,70",,,,,,,
HEAD2,,J,INSTALAÇÕES ELÉTRICAS,UFCA,J0140,TÊ VERTICAL PARA DERIVAÇÃO EM ELETROCALHA 50x200mm - FORNECIMENTO E INSTALAÇÃO,UN,,,,,,,,,0,"10,27","77,54",0,0,"87,81",Baseado nos coeficientes da composição 11293/ORSE
HEAD3,,J,INSTALAÇÕES ELÉTRICAS,UFCA,J0140,TÊ VERTICAL PARA DERIVAÇÃO EM ELETROCALHA 50x200mm - FORNECIMENTO E INSTALAÇÃO,UN,MOBRA,SINAPI,88316,SERVENTE COM ENCARGOS COMPLEMENTARES,H,"0,2000","22,10","4,42",,,,,,,
HEAD3,,J,INSTALAÇÕES ELÉTRICAS,UFCA,J0140,TÊ VERTICAL PARA DERIVAÇÃO EM ELETROCALHA 50x200mm - FORNECIMENTO E INSTALAÇÃO,UN,MOBRA,SINAPI,88264,ELETRICISTA COM ENCARGOS COMPLEMENTARES,H,"0,2000","29,25","5,85",,,,,,,
HEAD3,,J,INSTALAÇÕES ELÉTRICAS,UFCA,J0140,TÊ VERTICAL PARA DERIVAÇÃO EM ELETROCALHA 50x200mm - FORNECIMENTO E INSTALAÇÃO,UN,INSUMO,ORSE,12159,Tê vertical 200 x 100 mm para eletrocalha metálica (ref.: mopa ou similar),un,"1,000","70,58","70,58",,,,,,,
HEAD3,,J,INSTALAÇÕES ELÉTRICAS,UFCA,J0140,TÊ VERTICAL PARA DERIVAÇÃO EM ELETROCALHA 50x200mm - FORNECIMENTO E INSTALAÇÃO,UN,INSUMO,SEINFRA,I9919,"PARAFUSO CABEÇA LENTILHA AUTO TRAVANTE 1/4"" X 1/2""",UN,"12,000","0,13","1,56",,,,,,,
HEAD3,,J,INSTALAÇÕES ELÉTRICAS,UFCA,J0140,TÊ VERTICAL PARA DERIVAÇÃO EM ELETROCALHA 50x200mm - FORNECIMENTO E INSTALAÇÃO,UN,INSUMO,SINAPI,39997,"PORCA ZINCADA, SEXTAVADA, DIAMETRO 1/4""                                                                                                                                                                                                                                                                                                                                                                                                                                                                   ",UN,"12,000","0,35","4,20",,,,,,,
HEAD3,,J,INSTALAÇÕES ELÉTRICAS,UFCA,J0140,TÊ VERTICAL PARA DERIVAÇÃO EM ELETROCALHA 50x200mm - FORNECIMENTO E INSTALAÇÃO,UN,INSUMO,SEINFRA,I9566,"ARRUELA DE PRESSÃO 3/8"" AÇO CARBONO",UN,"12,000","0,1","1,20",,,,,,,
HEAD2,,J,INSTALAÇÕES ELÉTRICAS,UFCA,J0142,CURVA VERTICAL PARA ELETROCALHA 50x200mm - FORNECIMENTO E INSTALAÇÃO,UN,,,,,,,,,0,"10,27","48,64",0,0,"58,91",Baseado nos coeficientes da composição 10849/ORSE
HEAD3,,J,INSTALAÇÕES ELÉTRICAS,UFCA,J0142,CURVA VERTICAL PARA ELETROCALHA 50x200mm - FORNECIMENTO E INSTALAÇÃO,UN,MOBRA,SINAPI,88316,SERVENTE COM ENCARGOS COMPLEMENTARES,H,"0,2000","22,10","4,42",,,,,,,
HEAD3,,J,INSTALAÇÕES ELÉTRICAS,UFCA,J0142,CURVA VERTICAL PARA ELETROCALHA 50x200mm - FORNECIMENTO E INSTALAÇÃO,UN,MOBRA,SINAPI,88264,ELETRICISTA COM ENCARGOS COMPLEMENTARES,H,"0,2000","29,25","5,85",,,,,,,
HEAD3,,J,INSTALAÇÕES ELÉTRICAS,UFCA,J0142,CURVA VERTICAL PARA ELETROCALHA 50x200mm - FORNECIMENTO E INSTALAÇÃO,UN,INSUMO,ORSE,11797,"Curva vertical 200 x 50 mm para eletrocalha metálica, com ângulo 90° (ref.: m opa ou similar)",un,"1,000",44,"44,00",,,,,,,
HEAD3,,J,INSTALAÇÕES ELÉTRICAS,UFCA,J0142,CURVA VERTICAL PARA ELETROCALHA 50x200mm - FORNECIMENTO E INSTALAÇÃO,UN,INSUMO,SEINFRA,I9919,"PARAFUSO CABEÇA LENTILHA AUTO TRAVANTE 1/4"" X 1/2""",UN,"8,000","0,13","1,04",,,,,,,
HEAD3,,J,INSTALAÇÕES ELÉTRICAS,UFCA,J0142,CURVA VERTICAL PARA ELETROCALHA 50x200mm - FORNECIMENTO E INSTALAÇÃO,UN,INSUMO,SINAPI,39997,"PORCA ZINCADA, SEXTAVADA, DIAMETRO 1/4""                                                                                                                                                                                                                                                                                                                                                                                                                                                                   ",UN,"8,000","0,35","2,80",,,,,,,
HEAD3,,J,INSTALAÇÕES ELÉTRICAS,UFCA,J0142,CURVA VERTICAL PARA ELETROCALHA 50x200mm - FORNECIMENTO E INSTALAÇÃO,UN,INSUMO,SEINFRA,I9566,"ARRUELA DE PRESSÃO 3/8"" AÇO CARBONO",UN,"8,000","0,1","0,80",,,,,,,
HEAD2,,J,INSTALAÇÕES ELÉTRICAS,UFCA,J0144,CRUZETA PARA ELETROCALHA PERFURADA 50x200mm - FORNECIMENTO E INSTALAÇÃO,UN,,,,,,,,,0,"11,29","103,78",0,0,"115,07",Baseado nos coeficientes da composição 12679/ORSE
HEAD3,,J,INSTALAÇÕES ELÉTRICAS,UFCA,J0144,CRUZETA PARA ELETROCALHA PERFURADA 50x200mm - FORNECIMENTO E INSTALAÇÃO,UN,MOBRA,SINAPI,88316,SERVENTE COM ENCARGOS COMPLEMENTARES,H,"0,2200","22,10","4,86",,,,,,,
HEAD3,,J,INSTALAÇÕES ELÉTRICAS,UFCA,J0144,CRUZETA PARA ELETROCALHA PERFURADA 50x200mm - FORNECIMENTO E INSTALAÇÃO,UN,MOBRA,SINAPI,88264,ELETRICISTA COM ENCARGOS COMPLEMENTARES,H,"0,2200","29,25","6,43",,,,,,,
HEAD3,,J,INSTALAÇÕES ELÉTRICAS,UFCA,J0144,CRUZETA PARA ELETROCALHA PERFURADA 50x200mm - FORNECIMENTO E INSTALAÇÃO,UN,INSUMO,ORSE,13452,Cruzeta 200 x 50 mm para eletrocalha metálica lisa zincada (ref.: mopa ou sim ilar),un,"1,000","94,5","94,50",,,,,,,
HEAD3,,J,INSTALAÇÕES ELÉTRICAS,UFCA,J0144,CRUZETA PARA ELETROCALHA PERFURADA 50x200mm - FORNECIMENTO E INSTALAÇÃO,UN,INSUMO,SEINFRA,I9919,"PARAFUSO CABEÇA LENTILHA AUTO TRAVANTE 1/4"" X 1/2""",UN,"16,000","0,13","2,08",,,,,,,
HEAD3,,J,INSTALAÇÕES ELÉTRICAS,UFCA,J0144,CRUZETA PARA ELETROCALHA PERFURADA 50x200mm - FORNECIMENTO E INSTALAÇÃO,UN,INSUMO,SINAPI,39997,"PORCA ZINCADA, SEXTAVADA, DIAMETRO 1/4""                                                                                                                                                                                                                                                                                                                                                                                                                                                                   ",UN,"16,000","0,35","5,60",,,,,,,
HEAD3,,J,INSTALAÇÕES ELÉTRICAS,UFCA,J0144,CRUZETA PARA ELETROCALHA PERFURADA 50x200mm - FORNECIMENTO E INSTALAÇÃO,UN,INSUMO,SEINFRA,I9566,"ARRUELA DE PRESSÃO 3/8"" AÇO CARBONO",UN,"16,000","0,1","1,60",,,,,,,
HEAD2,,J,INSTALAÇÕES ELÉTRICAS,UFCA,J0147,"SUPORTE TIRANTE PARA ELETROCALHA 50x200mm COM VERGALHÃO, PORCAS, ARRUELAS E PARABOLTS - FORNECIMENTO E INSTALAÇÃO",UN,,,,,,,,,0,"10,27","13,32",0,0,"23,59",Baseado nos coeficientes da composição 12976/ORSE
HEAD3,,J,INSTALAÇÕES ELÉTRICAS,UFCA,J0147,"SUPORTE TIRANTE PARA ELETROCALHA 50x200mm COM VERGALHÃO, PORCAS, ARRUELAS E PARABOLTS - FORNECIMENTO E INSTALAÇÃO",UN,MOBRA,SINAPI,88316,SERVENTE COM ENCARGOS COMPLEMENTARES,H,"0,2000","22,10","4,42",,,,,,,
HEAD3,,J,INSTALAÇÕES ELÉTRICAS,UFCA,J0147,"SUPORTE TIRANTE PARA ELETROCALHA 50x200mm COM VERGALHÃO, PORCAS, ARRUELAS E PARABOLTS - FORNECIMENTO E INSTALAÇÃO",UN,MOBRA,SINAPI,88264,ELETRICISTA COM ENCARGOS COMPLEMENTARES,H,"0,2000","29,25","5,85",,,,,,,
HEAD3,,J,INSTALAÇÕES ELÉTRICAS,UFCA,J0147,"SUPORTE TIRANTE PARA ELETROCALHA 50x200mm COM VERGALHÃO, PORCAS, ARRUELAS E PARABOLTS - FORNECIMENTO E INSTALAÇÃO",UN,INSUMO,ORSE,13682,Suporte vertical  200 x50 mm  para fixação de eletrocalha metálica ( ref.: Mo pa ou similar),un,"1,000","8,5","8,50",,,,,,,
HEAD3,,J,INSTALAÇÕES ELÉTRICAS,UFCA,J0147,"SUPORTE TIRANTE PARA ELETROCALHA 50x200mm COM VERGALHÃO, PORCAS, ARRUELAS E PARABOLTS - FORNECIMENTO E INSTALAÇÃO",UN,INSUMO,SINAPI,39996,"VERGALHAO ZINCADO ROSCA TOTAL, 1/4"" (6,3 MM)                                                                                                                                                                                                                                                                                                                                                                                                                                                              ",M,"0,556","4,53","2,51",,,,,,,
HEAD3,,J,INSTALAÇÕES ELÉTRICAS,UFCA,J0147,"SUPORTE TIRANTE PARA ELETROCALHA 50x200mm COM VERGALHÃO, PORCAS, ARRUELAS E PARABOLTS - FORNECIMENTO E INSTALAÇÃO",UN,INSUMO,SINAPI,39997,"PORCA ZINCADA, SEXTAVADA, DIAMETRO 1/4""                                                                                                                                                                                                                                                                                                                                                                                                                                                                   ",UN,"2,000","0,35","0,70",,,,,,,
HEAD3,,J,INSTALAÇÕES ELÉTRICAS,UFCA,J0147,"SUPORTE TIRANTE PARA ELETROCALHA 50x200mm COM VERGALHÃO, PORCAS, ARRUELAS E PARABOLTS - FORNECIMENTO E INSTALAÇÃO",UN,INSUMO,SEINFRA,I9566,"ARRUELA DE PRESSÃO 3/8"" AÇO CARBONO",UN,"2,000","0,1","0,20",,,,,,,
HEAD3,,J,INSTALAÇÕES ELÉTRICAS,UFCA,J0147,"SUPORTE TIRANTE PARA ELETROCALHA 50x200mm COM VERGALHÃO, PORCAS, ARRUELAS E PARABOLTS - FORNECIMENTO E INSTALAÇÃO",UN,INSUMO,SINAPI,11976,"CHUMBADOR DE ACO ZINCADO, DIAMETRO 1/4"" COM PARAFUSO 1/4"" X 40 MM                                                                                                                                                                                                                                                                                                                                                                                                                                         ",UN,"1,000","1,41","1,41",,,,,,,
HEAD2,,J,INSTALAÇÕES ELÉTRICAS,UFCA,J0148,TERMINAL A COMPRESSÃO PARA CABO DE 150 mm² A 240mm²,UN,,,,,,,,,0,"10,58","37,98",0,0,"48,56",Baseado nos coeficientes da composição SEINFRA C2456
HEAD3,,J,INSTALAÇÕES ELÉTRICAS,UFCA,J0148,TERMINAL A COMPRESSÃO PARA CABO DE 150 mm² A 240mm²,UN,MOBRA,SINAPI,88247,AUXILIAR DE ELETRICISTA COM ENCARGOS COMPLEMENTARES,H,"0,2000","23,65","4,73",,,,,,,
HEAD3,,J,INSTALAÇÕES ELÉTRICAS,UFCA,J0148,TERMINAL A COMPRESSÃO PARA CABO DE 150 mm² A 240mm²,UN,MOBRA,SINAPI,88264,ELETRICISTA COM ENCARGOS COMPLEMENTARES,H,"0,2000","29,25","5,85",,,,,,,
HEAD3,,J,INSTALAÇÕES ELÉTRICAS,UFCA,J0148,TERMINAL A COMPRESSÃO PARA CABO DE 150 mm² A 240mm²,UN,INSUMO,SINAPI,11838,"TERMINAL METALICO A PRESSAO PARA 1 CABO DE 240 MM2, COM 1 FURO DE FIXACAO                                                                                                                                                                                                                                                                                                                                                                                                                                 ",UN,"1,000","37,98","37,98",,,,,,,
HEAD2,,J,INSTALAÇÕES ELÉTRICAS,UFCA,J0149,"GRUPO GERADOR 171/215 KVA, COM QUADRO AUTOMÁTICO - COMPLETO - APENAS FORNECIMENTO",UN,,,,,,,,,0,0,164320,0,0,164320,
HEAD3,,J,INSTALAÇÕES ELÉTRICAS,UFCA,J0149,"GRUPO GERADOR 171/215 KVA, COM QUADRO AUTOMÁTICO - COMPLETO - APENAS FORNECIMENTO",UN,INSUMO,SEINFRA,I6731,"GRUPO GERADOR 171/215 KVA, C/ QUADRO AUTOMÁTICO - COMPLETO, INCLUSIVE TANQUE DE COMBUSTÍVEL",UN,"1,000",164320,"164320,00",,,,,,,
HEAD2,,J,INSTALAÇÕES ELÉTRICAS,UFCA,J0150,"GRUPO GERADOR 171/215 KVA, COM QUADRO AUTOMÁTICO - COMPLETO - APENAS INSTALAÇÃO",UN,,,,,,,,,0,4176,0,0,0,4176,Baseado nos coeficientes da composição SEINFRA C3663
HEAD3,,J,INSTALAÇÕES ELÉTRICAS,UFCA,J0150,"GRUPO GERADOR 171/215 KVA, COM QUADRO AUTOMÁTICO - COMPLETO - APENAS INSTALAÇÃO",UN,MOBRA,SINAPI,88247,AUXILIAR DE ELETRICISTA COM ENCARGOS COMPLEMENTARES,H,"45,0000","23,65","1064,25",,,,,,,
HEAD3,,J,INSTALAÇÕES ELÉTRICAS,UFCA,J0150,"GRUPO GERADOR 171/215 KVA, COM QUADRO AUTOMÁTICO - COMPLETO - APENAS INSTALAÇÃO",UN,MOBRA,SINAPI,88264,ELETRICISTA COM ENCARGOS COMPLEMENTARES,H,"45,0000","29,25","1316,25",,,,,,,
HEAD3,,J,INSTALAÇÕES ELÉTRICAS,UFCA,J0150,"GRUPO GERADOR 171/215 KVA, COM QUADRO AUTOMÁTICO - COMPLETO - APENAS INSTALAÇÃO",UN,MOBRA,SINAPI,88266,ELETROTÉCNICO COM ENCARGOS COMPLEMENTARES,H,"45,000","39,90","1795,50",,,,,,,
HEAD2,,J,INSTALAÇÕES ELÉTRICAS,UFCA,J0151,CHAVE REVERSORA TRIPOLAR SOB CARGA 630 A - FORNECIMENTO E INSTALAÇÃO,UN,,,,,,,,,0,"306,2","5470,63",0,0,"5776,83",Baseado nos coeficientes da composição SEINFRA C4769
HEAD3,,J,INSTALAÇÕES ELÉTRICAS,UFCA,J0151,CHAVE REVERSORA TRIPOLAR SOB CARGA 630 A - FORNECIMENTO E INSTALAÇÃO,UN,MOBRA,SINAPI,88247,AUXILIAR DE ELETRICISTA COM ENCARGOS COMPLEMENTARES,H,"8,0000","23,65","189,20",,,,,,,
HEAD3,,J,INSTALAÇÕES ELÉTRICAS,UFCA,J0151,CHAVE REVERSORA TRIPOLAR SOB CARGA 630 A - FORNECIMENTO E INSTALAÇÃO,UN,MOBRA,SINAPI,88264,ELETRICISTA COM ENCARGOS COMPLEMENTARES,H,"4,0000","29,25","117,00",,,,,,,
HEAD3,,J,INSTALAÇÕES ELÉTRICAS,UFCA,J0151,CHAVE REVERSORA TRIPOLAR SOB CARGA 630 A - FORNECIMENTO E INSTALAÇÃO,UN,INSUMO,SEINFRA,I9072,CHAVE REVERSORA TRIPOLAR SOB CARGA 630A,UN,"1,000","5470,63","5470,63",,,,,,,
HEAD2,,J,INSTALAÇÕES ELÉTRICAS,UFCA,J0152,TRANSFORMADOR DE CORRENTE EM QD - FAIXA 400 A 500/5A - FORNECIMENTO E INSTALAÇÃO,UN,,,,,,,,,0,"26,44","161,57",0,0,"188,01",Baseado nos coeficientes da composição SEINFRA C2519
HEAD3,,J,INSTALAÇÕES ELÉTRICAS,UFCA,J0152,TRANSFORMADOR DE CORRENTE EM QD - FAIXA 400 A 500/5A - FORNECIMENTO E INSTALAÇÃO,UN,MOBRA,SINAPI,88247,AUXILIAR DE ELETRICISTA COM ENCARGOS COMPLEMENTARES,H,"0,5000","23,65","11,82",,,,,,,
HEAD3,,J,INSTALAÇÕES ELÉTRICAS,UFCA,J0152,TRANSFORMADOR DE CORRENTE EM QD - FAIXA 400 A 500/5A - FORNECIMENTO E INSTALAÇÃO,UN,MOBRA,SINAPI,88264,ELETRICISTA COM ENCARGOS COMPLEMENTARES,H,"0,5000","29,25","14,62",,,,,,,
HEAD3,,J,INSTALAÇÕES ELÉTRICAS,UFCA,J0152,TRANSFORMADOR DE CORRENTE EM QD - FAIXA 400 A 500/5A - FORNECIMENTO E INSTALAÇÃO,UN,INSUMO,SEINFRA,I2154,TRANSFORMADOR CORRENTE EM QD DE 400 - 500/5A,UN,"1,000","161,57","161,57",,,,,,,
HEAD2,,J,INSTALAÇÕES ELÉTRICAS,UFCA,J0153,PARA RAIO DE DISTRIBUIÇÃO 15 KV TIPO POLIMÉRICO - FORNECIMENTO E INSTALAÇÃO,UN,,,,,,,,,0,"79,34","206,11",0,0,"285,45",Baseado nos coeficientes da composição SEINFRA C2059
HEAD3,,J,INSTALAÇÕES ELÉTRICAS,UFCA,J0153,PARA RAIO DE DISTRIBUIÇÃO 15 KV TIPO POLIMÉRICO - FORNECIMENTO E INSTALAÇÃO,UN,MOBRA,SINAPI,88264,ELETRICISTA COM ENCARGOS COMPLEMENTARES,H,"1,5000","29,25","43,87",,,,,,,
HEAD3,,J,INSTALAÇÕES ELÉTRICAS,UFCA,J0153,PARA RAIO DE DISTRIBUIÇÃO 15 KV TIPO POLIMÉRICO - FORNECIMENTO E INSTALAÇÃO,UN,MOBRA,SINAPI,88247,AUXILIAR DE ELETRICISTA COM ENCARGOS COMPLEMENTARES,H,"1,5000","23,65","35,47",,,,,,,
HEAD3,,J,INSTALAÇÕES ELÉTRICAS,UFCA,J0153,PARA RAIO DE DISTRIBUIÇÃO 15 KV TIPO POLIMÉRICO - FORNECIMENTO E INSTALAÇÃO,UN,INSUMO,SINAPI,4276,"PARA-RAIOS DE DISTRIBUICAO, TENSAO NOMINAL 15 KV, CORRENTE NOMINAL DE DESCARGA 5 KA                                                                                                                                                                                                                                                                                                                                                                                                                       ",UN,"1,000","206,11","206,11",,,,,,,
HEAD2,,J,INSTALAÇÕES ELÉTRICAS,UFCA,J0154,FITA DE INOX P/ FIXAÇÃO DE ELETRODUTO - FORNECIMENTO E INSTALAÇÃO,M,,,,,,,,,0,"6,73","3,42",0,0,"10,15",Baseado nos coeficientes da composição SINAPI 104785
HEAD3,,J,INSTALAÇÕES ELÉTRICAS,UFCA,J0154,FITA DE INOX P/ FIXAÇÃO DE ELETRODUTO - FORNECIMENTO E INSTALAÇÃO,M,MOBRA,SINAPI,88264,ELETRICISTA COM ENCARGOS COMPLEMENTARES,H,"0,1946","29,25","5,69",,,,,,,
HEAD3,,J,INSTALAÇÕES ELÉTRICAS,UFCA,J0154,FITA DE INOX P/ FIXAÇÃO DE ELETRODUTO - FORNECIMENTO E INSTALAÇÃO,M,MOBRA,SINAPI,88247,AUXILIAR DE ELETRICISTA COM ENCARGOS COMPLEMENTARES,H,"0,0442","23,65","1,04",,,,,,,
HEAD3,,J,INSTALAÇÕES ELÉTRICAS,UFCA,J0154,FITA DE INOX P/ FIXAÇÃO DE ELETRODUTO - FORNECIMENTO E INSTALAÇÃO,M,INSUMO,SEINFRA,I6422,FITA DE INOX P/ FIXAÇÃO DO ELETRODUTO NO POSTE,M,"1,000","3,42","3,42",,,,,,,
HEAD2,,J,INSTALAÇÕES ELÉTRICAS,UFCA,J0155,CONECTOR CUNHA - FORNECIMENTO E INSTALAÇÃO,UN,,,,,,,,,0,"10,58","14,13",0,0,"24,71",Baseado nos coeficientes da composição SEINFRA C2457
HEAD3,,J,INSTALAÇÕES ELÉTRICAS,UFCA,J0155,CONECTOR CUNHA - FORNECIMENTO E INSTALAÇÃO,UN,MOBRA,SINAPI,88264,ELETRICISTA COM ENCARGOS COMPLEMENTARES,H,"0,2000","29,25","5,85",,,,,,,
HEAD3,,J,INSTALAÇÕES ELÉTRICAS,UFCA,J0155,CONECTOR CUNHA - FORNECIMENTO E INSTALAÇÃO,UN,MOBRA,SINAPI,88247,AUXILIAR DE ELETRICISTA COM ENCARGOS COMPLEMENTARES,H,"0,2000","23,65","4,73",,,,,,,
HEAD3,,J,INSTALAÇÕES ELÉTRICAS,UFCA,J0155,CONECTOR CUNHA - FORNECIMENTO E INSTALAÇÃO,UN,INSUMO,ORSE,3258,Conector cunha 4 x 1/0 AWG CAA,Un,"1,000","14,13","14,13",,,,,,,
HEAD2,,J,INSTALAÇÕES ELÉTRICAS,UFCA,J0156,ESTRUTURA TIPO CFR (CONJUNTO TRIFÁSICO DE CHAVE FUSÍVEIS EM CRUZETA REBAIXADA),UN,,,,,,,,,0,"104,61","1408,28",0,0,"1512,89",Baseado nos coeficientes da composição SINAPI 101636
HEAD3,,J,INSTALAÇÕES ELÉTRICAS,UFCA,J0156,ESTRUTURA TIPO CFR (CONJUNTO TRIFÁSICO DE CHAVE FUSÍVEIS EM CRUZETA REBAIXADA),UN,MOBRA,SINAPI,5928,"GUINDAUTO HIDRÁULICO, CAPACIDADE MÁXIMA DE CARGA 6200 KG, MOMENTO MÁXIMO DE CARGA 11,7 TM, ALCANCE MÁXIMO HORIZONTAL 9,70 M, INCLUSIVE CAMINHÃO TOCO PBT 16.000 KG, POTÊNCIA DE 189 CV - CHP DIURNO. AF_06/2014",CHP,"0,2388","289,07","69,02",,,,,,,
HEAD3,,J,INSTALAÇÕES ELÉTRICAS,UFCA,J0156,ESTRUTURA TIPO CFR (CONJUNTO TRIFÁSICO DE CHAVE FUSÍVEIS EM CRUZETA REBAIXADA),UN,MOBRA,SINAPI,88264,ELETRICISTA COM ENCARGOS COMPLEMENTARES,H,"0,6730","29,25","19,68",,,,,,,
HEAD3,,J,INSTALAÇÕES ELÉTRICAS,UFCA,J0156,ESTRUTURA TIPO CFR (CONJUNTO TRIFÁSICO DE CHAVE FUSÍVEIS EM CRUZETA REBAIXADA),UN,MOBRA,SINAPI,88247,AUXILIAR DE ELETRICISTA COM ENCARGOS COMPLEMENTARES,H,"0,673","23,65","15,91",,,,,,,
HEAD3,,J,INSTALAÇÕES ELÉTRICAS,UFCA,J0156,ESTRUTURA TIPO CFR (CONJUNTO TRIFÁSICO DE CHAVE FUSÍVEIS EM CRUZETA REBAIXADA),UN,INSUMO,SINAPI,379,"ARRUELA QUADRADA EM ACO GALVANIZADO, DIMENSAO = 38 MM, ESPESSURA = 3MM, DIAMETRO DO FURO= 18 MM                                                                                                                                                                                                                                                                                                                                                                                                           ",UN,"16,0000","1,44","23,04",,,,,,,
HEAD3,,J,INSTALAÇÕES ELÉTRICAS,UFCA,J0156,ESTRUTURA TIPO CFR (CONJUNTO TRIFÁSICO DE CHAVE FUSÍVEIS EM CRUZETA REBAIXADA),UN,INSUMO,SEINFRA,I8072,PORCA QUADRADA PARA PARAFUSO M16 x 2,UN,"16,0000","1,01","16,16",,,,,,,
HEAD3,,J,INSTALAÇÕES ELÉTRICAS,UFCA,J0156,ESTRUTURA TIPO CFR (CONJUNTO TRIFÁSICO DE CHAVE FUSÍVEIS EM CRUZETA REBAIXADA),UN,INSUMO,SEINFRA,I0549,CHAVE FUSIVEL INDICADORA 15KV/50A-RUPTURA 1200A,UN,"3,000","357,28","1071,84",,,,,,,
HEAD3,,J,INSTALAÇÕES ELÉTRICAS,UFCA,J0156,ESTRUTURA TIPO CFR (CONJUNTO TRIFÁSICO DE CHAVE FUSÍVEIS EM CRUZETA REBAIXADA),UN,INSUMO,SEINFRA,I9066,"ELO FUSIVEL
",UN,"3,0000","2,82","8,46",,,,,,,
HEAD3,,J,INSTALAÇÕES ELÉTRICAS,UFCA,J0156,ESTRUTURA TIPO CFR (CONJUNTO TRIFÁSICO DE CHAVE FUSÍVEIS EM CRUZETA REBAIXADA),UN,INSUMO,SINAPI,11790,"PARAFUSO M16 EM ACO GALVANIZADO, COMPRIMENTO = 450 MM, DIAMETRO = 16 MM, ROSCA MAQUINA, CABECA QUADRADA                                                                                                                                                                                                                                                                                                                                                                                                   ",UN,"4,0000","32,19","128,76",,,,,,,
HEAD3,,J,INSTALAÇÕES ELÉTRICAS,UFCA,J0156,ESTRUTURA TIPO CFR (CONJUNTO TRIFÁSICO DE CHAVE FUSÍVEIS EM CRUZETA REBAIXADA),UN,INSUMO,SEINFRA,I0914,CRUZETA EM CONCRETO ARMADO-PADRÃO COELCE,UN,"2,000","80,01","160,02",,,,,,,
HEAD2,,J,INSTALAÇÕES ELÉTRICAS,UFCA,J0157,ESTRUTURA DE REDE DE DISTRIBUIÇÃO PADRÃO ENEL/CE TIPO N3 - FORNECIMENTO E INSTALAÇÃO,UN,,,,,,,,,0,"104,61","708,76",0,0,"813,37",Baseado nos coeficientes da composição SINAPI 101636
HEAD3,,J,INSTALAÇÕES ELÉTRICAS,UFCA,J0157,ESTRUTURA DE REDE DE DISTRIBUIÇÃO PADRÃO ENEL/CE TIPO N3 - FORNECIMENTO E INSTALAÇÃO,UN,MOBRA,SINAPI,5928,"GUINDAUTO HIDRÁULICO, CAPACIDADE MÁXIMA DE CARGA 6200 KG, MOMENTO MÁXIMO DE CARGA 11,7 TM, ALCANCE MÁXIMO HORIZONTAL 9,70 M, INCLUSIVE CAMINHÃO TOCO PBT 16.000 KG, POTÊNCIA DE 189 CV - CHP DIURNO. AF_06/2014",CHP,"0,2388","289,07","69,02",,,,,,,
HEAD3,,J,INSTALAÇÕES ELÉTRICAS,UFCA,J0157,ESTRUTURA DE REDE DE DISTRIBUIÇÃO PADRÃO ENEL/CE TIPO N3 - FORNECIMENTO E INSTALAÇÃO,UN,MOBRA,SINAPI,88264,ELETRICISTA COM ENCARGOS COMPLEMENTARES,H,"0,6730","29,25","19,68",,,,,,,
HEAD3,,J,INSTALAÇÕES ELÉTRICAS,UFCA,J0157,ESTRUTURA DE REDE DE DISTRIBUIÇÃO PADRÃO ENEL/CE TIPO N3 - FORNECIMENTO E INSTALAÇÃO,UN,MOBRA,SINAPI,88247,AUXILIAR DE ELETRICISTA COM ENCARGOS COMPLEMENTARES,H,"0,673","23,65","15,91",,,,,,,
HEAD3,,J,INSTALAÇÕES ELÉTRICAS,UFCA,J0157,ESTRUTURA DE REDE DE DISTRIBUIÇÃO PADRÃO ENEL/CE TIPO N3 - FORNECIMENTO E INSTALAÇÃO,UN,INSUMO,SINAPI,379,"ARRUELA QUADRADA EM ACO GALVANIZADO, DIMENSAO = 38 MM, ESPESSURA = 3MM, DIAMETRO DO FURO= 18 MM                                                                                                                                                                                                                                                                                                                                                                                                           ",UN,"9,0000","1,44","12,96",,,,,,,
HEAD3,,J,INSTALAÇÕES ELÉTRICAS,UFCA,J0157,ESTRUTURA DE REDE DE DISTRIBUIÇÃO PADRÃO ENEL/CE TIPO N3 - FORNECIMENTO E INSTALAÇÃO,UN,INSUMO,SINAPI,13348,"ARRUELA EM ACO GALVANIZADO, DIAMETRO EXTERNO = 35MM, ESPESSURA = 3MM, DIAMETRO DO FURO= 18MM                                                                                                                                                                                                                                                                                                                                                                                                              ",UN,"3,0000","1,64","4,92",,,,,,,
HEAD3,,J,INSTALAÇÕES ELÉTRICAS,UFCA,J0157,ESTRUTURA DE REDE DE DISTRIBUIÇÃO PADRÃO ENEL/CE TIPO N3 - FORNECIMENTO E INSTALAÇÃO,UN,INSUMO,SEINFRA,I8072,PORCA QUADRADA PARA PARAFUSO M16 x 2,UN,"8,000","1,01","8,08",,,,,,,
HEAD3,,J,INSTALAÇÕES ELÉTRICAS,UFCA,J0157,ESTRUTURA DE REDE DE DISTRIBUIÇÃO PADRÃO ENEL/CE TIPO N3 - FORNECIMENTO E INSTALAÇÃO,UN,INSUMO,SINAPI,402,"GANCHO OLHAL EM ACO GALVANIZADO, ESPESSURA 16MM, ABERTURA 21MM                                                                                                                                                                                                                                                                                                                                                                                                                                            ",UN,"3,0000","12,82","38,46",,,,,,,
HEAD3,,J,INSTALAÇÕES ELÉTRICAS,UFCA,J0157,ESTRUTURA DE REDE DE DISTRIBUIÇÃO PADRÃO ENEL/CE TIPO N3 - FORNECIMENTO E INSTALAÇÃO,UN,INSUMO,SEINFRA,I8077,MANILHA SAPATILHA PARA ALÇA PREFORMADA,UN,"3,0000","10,04","30,12",,,,,,,
HEAD3,,J,INSTALAÇÕES ELÉTRICAS,UFCA,J0157,ESTRUTURA DE REDE DE DISTRIBUIÇÃO PADRÃO ENEL/CE TIPO N3 - FORNECIMENTO E INSTALAÇÃO,UN,INSUMO,SEINFRA,I8078,OLHAL PARA PARAFUSO,UN,"3,000","11,6","34,80",,,,,,,
HEAD3,,J,INSTALAÇÕES ELÉTRICAS,UFCA,J0157,ESTRUTURA DE REDE DE DISTRIBUIÇÃO PADRÃO ENEL/CE TIPO N3 - FORNECIMENTO E INSTALAÇÃO,UN,INSUMO,SINAPI,437,"PARAFUSO M16 EM ACO GALVANIZADO, COMPRIMENTO = 400 MM, DIAMETRO = 16 MM, ROSCA DUPLA                                                                                                                                                                                                                                                                                                                                                                                                                      ",UN,"4,000","28,38","113,52",,,,,,,
HEAD3,,J,INSTALAÇÕES ELÉTRICAS,UFCA,J0157,ESTRUTURA DE REDE DE DISTRIBUIÇÃO PADRÃO ENEL/CE TIPO N3 - FORNECIMENTO E INSTALAÇÃO,UN,INSUMO,SINAPI,3405,"ISOLADOR DE PORCELANA SUSPENSO, DISCO TIPO GARFO OLHAL, DIAMETRO DE 152 MM, PARA TENSAO DE *15* KV                                                                                                                                                                                                                                                                                                                                                                                                        ",UN,"3,0000","96,54","289,62",,,,,,,
HEAD3,,J,INSTALAÇÕES ELÉTRICAS,UFCA,J0157,ESTRUTURA DE REDE DE DISTRIBUIÇÃO PADRÃO ENEL/CE TIPO N3 - FORNECIMENTO E INSTALAÇÃO,UN,INSUMO,SEINFRA,I8212,"ALÇA PREFORMADA DE DISTRIBUIÇÃO PARA CONDUTOR DE ALUMÍNIO 2,0 AWG",UN,"3,0000","5,42","16,26",,,,,,,
HEAD3,,J,INSTALAÇÕES ELÉTRICAS,UFCA,J0157,ESTRUTURA DE REDE DE DISTRIBUIÇÃO PADRÃO ENEL/CE TIPO N3 - FORNECIMENTO E INSTALAÇÃO,UN,INSUMO,SEINFRA,I0914,CRUZETA EM CONCRETO ARMADO-PADRÃO COELCE,UN,"2,000","80,01","160,02",,,,,,,
HEAD2,,J,INSTALAÇÕES ELÉTRICAS,UFCA,J0158,"CABO DE ALUMÍNIO SIMPLES, TIPO CAA, BITOLA 4 AWG - FORNECIMENTO E INSTALAÇÃO",M,,,,,,,,,0,"0,14","4,15",0,0,"4,29",Baseado nos coeficientes da composição SINAPI 101562
HEAD3,,J,INSTALAÇÕES ELÉTRICAS,UFCA,J0158,"CABO DE ALUMÍNIO SIMPLES, TIPO CAA, BITOLA 4 AWG - FORNECIMENTO E INSTALAÇÃO",M,MOBRA,SINAPI,88264,ELETRICISTA COM ENCARGOS COMPLEMENTARES,H,"0,0029","29,25","0,08",,,,,,,
HEAD3,,J,INSTALAÇÕES ELÉTRICAS,UFCA,J0158,"CABO DE ALUMÍNIO SIMPLES, TIPO CAA, BITOLA 4 AWG - FORNECIMENTO E INSTALAÇÃO",M,MOBRA,SINAPI,88247,AUXILIAR DE ELETRICISTA COM ENCARGOS COMPLEMENTARES,H,"0,0029","23,65","0,06",,,,,,,
HEAD3,,J,INSTALAÇÕES ELÉTRICAS,UFCA,J0158,"CABO DE ALUMÍNIO SIMPLES, TIPO CAA, BITOLA 4 AWG - FORNECIMENTO E INSTALAÇÃO",M,INSUMO,SINAPI,841,"CABO DE ALUMINIO NU COM ALMA DE ACO, BITOLA 4 AWG                                                                                                                                                                                                                                                                                                                                                                                                                                                         ",KG,"0,086","48,51","4,15",,,,,,,
HEAD2,,J,INSTALAÇÕES ELÉTRICAS,UFCA,J0159,"REMOÇÃO DE POSTE 12 M, CARGA NOMINAL MENOR OU IGUAL A 1000 DAN, ENGASTAMENTO SIMPLES COM 1,8 M",UN,,,,,,,,,0,"205,57",0,0,0,"205,57",Baseado nos coeficientes da composição SINAPI 100585
HEAD3,,J,INSTALAÇÕES ELÉTRICAS,UFCA,J0159,"REMOÇÃO DE POSTE 12 M, CARGA NOMINAL MENOR OU IGUAL A 1000 DAN, ENGASTAMENTO SIMPLES COM 1,8 M",UN,MOBRA,SINAPI,5928,"GUINDAUTO HIDRÁULICO, CAPACIDADE MÁXIMA DE CARGA 6200 KG, MOMENTO MÁXIMO DE CARGA 11,7 TM, ALCANCE MÁXIMO HORIZONTAL 9,70 M, INCLUSIVE CAMINHÃO TOCO PBT 16.000 KG, POTÊNCIA DE 189 CV - CHP DIURNO. AF_06/2014",CHP,"0,0800","289,07","23,12",,,,,,,
HEAD3,,J,INSTALAÇÕES ELÉTRICAS,UFCA,J0159,"REMOÇÃO DE POSTE 12 M, CARGA NOMINAL MENOR OU IGUAL A 1000 DAN, ENGASTAMENTO SIMPLES COM 1,8 M",UN,MOBRA,SINAPI,88264,ELETRICISTA COM ENCARGOS COMPLEMENTARES,H,"4,9950","29,25","146,10",,,,,,,
HEAD3,,J,INSTALAÇÕES ELÉTRICAS,UFCA,J0159,"REMOÇÃO DE POSTE 12 M, CARGA NOMINAL MENOR OU IGUAL A 1000 DAN, ENGASTAMENTO SIMPLES COM 1,8 M",UN,MOBRA,SINAPI,88247,AUXILIAR DE ELETRICISTA COM ENCARGOS COMPLEMENTARES,H,"1,537","23,65","36,35",,,,,,,
HEAD2,,J,INSTALAÇÕES ELÉTRICAS,UFCA,J0160,"ESTRUTURA DE REDE DE DISTRIBUIÇÃO PADRÃO ENEL/CE TIPO N1, M1 OU B1 - FORNECIMENTO E INSTALAÇÃO",UN,,,,,,,,,0,"104,61","290,8",0,0,"395,41",Baseado nos coeficientes da composição SINAPI 101636
HEAD3,,J,INSTALAÇÕES ELÉTRICAS,UFCA,J0160,"ESTRUTURA DE REDE DE DISTRIBUIÇÃO PADRÃO ENEL/CE TIPO N1, M1 OU B1 - FORNECIMENTO E INSTALAÇÃO",UN,MOBRA,SINAPI,5928,"GUINDAUTO HIDRÁULICO, CAPACIDADE MÁXIMA DE CARGA 6200 KG, MOMENTO MÁXIMO DE CARGA 11,7 TM, ALCANCE MÁXIMO HORIZONTAL 9,70 M, INCLUSIVE CAMINHÃO TOCO PBT 16.000 KG, POTÊNCIA DE 189 CV - CHP DIURNO. AF_06/2014",CHP,"0,2388","289,07","69,02",,,,,,,
HEAD3,,J,INSTALAÇÕES ELÉTRICAS,UFCA,J0160,"ESTRUTURA DE REDE DE DISTRIBUIÇÃO PADRÃO ENEL/CE TIPO N1, M1 OU B1 - FORNECIMENTO E INSTALAÇÃO",UN,MOBRA,SINAPI,88264,ELETRICISTA COM ENCARGOS COMPLEMENTARES,H,"0,6730","29,25","19,68",,,,,,,
HEAD3,,J,INSTALAÇÕES ELÉTRICAS,UFCA,J0160,"ESTRUTURA DE REDE DE DISTRIBUIÇÃO PADRÃO ENEL/CE TIPO N1, M1 OU B1 - FORNECIMENTO E INSTALAÇÃO",UN,MOBRA,SINAPI,88247,AUXILIAR DE ELETRICISTA COM ENCARGOS COMPLEMENTARES,H,"0,673","23,65","15,91",,,,,,,
HEAD3,,J,INSTALAÇÕES ELÉTRICAS,UFCA,J0160,"ESTRUTURA DE REDE DE DISTRIBUIÇÃO PADRÃO ENEL/CE TIPO N1, M1 OU B1 - FORNECIMENTO E INSTALAÇÃO",UN,INSUMO,SINAPI,379,"ARRUELA QUADRADA EM ACO GALVANIZADO, DIMENSAO = 38 MM, ESPESSURA = 3MM, DIAMETRO DO FURO= 18 MM                                                                                                                                                                                                                                                                                                                                                                                                           ",UN,"4,0000","1,44","5,76",,,,,,,
HEAD3,,J,INSTALAÇÕES ELÉTRICAS,UFCA,J0160,"ESTRUTURA DE REDE DE DISTRIBUIÇÃO PADRÃO ENEL/CE TIPO N1, M1 OU B1 - FORNECIMENTO E INSTALAÇÃO",UN,INSUMO,SINAPI,432,"PARAFUSO M16 EM ACO GALVANIZADO, COMPRIMENTO = 250 MM, DIAMETRO = 16 MM, ROSCA MAQUINA, CABECA QUADRADA                                                                                                                                                                                                                                                                                                                                                                                                   ",UN,"2,0000","15,93","31,86",,,,,,,
HEAD3,,J,INSTALAÇÕES ELÉTRICAS,UFCA,J0160,"ESTRUTURA DE REDE DE DISTRIBUIÇÃO PADRÃO ENEL/CE TIPO N1, M1 OU B1 - FORNECIMENTO E INSTALAÇÃO",UN,INSUMO,SEINFRA,I8072,PORCA QUADRADA PARA PARAFUSO M16 x 2,UN,"2,000","1,01","2,02",,,,,,,
HEAD3,,J,INSTALAÇÕES ELÉTRICAS,UFCA,J0160,"ESTRUTURA DE REDE DE DISTRIBUIÇÃO PADRÃO ENEL/CE TIPO N1, M1 OU B1 - FORNECIMENTO E INSTALAÇÃO",UN,INSUMO,SINAPI,3406,"ISOLADOR DE PORCELANA, TIPO PINO MONOCORPO, PARA TENSAO DE *15* KV                                                                                                                                                                                                                                                                                                                                                                                                                                        ",UN,"3,0000","29,55","88,65",,,,,,,
HEAD3,,J,INSTALAÇÕES ELÉTRICAS,UFCA,J0160,"ESTRUTURA DE REDE DE DISTRIBUIÇÃO PADRÃO ENEL/CE TIPO N1, M1 OU B1 - FORNECIMENTO E INSTALAÇÃO",UN,INSUMO,ORSE,958,Fio alumínio recozido para amarração 6 awg,kg,"0,1200","52,5","6,30",,,,,,,
HEAD3,,J,INSTALAÇÕES ELÉTRICAS,UFCA,J0160,"ESTRUTURA DE REDE DE DISTRIBUIÇÃO PADRÃO ENEL/CE TIPO N1, M1 OU B1 - FORNECIMENTO E INSTALAÇÃO",UN,INSUMO,SEINFRA,I0914,CRUZETA EM CONCRETO ARMADO-PADRÃO COELCE,UN,"1,000","80,01","80,01",,,,,,,
HEAD3,,J,INSTALAÇÕES ELÉTRICAS,UFCA,J0160,"ESTRUTURA DE REDE DE DISTRIBUIÇÃO PADRÃO ENEL/CE TIPO N1, M1 OU B1 - FORNECIMENTO E INSTALAÇÃO",UN,INSUMO,SINAPI,444,"PINO ROSCA EXTERNA, EM ACO GALVANIZADO, PARA ISOLADOR DE 15KV, DIAMETRO 25 MM, COMPRIMENTO *290* MM                                                                                                                                                                                                                                                                                                                                                                                                       ",UN,"3,000","25,40","76,20",,,,,,,
HEAD2,,J,INSTALAÇÕES ELÉTRICAS,UFCA,J0161,"ESTRUTURA DE REDE DE DISTRIBUIÇÃO PADRÃO ENEL/CE TIPO N2, M2 OU B2 - FORNECIMENTO E INSTALAÇÃO",UN,,,,,,,,,0,"104,61","613,12",0,0,"717,73",Baseado nos coeficientes da composição SINAPI 101636
HEAD3,,J,INSTALAÇÕES ELÉTRICAS,UFCA,J0161,"ESTRUTURA DE REDE DE DISTRIBUIÇÃO PADRÃO ENEL/CE TIPO N2, M2 OU B2 - FORNECIMENTO E INSTALAÇÃO",UN,MOBRA,SINAPI,5928,"GUINDAUTO HIDRÁULICO, CAPACIDADE MÁXIMA DE CARGA 6200 KG, MOMENTO MÁXIMO DE CARGA 11,7 TM, ALCANCE MÁXIMO HORIZONTAL 9,70 M, INCLUSIVE CAMINHÃO TOCO PBT 16.000 KG, POTÊNCIA DE 189 CV - CHP DIURNO. AF_06/2014",CHP,"0,2388","289,07","69,02",,,,,,,
HEAD3,,J,INSTALAÇÕES ELÉTRICAS,UFCA,J0161,"ESTRUTURA DE REDE DE DISTRIBUIÇÃO PADRÃO ENEL/CE TIPO N2, M2 OU B2 - FORNECIMENTO E INSTALAÇÃO",UN,MOBRA,SINAPI,88264,ELETRICISTA COM ENCARGOS COMPLEMENTARES,H,"0,6730","29,25","19,68",,,,,,,
HEAD3,,J,INSTALAÇÕES ELÉTRICAS,UFCA,J0161,"ESTRUTURA DE REDE DE DISTRIBUIÇÃO PADRÃO ENEL/CE TIPO N2, M2 OU B2 - FORNECIMENTO E INSTALAÇÃO",UN,MOBRA,SINAPI,88247,AUXILIAR DE ELETRICISTA COM ENCARGOS COMPLEMENTARES,H,"0,673","23,65","15,91",,,,,,,
HEAD3,,J,INSTALAÇÕES ELÉTRICAS,UFCA,J0161,"ESTRUTURA DE REDE DE DISTRIBUIÇÃO PADRÃO ENEL/CE TIPO N2, M2 OU B2 - FORNECIMENTO E INSTALAÇÃO",UN,INSUMO,SINAPI,379,"ARRUELA QUADRADA EM ACO GALVANIZADO, DIMENSAO = 38 MM, ESPESSURA = 3MM, DIAMETRO DO FURO= 18 MM                                                                                                                                                                                                                                                                                                                                                                                                           ",UN,"12,0000","1,44","17,28",,,,,,,
HEAD3,,J,INSTALAÇÕES ELÉTRICAS,UFCA,J0161,"ESTRUTURA DE REDE DE DISTRIBUIÇÃO PADRÃO ENEL/CE TIPO N2, M2 OU B2 - FORNECIMENTO E INSTALAÇÃO",UN,INSUMO,SEINFRA,I8072,PORCA QUADRADA PARA PARAFUSO M16 x 2,UN,"8,0000","1,01","8,08",,,,,,,
HEAD3,,J,INSTALAÇÕES ELÉTRICAS,UFCA,J0161,"ESTRUTURA DE REDE DE DISTRIBUIÇÃO PADRÃO ENEL/CE TIPO N2, M2 OU B2 - FORNECIMENTO E INSTALAÇÃO",UN,INSUMO,SINAPI,433,"PARAFUSO M16 EM ACO GALVANIZADO, COMPRIMENTO = 350 MM, DIAMETRO = 16 MM, ROSCA MAQUINA, CABECA QUADRADA                                                                                                                                                                                                                                                                                                                                                                                                   ",UN,"4,000","21,36","85,44",,,,,,,
HEAD3,,J,INSTALAÇÕES ELÉTRICAS,UFCA,J0161,"ESTRUTURA DE REDE DE DISTRIBUIÇÃO PADRÃO ENEL/CE TIPO N2, M2 OU B2 - FORNECIMENTO E INSTALAÇÃO",UN,INSUMO,SINAPI,3406,"ISOLADOR DE PORCELANA, TIPO PINO MONOCORPO, PARA TENSAO DE *15* KV                                                                                                                                                                                                                                                                                                                                                                                                                                        ",UN,"6,0000","29,55","177,30",,,,,,,
HEAD3,,J,INSTALAÇÕES ELÉTRICAS,UFCA,J0161,"ESTRUTURA DE REDE DE DISTRIBUIÇÃO PADRÃO ENEL/CE TIPO N2, M2 OU B2 - FORNECIMENTO E INSTALAÇÃO",UN,INSUMO,ORSE,958,Fio alumínio recozido para amarração 6 awg,kg,"0,2400","52,5","12,60",,,,,,,
HEAD3,,J,INSTALAÇÕES ELÉTRICAS,UFCA,J0161,"ESTRUTURA DE REDE DE DISTRIBUIÇÃO PADRÃO ENEL/CE TIPO N2, M2 OU B2 - FORNECIMENTO E INSTALAÇÃO",UN,INSUMO,SEINFRA,I0914,CRUZETA EM CONCRETO ARMADO-PADRÃO COELCE,UN,"2,000","80,01","160,02",,,,,,,
HEAD3,,J,INSTALAÇÕES ELÉTRICAS,UFCA,J0161,"ESTRUTURA DE REDE DE DISTRIBUIÇÃO PADRÃO ENEL/CE TIPO N2, M2 OU B2 - FORNECIMENTO E INSTALAÇÃO",UN,INSUMO,SINAPI,444,"PINO ROSCA EXTERNA, EM ACO GALVANIZADO, PARA ISOLADOR DE 15KV, DIAMETRO 25 MM, COMPRIMENTO *290* MM                                                                                                                                                                                                                                                                                                                                                                                                       ",UN,"6,000","25,40","152,40",,,,,,,
HEAD2,,J,INSTALAÇÕES ELÉTRICAS,UFCA,J0162,ESTRUTURA DE REDE DE DISTRIBUIÇÃO PADRÃO ENEL/CE TIPO N4 - FORNECIMENTO E INSTALAÇÃO,UN,,,,,,,,,0,"104,61","1336,48",0,0,"1441,09",Baseado nos coeficientes da composição SINAPI 101636
HEAD3,,J,INSTALAÇÕES ELÉTRICAS,UFCA,J0162,ESTRUTURA DE REDE DE DISTRIBUIÇÃO PADRÃO ENEL/CE TIPO N4 - FORNECIMENTO E INSTALAÇÃO,UN,MOBRA,SINAPI,5928,"GUINDAUTO HIDRÁULICO, CAPACIDADE MÁXIMA DE CARGA 6200 KG, MOMENTO MÁXIMO DE CARGA 11,7 TM, ALCANCE MÁXIMO HORIZONTAL 9,70 M, INCLUSIVE CAMINHÃO TOCO PBT 16.000 KG, POTÊNCIA DE 189 CV - CHP DIURNO. AF_06/2014",CHP,"0,2388","289,07","69,02",,,,,,,
HEAD3,,J,INSTALAÇÕES ELÉTRICAS,UFCA,J0162,ESTRUTURA DE REDE DE DISTRIBUIÇÃO PADRÃO ENEL/CE TIPO N4 - FORNECIMENTO E INSTALAÇÃO,UN,MOBRA,SINAPI,88264,ELETRICISTA COM ENCARGOS COMPLEMENTARES,H,"0,6730","29,25","19,68",,,,,,,
HEAD3,,J,INSTALAÇÕES ELÉTRICAS,UFCA,J0162,ESTRUTURA DE REDE DE DISTRIBUIÇÃO PADRÃO ENEL/CE TIPO N4 - FORNECIMENTO E INSTALAÇÃO,UN,MOBRA,SINAPI,88247,AUXILIAR DE ELETRICISTA COM ENCARGOS COMPLEMENTARES,H,"0,673","23,65","15,91",,,,,,,
HEAD3,,J,INSTALAÇÕES ELÉTRICAS,UFCA,J0162,ESTRUTURA DE REDE DE DISTRIBUIÇÃO PADRÃO ENEL/CE TIPO N4 - FORNECIMENTO E INSTALAÇÃO,UN,INSUMO,SINAPI,379,"ARRUELA QUADRADA EM ACO GALVANIZADO, DIMENSAO = 38 MM, ESPESSURA = 3MM, DIAMETRO DO FURO= 18 MM                                                                                                                                                                                                                                                                                                                                                                                                           ",UN,"9,0000","1,44","12,96",,,,,,,
HEAD3,,J,INSTALAÇÕES ELÉTRICAS,UFCA,J0162,ESTRUTURA DE REDE DE DISTRIBUIÇÃO PADRÃO ENEL/CE TIPO N4 - FORNECIMENTO E INSTALAÇÃO,UN,INSUMO,SINAPI,13348,"ARRUELA EM ACO GALVANIZADO, DIAMETRO EXTERNO = 35MM, ESPESSURA = 3MM, DIAMETRO DO FURO= 18MM                                                                                                                                                                                                                                                                                                                                                                                                              ",UN,"6,0000","1,64","9,84",,,,,,,
HEAD3,,J,INSTALAÇÕES ELÉTRICAS,UFCA,J0162,ESTRUTURA DE REDE DE DISTRIBUIÇÃO PADRÃO ENEL/CE TIPO N4 - FORNECIMENTO E INSTALAÇÃO,UN,INSUMO,SEINFRA,I8072,PORCA QUADRADA PARA PARAFUSO M16 x 2,UN,"8,000","1,01","8,08",,,,,,,
HEAD3,,J,INSTALAÇÕES ELÉTRICAS,UFCA,J0162,ESTRUTURA DE REDE DE DISTRIBUIÇÃO PADRÃO ENEL/CE TIPO N4 - FORNECIMENTO E INSTALAÇÃO,UN,INSUMO,SINAPI,402,"GANCHO OLHAL EM ACO GALVANIZADO, ESPESSURA 16MM, ABERTURA 21MM                                                                                                                                                                                                                                                                                                                                                                                                                                            ",UN,"6,0000","12,82","76,92",,,,,,,
HEAD3,,J,INSTALAÇÕES ELÉTRICAS,UFCA,J0162,ESTRUTURA DE REDE DE DISTRIBUIÇÃO PADRÃO ENEL/CE TIPO N4 - FORNECIMENTO E INSTALAÇÃO,UN,INSUMO,SEINFRA,I8077,MANILHA SAPATILHA PARA ALÇA PREFORMADA,UN,"6,0000","10,04","60,24",,,,,,,
HEAD3,,J,INSTALAÇÕES ELÉTRICAS,UFCA,J0162,ESTRUTURA DE REDE DE DISTRIBUIÇÃO PADRÃO ENEL/CE TIPO N4 - FORNECIMENTO E INSTALAÇÃO,UN,INSUMO,SEINFRA,I8078,OLHAL PARA PARAFUSO,UN,"6,000","11,6","69,60",,,,,,,
HEAD3,,J,INSTALAÇÕES ELÉTRICAS,UFCA,J0162,ESTRUTURA DE REDE DE DISTRIBUIÇÃO PADRÃO ENEL/CE TIPO N4 - FORNECIMENTO E INSTALAÇÃO,UN,INSUMO,SINAPI,437,"PARAFUSO M16 EM ACO GALVANIZADO, COMPRIMENTO = 400 MM, DIAMETRO = 16 MM, ROSCA DUPLA                                                                                                                                                                                                                                                                                                                                                                                                                      ",UN,"4,0000","28,38","113,52",,,,,,,
HEAD3,,J,INSTALAÇÕES ELÉTRICAS,UFCA,J0162,ESTRUTURA DE REDE DE DISTRIBUIÇÃO PADRÃO ENEL/CE TIPO N4 - FORNECIMENTO E INSTALAÇÃO,UN,INSUMO,SINAPI,3406,"ISOLADOR DE PORCELANA, TIPO PINO MONOCORPO, PARA TENSAO DE *15* KV                                                                                                                                                                                                                                                                                                                                                                                                                                        ",UN,"3,000","29,55","88,65",,,,,,,
HEAD3,,J,INSTALAÇÕES ELÉTRICAS,UFCA,J0162,ESTRUTURA DE REDE DE DISTRIBUIÇÃO PADRÃO ENEL/CE TIPO N4 - FORNECIMENTO E INSTALAÇÃO,UN,INSUMO,SINAPI,3405,"ISOLADOR DE PORCELANA SUSPENSO, DISCO TIPO GARFO OLHAL, DIAMETRO DE 152 MM, PARA TENSAO DE *15* KV                                                                                                                                                                                                                                                                                                                                                                                                        ",UN,"6,000","96,54","579,24",,,,,,,
HEAD3,,J,INSTALAÇÕES ELÉTRICAS,UFCA,J0162,ESTRUTURA DE REDE DE DISTRIBUIÇÃO PADRÃO ENEL/CE TIPO N4 - FORNECIMENTO E INSTALAÇÃO,UN,INSUMO,SEINFRA,I8212,"ALÇA PREFORMADA DE DISTRIBUIÇÃO PARA CONDUTOR DE ALUMÍNIO 2,0 AWG",UN,"6,0000","5,42","32,52",,,,,,,
HEAD3,,J,INSTALAÇÕES ELÉTRICAS,UFCA,J0162,ESTRUTURA DE REDE DE DISTRIBUIÇÃO PADRÃO ENEL/CE TIPO N4 - FORNECIMENTO E INSTALAÇÃO,UN,INSUMO,ORSE,958,Fio alumínio recozido para amarração 6 awg,kg,"0,1200","52,5","6,30",,,,,,,
HEAD3,,J,INSTALAÇÕES ELÉTRICAS,UFCA,J0162,ESTRUTURA DE REDE DE DISTRIBUIÇÃO PADRÃO ENEL/CE TIPO N4 - FORNECIMENTO E INSTALAÇÃO,UN,INSUMO,ORSE,3258,Conector cunha 4 x 1/0 AWG CAA,Un,"3,000","14,13","42,39",,,,,,,
HEAD3,,J,INSTALAÇÕES ELÉTRICAS,UFCA,J0162,ESTRUTURA DE REDE DE DISTRIBUIÇÃO PADRÃO ENEL/CE TIPO N4 - FORNECIMENTO E INSTALAÇÃO,UN,INSUMO,SEINFRA,I0914,CRUZETA EM CONCRETO ARMADO-PADRÃO COELCE,UN,"2,0000","80,01","160,02",,,,,,,
HEAD3,,J,INSTALAÇÕES ELÉTRICAS,UFCA,J0162,ESTRUTURA DE REDE DE DISTRIBUIÇÃO PADRÃO ENEL/CE TIPO N4 - FORNECIMENTO E INSTALAÇÃO,UN,INSUMO,SINAPI,444,"PINO ROSCA EXTERNA, EM ACO GALVANIZADO, PARA ISOLADOR DE 15KV, DIAMETRO 25 MM, COMPRIMENTO *290* MM                                                                                                                                                                                                                                                                                                                                                                                                       ",UN,"3,0000","25,40","76,20",,,,,,,
HEAD2,,J,INSTALAÇÕES ELÉTRICAS,UFCA,J0163,ESTRUTURA DE REDE DE DISTRIBUIÇÃO PADRÃO ENEL/CE TIPO N3.M3 OU N3.B3 - FORNECIMENTO E INSTALAÇÃO,UN,,,,,,,,,0,"104,61","1588,67",0,0,"1693,28",Baseado nos coeficientes da composição SINAPI 101636
HEAD3,,J,INSTALAÇÕES ELÉTRICAS,UFCA,J0163,ESTRUTURA DE REDE DE DISTRIBUIÇÃO PADRÃO ENEL/CE TIPO N3.M3 OU N3.B3 - FORNECIMENTO E INSTALAÇÃO,UN,MOBRA,SINAPI,5928,"GUINDAUTO HIDRÁULICO, CAPACIDADE MÁXIMA DE CARGA 6200 KG, MOMENTO MÁXIMO DE CARGA 11,7 TM, ALCANCE MÁXIMO HORIZONTAL 9,70 M, INCLUSIVE CAMINHÃO TOCO PBT 16.000 KG, POTÊNCIA DE 189 CV - CHP DIURNO. AF_06/2014",CHP,"0,2388","289,07","69,02",,,,,,,
HEAD3,,J,INSTALAÇÕES ELÉTRICAS,UFCA,J0163,ESTRUTURA DE REDE DE DISTRIBUIÇÃO PADRÃO ENEL/CE TIPO N3.M3 OU N3.B3 - FORNECIMENTO E INSTALAÇÃO,UN,MOBRA,SINAPI,88264,ELETRICISTA COM ENCARGOS COMPLEMENTARES,H,"0,6730","29,25","19,68",,,,,,,
HEAD3,,J,INSTALAÇÕES ELÉTRICAS,UFCA,J0163,ESTRUTURA DE REDE DE DISTRIBUIÇÃO PADRÃO ENEL/CE TIPO N3.M3 OU N3.B3 - FORNECIMENTO E INSTALAÇÃO,UN,MOBRA,SINAPI,88247,AUXILIAR DE ELETRICISTA COM ENCARGOS COMPLEMENTARES,H,"0,673","23,65","15,91",,,,,,,
HEAD3,,J,INSTALAÇÕES ELÉTRICAS,UFCA,J0163,ESTRUTURA DE REDE DE DISTRIBUIÇÃO PADRÃO ENEL/CE TIPO N3.M3 OU N3.B3 - FORNECIMENTO E INSTALAÇÃO,UN,INSUMO,SINAPI,379,"ARRUELA QUADRADA EM ACO GALVANIZADO, DIMENSAO = 38 MM, ESPESSURA = 3MM, DIAMETRO DO FURO= 18 MM                                                                                                                                                                                                                                                                                                                                                                                                           ",UN,"18,0000","1,44","25,92",,,,,,,
HEAD3,,J,INSTALAÇÕES ELÉTRICAS,UFCA,J0163,ESTRUTURA DE REDE DE DISTRIBUIÇÃO PADRÃO ENEL/CE TIPO N3.M3 OU N3.B3 - FORNECIMENTO E INSTALAÇÃO,UN,INSUMO,SINAPI,13348,"ARRUELA EM ACO GALVANIZADO, DIAMETRO EXTERNO = 35MM, ESPESSURA = 3MM, DIAMETRO DO FURO= 18MM                                                                                                                                                                                                                                                                                                                                                                                                              ",UN,"6,0000","1,64","9,84",,,,,,,
HEAD3,,J,INSTALAÇÕES ELÉTRICAS,UFCA,J0163,ESTRUTURA DE REDE DE DISTRIBUIÇÃO PADRÃO ENEL/CE TIPO N3.M3 OU N3.B3 - FORNECIMENTO E INSTALAÇÃO,UN,INSUMO,SEINFRA,I8072,PORCA QUADRADA PARA PARAFUSO M16 x 2,UN,"16,000","1,01","16,16",,,,,,,
HEAD3,,J,INSTALAÇÕES ELÉTRICAS,UFCA,J0163,ESTRUTURA DE REDE DE DISTRIBUIÇÃO PADRÃO ENEL/CE TIPO N3.M3 OU N3.B3 - FORNECIMENTO E INSTALAÇÃO,UN,INSUMO,SINAPI,402,"GANCHO OLHAL EM ACO GALVANIZADO, ESPESSURA 16MM, ABERTURA 21MM                                                                                                                                                                                                                                                                                                                                                                                                                                            ",UN,"6,000","12,82","76,92",,,,,,,
HEAD3,,J,INSTALAÇÕES ELÉTRICAS,UFCA,J0163,ESTRUTURA DE REDE DE DISTRIBUIÇÃO PADRÃO ENEL/CE TIPO N3.M3 OU N3.B3 - FORNECIMENTO E INSTALAÇÃO,UN,INSUMO,SEINFRA,I8077,MANILHA SAPATILHA PARA ALÇA PREFORMADA,UN,"6,0000","10,04","60,24",,,,,,,
HEAD3,,J,INSTALAÇÕES ELÉTRICAS,UFCA,J0163,ESTRUTURA DE REDE DE DISTRIBUIÇÃO PADRÃO ENEL/CE TIPO N3.M3 OU N3.B3 - FORNECIMENTO E INSTALAÇÃO,UN,INSUMO,SEINFRA,I8078,OLHAL PARA PARAFUSO,UN,"6,000","11,6","69,60",,,,,,,
HEAD3,,J,INSTALAÇÕES ELÉTRICAS,UFCA,J0163,ESTRUTURA DE REDE DE DISTRIBUIÇÃO PADRÃO ENEL/CE TIPO N3.M3 OU N3.B3 - FORNECIMENTO E INSTALAÇÃO,UN,INSUMO,SINAPI,437,"PARAFUSO M16 EM ACO GALVANIZADO, COMPRIMENTO = 400 MM, DIAMETRO = 16 MM, ROSCA DUPLA                                                                                                                                                                                                                                                                                                                                                                                                                      ",UN,"8,000","28,38","227,04",,,,,,,
HEAD3,,J,INSTALAÇÕES ELÉTRICAS,UFCA,J0163,ESTRUTURA DE REDE DE DISTRIBUIÇÃO PADRÃO ENEL/CE TIPO N3.M3 OU N3.B3 - FORNECIMENTO E INSTALAÇÃO,UN,INSUMO,SINAPI,3406,"ISOLADOR DE PORCELANA, TIPO PINO MONOCORPO, PARA TENSAO DE *15* KV                                                                                                                                                                                                                                                                                                                                                                                                                                        ",UN,"3,0000","29,55","88,65",,,,,,,
HEAD3,,J,INSTALAÇÕES ELÉTRICAS,UFCA,J0163,ESTRUTURA DE REDE DE DISTRIBUIÇÃO PADRÃO ENEL/CE TIPO N3.M3 OU N3.B3 - FORNECIMENTO E INSTALAÇÃO,UN,INSUMO,SINAPI,3405,"ISOLADOR DE PORCELANA SUSPENSO, DISCO TIPO GARFO OLHAL, DIAMETRO DE 152 MM, PARA TENSAO DE *15* KV                                                                                                                                                                                                                                                                                                                                                                                                        ",UN,"6,000","96,54","579,24",,,,,,,
HEAD3,,J,INSTALAÇÕES ELÉTRICAS,UFCA,J0163,ESTRUTURA DE REDE DE DISTRIBUIÇÃO PADRÃO ENEL/CE TIPO N3.M3 OU N3.B3 - FORNECIMENTO E INSTALAÇÃO,UN,INSUMO,SEINFRA,I8212,"ALÇA PREFORMADA DE DISTRIBUIÇÃO PARA CONDUTOR DE ALUMÍNIO 2,0 AWG",UN,"6,000","5,42","32,52",,,,,,,
HEAD3,,J,INSTALAÇÕES ELÉTRICAS,UFCA,J0163,ESTRUTURA DE REDE DE DISTRIBUIÇÃO PADRÃO ENEL/CE TIPO N3.M3 OU N3.B3 - FORNECIMENTO E INSTALAÇÃO,UN,INSUMO,ORSE,958,Fio alumínio recozido para amarração 6 awg,kg,"0,1200","52,5","6,30",,,,,,,
HEAD3,,J,INSTALAÇÕES ELÉTRICAS,UFCA,J0163,ESTRUTURA DE REDE DE DISTRIBUIÇÃO PADRÃO ENEL/CE TIPO N3.M3 OU N3.B3 - FORNECIMENTO E INSTALAÇÃO,UN,INSUMO,SEINFRA,I0914,CRUZETA EM CONCRETO ARMADO-PADRÃO COELCE,UN,"4,000","80,01","320,04",,,,,,,
HEAD3,,J,INSTALAÇÕES ELÉTRICAS,UFCA,J0163,ESTRUTURA DE REDE DE DISTRIBUIÇÃO PADRÃO ENEL/CE TIPO N3.M3 OU N3.B3 - FORNECIMENTO E INSTALAÇÃO,UN,INSUMO,SINAPI,444,"PINO ROSCA EXTERNA, EM ACO GALVANIZADO, PARA ISOLADOR DE 15KV, DIAMETRO 25 MM, COMPRIMENTO *290* MM                                                                                                                                                                                                                                                                                                                                                                                                       ",UN,"3,000","25,40","76,20",,,,,,,
HEAD2,,J,INSTALAÇÕES ELÉTRICAS,UFCA,J0164,TRANSFORMAÇÃO DE ESTRUTURA DE REDE DE DISTRIBUIÇÃO PADRÃO ENEL/CE N3 EM N4 - FORNECIMENTO E INSTALAÇÃO,UN,,,,,,,,,0,"209,25","736,32",0,0,"945,57",Baseado nos coeficientes da composição SINAPI 101636
HEAD3,,J,INSTALAÇÕES ELÉTRICAS,UFCA,J0164,TRANSFORMAÇÃO DE ESTRUTURA DE REDE DE DISTRIBUIÇÃO PADRÃO ENEL/CE N3 EM N4 - FORNECIMENTO E INSTALAÇÃO,UN,MOBRA,SINAPI,5928,"GUINDAUTO HIDRÁULICO, CAPACIDADE MÁXIMA DE CARGA 6200 KG, MOMENTO MÁXIMO DE CARGA 11,7 TM, ALCANCE MÁXIMO HORIZONTAL 9,70 M, INCLUSIVE CAMINHÃO TOCO PBT 16.000 KG, POTÊNCIA DE 189 CV - CHP DIURNO. AF_06/2014",CHP,"0,4776","289,07","138,05",,,,,,,
HEAD3,,J,INSTALAÇÕES ELÉTRICAS,UFCA,J0164,TRANSFORMAÇÃO DE ESTRUTURA DE REDE DE DISTRIBUIÇÃO PADRÃO ENEL/CE N3 EM N4 - FORNECIMENTO E INSTALAÇÃO,UN,MOBRA,SINAPI,88264,ELETRICISTA COM ENCARGOS COMPLEMENTARES,H,"1,3460","29,25","39,37",,,,,,,
HEAD3,,J,INSTALAÇÕES ELÉTRICAS,UFCA,J0164,TRANSFORMAÇÃO DE ESTRUTURA DE REDE DE DISTRIBUIÇÃO PADRÃO ENEL/CE N3 EM N4 - FORNECIMENTO E INSTALAÇÃO,UN,MOBRA,SINAPI,88247,AUXILIAR DE ELETRICISTA COM ENCARGOS COMPLEMENTARES,H,"1,346","23,65","31,83",,,,,,,
HEAD3,,J,INSTALAÇÕES ELÉTRICAS,UFCA,J0164,TRANSFORMAÇÃO DE ESTRUTURA DE REDE DE DISTRIBUIÇÃO PADRÃO ENEL/CE N3 EM N4 - FORNECIMENTO E INSTALAÇÃO,UN,INSUMO,SINAPI,402,"GANCHO OLHAL EM ACO GALVANIZADO, ESPESSURA 16MM, ABERTURA 21MM                                                                                                                                                                                                                                                                                                                                                                                                                                            ",UN,"3,0000","12,82","38,46",,,,,,,
HEAD3,,J,INSTALAÇÕES ELÉTRICAS,UFCA,J0164,TRANSFORMAÇÃO DE ESTRUTURA DE REDE DE DISTRIBUIÇÃO PADRÃO ENEL/CE N3 EM N4 - FORNECIMENTO E INSTALAÇÃO,UN,INSUMO,SEINFRA,I8077,MANILHA SAPATILHA PARA ALÇA PREFORMADA,UN,"3,0000","10,04","30,12",,,,,,,
HEAD3,,J,INSTALAÇÕES ELÉTRICAS,UFCA,J0164,TRANSFORMAÇÃO DE ESTRUTURA DE REDE DE DISTRIBUIÇÃO PADRÃO ENEL/CE N3 EM N4 - FORNECIMENTO E INSTALAÇÃO,UN,INSUMO,SEINFRA,I8078,OLHAL PARA PARAFUSO,UN,"3,000","11,6","34,80",,,,,,,
HEAD3,,J,INSTALAÇÕES ELÉTRICAS,UFCA,J0164,TRANSFORMAÇÃO DE ESTRUTURA DE REDE DE DISTRIBUIÇÃO PADRÃO ENEL/CE N3 EM N4 - FORNECIMENTO E INSTALAÇÃO,UN,INSUMO,SINAPI,3405,"ISOLADOR DE PORCELANA SUSPENSO, DISCO TIPO GARFO OLHAL, DIAMETRO DE 152 MM, PARA TENSAO DE *15* KV                                                                                                                                                                                                                                                                                                                                                                                                        ",UN,"3,0000","96,54","289,62",,,,,,,
HEAD3,,J,INSTALAÇÕES ELÉTRICAS,UFCA,J0164,TRANSFORMAÇÃO DE ESTRUTURA DE REDE DE DISTRIBUIÇÃO PADRÃO ENEL/CE N3 EM N4 - FORNECIMENTO E INSTALAÇÃO,UN,INSUMO,SINAPI,3406,"ISOLADOR DE PORCELANA, TIPO PINO MONOCORPO, PARA TENSAO DE *15* KV                                                                                                                                                                                                                                                                                                                                                                                                                                        ",UN,"3,0000","29,55","88,65",,,,,,,
HEAD3,,J,INSTALAÇÕES ELÉTRICAS,UFCA,J0164,TRANSFORMAÇÃO DE ESTRUTURA DE REDE DE DISTRIBUIÇÃO PADRÃO ENEL/CE N3 EM N4 - FORNECIMENTO E INSTALAÇÃO,UN,INSUMO,SEINFRA,I8212,"ALÇA PREFORMADA DE DISTRIBUIÇÃO PARA CONDUTOR DE ALUMÍNIO 2,0 AWG",UN,"3,000","5,42","16,26",,,,,,,
HEAD3,,J,INSTALAÇÕES ELÉTRICAS,UFCA,J0164,TRANSFORMAÇÃO DE ESTRUTURA DE REDE DE DISTRIBUIÇÃO PADRÃO ENEL/CE N3 EM N4 - FORNECIMENTO E INSTALAÇÃO,UN,INSUMO,ORSE,958,Fio alumínio recozido para amarração 6 awg,kg,"0,1200","52,5","6,30",,,,,,,
HEAD3,,J,INSTALAÇÕES ELÉTRICAS,UFCA,J0164,TRANSFORMAÇÃO DE ESTRUTURA DE REDE DE DISTRIBUIÇÃO PADRÃO ENEL/CE N3 EM N4 - FORNECIMENTO E INSTALAÇÃO,UN,INSUMO,ORSE,3258,Conector cunha 4 x 1/0 AWG CAA,Un,"3,000","14,13","42,39",,,,,,,
HEAD3,,J,INSTALAÇÕES ELÉTRICAS,UFCA,J0164,TRANSFORMAÇÃO DE ESTRUTURA DE REDE DE DISTRIBUIÇÃO PADRÃO ENEL/CE N3 EM N4 - FORNECIMENTO E INSTALAÇÃO,UN,INSUMO,SINAPI,437,"PARAFUSO M16 EM ACO GALVANIZADO, COMPRIMENTO = 400 MM, DIAMETRO = 16 MM, ROSCA DUPLA                                                                                                                                                                                                                                                                                                                                                                                                                      ",UN,"4,000","28,38","113,52",,,,,,,
HEAD3,,J,INSTALAÇÕES ELÉTRICAS,UFCA,J0164,TRANSFORMAÇÃO DE ESTRUTURA DE REDE DE DISTRIBUIÇÃO PADRÃO ENEL/CE N3 EM N4 - FORNECIMENTO E INSTALAÇÃO,UN,INSUMO,SINAPI,444,"PINO ROSCA EXTERNA, EM ACO GALVANIZADO, PARA ISOLADOR DE 15KV, DIAMETRO 25 MM, COMPRIMENTO *290* MM                                                                                                                                                                                                                                                                                                                                                                                                       ",UN,"3,000","25,40","76,20",,,,,,,
HEAD2,,J,INSTALAÇÕES ELÉTRICAS,UFCA,J0165,"DESMONTAGEM E REMONTAGEM DE ESTRUTURA N3.M3CF, REUTILIZANDO TODO MATERIAL EXISTENTE (CRUZETAS, FERRAGENS, CHAVES FUSÍVEL, CABOS, ISOLADORES, ETC)",UN,,,,,,,,,0,"209,25",0,0,0,"209,25",Baseado nos coeficientes da composição SINAPI 101636
HEAD3,,J,INSTALAÇÕES ELÉTRICAS,UFCA,J0165,"DESMONTAGEM E REMONTAGEM DE ESTRUTURA N3.M3CF, REUTILIZANDO TODO MATERIAL EXISTENTE (CRUZETAS, FERRAGENS, CHAVES FUSÍVEL, CABOS, ISOLADORES, ETC)",UN,MOBRA,SINAPI,5928,"GUINDAUTO HIDRÁULICO, CAPACIDADE MÁXIMA DE CARGA 6200 KG, MOMENTO MÁXIMO DE CARGA 11,7 TM, ALCANCE MÁXIMO HORIZONTAL 9,70 M, INCLUSIVE CAMINHÃO TOCO PBT 16.000 KG, POTÊNCIA DE 189 CV - CHP DIURNO. AF_06/2014",CHP,"0,4776","289,07","138,05",,,,,,,
HEAD3,,J,INSTALAÇÕES ELÉTRICAS,UFCA,J0165,"DESMONTAGEM E REMONTAGEM DE ESTRUTURA N3.M3CF, REUTILIZANDO TODO MATERIAL EXISTENTE (CRUZETAS, FERRAGENS, CHAVES FUSÍVEL, CABOS, ISOLADORES, ETC)",UN,MOBRA,SINAPI,88264,ELETRICISTA COM ENCARGOS COMPLEMENTARES,H,"1,3460","29,25","39,37",,,,,,,
HEAD3,,J,INSTALAÇÕES ELÉTRICAS,UFCA,J0165,"DESMONTAGEM E REMONTAGEM DE ESTRUTURA N3.M3CF, REUTILIZANDO TODO MATERIAL EXISTENTE (CRUZETAS, FERRAGENS, CHAVES FUSÍVEL, CABOS, ISOLADORES, ETC)",UN,MOBRA,SINAPI,88247,AUXILIAR DE ELETRICISTA COM ENCARGOS COMPLEMENTARES,H,"1,3460","23,65","31,83",,,,,,,
HEAD2,,J,INSTALAÇÕES ELÉTRICAS,UFCA,J0168,REMOÇÃO E REINSTALAÇÃO DE LUMINÁRIA LED DE ALUMÍNIO POTÊNCIA 150 A 200W EM POSTE REUTILIZANDO OS CABOS INSTALADOS,UN,,,,,,,,,0,"162,49",0,0,0,"162,49",Baseado nos coeficientes da composição SINAPI 101658
HEAD3,,J,INSTALAÇÕES ELÉTRICAS,UFCA,J0168,REMOÇÃO E REINSTALAÇÃO DE LUMINÁRIA LED DE ALUMÍNIO POTÊNCIA 150 A 200W EM POSTE REUTILIZANDO OS CABOS INSTALADOS,UN,MOBRA,SINAPI,5928,"GUINDAUTO HIDRÁULICO, CAPACIDADE MÁXIMA DE CARGA 6200 KG, MOMENTO MÁXIMO DE CARGA 11,7 TM, ALCANCE MÁXIMO HORIZONTAL 9,70 M, INCLUSIVE CAMINHÃO TOCO PBT 16.000 KG, POTÊNCIA DE 189 CV - CHP DIURNO. AF_06/2014",CHP,"0,4776","289,07","138,05",,,,,,,
HEAD3,,J,INSTALAÇÕES ELÉTRICAS,UFCA,J0168,REMOÇÃO E REINSTALAÇÃO DE LUMINÁRIA LED DE ALUMÍNIO POTÊNCIA 150 A 200W EM POSTE REUTILIZANDO OS CABOS INSTALADOS,UN,MOBRA,SINAPI,88264,ELETRICISTA COM ENCARGOS COMPLEMENTARES,H,"0,4762","29,25","13,92",,,,,,,
HEAD3,,J,INSTALAÇÕES ELÉTRICAS,UFCA,J0168,REMOÇÃO E REINSTALAÇÃO DE LUMINÁRIA LED DE ALUMÍNIO POTÊNCIA 150 A 200W EM POSTE REUTILIZANDO OS CABOS INSTALADOS,UN,MOBRA,SINAPI,88316,SERVENTE COM ENCARGOS COMPLEMENTARES,H,"0,4762","22,10","10,52",,,,,,,
HEAD2,,J,INSTALAÇÕES ELÉTRICAS,UFCA,J0169,CAIXA DE PROTEÇÃO SECUNDÁRIA EM CHAPA DE AÇO ZINCADA (420X270X200)MM PARA DISJUNTOR TRIFÁSICO DE 100A À 630A. INCLUSO CONEXÕES E SUPORTE PARA FIXAÇÃO NO POSTE - FORNECIMENTO E INSTALAÇÃO,UN,,,,,,,,,0,"33,76","228,76",0,0,"262,52",Baseado nos coeficientes da composição SINAPI 101881
HEAD3,,J,INSTALAÇÕES ELÉTRICAS,UFCA,J0169,CAIXA DE PROTEÇÃO SECUNDÁRIA EM CHAPA DE AÇO ZINCADA (420X270X200)MM PARA DISJUNTOR TRIFÁSICO DE 100A À 630A. INCLUSO CONEXÕES E SUPORTE PARA FIXAÇÃO NO POSTE - FORNECIMENTO E INSTALAÇÃO,UN,MOBRA,SINAPI,88247,AUXILIAR DE ELETRICISTA COM ENCARGOS COMPLEMENTARES,H,"0,6384","23,65","15,09",,,,,,,
HEAD3,,J,INSTALAÇÕES ELÉTRICAS,UFCA,J0169,CAIXA DE PROTEÇÃO SECUNDÁRIA EM CHAPA DE AÇO ZINCADA (420X270X200)MM PARA DISJUNTOR TRIFÁSICO DE 100A À 630A. INCLUSO CONEXÕES E SUPORTE PARA FIXAÇÃO NO POSTE - FORNECIMENTO E INSTALAÇÃO,UN,MOBRA,SINAPI,88264,ELETRICISTA COM ENCARGOS COMPLEMENTARES,H,"0,6384","29,25","18,67",,,,,,,
HEAD3,,J,INSTALAÇÕES ELÉTRICAS,UFCA,J0169,CAIXA DE PROTEÇÃO SECUNDÁRIA EM CHAPA DE AÇO ZINCADA (420X270X200)MM PARA DISJUNTOR TRIFÁSICO DE 100A À 630A. INCLUSO CONEXÕES E SUPORTE PARA FIXAÇÃO NO POSTE - FORNECIMENTO E INSTALAÇÃO,UN,INSUMO,SINAPI,39803,"QUADRO DE DISTRIBUICAO, SEM BARRAMENTO, EM PVC, DE SOBREPOR, PARA 27 DISJUNTORES NEMA OU 36 DISJUNTORES DIN                                                                                                                                                                                                                                                                                                                                                                                               ",UN,"1,0000","228,76","228,76",,,,,,,
HEAD2,,J,INSTALAÇÕES ELÉTRICAS,UFCA,J0170,"POSTE CONICO CONTINUO EM ACO GALVANIZADO, RETO, ENGASTADO, H = 6 M",UN,,,,,,,,,0,"167,75","1339,33",0,"32,08","1539,16",Baseado nos coeficientes da composição SINAPI 100623
HEAD3,,J,INSTALAÇÕES ELÉTRICAS,UFCA,J0170,"POSTE CONICO CONTINUO EM ACO GALVANIZADO, RETO, ENGASTADO, H = 6 M",UN,MOBRA,SINAPI,88247,AUXILIAR DE ELETRICISTA COM ENCARGOS COMPLEMENTARES,H,"1,4130","23,65","33,41",,,,,,,
HEAD3,,J,INSTALAÇÕES ELÉTRICAS,UFCA,J0170,"POSTE CONICO CONTINUO EM ACO GALVANIZADO, RETO, ENGASTADO, H = 6 M",UN,MOBRA,SINAPI,88264,ELETRICISTA COM ENCARGOS COMPLEMENTARES,H,"4,5930","29,25","134,34",,,,,,,
HEAD3,,J,INSTALAÇÕES ELÉTRICAS,UFCA,J0170,"POSTE CONICO CONTINUO EM ACO GALVANIZADO, RETO, ENGASTADO, H = 6 M",UN,SERV,SINAPI,5928,"GUINDAUTO HIDRÁULICO, CAPACIDADE MÁXIMA DE CARGA 6200 KG, MOMENTO MÁXIMO DE CARGA 11,7 TM, ALCANCE MÁXIMO HORIZONTAL 9,70 M, INCLUSIVE CAMINHÃO TOCO PBT 16.000 KG, POTÊNCIA DE 189 CV - CHP DIURNO. AF_06/2014",CHP,"0,1110","289,07","32,08",,,,,,,
HEAD3,,J,INSTALAÇÕES ELÉTRICAS,UFCA,J0170,"POSTE CONICO CONTINUO EM ACO GALVANIZADO, RETO, ENGASTADO, H = 6 M",UN,INSUMO,SINAPI,14166,"POSTE CONICO CONTINUO EM ACO GALVANIZADO, RETO, ENGASTADO, H = 7 M, DIAMETRO INFERIOR = *125* MM                                                                                                                                                                                                                                                                                                                                                                                                          ",UN,"1,0000","1.339,33","1339,33",,,,,,,
HEAD2,,J,INSTALAÇÕES ELÉTRICAS,UFCA,J0171,POSTE CONCRETO SEÇÃO CIRCULAR COMPRIMENTO=12M CARGA NOMINAL MENOR OU IGUAL A 1000 DN,UN,,,,,,,,,0,"182,45","1679,11",0,"23,12","1884,68",Baseado nos coeficientes da composição SINAPI 100585
HEAD3,,J,INSTALAÇÕES ELÉTRICAS,UFCA,J0171,POSTE CONCRETO SEÇÃO CIRCULAR COMPRIMENTO=12M CARGA NOMINAL MENOR OU IGUAL A 1000 DN,UN,MOBRA,SINAPI,88247,AUXILIAR DE ELETRICISTA COM ENCARGOS COMPLEMENTARES,H,"1,5370","23,65","36,35",,,,,,,
HEAD3,,J,INSTALAÇÕES ELÉTRICAS,UFCA,J0171,POSTE CONCRETO SEÇÃO CIRCULAR COMPRIMENTO=12M CARGA NOMINAL MENOR OU IGUAL A 1000 DN,UN,MOBRA,SINAPI,88264,ELETRICISTA COM ENCARGOS COMPLEMENTARES,H,"4,9950","29,25","146,10",,,,,,,
HEAD3,,J,INSTALAÇÕES ELÉTRICAS,UFCA,J0171,POSTE CONCRETO SEÇÃO CIRCULAR COMPRIMENTO=12M CARGA NOMINAL MENOR OU IGUAL A 1000 DN,UN,SERV,SINAPI,5928,"GUINDAUTO HIDRÁULICO, CAPACIDADE MÁXIMA DE CARGA 6200 KG, MOMENTO MÁXIMO DE CARGA 11,7 TM, ALCANCE MÁXIMO HORIZONTAL 9,70 M, INCLUSIVE CAMINHÃO TOCO PBT 16.000 KG, POTÊNCIA DE 189 CV - CHP DIURNO. AF_06/2014",CHP,"0,0800","289,07","23,12",,,,,,,
HEAD3,,J,INSTALAÇÕES ELÉTRICAS,UFCA,J0171,POSTE CONCRETO SEÇÃO CIRCULAR COMPRIMENTO=12M CARGA NOMINAL MENOR OU IGUAL A 1000 DN,UN,INSUMO,SINAPI,5035,"POSTE DE CONCRETO ARMADO DE SECAO CIRCULAR, EXTENSAO DE 11,00 M, RESISTENCIA DE 300 A 400 DAN, TIPO C-17                                                                                                                                                                                                                                                                                                                                                                                                  ",UN,"1,0000","1.679,11","1679,11",,,,,,,
HEAD2,,J,INSTALAÇÕES ELÉTRICAS,UFCA,J0172,"BRACO P/ LUMINARIA PUBLICA (DUPLO) 2 X 1,50 M, EM TUBO ACO GALV 3/4, P/ FIXACAO EM POSTE OU PAREDE - FORNECIMENTO E INSTALACAO",UN,,,,,,,,,0,"35,59",78,0,"69,02","182,61",Baseado nos coeficientes da composição SINAPI 101636
HEAD3,,J,INSTALAÇÕES ELÉTRICAS,UFCA,J0172,"BRACO P/ LUMINARIA PUBLICA (DUPLO) 2 X 1,50 M, EM TUBO ACO GALV 3/4, P/ FIXACAO EM POSTE OU PAREDE - FORNECIMENTO E INSTALACAO",UN,MOBRA,SINAPI,88247,AUXILIAR DE ELETRICISTA COM ENCARGOS COMPLEMENTARES,H,"0,6730","23,65","15,91",,,,,,,
HEAD3,,J,INSTALAÇÕES ELÉTRICAS,UFCA,J0172,"BRACO P/ LUMINARIA PUBLICA (DUPLO) 2 X 1,50 M, EM TUBO ACO GALV 3/4, P/ FIXACAO EM POSTE OU PAREDE - FORNECIMENTO E INSTALACAO",UN,MOBRA,SINAPI,88264,ELETRICISTA COM ENCARGOS COMPLEMENTARES,H,"0,6730","29,25","19,68",,,,,,,
HEAD3,,J,INSTALAÇÕES ELÉTRICAS,UFCA,J0172,"BRACO P/ LUMINARIA PUBLICA (DUPLO) 2 X 1,50 M, EM TUBO ACO GALV 3/4, P/ FIXACAO EM POSTE OU PAREDE - FORNECIMENTO E INSTALACAO",UN,SERV,SINAPI,5928,"GUINDAUTO HIDRÁULICO, CAPACIDADE MÁXIMA DE CARGA 6200 KG, MOMENTO MÁXIMO DE CARGA 11,7 TM, ALCANCE MÁXIMO HORIZONTAL 9,70 M, INCLUSIVE CAMINHÃO TOCO PBT 16.000 KG, POTÊNCIA DE 189 CV - CHP DIURNO. AF_06/2014",CHP,"0,2388","289,07","69,02",,,,,,,
HEAD3,,J,INSTALAÇÕES ELÉTRICAS,UFCA,J0172,"BRACO P/ LUMINARIA PUBLICA (DUPLO) 2 X 1,50 M, EM TUBO ACO GALV 3/4, P/ FIXACAO EM POSTE OU PAREDE - FORNECIMENTO E INSTALACAO",UN,INSUMO,SINAPI,2512,"BRACO P/ LUMINARIA PUBLICA 1 X 1,50M ROMAGNOLE OU EQUIV                                                                                                                                                                                                                                                                                                                                                                                                                                                   ",UN,"2,0000","39,00","78,00",,,,,,,
HEAD2,,J,INSTALAÇÕES ELÉTRICAS,UFCA,J0173,"BRACO P/ LUMINARIA PUBLICA (TRIPLO) 3 X 1,50 M, EM TUBO ACO GALV 3/4, P/ FIXACAO EM POSTE OU PAREDE - FORNECIMENTO E INSTALACAO",UN,,,,,,,,,0,"35,59",117,0,"69,02","221,61",Baseado nos coeficientes da composição SINAPI 101636
HEAD3,,J,INSTALAÇÕES ELÉTRICAS,UFCA,J0173,"BRACO P/ LUMINARIA PUBLICA (TRIPLO) 3 X 1,50 M, EM TUBO ACO GALV 3/4, P/ FIXACAO EM POSTE OU PAREDE - FORNECIMENTO E INSTALACAO",UN,MOBRA,SINAPI,88247,AUXILIAR DE ELETRICISTA COM ENCARGOS COMPLEMENTARES,H,"0,6730","23,65","15,91",,,,,,,
HEAD3,,J,INSTALAÇÕES ELÉTRICAS,UFCA,J0173,"BRACO P/ LUMINARIA PUBLICA (TRIPLO) 3 X 1,50 M, EM TUBO ACO GALV 3/4, P/ FIXACAO EM POSTE OU PAREDE - FORNECIMENTO E INSTALACAO",UN,MOBRA,SINAPI,88264,ELETRICISTA COM ENCARGOS COMPLEMENTARES,H,"0,6730","29,25","19,68",,,,,,,
HEAD3,,J,INSTALAÇÕES ELÉTRICAS,UFCA,J0173,"BRACO P/ LUMINARIA PUBLICA (TRIPLO) 3 X 1,50 M, EM TUBO ACO GALV 3/4, P/ FIXACAO EM POSTE OU PAREDE - FORNECIMENTO E INSTALACAO",UN,SERV,SINAPI,5928,"GUINDAUTO HIDRÁULICO, CAPACIDADE MÁXIMA DE CARGA 6200 KG, MOMENTO MÁXIMO DE CARGA 11,7 TM, ALCANCE MÁXIMO HORIZONTAL 9,70 M, INCLUSIVE CAMINHÃO TOCO PBT 16.000 KG, POTÊNCIA DE 189 CV - CHP DIURNO. AF_06/2014",CHP,"0,2388","289,07","69,02",,,,,,,
HEAD3,,J,INSTALAÇÕES ELÉTRICAS,UFCA,J0173,"BRACO P/ LUMINARIA PUBLICA (TRIPLO) 3 X 1,50 M, EM TUBO ACO GALV 3/4, P/ FIXACAO EM POSTE OU PAREDE - FORNECIMENTO E INSTALACAO",UN,INSUMO,SINAPI,2512,"BRACO P/ LUMINARIA PUBLICA 1 X 1,50M ROMAGNOLE OU EQUIV                                                                                                                                                                                                                                                                                                                                                                                                                                                   ",UN,"3,0000","39,00","117,00",,,,,,,
HEAD2,,J,INSTALAÇÕES ELÉTRICAS,UFCA,J0175,REFLETOR DE LED EM ALUMÍNIO COM DRIVE INTERNO. LUZ BRANCA. POTÊNCIA ATÉ 150W.,UN,,,,,,,,,0,"12,59","66,7",0,0,"79,29",Baseado nos coeficientes da composição SINAPI 101657
HEAD3,,J,INSTALAÇÕES ELÉTRICAS,UFCA,J0175,REFLETOR DE LED EM ALUMÍNIO COM DRIVE INTERNO. LUZ BRANCA. POTÊNCIA ATÉ 150W.,UN,MOBRA,SINAPI,88247,AUXILIAR DE ELETRICISTA COM ENCARGOS COMPLEMENTARES,H,"0,2381","23,65","5,63",,,,,,,
HEAD3,,J,INSTALAÇÕES ELÉTRICAS,UFCA,J0175,REFLETOR DE LED EM ALUMÍNIO COM DRIVE INTERNO. LUZ BRANCA. POTÊNCIA ATÉ 150W.,UN,MOBRA,SINAPI,88264,ELETRICISTA COM ENCARGOS COMPLEMENTARES,H,"0,2381","29,25","6,96",,,,,,,
HEAD3,,J,INSTALAÇÕES ELÉTRICAS,UFCA,J0175,REFLETOR DE LED EM ALUMÍNIO COM DRIVE INTERNO. LUZ BRANCA. POTÊNCIA ATÉ 150W.,UN,INSUMO,ORSE,13791,"Refletor Slim  LED 100W de potência, branco Frio, 6500k, Autovolt, marca G-li ght ou similar",un,"1,0000","66,7","66,70",,,,,,,
HEAD2,,J,INSTALAÇÕES ELÉTRICAS,UFCA,J0176,"QUADRO DE DISTRIBUIÇÃO GERAL BAIXA TENSÃO, C/ACESSÓRIOS- 1UN DE MEDIÇÃO - FORNECIMENTO E INSTALAÇÃO",UN,,,,,,,,,0,"211,6","1592,04",0,0,"1803,64",Baseado nos coeficientes da composição SEINFRA C2062
HEAD3,,J,INSTALAÇÕES ELÉTRICAS,UFCA,J0176,"QUADRO DE DISTRIBUIÇÃO GERAL BAIXA TENSÃO, C/ACESSÓRIOS- 1UN DE MEDIÇÃO - FORNECIMENTO E INSTALAÇÃO",UN,MOBRA,SINAPI,88247,AUXILIAR DE ELETRICISTA COM ENCARGOS COMPLEMENTARES,H,"4,0000","23,65","94,60",,,,,,,
HEAD3,,J,INSTALAÇÕES ELÉTRICAS,UFCA,J0176,"QUADRO DE DISTRIBUIÇÃO GERAL BAIXA TENSÃO, C/ACESSÓRIOS- 1UN DE MEDIÇÃO - FORNECIMENTO E INSTALAÇÃO",UN,MOBRA,SINAPI,88264,ELETRICISTA COM ENCARGOS COMPLEMENTARES,H,"4,0000","29,25","117,00",,,,,,,
HEAD3,,J,INSTALAÇÕES ELÉTRICAS,UFCA,J0176,"QUADRO DE DISTRIBUIÇÃO GERAL BAIXA TENSÃO, C/ACESSÓRIOS- 1UN DE MEDIÇÃO - FORNECIMENTO E INSTALAÇÃO",UN,INSUMO,SEINFRA,I0199,BASE FUSIVEL DIAZED 25A. COMPLETA,UN,"1,000","40,17","40,17",,,,,,,
HEAD3,,J,INSTALAÇÕES ELÉTRICAS,UFCA,J0176,"QUADRO DE DISTRIBUIÇÃO GERAL BAIXA TENSÃO, C/ACESSÓRIOS- 1UN DE MEDIÇÃO - FORNECIMENTO E INSTALAÇÃO",UN,INSUMO,SEINFRA,I0546,CHAVE COMUTADORA P/ AMPERIMETRO/VOLTIMETRO,UN,"2,0000","94,74","189,48",,,,,,,
HEAD3,,J,INSTALAÇÕES ELÉTRICAS,UFCA,J0176,"QUADRO DE DISTRIBUIÇÃO GERAL BAIXA TENSÃO, C/ACESSÓRIOS- 1UN DE MEDIÇÃO - FORNECIMENTO E INSTALAÇÃO",UN,INSUMO,SEINFRA,I1204,FUSIVEL DIAZED 25A,UN,"1,0000","2,2","2,20",,,,,,,
HEAD3,,J,INSTALAÇÕES ELÉTRICAS,UFCA,J0176,"QUADRO DE DISTRIBUIÇÃO GERAL BAIXA TENSÃO, C/ACESSÓRIOS- 1UN DE MEDIÇÃO - FORNECIMENTO E INSTALAÇÃO",UN,INSUMO,SEINFRA,I1476,LÂMPADA SINALIZADORAS ATE 5W,UN,"3,000","10,22","30,66",,,,,,,
HEAD3,,J,INSTALAÇÕES ELÉTRICAS,UFCA,J0176,"QUADRO DE DISTRIBUIÇÃO GERAL BAIXA TENSÃO, C/ACESSÓRIOS- 1UN DE MEDIÇÃO - FORNECIMENTO E INSTALAÇÃO",UN,INSUMO,SEINFRA,I7415,ISOLADOR EPÓXI 1kV - 25mm,UN,"13,0000","8,68","112,84",,,,,,,
HEAD3,,J,INSTALAÇÕES ELÉTRICAS,UFCA,J0176,"QUADRO DE DISTRIBUIÇÃO GERAL BAIXA TENSÃO, C/ACESSÓRIOS- 1UN DE MEDIÇÃO - FORNECIMENTO E INSTALAÇÃO",UN,INSUMO,SEINFRA,I1767,"QUADRO METÁLICO P/QGBT (1,90 X 0,90 X 0,60)M",UN,"1,0000","1216,69","1216,69",,,,,,,
HEAD2,,J,INSTALAÇÕES ELÉTRICAS,UFCA,J0177,DISPOSITIVO DE PROTEÇÃO CONTRA SURTOS DE TENSÃO (DPS) - 40 KA/275V - FORNECIMENTO E INSTALAÇÃO,UN,,,,,,,,,0,"6,93","108,25",0,0,"115,18",Baseado nos coeficientes da composição SINAPI 101891
HEAD3,,J,INSTALAÇÕES ELÉTRICAS,UFCA,J0177,DISPOSITIVO DE PROTEÇÃO CONTRA SURTOS DE TENSÃO (DPS) - 40 KA/275V - FORNECIMENTO E INSTALAÇÃO,UN,MOBRA,SINAPI,88264,ELETRICISTA COM ENCARGOS COMPLEMENTARES,H,"0,1352","29,25","3,95",,,,,,,
HEAD3,,J,INSTALAÇÕES ELÉTRICAS,UFCA,J0177,DISPOSITIVO DE PROTEÇÃO CONTRA SURTOS DE TENSÃO (DPS) - 40 KA/275V - FORNECIMENTO E INSTALAÇÃO,UN,MOBRA,SINAPI,88316,SERVENTE COM ENCARGOS COMPLEMENTARES,H,"0,1352","22,10","2,98",,,,,,,
HEAD3,,J,INSTALAÇÕES ELÉTRICAS,UFCA,J0177,DISPOSITIVO DE PROTEÇÃO CONTRA SURTOS DE TENSÃO (DPS) - 40 KA/275V - FORNECIMENTO E INSTALAÇÃO,UN,INSUMO,SINAPI,39471,"DISPOSITIVO DPS CLASSE II, 1 POLO, TENSAO MAXIMA DE 275 V, CORRENTE MAXIMA DE *45* KA (TIPO AC)                                                                                                                                                                                                                                                                                                                                                                                                           ",UN,"1,0000","97,77","97,77",,,,,,,
HEAD3,,J,INSTALAÇÕES ELÉTRICAS,UFCA,J0177,DISPOSITIVO DE PROTEÇÃO CONTRA SURTOS DE TENSÃO (DPS) - 40 KA/275V - FORNECIMENTO E INSTALAÇÃO,UN,INSUMO,SINAPI,1571,"TERMINAL A COMPRESSAO EM COBRE ESTANHADO PARA CABO 4 MM2, 1 FURO E 1 COMPRESSAO, PARA PARAFUSO DE FIXACAO M5                                                                                                                                                                                                                                                                                                                                                                                              ",UN,"8,0000","1,31","10,48",,,,,,,
HEAD2,,J,INSTALAÇÕES ELÉTRICAS,UFCA,J0178,MULTIMEDIDOR DE GRANDEZAS ELÉTRICAS - FORNECIMENTO E INSTALAÇÃO,UN,,,,,,,,,0,"58,18","2788,15",0,0,"2846,33",Baseado nos coeficientes da composição SEINFRA C0080
HEAD3,,J,INSTALAÇÕES ELÉTRICAS,UFCA,J0178,MULTIMEDIDOR DE GRANDEZAS ELÉTRICAS - FORNECIMENTO E INSTALAÇÃO,UN,MOBRA,SINAPI,88264,ELETRICISTA COM ENCARGOS COMPLEMENTARES,H,"1,1000","29,25","32,17",,,,,,,
HEAD3,,J,INSTALAÇÕES ELÉTRICAS,UFCA,J0178,MULTIMEDIDOR DE GRANDEZAS ELÉTRICAS - FORNECIMENTO E INSTALAÇÃO,UN,MOBRA,SINAPI,88247,AUXILIAR DE ELETRICISTA COM ENCARGOS COMPLEMENTARES,H,"1,1000","23,65","26,01",,,,,,,
HEAD3,,J,INSTALAÇÕES ELÉTRICAS,UFCA,J0178,MULTIMEDIDOR DE GRANDEZAS ELÉTRICAS - FORNECIMENTO E INSTALAÇÃO,UN,INSUMO,SEINFRA,I8930,"MULTIMEDIDOR DE GRANDEZAS ELÉTRICAS, DIGITAL, COM MEMÓRIA DE MASSA 800KB, 4 REGISTROS DE DADOS, DISPLAY LCD, SAÍDA 485/234, OU ACOMPANHADO DE CONVERSOR, ENTRADA TRIFÁSICA ATÉ 600VCA, ENTRADA DE CORRENTE 5A",UN,"1,0000","2788,15","2788,15",,,,,,,
HEAD2,,J,INSTALAÇÕES ELÉTRICAS,UFCA,J0180,TRANSFORMADOR DE CORRENTE EM QD - FAIXA 200 A 400/5A - FORNECIMENTO E INSTALAÇÃO,UN,,,,,,,,,0,"26,44","152,01",0,0,"178,45",Baseado nos coeficientes da composição SEINFRA C2518
HEAD3,,J,INSTALAÇÕES ELÉTRICAS,UFCA,J0180,TRANSFORMADOR DE CORRENTE EM QD - FAIXA 200 A 400/5A - FORNECIMENTO E INSTALAÇÃO,UN,MOBRA,SINAPI,88247,AUXILIAR DE ELETRICISTA COM ENCARGOS COMPLEMENTARES,H,"0,5000","23,65","11,82",,,,,,,
HEAD3,,J,INSTALAÇÕES ELÉTRICAS,UFCA,J0180,TRANSFORMADOR DE CORRENTE EM QD - FAIXA 200 A 400/5A - FORNECIMENTO E INSTALAÇÃO,UN,MOBRA,SINAPI,88264,ELETRICISTA COM ENCARGOS COMPLEMENTARES,H,"0,5000","29,25","14,62",,,,,,,
HEAD3,,J,INSTALAÇÕES ELÉTRICAS,UFCA,J0180,TRANSFORMADOR DE CORRENTE EM QD - FAIXA 200 A 400/5A - FORNECIMENTO E INSTALAÇÃO,UN,INSUMO,SEINFRA,I2153,TRANSFORMADOR CORRENTE EM QD DE 250 - 400/5A,UN,"1,0000","152,01","152,01",,,,,,,
HEAD2,,J,INSTALAÇÕES ELÉTRICAS,UFCA,J0182,"POSTE DE CONCRETO ARMADO DE SECAO DUPLO T, EXTENSAO DE 12,00 M, RESISTENCIA DE 1000 DAN, TIPO B-1,5 ",UN,,,,,,,,,0,"182,45","2827,92",0,"23,12","3033,49",Baseado nos coeficientes da composição SINAPI 100585
HEAD3,,J,INSTALAÇÕES ELÉTRICAS,UFCA,J0182,"POSTE DE CONCRETO ARMADO DE SECAO DUPLO T, EXTENSAO DE 12,00 M, RESISTENCIA DE 1000 DAN, TIPO B-1,6",UN,MOBRA,SINAPI,88247,AUXILIAR DE ELETRICISTA COM ENCARGOS COMPLEMENTARES,H,"1,5370","23,65","36,35",,,,,,,
HEAD3,,J,INSTALAÇÕES ELÉTRICAS,UFCA,J0182,"POSTE DE CONCRETO ARMADO DE SECAO DUPLO T, EXTENSAO DE 12,00 M, RESISTENCIA DE 1000 DAN, TIPO B-1,7",UN,MOBRA,SINAPI,88264,ELETRICISTA COM ENCARGOS COMPLEMENTARES,H,"4,9950","29,25","146,10",,,,,,,
HEAD3,,J,INSTALAÇÕES ELÉTRICAS,UFCA,J0182,"POSTE DE CONCRETO ARMADO DE SECAO DUPLO T, EXTENSAO DE 12,00 M, RESISTENCIA DE 1000 DAN, TIPO B-1,8",UN,SERV,SINAPI,5928,"GUINDAUTO HIDRÁULICO, CAPACIDADE MÁXIMA DE CARGA 6200 KG, MOMENTO MÁXIMO DE CARGA 11,7 TM, ALCANCE MÁXIMO HORIZONTAL 9,70 M, INCLUSIVE CAMINHÃO TOCO PBT 16.000 KG, POTÊNCIA DE 189 CV - CHP DIURNO. AF_06/2014",CHP,"0,0800","289,07","23,12",,,,,,,
HEAD3,,J,INSTALAÇÕES ELÉTRICAS,UFCA,J0182,"POSTE DE CONCRETO ARMADO DE SECAO DUPLO T, EXTENSAO DE 12,00 M, RESISTENCIA DE 1000 DAN, TIPO B-1,9",UN,INSUMO,SINAPI,41210,"POSTE DE CONCRETO ARMADO DE SECAO DUPLO T, EXTENSAO DE 12,00 M, RESISTENCIA DE 1000 DAN, TIPO B-1,5                                                                                                                                                                                                                                                                                                                                                                                                       ",UN,"1,0000","2.827,92","2827,92",,,,,,,
HEAD2,,J,INSTALAÇÕES ELÉTRICAS,UFCA,J0183,"POSTE DE CONCRETO ARMADO DE SECAO DUPLO T, EXTENSAO DE 12,00 M, RESISTENCIA DE 300 A 400 DAN, TIPO B OU D",UN,,,,,,,,,0,"182,45","1341,6",0,"23,12","1547,17",Baseado nos coeficientes da composição SINAPI 100585
HEAD3,,J,INSTALAÇÕES ELÉTRICAS,UFCA,J0183,"POSTE DE CONCRETO ARMADO DE SECAO DUPLO T, EXTENSAO DE 12,00 M, RESISTENCIA DE 300 A 400 DAN, TIPO B OU D",UN,MOBRA,SINAPI,88247,AUXILIAR DE ELETRICISTA COM ENCARGOS COMPLEMENTARES,H,"1,5370","23,65","36,35",,,,,,,
HEAD3,,J,INSTALAÇÕES ELÉTRICAS,UFCA,J0183,"POSTE DE CONCRETO ARMADO DE SECAO DUPLO T, EXTENSAO DE 12,00 M, RESISTENCIA DE 300 A 400 DAN, TIPO B OU D",UN,MOBRA,SINAPI,88264,ELETRICISTA COM ENCARGOS COMPLEMENTARES,H,"4,9950","29,25","146,10",,,,,,,
HEAD3,,J,INSTALAÇÕES ELÉTRICAS,UFCA,J0183,"POSTE DE CONCRETO ARMADO DE SECAO DUPLO T, EXTENSAO DE 12,00 M, RESISTENCIA DE 300 A 400 DAN, TIPO B OU D",UN,SERV,SINAPI,5928,"GUINDAUTO HIDRÁULICO, CAPACIDADE MÁXIMA DE CARGA 6200 KG, MOMENTO MÁXIMO DE CARGA 11,7 TM, ALCANCE MÁXIMO HORIZONTAL 9,70 M, INCLUSIVE CAMINHÃO TOCO PBT 16.000 KG, POTÊNCIA DE 189 CV - CHP DIURNO. AF_06/2014",CHP,"0,0800","289,07","23,12",,,,,,,
HEAD3,,J,INSTALAÇÕES ELÉTRICAS,UFCA,J0183,"POSTE DE CONCRETO ARMADO DE SECAO DUPLO T, EXTENSAO DE 12,00 M, RESISTENCIA DE 300 A 400 DAN, TIPO B OU D",UN,INSUMO,SINAPI,13339,"POSTE DE CONCRETO ARMADO DE SECAO DUPLO T, EXTENSAO DE 12,00 M, RESISTENCIA DE 300 A 400 DAN, TIPO B OU D                                                                                                                                                                                                                                                                                                                                                                                                 ",UN,"1,0000","1.341,60","1341,60",,,,,,,
HEAD2,,J,INSTALAÇÕES ELÉTRICAS,UFCA,J0184,"POSTE DE CONCRETO ARMADO DE SECAO DUPLO T, EXTENSAO DE 12,00 M, RESISTENCIA DE 600 DAN, TIPO B",UN,,,,,,,,,0,"182,45","1845,88",0,"23,12","2051,45",Baseado nos coeficientes da composição SINAPI 100585
HEAD3,,J,INSTALAÇÕES ELÉTRICAS,UFCA,J0184,"POSTE DE CONCRETO ARMADO DE SECAO DUPLO T, EXTENSAO DE 12,00 M, RESISTENCIA DE 600 DAN, TIPO B",UN,MOBRA,SINAPI,88247,AUXILIAR DE ELETRICISTA COM ENCARGOS COMPLEMENTARES,H,"1,5370","23,65","36,35",,,,,,,
HEAD3,,J,INSTALAÇÕES ELÉTRICAS,UFCA,J0184,"POSTE DE CONCRETO ARMADO DE SECAO DUPLO T, EXTENSAO DE 12,00 M, RESISTENCIA DE 600 DAN, TIPO B",UN,MOBRA,SINAPI,88264,ELETRICISTA COM ENCARGOS COMPLEMENTARES,H,"4,9950","29,25","146,10",,,,,,,
HEAD3,,J,INSTALAÇÕES ELÉTRICAS,UFCA,J0184,"POSTE DE CONCRETO ARMADO DE SECAO DUPLO T, EXTENSAO DE 12,00 M, RESISTENCIA DE 600 DAN, TIPO B",UN,SERV,SINAPI,5928,"GUINDAUTO HIDRÁULICO, CAPACIDADE MÁXIMA DE CARGA 6200 KG, MOMENTO MÁXIMO DE CARGA 11,7 TM, ALCANCE MÁXIMO HORIZONTAL 9,70 M, INCLUSIVE CAMINHÃO TOCO PBT 16.000 KG, POTÊNCIA DE 189 CV - CHP DIURNO. AF_06/2014",CHP,"0,0800","289,07","23,12",,,,,,,
HEAD3,,J,INSTALAÇÕES ELÉTRICAS,UFCA,J0184,"POSTE DE CONCRETO ARMADO DE SECAO DUPLO T, EXTENSAO DE 12,00 M, RESISTENCIA DE 600 DAN, TIPO B",UN,INSUMO,SINAPI,41209,"POSTE DE CONCRETO ARMADO DE SECAO DUPLO T, EXTENSAO DE 12,00 M, RESISTENCIA DE 600 DAN, TIPO B                                                                                                                                                                                                                                                                                                                                                                                                            ",UN,"1,0000","1.845,88","1845,88",,,,,,,
HEAD2,,J,INSTALAÇÕES ELÉTRICAS,UFCA,J0185,DUTO PERFURADO –  PERFILADO CHAPA DE AÇO (38x38)mm,M,,,,,,,,,0,"26,44","11,79",0,0,"38,23",Baseado nos coeficientes da composição ORSE 13606
HEAD3,,J,INSTALAÇÕES ELÉTRICAS,UFCA,J0185,DUTO PERFURADO –  PERFILADO CHAPA DE AÇO (38x38)mm,M,MOBRA,SINAPI,88247,AUXILIAR DE ELETRICISTA COM ENCARGOS COMPLEMENTARES,H,"0,5000","23,65","11,82",,,,,,,
HEAD3,,J,INSTALAÇÕES ELÉTRICAS,UFCA,J0185,DUTO PERFURADO –  PERFILADO CHAPA DE AÇO (38x38)mm,M,MOBRA,SINAPI,88264,ELETRICISTA COM ENCARGOS COMPLEMENTARES,H,"0,5000","29,25","14,62",,,,,,,
HEAD3,,J,INSTALAÇÕES ELÉTRICAS,UFCA,J0185,DUTO PERFURADO –  PERFILADO CHAPA DE AÇO (38x38)mm,M,INSUMO,SINAPI,39028,"PERFILADO PERFURADO SIMPLES 38 X 38 MM, CHAPA 22                                                                                                                                                                                                                                                                                                                                                                                                                                                          ",M,"1,0000","11,79","11,79",,,,,,,
HEAD2,,J,INSTALAÇÕES ELÉTRICAS,UFCA,J0186,GANCHO CURTO PARA PERFILADO 38X38MM,UN,,,,,,,,,0,"10,58","5,01",0,0,"15,59",Baseado nos coeficientes da composição ORSE 09526
HEAD3,,J,INSTALAÇÕES ELÉTRICAS,UFCA,J0186,GANCHO CURTO PARA PERFILADO 38X38MM,UN,MOBRA,SINAPI,88247,AUXILIAR DE ELETRICISTA COM ENCARGOS COMPLEMENTARES,H,"0,2000","23,65","4,73",,,,,,,
HEAD3,,J,INSTALAÇÕES ELÉTRICAS,UFCA,J0186,GANCHO CURTO PARA PERFILADO 38X38MM,UN,MOBRA,SINAPI,88264,ELETRICISTA COM ENCARGOS COMPLEMENTARES,H,"0,2000","29,25","5,85",,,,,,,
HEAD3,,J,INSTALAÇÕES ELÉTRICAS,UFCA,J0186,GANCHO CURTO PARA PERFILADO 38X38MM,UN,INSUMO,ORSE,3625,"Gancho curto para perfilado, ref. Mopa ou similar",un,"1,0000","2,7","2,70",,,,,,,
HEAD3,,J,INSTALAÇÕES ELÉTRICAS,UFCA,J0186,GANCHO CURTO PARA PERFILADO 38X38MM,UN,INSUMO,SINAPI,39997,"PORCA ZINCADA, SEXTAVADA, DIAMETRO 1/4""                                                                                                                                                                                                                                                                                                                                                                                                                                                                   ",UN,"2,0000","0,35","0,70",,,,,,,
HEAD3,,J,INSTALAÇÕES ELÉTRICAS,UFCA,J0186,GANCHO CURTO PARA PERFILADO 38X38MM,UN,INSUMO,SEINFRA,I9566,"ARRUELA DE PRESSÃO 3/8"" AÇO CARBONO",UN,"2,0000","0,1","0,20",,,,,,,
HEAD3,,J,INSTALAÇÕES ELÉTRICAS,UFCA,J0186,GANCHO CURTO PARA PERFILADO 38X38MM,UN,INSUMO,SINAPI,11976,"CHUMBADOR DE ACO ZINCADO, DIAMETRO 1/4"" COM PARAFUSO 1/4"" X 40 MM                                                                                                                                                                                                                                                                                                                                                                                                                                         ",UN,"1,0000","1,41","1,41",,,,,,,
HEAD2,,J,INSTALAÇÕES ELÉTRICAS,UFCA,J0187,SUPORTE VERTICAL 100X50MM PARA ELETROCALHA METÁLICA,UN,,,,,,,,,0,"10,58","7,91",0,0,"18,49",Baseado nos coeficientes da composição ORSE 07879
HEAD3,,J,INSTALAÇÕES ELÉTRICAS,UFCA,J0187,SUPORTE VERTICAL 100X50MM PARA ELETROCALHA METÁLICA,UN,MOBRA,SINAPI,88247,AUXILIAR DE ELETRICISTA COM ENCARGOS COMPLEMENTARES,H,"0,2000","23,65","4,73",,,,,,,
HEAD3,,J,INSTALAÇÕES ELÉTRICAS,UFCA,J0187,SUPORTE VERTICAL 100X50MM PARA ELETROCALHA METÁLICA,UN,MOBRA,SINAPI,88264,ELETRICISTA COM ENCARGOS COMPLEMENTARES,H,"0,2000","29,25","5,85",,,,,,,
HEAD3,,J,INSTALAÇÕES ELÉTRICAS,UFCA,J0187,SUPORTE VERTICAL 100X50MM PARA ELETROCALHA METÁLICA,UN,INSUMO,ORSE,3637,Suporte vertical  100 x 50 mm  para fixação de eletrocalha metálica ( ref.: M opa ou similar),un,"1,0000","5,6","5,60",,,,,,,
HEAD3,,J,INSTALAÇÕES ELÉTRICAS,UFCA,J0187,SUPORTE VERTICAL 100X50MM PARA ELETROCALHA METÁLICA,UN,INSUMO,SINAPI,39997,"PORCA ZINCADA, SEXTAVADA, DIAMETRO 1/4""                                                                                                                                                                                                                                                                                                                                                                                                                                                                   ",UN,"2,0000","0,35","0,70",,,,,,,
HEAD3,,J,INSTALAÇÕES ELÉTRICAS,UFCA,J0187,SUPORTE VERTICAL 100X50MM PARA ELETROCALHA METÁLICA,UN,INSUMO,SEINFRA,I9566,"ARRUELA DE PRESSÃO 3/8"" AÇO CARBONO",UN,"2,0000","0,1","0,20",,,,,,,
HEAD3,,J,INSTALAÇÕES ELÉTRICAS,UFCA,J0187,SUPORTE VERTICAL 100X50MM PARA ELETROCALHA METÁLICA,UN,INSUMO,SINAPI,11976,"CHUMBADOR DE ACO ZINCADO, DIAMETRO 1/4"" COM PARAFUSO 1/4"" X 40 MM                                                                                                                                                                                                                                                                                                                                                                                                                                         ",UN,"1,0000","1,41","1,41",,,,,,,
HEAD2,,J,INSTALAÇÕES ELÉTRICAS,UFCA,J0188,TÊ HORIZONTAL PARA ELETROCALHA PERFURADA 50x100mm - FORNECIMENTO E INSTALAÇÃO,UN,,,,,,,,,0,"10,58","33,91",0,0,"44,49",Baseado nos coeficientes da composição ORSE 08113
HEAD3,,J,INSTALAÇÕES ELÉTRICAS,UFCA,J0188,TÊ HORIZONTAL PARA ELETROCALHA PERFURADA 50x100mm - FORNECIMENTO E INSTALAÇÃO,UN,MOBRA,SINAPI,88247,AUXILIAR DE ELETRICISTA COM ENCARGOS COMPLEMENTARES,H,"0,2000","23,65","4,73",,,,,,,
HEAD3,,J,INSTALAÇÕES ELÉTRICAS,UFCA,J0188,TÊ HORIZONTAL PARA ELETROCALHA PERFURADA 50x100mm - FORNECIMENTO E INSTALAÇÃO,UN,MOBRA,SINAPI,88264,ELETRICISTA COM ENCARGOS COMPLEMENTARES,H,"0,2000","29,25","5,85",,,,,,,
HEAD3,,J,INSTALAÇÕES ELÉTRICAS,UFCA,J0188,TÊ HORIZONTAL PARA ELETROCALHA PERFURADA 50x100mm - FORNECIMENTO E INSTALAÇÃO,UN,INSUMO,ORSE,4095,Tê horizontal 100 x 50 mm para eletrocalha metálica (ref. Mopa ou similar),un,"1,0000","26,95","26,95",,,,,,,
HEAD3,,J,INSTALAÇÕES ELÉTRICAS,UFCA,J0188,TÊ HORIZONTAL PARA ELETROCALHA PERFURADA 50x100mm - FORNECIMENTO E INSTALAÇÃO,UN,INSUMO,SEINFRA,I9919,"PARAFUSO CABEÇA LENTILHA AUTO TRAVANTE 1/4"" X 1/2""",UN,"12,0000","0,13","1,56",,,,,,,
HEAD3,,J,INSTALAÇÕES ELÉTRICAS,UFCA,J0188,TÊ HORIZONTAL PARA ELETROCALHA PERFURADA 50x100mm - FORNECIMENTO E INSTALAÇÃO,UN,INSUMO,SINAPI,39997,"PORCA ZINCADA, SEXTAVADA, DIAMETRO 1/4""                                                                                                                                                                                                                                                                                                                                                                                                                                                                   ",UN,"12,0000","0,35","4,20",,,,,,,
HEAD3,,J,INSTALAÇÕES ELÉTRICAS,UFCA,J0188,TÊ HORIZONTAL PARA ELETROCALHA PERFURADA 50x100mm - FORNECIMENTO E INSTALAÇÃO,UN,INSUMO,SEINFRA,I9566,"ARRUELA DE PRESSÃO 3/8"" AÇO CARBONO",UN,"12,0000","0,1","1,20",,,,,,,
HEAD2,,J,INSTALAÇÕES ELÉTRICAS,UFCA,J0189,"SAÍDA HORIZONTAL PARA ELETRODUTO ATÉ 1""",UN,,,,,,,,,0,"6,34","4,5",0,0,"10,84",Baseado nos coeficientes da composição 00724/ORSE
HEAD3,,J,INSTALAÇÕES ELÉTRICAS,UFCA,J0189,"SAÍDA HORIZONTAL PARA ELETRODUTO ATÉ 1""",UN,MOBRA,SINAPI,88247,AUXILIAR DE ELETRICISTA COM ENCARGOS COMPLEMENTARES,H,"0,1200","23,65","2,83",,,,,,,
HEAD3,,J,INSTALAÇÕES ELÉTRICAS,UFCA,J0189,"SAÍDA HORIZONTAL PARA ELETRODUTO ATÉ 1""",UN,MOBRA,SINAPI,88264,ELETRICISTA COM ENCARGOS COMPLEMENTARES,H,"0,1200","29,25","3,51",,,,,,,
HEAD3,,J,INSTALAÇÕES ELÉTRICAS,UFCA,J0189,"SAÍDA HORIZONTAL PARA ELETRODUTO ATÉ 1""",UN,INSUMO,ORSE,2001,"Saída horizontal para eletroduto 1"" (ref. vl 33 valemam ou similar)",un,"1,0000","4,5","4,50",,,,,,,
HEAD2,,J,INSTALAÇÕES ELÉTRICAS,UFCA,J0190,SEPARADOR METÁLICO 50MM PARA ELETROCALHA,M,,,,,,,,,0,"10,58","10,13",0,0,"20,71",Baseado nos coeficientes da composição ORSE 12523
HEAD3,,J,INSTALAÇÕES ELÉTRICAS,UFCA,J0190,SEPARADOR METÁLICO 50MM PARA ELETROCALHA,M,MOBRA,SINAPI,88247,AUXILIAR DE ELETRICISTA COM ENCARGOS COMPLEMENTARES,H,"0,2000","23,65","4,73",,,,,,,
HEAD3,,J,INSTALAÇÕES ELÉTRICAS,UFCA,J0190,SEPARADOR METÁLICO 50MM PARA ELETROCALHA,M,MOBRA,SINAPI,88264,ELETRICISTA COM ENCARGOS COMPLEMENTARES,H,"0,2000","29,25","5,85",,,,,,,
HEAD3,,J,INSTALAÇÕES ELÉTRICAS,UFCA,J0190,SEPARADOR METÁLICO 50MM PARA ELETROCALHA,M,INSUMO,ORSE,3990,Tampa de encaixe 100 X3000 - Z para eletrocalha metálica (ref.: mopa ou simil ar),m,"1,0000","9,55","9,55",,,,,,,
HEAD3,,J,INSTALAÇÕES ELÉTRICAS,UFCA,J0190,SEPARADOR METÁLICO 50MM PARA ELETROCALHA,M,INSUMO,SEINFRA,I9919,"PARAFUSO CABEÇA LENTILHA AUTO TRAVANTE 1/4"" X 1/2""",UN,"1,0000","0,13","0,13",,,,,,,
HEAD3,,J,INSTALAÇÕES ELÉTRICAS,UFCA,J0190,SEPARADOR METÁLICO 50MM PARA ELETROCALHA,M,INSUMO,SINAPI,39997,"PORCA ZINCADA, SEXTAVADA, DIAMETRO 1/4""                                                                                                                                                                                                                                                                                                                                                                                                                                                                   ",UN,"1,0000","0,35","0,35",,,,,,,
HEAD3,,J,INSTALAÇÕES ELÉTRICAS,UFCA,J0190,SEPARADOR METÁLICO 50MM PARA ELETROCALHA,M,INSUMO,SEINFRA,I9566,"ARRUELA DE PRESSÃO 3/8"" AÇO CARBONO",UN,"1,0000","0,1","0,10",,,,,,,
HEAD2,,J,INSTALAÇÕES ELÉTRICAS,UFCA,J0191,"VERGALHÃO TIRANTE COM ROSCA 1/4""",M,,,,,,,,,0,"8,99","4,53",0,0,"13,52",Baseado nos coeficientes da composição SEINFRA C3478
HEAD3,,J,INSTALAÇÕES ELÉTRICAS,UFCA,J0191,"VERGALHÃO TIRANTE COM ROSCA 1/4""",M,MOBRA,SINAPI,88247,AUXILIAR DE ELETRICISTA COM ENCARGOS COMPLEMENTARES,H,"0,1700","23,65","4,02",,,,,,,
HEAD3,,J,INSTALAÇÕES ELÉTRICAS,UFCA,J0191,"VERGALHÃO TIRANTE COM ROSCA 1/4""",M,MOBRA,SINAPI,88264,ELETRICISTA COM ENCARGOS COMPLEMENTARES,H,"0,1700","29,25","4,97",,,,,,,
HEAD3,,J,INSTALAÇÕES ELÉTRICAS,UFCA,J0191,"VERGALHÃO TIRANTE COM ROSCA 1/4""",M,INSUMO,SINAPI,39996,"VERGALHAO ZINCADO ROSCA TOTAL, 1/4"" (6,3 MM)                                                                                                                                                                                                                                                                                                                                                                                                                                                              ",M,"1,0000","4,53","4,53",,,,,,,
HEAD2,,J,INSTALAÇÕES ELÉTRICAS,UFCA,J0192,"CABO MULTIPOLAR 3X1,5MM², 0,6/1KV",M,,,,,,,,,0,"5,81","5,54",0,0,"11,35",Baseado nos coeficientes da composição SEINFRA C4558
HEAD3,,J,INSTALAÇÕES ELÉTRICAS,UFCA,J0192,"CABO MULTIPOLAR 3X1,5MM², 0,6/1KV",M,MOBRA,SINAPI,88247,AUXILIAR DE ELETRICISTA COM ENCARGOS COMPLEMENTARES,H,"0,1100","23,65","2,60",,,,,,,
HEAD3,,J,INSTALAÇÕES ELÉTRICAS,UFCA,J0192,"CABO MULTIPOLAR 3X1,5MM², 0,6/1KV",M,MOBRA,SINAPI,88264,ELETRICISTA COM ENCARGOS COMPLEMENTARES,H,"0,1100","29,25","3,21",,,,,,,
HEAD3,,J,INSTALAÇÕES ELÉTRICAS,UFCA,J0192,"CABO MULTIPOLAR 3X1,5MM², 0,6/1KV",M,INSUMO,SINAPI,39257,"CABO MULTIPOLAR DE COBRE, FLEXIVEL, CLASSE 4 OU 5, ISOLACAO EM HEPR, COBERTURA EM PVC-ST2, ANTICHAMA BWF-B, 0,6/1 KV, 3 CONDUTORES DE 1,5 MM2                                                                                                                                                                                                                                                                                                                                                             ",M,"1,0000","5,54","5,54",,,,,,,
HEAD2,,J,INSTALAÇÕES ELÉTRICAS,UFCA,J0193,"LUMINÁRIA TIPO SPOT DE PISO/TETO,  BASE E27, PARA 1 LÂMPADA LED, POTÊNCIA MÁXIMA 25W",UN,,,,,,,,,0,"21,12","112,88",0,0,134,Baseado nos coeficientes da composição SINAPI 97607
HEAD3,,J,INSTALAÇÕES ELÉTRICAS,UFCA,J0193,"LUMINÁRIA TIPO SPOT DE PISO/TETO,  BASE E27, PARA 1 LÂMPADA LED, POTÊNCIA MÁXIMA 25W",UN,MOBRA,SINAPI,88247,AUXILIAR DE ELETRICISTA COM ENCARGOS COMPLEMENTARES,H,"0,1802","23,65","4,26",,,,,,,
HEAD3,,J,INSTALAÇÕES ELÉTRICAS,UFCA,J0193,"LUMINÁRIA TIPO SPOT DE PISO/TETO,  BASE E27, PARA 1 LÂMPADA LED, POTÊNCIA MÁXIMA 25W",UN,MOBRA,SINAPI,88264,ELETRICISTA COM ENCARGOS COMPLEMENTARES,H,"0,5766","29,25","16,86",,,,,,,
HEAD3,,J,INSTALAÇÕES ELÉTRICAS,UFCA,J0193,"LUMINÁRIA TIPO SPOT DE PISO/TETO,  BASE E27, PARA 1 LÂMPADA LED, POTÊNCIA MÁXIMA 25W",UN,INSUMO,SINAPI,12266,"LUMINARIA SPOT DE SOBREPOR EM ALUMINIO COM ALETA PLASTICA PARA 1 LAMPADA, BASE E27, POTENCIA MAXIMA 40/60 W (NAO INCLUI LAMPADA)                                                                                                                                                                                                                                                                                                                                                                          ",UN,"1,0000","107,48","107,48",,,,,,,
HEAD3,,J,INSTALAÇÕES ELÉTRICAS,UFCA,J0193,"LUMINÁRIA TIPO SPOT DE PISO/TETO,  BASE E27, PARA 1 LÂMPADA LED, POTÊNCIA MÁXIMA 25W",UN,INSUMO,SINAPI,38194,"LAMPADA LED 10 W BIVOLT BRANCA, FORMATO TRADICIONAL (BASE E27)                                                                                                                                                                                                                                                                                                                                                                                                                                            ",UN,"1,0000","5,40","5,40",,,,,,,
HEAD2,,J,INSTALAÇÕES ELÉTRICAS,UFCA,J0194,"LUMINÁRIA LED TIPO PAFLON COM VIDRO FOSCO, BASE E27, POTÊNCIA MÁXIMA 25W",UN,,,,,,,,,0,"21,12","67,29",0,0,"88,41",Baseado nos coeficientes da composição SINAPI 97607
HEAD3,,J,INSTALAÇÕES ELÉTRICAS,UFCA,J0194,"LUMINÁRIA LED TIPO PAFLON COM VIDRO FOSCO, BASE E27, POTÊNCIA MÁXIMA 25W",UN,MOBRA,SINAPI,88247,AUXILIAR DE ELETRICISTA COM ENCARGOS COMPLEMENTARES,H,"0,1802","23,65","4,26",,,,,,,
HEAD3,,J,INSTALAÇÕES ELÉTRICAS,UFCA,J0194,"LUMINÁRIA LED TIPO PAFLON COM VIDRO FOSCO, BASE E27, POTÊNCIA MÁXIMA 25W",UN,MOBRA,SINAPI,88264,ELETRICISTA COM ENCARGOS COMPLEMENTARES,H,"0,5766","29,25","16,86",,,,,,,
HEAD3,,J,INSTALAÇÕES ELÉTRICAS,UFCA,J0194,"LUMINÁRIA LED TIPO PAFLON COM VIDRO FOSCO, BASE E27, POTÊNCIA MÁXIMA 25W",UN,INSUMO,SINAPI,3803,"LUMINARIA PLAFON REDONDO COM VIDRO FOSCO DIAMETRO *25* CM, PARA 1 LAMPADA, BASE E27, POTENCIA MAXIMA 40/60 W (NAO INCLUI LAMPADA)                                                                                                                                                                                                                                                                                                                                                                         ",UN,"1,0000","61,89","61,89",,,,,,,
HEAD3,,J,INSTALAÇÕES ELÉTRICAS,UFCA,J0194,"LUMINÁRIA LED TIPO PAFLON COM VIDRO FOSCO, BASE E27, POTÊNCIA MÁXIMA 25W",UN,INSUMO,SINAPI,38194,"LAMPADA LED 10 W BIVOLT BRANCA, FORMATO TRADICIONAL (BASE E27)                                                                                                                                                                                                                                                                                                                                                                                                                                            ",UN,"1,0000","5,40","5,40",,,,,,,
HEAD2,,J,INSTALAÇÕES ELÉTRICAS,UFCA,J0195,"TERMINAL OLHAL PARA CABO DE 1,50MM2 À 2,50MM2",UN,,,,,,,,,0,"5,28","4,31",0,0,"9,59",Baseado nos coeficientes da composição SEINFRA C3482
HEAD3,,J,INSTALAÇÕES ELÉTRICAS,UFCA,J0195,"TERMINAL OLHAL PARA CABO DE 1,50MM2 À 2,50MM2",UN,MOBRA,SINAPI,88247,AUXILIAR DE ELETRICISTA COM ENCARGOS COMPLEMENTARES,H,"0,1000","23,65","2,36",,,,,,,
HEAD3,,J,INSTALAÇÕES ELÉTRICAS,UFCA,J0195,"TERMINAL OLHAL PARA CABO DE 1,50MM2 À 2,50MM2",UN,MOBRA,SINAPI,88264,ELETRICISTA COM ENCARGOS COMPLEMENTARES,H,"0,1000","29,25","2,92",,,,,,,
HEAD3,,J,INSTALAÇÕES ELÉTRICAS,UFCA,J0195,"TERMINAL OLHAL PARA CABO DE 1,50MM2 À 2,50MM2",UN,INSUMO,SEINFRA,I6160,"TERMINAL OLHAL PARA CABO DE 1,50mm2  A  2,50mm2",UN,"1,0000","4,31","4,31",,,,,,,
HEAD2,,J,INSTALAÇÕES ELÉTRICAS,UFCA,J0196,"ELETRODUTO DE AÇO GALVANIZADO, MÉDIO, DN 40 MM (1.1/2'') - FORNECIMENTO E INSTALAÇÃO",M,,,,,,,,,0,"5,93","24,11",0,0,"30,04",Baseado nos coeficientes da composição SINAPI 93008
HEAD3,,J,INSTALAÇÕES ELÉTRICAS,UFCA,J0196,"ELETRODUTO DE AÇO GALVANIZADO, MÉDIO, DN 40 MM (1.1/2'') - FORNECIMENTO E INSTALAÇÃO",M,MOBRA,SINAPI,88247,AUXILIAR DE ELETRICISTA COM ENCARGOS COMPLEMENTARES,H,"0,1122","23,65","2,65",,,,,,,
HEAD3,,J,INSTALAÇÕES ELÉTRICAS,UFCA,J0196,"ELETRODUTO DE AÇO GALVANIZADO, MÉDIO, DN 40 MM (1.1/2'') - FORNECIMENTO E INSTALAÇÃO",M,MOBRA,SINAPI,88264,ELETRICISTA COM ENCARGOS COMPLEMENTARES,H,"0,1122","29,25","3,28",,,,,,,
HEAD3,,J,INSTALAÇÕES ELÉTRICAS,UFCA,J0196,"ELETRODUTO DE AÇO GALVANIZADO, MÉDIO, DN 40 MM (1.1/2'') - FORNECIMENTO E INSTALAÇÃO",M,INSUMO,SEINFRA,I1062,"ELETRODUTO DE ALUMINIO DE 1 1/2""",M,"1,0000","24,11","24,11",,,,,,,
HEAD2,,J,INSTALAÇÕES ELÉTRICAS,UFCA,J0197,"LUVA PARA ELETRODUTO DE AÇO GALVANIZADO DN 40 MM (1.1/2"") - FORNECIMENTO E INSTALAÇÃO",UN,,,,,,,,,0,"11,86","5,31",0,0,"17,17",Baseado nos coeficientes da composição SINAPI 93013
HEAD3,,J,INSTALAÇÕES ELÉTRICAS,UFCA,J0197,"LUVA PARA ELETRODUTO DE AÇO GALVANIZADO DN 40 MM (1.1/2"") - FORNECIMENTO E INSTALAÇÃO",UN,MOBRA,SINAPI,88247,AUXILIAR DE ELETRICISTA COM ENCARGOS COMPLEMENTARES,H,"0,2243","23,65","5,30",,,,,,,
HEAD3,,J,INSTALAÇÕES ELÉTRICAS,UFCA,J0197,"LUVA PARA ELETRODUTO DE AÇO GALVANIZADO DN 40 MM (1.1/2"") - FORNECIMENTO E INSTALAÇÃO",UN,MOBRA,SINAPI,88264,ELETRICISTA COM ENCARGOS COMPLEMENTARES,H,"0,2243","29,25","6,56",,,,,,,
HEAD3,,J,INSTALAÇÕES ELÉTRICAS,UFCA,J0197,"LUVA PARA ELETRODUTO DE AÇO GALVANIZADO DN 40 MM (1.1/2"") - FORNECIMENTO E INSTALAÇÃO",UN,INSUMO,SINAPI,2644,"LUVA PARA ELETRODUTO, EM ACO GALVANIZADO ELETROLITICO, COM ROSCA, DIAMETRO DE 40 MM (1 1/2"")                                                                                                                                                                                                                                                                                                                                                                                                              ",UN,"1,0000","5,31","5,31",,,,,,,
HEAD2,,J,INSTALAÇÕES ELÉTRICAS,UFCA,J0198,CURVA PARA ELETRODUTO DE AÇO GALVANIZADO DN 40 MM (1.1/2'') - FORNECIMENTO E INSTALAÇÃO,UN,,,,,,,,,0,"17,79","17,83",0,0,"35,62",Baseado nos coeficientes da composição SINAPI 93018
HEAD3,,J,INSTALAÇÕES ELÉTRICAS,UFCA,J0198,CURVA PARA ELETRODUTO DE AÇO GALVANIZADO DN 40 MM (1.1/2'') - FORNECIMENTO E INSTALAÇÃO,UN,MOBRA,SINAPI,88247,AUXILIAR DE ELETRICISTA COM ENCARGOS COMPLEMENTARES,H,"0,3365","23,65","7,95",,,,,,,
HEAD3,,J,INSTALAÇÕES ELÉTRICAS,UFCA,J0198,CURVA PARA ELETRODUTO DE AÇO GALVANIZADO DN 40 MM (1.1/2'') - FORNECIMENTO E INSTALAÇÃO,UN,MOBRA,SINAPI,88264,ELETRICISTA COM ENCARGOS COMPLEMENTARES,H,"0,3365","29,25","9,84",,,,,,,
HEAD3,,J,INSTALAÇÕES ELÉTRICAS,UFCA,J0198,CURVA PARA ELETRODUTO DE AÇO GALVANIZADO DN 40 MM (1.1/2'') - FORNECIMENTO E INSTALAÇÃO,UN,INSUMO,SINAPI,2632,"CURVA 90 GRAUS PARA ELETRODUTO, EM ACO GALVANIZADO ELETROLITICO, COM ROSCA, DIAMETRO DE 40 MM (1 1/2""), ESPESSURA DE 1,50 MM                                                                                                                                                                                                                                                                                                                                                                              ",UN,"1,0000","17,83","17,83",,,,,,,
HEAD2,,J,INSTALAÇÕES ELÉTRICAS,UFCA,J0199,"ELETRODUTO DE AÇO GALVANIZADO, MÉDIO, DN 50 MM (2'') - FORNECIMENTO E INSTALAÇÃO",M,,,,,,,,,0,"6,82","37,28",0,0,"44,1",Baseado nos coeficientes da composição SINAPI 93009
HEAD3,,J,INSTALAÇÕES ELÉTRICAS,UFCA,J0199,"ELETRODUTO DE AÇO GALVANIZADO, MÉDIO, DN 50 MM (2'') - FORNECIMENTO E INSTALAÇÃO",M,MOBRA,SINAPI,88247,AUXILIAR DE ELETRICISTA COM ENCARGOS COMPLEMENTARES,H,"0,1290","23,65","3,05",,,,,,,
HEAD3,,J,INSTALAÇÕES ELÉTRICAS,UFCA,J0199,"ELETRODUTO DE AÇO GALVANIZADO, MÉDIO, DN 50 MM (2'') - FORNECIMENTO E INSTALAÇÃO",M,MOBRA,SINAPI,88264,ELETRICISTA COM ENCARGOS COMPLEMENTARES,H,"0,1290","29,25","3,77",,,,,,,
HEAD3,,J,INSTALAÇÕES ELÉTRICAS,UFCA,J0199,"ELETRODUTO DE AÇO GALVANIZADO, MÉDIO, DN 50 MM (2'') - FORNECIMENTO E INSTALAÇÃO",M,INSUMO,SEINFRA,I1066,"ELETRODUTO DE ALUMINIO DE 2""",M,"1,0000","37,28","37,28",,,,,,,
HEAD2,,J,INSTALAÇÕES ELÉTRICAS,UFCA,J0200,"LUVA PARA ELETRODUTO DE AÇO GALVANIZADO DN 50 MM (2"") - FORNECIMENTO E INSTALAÇÃO",UN,,,,,,,,,0,"13,63","7,41",0,0,"21,04",Baseado nos coeficientes da composição SINAPI 93014
HEAD3,,J,INSTALAÇÕES ELÉTRICAS,UFCA,J0200,"LUVA PARA ELETRODUTO DE AÇO GALVANIZADO DN 50 MM (2"") - FORNECIMENTO E INSTALAÇÃO",UN,MOBRA,SINAPI,88247,AUXILIAR DE ELETRICISTA COM ENCARGOS COMPLEMENTARES,H,"0,2579","23,65","6,09",,,,,,,
HEAD3,,J,INSTALAÇÕES ELÉTRICAS,UFCA,J0200,"LUVA PARA ELETRODUTO DE AÇO GALVANIZADO DN 50 MM (2"") - FORNECIMENTO E INSTALAÇÃO",UN,MOBRA,SINAPI,88264,ELETRICISTA COM ENCARGOS COMPLEMENTARES,H,"0,2579","29,25","7,54",,,,,,,
HEAD3,,J,INSTALAÇÕES ELÉTRICAS,UFCA,J0200,"LUVA PARA ELETRODUTO DE AÇO GALVANIZADO DN 50 MM (2"") - FORNECIMENTO E INSTALAÇÃO",UN,INSUMO,SINAPI,2643,"LUVA PARA ELETRODUTO, EM ACO GALVANIZADO ELETROLITICO, COM ROSCA,DIAMETRO DE 50 MM (2"")                                                                                                                                                                                                                                                                                                                                                                                                                   ",UN,"1,0000","7,41","7,41",,,,,,,
HEAD2,,J,INSTALAÇÕES ELÉTRICAS,UFCA,J0201,CURVA PARA ELETRODUTO DE AÇO GALVANIZADO DN 50 MM (2'') - FORNECIMENTO E INSTALAÇÃO,UN,,,,,,,,,0,"20,46","26,18",0,0,"46,64",Baseado nos coeficientes da composição SINAPI 93020
HEAD3,,J,INSTALAÇÕES ELÉTRICAS,UFCA,J0201,CURVA PARA ELETRODUTO DE AÇO GALVANIZADO DN 50 MM (2'') - FORNECIMENTO E INSTALAÇÃO,UN,MOBRA,SINAPI,88247,AUXILIAR DE ELETRICISTA COM ENCARGOS COMPLEMENTARES,H,"0,3869","23,65","9,15",,,,,,,
HEAD3,,J,INSTALAÇÕES ELÉTRICAS,UFCA,J0201,CURVA PARA ELETRODUTO DE AÇO GALVANIZADO DN 50 MM (2'') - FORNECIMENTO E INSTALAÇÃO,UN,MOBRA,SINAPI,88264,ELETRICISTA COM ENCARGOS COMPLEMENTARES,H,"0,3869","29,25","11,31",,,,,,,
HEAD3,,J,INSTALAÇÕES ELÉTRICAS,UFCA,J0201,CURVA PARA ELETRODUTO DE AÇO GALVANIZADO DN 50 MM (2'') - FORNECIMENTO E INSTALAÇÃO,UN,INSUMO,SINAPI,2631,"CURVA 90 GRAUS PARA ELETRODUTO, EM ACO GALVANIZADO ELETROLITICO, COM ROSCA, DIAMETRO DE 50 MM (2"")                                                                                                                                                                                                                                                                                                                                                                                                        ",UN,"1,0000","26,18","26,18",,,,,,,
HEAD2,,J,INSTALAÇÕES ELÉTRICAS,UFCA,J0202,"ELETRODUTO DE AÇO GALVANIZADO, MÉDIO, DN 25 MM (1'') - FORNECIMENTO E INSTALAÇÃO",M,,,,,,,,,0,"6,02","16,01",0,0,"22,03",Baseado nos coeficientes da composição SINAPI 91868
HEAD3,,J,INSTALAÇÕES ELÉTRICAS,UFCA,J0202,"ELETRODUTO DE AÇO GALVANIZADO, MÉDIO, DN 25 MM (1'') - FORNECIMENTO E INSTALAÇÃO",M,MOBRA,SINAPI,88247,AUXILIAR DE ELETRICISTA COM ENCARGOS COMPLEMENTARES,H,"0,1140","23,65","2,69",,,,,,,
HEAD3,,J,INSTALAÇÕES ELÉTRICAS,UFCA,J0202,"ELETRODUTO DE AÇO GALVANIZADO, MÉDIO, DN 25 MM (1'') - FORNECIMENTO E INSTALAÇÃO",M,MOBRA,SINAPI,88264,ELETRICISTA COM ENCARGOS COMPLEMENTARES,H,"0,1140","29,25","3,33",,,,,,,
HEAD3,,J,INSTALAÇÕES ELÉTRICAS,UFCA,J0202,"ELETRODUTO DE AÇO GALVANIZADO, MÉDIO, DN 25 MM (1'') - FORNECIMENTO E INSTALAÇÃO",M,INSUMO,SEINFRA,I1064,"ELETRODUTO DE ALUMINIO DE 1""",M,"1,0000","16,01","16,01",,,,,,,
HEAD2,,J,INSTALAÇÕES ELÉTRICAS,UFCA,J0203,LUVA PARA ELETRODUTO DE AÇO GALVANIZADO DN 25 MM (1'') - FORNECIMENTO E INSTALAÇÃO,UN,,,,,,,,,0,"10,58","2,07",0,0,"12,65",Baseado nos coeficientes da composição SEINFRA C1705
HEAD3,,J,INSTALAÇÕES ELÉTRICAS,UFCA,J0203,LUVA PARA ELETRODUTO DE AÇO GALVANIZADO DN 25 MM (1'') - FORNECIMENTO E INSTALAÇÃO,UN,MOBRA,SINAPI,88247,AUXILIAR DE ELETRICISTA COM ENCARGOS COMPLEMENTARES,H,"0,2000","23,65","4,73",,,,,,,
HEAD3,,J,INSTALAÇÕES ELÉTRICAS,UFCA,J0203,LUVA PARA ELETRODUTO DE AÇO GALVANIZADO DN 25 MM (1'') - FORNECIMENTO E INSTALAÇÃO,UN,MOBRA,SINAPI,88264,ELETRICISTA COM ENCARGOS COMPLEMENTARES,H,"0,2000","29,25","5,85",,,,,,,
HEAD3,,J,INSTALAÇÕES ELÉTRICAS,UFCA,J0203,LUVA PARA ELETRODUTO DE AÇO GALVANIZADO DN 25 MM (1'') - FORNECIMENTO E INSTALAÇÃO,UN,INSUMO,SINAPI,2638,"LUVA PARA ELETRODUTO, EM ACO GALVANIZADO ELETROLITICO, COM ROSCA, DIAMETRO DE 25 MM (1"")                                                                                                                                                                                                                                                                                                                                                                                                                  ",UN,"1,0000","2,07","2,07",,,,,,,
HEAD2,,J,INSTALAÇÕES ELÉTRICAS,UFCA,J0204,CURVA PARA ELETRODUTO DE AÇO GALVANIZADO DN 25 MM (1'') - FORNECIMENTO E INSTALAÇÃO,UN,,,,,,,,,0,"17,34","6,42",0,0,"23,76",Baseado nos coeficientes da composição SINAPI 91917
HEAD3,,J,INSTALAÇÕES ELÉTRICAS,UFCA,J0204,CURVA PARA ELETRODUTO DE AÇO GALVANIZADO DN 25 MM (1'') - FORNECIMENTO E INSTALAÇÃO,UN,MOBRA,SINAPI,88247,AUXILIAR DE ELETRICISTA COM ENCARGOS COMPLEMENTARES,H,"0,3280","23,65","7,75",,,,,,,
HEAD3,,J,INSTALAÇÕES ELÉTRICAS,UFCA,J0204,CURVA PARA ELETRODUTO DE AÇO GALVANIZADO DN 25 MM (1'') - FORNECIMENTO E INSTALAÇÃO,UN,MOBRA,SINAPI,88264,ELETRICISTA COM ENCARGOS COMPLEMENTARES,H,"0,3280","29,25","9,59",,,,,,,
HEAD3,,J,INSTALAÇÕES ELÉTRICAS,UFCA,J0204,CURVA PARA ELETRODUTO DE AÇO GALVANIZADO DN 25 MM (1'') - FORNECIMENTO E INSTALAÇÃO,UN,INSUMO,SINAPI,2617,"CURVA 90 GRAUS PARA ELETRODUTO, EM ACO GALVANIZADO ELETROLITICO, COM ROSCA, DIAMETRO DE 25 MM (1""), ESPESSURA DE 1,50 MM                                                                                                                                                                                                                                                                                                                                                                                  ",UN,"1,0000","6,42","6,42",,,,,,,
HEAD2,,J,INSTALAÇÕES ELÉTRICAS,UFCA,J0205,SUPORTE GUIA SIMPLES PARA CORDOALHA DE COBRE,UN,,,,,,,,,0,"5,28","5,39",0,0,"10,67",Baseado nos coeficientes da composição ORSE 10903
HEAD3,,J,INSTALAÇÕES ELÉTRICAS,UFCA,J0205,SUPORTE GUIA SIMPLES PARA CORDOALHA DE COBRE,UN,MOBRA,SINAPI,88247,AUXILIAR DE ELETRICISTA COM ENCARGOS COMPLEMENTARES,H,"0,1000","23,65","2,36",,,,,,,
HEAD3,,J,INSTALAÇÕES ELÉTRICAS,UFCA,J0205,SUPORTE GUIA SIMPLES PARA CORDOALHA DE COBRE,UN,MOBRA,SINAPI,88264,ELETRICISTA COM ENCARGOS COMPLEMENTARES,H,"0,1000","29,25","2,92",,,,,,,
HEAD3,,J,INSTALAÇÕES ELÉTRICAS,UFCA,J0205,SUPORTE GUIA SIMPLES PARA CORDOALHA DE COBRE,UN,INSUMO,SINAPI,3396,"SUPORTE ISOLADOR SIMPLES DIAMETRO NOMINAL 5/16"", COM ROSCA SOBERBA E BUCHA                                                                                                                                                                                                                                                                                                                                                                                                                                ",UN,"1,0000","5,39","5,39",,,,,,,
HEAD2,,J,INSTALAÇÕES ELÉTRICAS,UFCA,J0206,"LUMINÁRIA DE EMERGÊNCIA DE SOBREPOR, COM BLOCO AUTÔNOMO, 1200 LUMENS",UN,,,,,,,,,0,"6,46","209,08",0,0,"215,54",Baseado nos coeficientes da composição SINAPI 97599
HEAD3,,J,INSTALAÇÕES ELÉTRICAS,UFCA,J0206,"LUMINÁRIA DE EMERGÊNCIA DE SOBREPOR, COM BLOCO AUTÔNOMO, 1200 LUMENS",UN,MOBRA,SINAPI,88247,AUXILIAR DE ELETRICISTA COM ENCARGOS COMPLEMENTARES,H,"0,0552","23,65","1,30",,,,,,,
HEAD3,,J,INSTALAÇÕES ELÉTRICAS,UFCA,J0206,"LUMINÁRIA DE EMERGÊNCIA DE SOBREPOR, COM BLOCO AUTÔNOMO, 1200 LUMENS",UN,MOBRA,SINAPI,88264,ELETRICISTA COM ENCARGOS COMPLEMENTARES,H,"0,1765","29,25","5,16",,,,,,,
HEAD3,,J,INSTALAÇÕES ELÉTRICAS,UFCA,J0206,"LUMINÁRIA DE EMERGÊNCIA DE SOBREPOR, COM BLOCO AUTÔNOMO, 1200 LUMENS",UN,INSUMO,ORSE,12699,"Luminária de emergência, de sobrepor, tipo balizamento com bloco autônomo, co m autonomia de 3h, modelo LLE 1106-1DFB, da KBR ou similar",un,"1,0000","209,08","209,08",,,,,,,
HEAD2,,J,INSTALAÇÕES ELÉTRICAS,UFCA,J0207,TIMER DIGITAL 220V,UN,,,,,,,,,0,"7,14","230,8",0,0,"237,94",Baseado nos coeficientes da composição SINAPI 101891
HEAD3,,J,INSTALAÇÕES ELÉTRICAS,UFCA,J0207,TIMER DIGITAL 220V,UN,MOBRA,SINAPI,88247,AUXILIAR DE ELETRICISTA COM ENCARGOS COMPLEMENTARES,H,"0,1352","23,65","3,19",,,,,,,
HEAD3,,J,INSTALAÇÕES ELÉTRICAS,UFCA,J0207,TIMER DIGITAL 220V,UN,MOBRA,SINAPI,88264,ELETRICISTA COM ENCARGOS COMPLEMENTARES,H,"0,1352","29,25","3,95",,,,,,,
HEAD3,,J,INSTALAÇÕES ELÉTRICAS,UFCA,J0207,TIMER DIGITAL 220V,UN,INSUMO,ORSE,13863,"Programador horário alimentação de 100ª 240VAC, uma saída a rele SPDT 16A – 2 50V, com led para identificação do status, função horário de verão, caixa em  ABX, para fixação em trilho, com 40 memorias para programação",un,"1,0000","230,8","230,80",,,,,,,
HEAD1,,K,INSTALAÇÕES LÓGICA/TELEFÔNICA,UFCA,,,,,,,,,,,,,,,,,,
HEAD2,,K,INSTALAÇÕES LÓGICA/TELEFÔNICA,UFCA,K0001,"REMOÇÃO SEM REAPROVEITAMENTO DE CABO UTO CATEGORIA 6, 24X4 AWG",M,,,,,,,,,,"0,23",,,,"0,23",
HEAD3,,K,INSTALAÇÕES LÓGICA/TELEFÔNICA,UFCA,K0001,"REMOÇÃO SEM REAPROVEITAMENTO DE CABO UTO CATEGORIA 6, 24X4 AWG",M,MOBRA,SINAPI,88247,AUXILIAR DE ELETRICISTA COM ENCARGOS COMPLEMENTARES,H,"0,0045","23,65","0,10",,,,,,,
HEAD3,,K,INSTALAÇÕES LÓGICA/TELEFÔNICA,UFCA,K0001,"REMOÇÃO SEM REAPROVEITAMENTO DE CABO UTO CATEGORIA 6, 24X4 AWG",M,MOBRA,SINAPI,88264,ELETRICISTA COM ENCARGOS COMPLEMENTARES,H,"0,0045","29,25","0,13",,,,,,,
HEAD2,,K,INSTALAÇÕES LÓGICA/TELEFÔNICA,UFCA,K0002,"INSTALAÇÃO DE CABO UTP CATEGORIA 6, 24X4 AWG - SEM FORNECIMENTO",M,,,,,,,,,,"0,23",,,,"0,23",
HEAD3,,K,INSTALAÇÕES LÓGICA/TELEFÔNICA,UFCA,K0002,"INSTALAÇÃO DE CABO UTP CATEGORIA 6, 24X4 AWG - SEM FORNECIMENTO",M,MOBRA,SINAPI,88247,AUXILIAR DE ELETRICISTA COM ENCARGOS COMPLEMENTARES,H,"0,0045","23,65","0,10",,,,,,,
HEAD3,,K,INSTALAÇÕES LÓGICA/TELEFÔNICA,UFCA,K0002,"INSTALAÇÃO DE CABO UTP CATEGORIA 6, 24X4 AWG - SEM FORNECIMENTO",M,MOBRA,SINAPI,88264,ELETRICISTA COM ENCARGOS COMPLEMENTARES,H,"0,0045","29,25","0,13",,,,,,,
HEAD2,,K,INSTALAÇÕES LÓGICA/TELEFÔNICA,UFCA,K0006,"MINI DIO – DISTRIBUIDOR INTERNO ÓPTICO COM ACESSÓRIOS, COM 06 ACOPLADORES OPTICO DUPLEX SM LC 12 PIG TAIL SIMPLEX SM LC, INCLUSO FORNECIMENTO E INSTALAÇÃO",UN,,,,,,,,,0,"132,24","412,44",0,0,"544,68",Baseado nos coeficientes da composição SEINFRA C4564
HEAD3,,K,INSTALAÇÕES LÓGICA/TELEFÔNICA,UFCA,K0006,"MINI DIO – DISTRIBUIDOR INTERNO ÓPTICO COM ACESSÓRIOS, COM 06 ACOPLADORES OPTICO DUPLEX SM LC 12 PIG TAIL",UN,MOBRA,SINAPI,88247,AUXILIAR DE ELETRICISTA COM ENCARGOS COMPLEMENTARES,H,"2,5","23,65","59,12",,,,,,,
HEAD3,,K,INSTALAÇÕES LÓGICA/TELEFÔNICA,UFCA,K0006,"MINI DIO – DISTRIBUIDOR INTERNO ÓPTICO COM ACESSÓRIOS, COM 06 ACOPLADORES OPTICO DUPLEX SM LC 12 PIG TAIL",UN,MOBRA,SINAPI,88264,ELETRICISTA COM ENCARGOS COMPLEMENTARES,H,"2,5","29,25","73,12",,,,,,,
HEAD3,,K,INSTALAÇÕES LÓGICA/TELEFÔNICA,UFCA,K0006,"MINI DIO – DISTRIBUIDOR INTERNO ÓPTICO COM ACESSÓRIOS, COM 06 ACOPLADORES OPTICO DUPLEX SM LC 12 PIG TAIL",UN,INSUMO,SEINFRA,I8444,"DISTRIBUIDOR INTERNO ÓPTICO - D.I.O. PARA 12 FIBRAS MONO-MODO, COM CONCETORES ST, PADRÃO 19""",UN,1,"412,44","412,44",,,,,,,
HEAD2,,K,INSTALAÇÕES LÓGICA/TELEFÔNICA,UFCA,K0014,"MÓDULO DE TOMADA RJ45, 8 FIOS, CATEGORIA 6 - FORNECIMENTO E INSTALAÇÃO",UN,,,,,,,,,0,"10,9","33,11",0,0,"44,01",Baseado nos coeficientes da composição SINAPI 98307
HEAD3,,K,INSTALAÇÕES LÓGICA/TELEFÔNICA,UFCA,K0014,"MÓDULO DE TOMADA RJ45, 8 FIOS, CATEGORIA 6 - FORNECIMENTO E INSTALAÇÃO",UN,MOBRA,SINAPI,88247,AUXILIAR DE ELETRICISTA COM ENCARGOS COMPLEMENTARES,H,"0,2062","23,65","4,87",,,,,,,
HEAD3,,K,INSTALAÇÕES LÓGICA/TELEFÔNICA,UFCA,K0014,"MÓDULO DE TOMADA RJ45, 8 FIOS, CATEGORIA 6 - FORNECIMENTO E INSTALAÇÃO",UN,MOBRA,SINAPI,88264,ELETRICISTA COM ENCARGOS COMPLEMENTARES,H,"0,2062","29,25","6,03",,,,,,,
HEAD3,,K,INSTALAÇÕES LÓGICA/TELEFÔNICA,UFCA,K0014,"MÓDULO DE TOMADA RJ45, 8 FIOS, CATEGORIA 6 - FORNECIMENTO E INSTALAÇÃO",UN,INSUMO,SINAPI,38104,"TOMADA RJ45, 8 FIOS, CAT 5E (APENAS MODULO)                                                                                                                                                                                                                                                                                                                                                                                                                                                               ",UN,1,"33,11","33,11",,,,,,,
HEAD2,,K,INSTALAÇÕES LÓGICA/TELEFÔNICA,UFCA,K0015,"CABO DE FIBRA ÓPTICA, 06 FIBRAS",M,,,,,,,,,0,"4,23","14,33",0,0,"18,56",Baseado nos coeficientes da composição SEINFRA C3753
HEAD3,,K,INSTALAÇÕES LÓGICA/TELEFÔNICA,UFCA,K0015,"CABO DE FIBRA ÓPTICA, 06 FIBRAS",M,MOBRA,SINAPI,88247,AUXILIAR DE ELETRICISTA COM ENCARGOS COMPLEMENTARES,H,"0,08","23,65","1,89",,,,,,,
HEAD3,,K,INSTALAÇÕES LÓGICA/TELEFÔNICA,UFCA,K0015,"CABO DE FIBRA ÓPTICA, 06 FIBRAS",M,MOBRA,SINAPI,88264,ELETRICISTA COM ENCARGOS COMPLEMENTARES,H,"0,08","29,25","2,34",,,,,,,
HEAD3,,K,INSTALAÇÕES LÓGICA/TELEFÔNICA,UFCA,K0015,"CABO DE FIBRA ÓPTICA, 06 FIBRAS",M,INSUMO,ORSE,8926,Cabo de fibra ótica de 6 vias,m,1,"14,33","14,33",,,,,,,
HEAD2,,K,INSTALAÇÕES LÓGICA/TELEFÔNICA,UFCA,K0016,"ORGANIZADOR DE CABOS HORIZONTAL, ABERTO, PADRÃO RACK 19""",UN,,,,,,,,,0,"5,91","34,9",0,0,"40,81",Baseado nos coeficientes da composição SEINFRA C4568
HEAD3,,K,INSTALAÇÕES LÓGICA/TELEFÔNICA,UFCA,K0016,"ORGANIZADOR DE CABOS HORIZONTAL, ABERTO, PADRÃO RACK 19""",UN,MOBRA,SINAPI,88247,AUXILIAR DE ELETRICISTA COM ENCARGOS COMPLEMENTARES,H,"0,25","23,65","5,91",,,,,,,
HEAD3,,K,INSTALAÇÕES LÓGICA/TELEFÔNICA,UFCA,K0016,"ORGANIZADOR DE CABOS HORIZONTAL, ABERTO, PADRÃO RACK 19""",UN,INSUMO,SEINFRA,I8448,"ORGANIZADOR DE CABOS HORIZONTAL, ABERTO, PADRÃO RACK 19""",UN,1,"34,9","34,90",,,,,,,
HEAD2,,K,INSTALAÇÕES LÓGICA/TELEFÔNICA,UFCA,K0017,"PATCH CORD, CATEGORIA 6, EXTENSÃO DE 1,50 M",UN,,,,,,,,,0,"0,23","22,08",0,0,"22,31",Baseado nos coeficientes da composição SINAPI 98297
HEAD3,,K,INSTALAÇÕES LÓGICA/TELEFÔNICA,UFCA,K0017,"PATCH CORD, CATEGORIA 6, EXTENSÃO DE 1,50 M",UN,MOBRA,SINAPI,88247,AUXILIAR DE ELETRICISTA COM ENCARGOS COMPLEMENTARES,H,"0,0045","23,65","0,10",,,,,,,
HEAD3,,K,INSTALAÇÕES LÓGICA/TELEFÔNICA,UFCA,K0017,"PATCH CORD, CATEGORIA 6, EXTENSÃO DE 1,50 M",UN,MOBRA,SINAPI,88264,ELETRICISTA COM ENCARGOS COMPLEMENTARES,H,"0,0045","29,25","0,13",,,,,,,
HEAD3,,K,INSTALAÇÕES LÓGICA/TELEFÔNICA,UFCA,K0017,"PATCH CORD, CATEGORIA 6, EXTENSÃO DE 1,50 M",UN,INSUMO,SINAPI,39606,"PATCH CORD (CABO DE REDE), CATEGORIA 6 (CAT 6) UTP, 23 AWG, 4 PARES, EXTENSAO DE 1,50 M                                                                                                                                                                                                                                                                                                                                                                                                                   ",UN,1,"22,08","22,08",,,,,,,
HEAD1,,L,INSTALAÇÕES HIDRÁULICAS E SANITÁRIAS,UFCA,,,,,,,,,,,,,,,,,,
HEAD2,,L,INSTALAÇÕES HIDRÁULICAS E SANITÁRIAS,UFCA,L0001,"PAPELEIRA PLASTICA TIPO DISPENSER PARA PAPEL HIGIENICO ROLAO, INCLUSO FIXAÇÃO    ",UN,,,,,,,,,0,"11,09","49,45",0,0,"60,54","Composição com base
na SINAPI 95547"
HEAD3,,L,INSTALAÇÕES HIDRÁULICAS E SANITÁRIAS,UFCA,L0001,"PAPELEIRA PLASTICA TIPO DISPENSER PARA PAPEL HIGIENICO ROLAO, INCLUSO FIXAÇÃO    ",UN,MOBRA,SINAPI,88316,SERVENTE COM ENCARGOS COMPLEMENTARES,H,"0,0996","22,10","2,20",,,,,,,
HEAD3,,L,INSTALAÇÕES HIDRÁULICAS E SANITÁRIAS,UFCA,L0001,"PAPELEIRA PLASTICA TIPO DISPENSER PARA PAPEL HIGIENICO ROLAO, INCLUSO FIXAÇÃO    ",UN,MOBRA,SINAPI,88267,ENCANADOR OU BOMBEIRO HIDRÁULICO COM ENCARGOS COMPLEMENTARES,H,"0,316","28,12","8,89",,,,,,,
HEAD3,,L,INSTALAÇÕES HIDRÁULICAS E SANITÁRIAS,UFCA,L0001,"PAPELEIRA PLASTICA TIPO DISPENSER PARA PAPEL HIGIENICO ROLAO, INCLUSO FIXAÇÃO    ",UN,INSUMO,SINAPI,37400,PAPELEIRA PLASTICA TIPO DISPENSER PARA PAPEL HIGIENICO ROLAO                                                                                                                                                                                                                                                                                                                                                                                                                                              ,UN,"1,000","49,45","49,45",,,,,,,
HEAD2,,L,INSTALAÇÕES HIDRÁULICAS E SANITÁRIAS,UFCA,L0002,"TOALHEIRO PLASTICO TIPO DISPENSER PARA PAPEL TOALHA INTERFOLHADO, INCLUSO FIXAÇÃO                                               ",UN,,,,,,,,,0,"11,09","49,45",0,0,"60,54","Composição com base
na SINAPI 95547"
HEAD3,,L,INSTALAÇÕES HIDRÁULICAS E SANITÁRIAS,UFCA,L0002,"TOALHEIRO PLASTICO TIPO DISPENSER PARA PAPEL TOALHA INTERFOLHADO, INCLUSO FIXAÇÃO                 ",UN,MOBRA,SINAPI,88316,SERVENTE COM ENCARGOS COMPLEMENTARES,H,"0,0996","22,10","2,20",,,,,,,
HEAD3,,L,INSTALAÇÕES HIDRÁULICAS E SANITÁRIAS,UFCA,L0002,"TOALHEIRO PLASTICO TIPO DISPENSER PARA PAPEL TOALHA INTERFOLHADO, INCLUSO FIXAÇÃO                 ",UN,MOBRA,SINAPI,88267,ENCANADOR OU BOMBEIRO HIDRÁULICO COM ENCARGOS COMPLEMENTARES,H,"0,316","28,12","8,89",,,,,,,
HEAD3,,L,INSTALAÇÕES HIDRÁULICAS E SANITÁRIAS,UFCA,L0002,"TOALHEIRO PLASTICO TIPO DISPENSER PARA PAPEL TOALHA INTERFOLHADO, INCLUSO FIXAÇÃO                 ",UN,INSUMO,SINAPI,37401,TOALHEIRO PLASTICO TIPO DISPENSER PARA PAPEL TOALHA INTERFOLHADO                                                                                                                                                                                                                                                                                                                                                                                                                                          ,UN,"1,000","49,45","49,45",,,,,,,
HEAD2,,L,INSTALAÇÕES HIDRÁULICAS E SANITÁRIAS,UFCA,L0003,CANTONEIRA DE ALUMÍNIO P/ AZULEJOS (INSTALADA)                     ,M,,,,,,,,,0,"26,07","4,81",0,0,"30,88","Composição com base
na SEINFRA C0674"
HEAD3,,L,INSTALAÇÕES HIDRÁULICAS E SANITÁRIAS,UFCA,L0003,CANTONEIRA DE ALUMÍNIO P/ AZULEJOS (INSTALADA)               ,M,MOBRA,SINAPI,88256,AZULEJISTA OU LADRILHISTA COM ENCARGOS COMPLEMENTARES,H,"0,6","28,73","17,23",,,,,,,
HEAD3,,L,INSTALAÇÕES HIDRÁULICAS E SANITÁRIAS,UFCA,L0003,CANTONEIRA DE ALUMÍNIO P/ AZULEJOS (INSTALADA)               ,M,MOBRA,SINAPI,88316,SERVENTE COM ENCARGOS COMPLEMENTARES,H,"0,400","22,10","8,84",,,,,,,
HEAD3,,L,INSTALAÇÕES HIDRÁULICAS E SANITÁRIAS,UFCA,L0003,CANTONEIRA DE ALUMÍNIO P/ AZULEJOS (INSTALADA)               ,M,INSUMO,SEINFRA,i0463,CANTONEIRA DE ALUMINIO PARA AZULEJO,M,"1,000","4,81","4,81",,,,,,,
HEAD2,,L,INSTALAÇÕES HIDRÁULICAS E SANITÁRIAS,UFCA,L0004,CABIDE/GANCHO DE BANHEIRO SIMPLES EM METAL CROMADO - FORNECIMENTO E INSTALAÇÃO.                                      ,M,,,,,,,,,0,"25,49","10,6",0,0,"36,09",
HEAD3,,L,INSTALAÇÕES HIDRÁULICAS E SANITÁRIAS,UFCA,L0004,CABIDE/GANCHO DE BANHEIRO SIMPLES EM METAL CROMADO - FORNECIMENTO E INSTALAÇÃO.             ,M,MOBRA,SINAPI,88309,PEDREIRO COM ENCARGOS COMPLEMENTARES,H,"0,500","28,88","14,44",,,,,,,
HEAD3,,L,INSTALAÇÕES HIDRÁULICAS E SANITÁRIAS,UFCA,L0004,CABIDE/GANCHO DE BANHEIRO SIMPLES EM METAL CROMADO - FORNECIMENTO E INSTALAÇÃO.             ,M,MOBRA,SINAPI,88316,SERVENTE COM ENCARGOS COMPLEMENTARES,H,"0,500","22,10","11,05",,,,,,,
HEAD3,,L,INSTALAÇÕES HIDRÁULICAS E SANITÁRIAS,UFCA,L0004,CABIDE/GANCHO DE BANHEIRO SIMPLES EM METAL CROMADO - FORNECIMENTO E INSTALAÇÃO.             ,M,INSUMO,SINAPI,37399,CABIDE/GANCHO DE BANHEIRO SIMPLES EM METAL CROMADO                                                                                                                                                                                                                                                                                                                                                                                                                                                        ,UN,"1,000","10,29","10,29",,,,,,,
HEAD3,,L,INSTALAÇÕES HIDRÁULICAS E SANITÁRIAS,UFCA,L0004,CABIDE/GANCHO DE BANHEIRO SIMPLES EM METAL CROMADO - FORNECIMENTO E INSTALAÇÃO.             ,M,INSUMO,SINAPI,11950,"BUCHA DE NYLON SEM ABA S6, COM PARAFUSO DE 4,20 X 40 MM EM ACO ZINCADO COM ROSCA SOBERBA, CABECA CHATA E FENDA PHILLIPS                                                                                                                                                                                                                                                                                                                                                                                   ",UN,"1,000","0,31","0,31",,,,,,,
HEAD2,,L,INSTALAÇÕES HIDRÁULICAS E SANITÁRIAS,UFCA,L0005,CHUVEIRO COM DESVIADOR E DUCHA MANUAL (INSTALADO)                                ,UN,,,,,,,,,0,"15,66","358,74",0,0,"374,4",Elaborado com base na composição  SINAPI 100860
HEAD3,,L,INSTALAÇÕES HIDRÁULICAS E SANITÁRIAS,UFCA,L0005,CHUVEIRO COM DESVIADOR E DUCHA MANUAL (INSTALADO)        ,UN,MOBRA,SINAPI,88316,SERVENTE COM ENCARGOS COMPLEMENTARES,H,"0,141","22,10","3,10",,,,,,,
HEAD3,,L,INSTALAÇÕES HIDRÁULICAS E SANITÁRIAS,UFCA,L0005,CHUVEIRO COM DESVIADOR E DUCHA MANUAL (INSTALADO)        ,UN,MOBRA,SINAPI,88267,ENCANADOR OU BOMBEIRO HIDRÁULICO COM ENCARGOS COMPLEMENTARES,H,"0,447","28,12","12,56",,,,,,,
HEAD3,,L,INSTALAÇÕES HIDRÁULICAS E SANITÁRIAS,UFCA,L0005,CHUVEIRO COM DESVIADOR E DUCHA MANUAL (INSTALADO)        ,UN,INSUMO,SINAPI,3146,FITA VEDA ROSCA EM ROLOS DE 18 MM X 10 M (L X C)                                                                                                                                                                                                                                                                                                                                                                                                                                                          ,UN,"0,021","3,95","0,08",,,,,,,
HEAD3,,L,INSTALAÇÕES HIDRÁULICAS E SANITÁRIAS,UFCA,L0005,CHUVEIRO COM DESVIADOR E DUCHA MANUAL (INSTALADO)        ,UN,INSUMO,SINAPI,38190,"DUCHA / CHUVEIRO METALICO, DE PAREDE, ARTICULAVEL, COM DESVIADOR E DUCHA MANUAL                                                                                                                                                                                                                                                                                                                                                                                                                           ",UN,"1,000","358,66","358,66",,,,,,,
HEAD2,,L,INSTALAÇÕES HIDRÁULICAS E SANITÁRIAS,UFCA,L0006,DUCHA P/ WC CROMADO (INSTALADO)                     ,UN,,,,,,,,,0,"25,38","51,51",0,0,"76,89",
HEAD3,,L,INSTALAÇÕES HIDRÁULICAS E SANITÁRIAS,UFCA,L0006,DUCHA P/ WC CROMADO (INSTALADO),UN,MOBRA,SINAPI,88248,AUXILIAR DE ENCANADOR OU BOMBEIRO HIDRÁULICO COM ENCARGOS COMPLEMENTARES,H,"0,500","22,64","11,32",,,,,,,
HEAD3,,L,INSTALAÇÕES HIDRÁULICAS E SANITÁRIAS,UFCA,L0006,DUCHA P/ WC CROMADO (INSTALADO),UN,MOBRA,SINAPI,88267,ENCANADOR OU BOMBEIRO HIDRÁULICO COM ENCARGOS COMPLEMENTARES,H,"0,500","28,12","14,06",,,,,,,
HEAD3,,L,INSTALAÇÕES HIDRÁULICAS E SANITÁRIAS,UFCA,L0006,DUCHA P/ WC CROMADO (INSTALADO),UN,INSUMO,SEINFRA,I1180,FITA DE VEDAÇÃO,M,"0,280","0,36","0,10",,,,,,,
HEAD3,,L,INSTALAÇÕES HIDRÁULICAS E SANITÁRIAS,UFCA,L0006,DUCHA P/ WC CROMADO (INSTALADO),UN,INSUMO,SEINFRA,I0797,CHUVEIRO-DUCHA CROMADO 1/2'',UN,"1,000","51,41","51,41",,,,,,,
HEAD2,,L,INSTALAÇÕES HIDRÁULICAS E SANITÁRIAS,UFCA,L0007,BASE EM PRÉ-MOLDADO DE CONCRETO COM ADITIVO IMPERMEABILIZANTE P/ INSTALAÇÃO DE BACIA SANITÁRIA                 ,UN,,,,,,,,,0,"54,22","40,95",0,0,"95,17",
HEAD3,,L,INSTALAÇÕES HIDRÁULICAS E SANITÁRIAS,UFCA,L0007,BASE EM PRÉ-MOLDADO DE CONCRETO COM ADITIVO IMPERMEABILIZANTE P/ INSTALAÇÃO DE BACIA SANITÁRIA,UN,MOBRA,SINAPI,88309,PEDREIRO COM ENCARGOS COMPLEMENTARES,H,"0,500","28,88","14,44",,,,,,,
HEAD3,,L,INSTALAÇÕES HIDRÁULICAS E SANITÁRIAS,UFCA,L0007,BASE EM PRÉ-MOLDADO DE CONCRETO COM ADITIVO IMPERMEABILIZANTE P/ INSTALAÇÃO DE BACIA SANITÁRIA,UN,MOBRA,SINAPI,88316,SERVENTE COM ENCARGOS COMPLEMENTARES,H,"1,800","22,10","39,78",,,,,,,
HEAD3,,L,INSTALAÇÕES HIDRÁULICAS E SANITÁRIAS,UFCA,L0007,BASE EM PRÉ-MOLDADO DE CONCRETO COM ADITIVO IMPERMEABILIZANTE P/ INSTALAÇÃO DE BACIA SANITÁRIA,UN,INSUMO,SINAPI,370,"AREIA MEDIA - POSTO JAZIDA/FORNECEDOR (RETIRADO NA JAZIDA, SEM TRANSPORTE)                                                                                                                                                                                                                                                                                                                                                                                                                                ",M3,"0,054","130,00","7,03",,,,,,,
HEAD3,,L,INSTALAÇÕES HIDRÁULICAS E SANITÁRIAS,UFCA,L0007,BASE EM PRÉ-MOLDADO DE CONCRETO COM ADITIVO IMPERMEABILIZANTE P/ INSTALAÇÃO DE BACIA SANITÁRIA,UN,INSUMO,SINAPI,4720,"PEDRA BRITADA N. 0, OU PEDRISCO (4,8 A 9,5 MM) POSTO PEDREIRA/FORNECEDOR, SEM FRETE                                                                                                                                                                                                                                                                                                                                                                                                                       ",M3,"0,070","134,02","9,40",,,,,,,
HEAD3,,L,INSTALAÇÕES HIDRÁULICAS E SANITÁRIAS,UFCA,L0007,BASE EM PRÉ-MOLDADO DE CONCRETO COM ADITIVO IMPERMEABILIZANTE P/ INSTALAÇÃO DE BACIA SANITÁRIA,UN,INSUMO,SINAPI,1379,CIMENTO PORTLAND COMPOSTO CP II-32                                                                                                                                                                                                                                                                                                                                                                                                                                                                        ,KG,"18,000","0,74","13,32",,,,,,,
HEAD3,,L,INSTALAÇÕES HIDRÁULICAS E SANITÁRIAS,UFCA,L0007,BASE EM PRÉ-MOLDADO DE CONCRETO COM ADITIVO IMPERMEABILIZANTE P/ INSTALAÇÃO DE BACIA SANITÁRIA,UN,INSUMO,SEINFRA,I1249,IMPERMEABILIZANTE,KG,"1,600",7,"11,20",,,,,,,
HEAD2,,L,INSTALAÇÕES HIDRÁULICAS E SANITÁRIAS,UFCA,L0008,"TORNEIRA DE JARDIM, 1/2"" ou 3/4"" - FORNECIMENTO E INSTALAÇÃO.",UN,,,,,,,,,0,"18,35","45,13",0,0,"63,48",
HEAD3,,L,INSTALAÇÕES HIDRÁULICAS E SANITÁRIAS,UFCA,L0008,"TORNEIRA DE JARDIM, 1/2"" ou 3/4"" - FORNECIMENTO E INSTALAÇÃO.",UN,MOBRA,SINAPI,88248,AUXILIAR DE ENCANADOR OU BOMBEIRO HIDRÁULICO COM ENCARGOS COMPLEMENTARES,H,"0,500","22,64","11,32",,,,,,,
HEAD3,,L,INSTALAÇÕES HIDRÁULICAS E SANITÁRIAS,UFCA,L0008,"TORNEIRA DE JARDIM, 1/2"" ou 3/4"" - FORNECIMENTO E INSTALAÇÃO.",UN,MOBRA,SINAPI,88267,ENCANADOR OU BOMBEIRO HIDRÁULICO COM ENCARGOS COMPLEMENTARES,H,"0,250","28,12","7,03",,,,,,,
HEAD3,,L,INSTALAÇÕES HIDRÁULICAS E SANITÁRIAS,UFCA,L0008,"TORNEIRA DE JARDIM, 1/2"" ou 3/4"" - FORNECIMENTO E INSTALAÇÃO.",UN,INSUMO,SINAPI,3146,FITA VEDA ROSCA EM ROLOS DE 18 MM X 10 M (L X C)                                                                                                                                                                                                                                                                                                                                                                                                                                                          ,UN,"0,037","3,95","0,14",,,,,,,
HEAD3,,L,INSTALAÇÕES HIDRÁULICAS E SANITÁRIAS,UFCA,L0008,"TORNEIRA DE JARDIM, 1/2"" ou 3/4"" - FORNECIMENTO E INSTALAÇÃO.",UN,INSUMO,SINAPI,7602,"TORNEIRA DE METAL AMARELO, PARA TANQUE / JARDIM, DE PAREDE, COM BICO PLASTICO, CANO CURTO, AREA EXTERNA, PADRAO POPULAR / USO GERAL, 1/2"" OU 3/4"" (REF 1128)                                                                                                                                                                                                                                                                                                                                              ",UN,"1,000","44,99","44,99",,,,,,,
HEAD2,,L,INSTALAÇÕES HIDRÁULICAS E SANITÁRIAS,UFCA,L0009,"BANCADA GRANITO CINZA,  50 X 60 CM, INCLUSIVE CUBA DE EMBUTIR OVAL LOUÇA BRANCA 35 X 50 CM, VÁLVULA METAL CROMADO, SIFÃO FLEXÍVEL PVC, ENGATE 30 CM FLEXÍVEL PLÁSTICO E TORNEIRA CROMADA DE MESA PARA LAVATÓRIO TEMPORIZADA PRESSÃO BICA BAIXA - FORNECIMENTO E INSTALAÇÃO",UN,,,,,,,,,0,"32,98","144,79",0,"608,67","786,44",
HEAD3,,L,INSTALAÇÕES HIDRÁULICAS E SANITÁRIAS,UFCA,L0009,"BANCADA GRANITO CINZA,  50 X 60 CM, INCLUSIVE CUBA DE EMBUTIR OVAL LOUÇA BRANCA 35 X 50 CM, VÁLVULA METAL CROMADO, SIFÃO FLEXÍVEL PVC, ENGATE 30 CM FLEXÍVEL PLÁSTICO E TORNEIRA CROMADA DE MESA PARA LAVATÓRIO TEMPORIZADA PRESSÃO BICA BAIXA - FORNECIMENTO E INSTALAÇÃO",UN,MOBRA,SINAPI,88248,AUXILIAR DE ENCANADOR OU BOMBEIRO HIDRÁULICO COM ENCARGOS COMPLEMENTARES,H,"0,650","22,64","14,71",,,,,,,
HEAD3,,L,INSTALAÇÕES HIDRÁULICAS E SANITÁRIAS,UFCA,L0009,"BANCADA GRANITO CINZA,  50 X 60 CM, INCLUSIVE CUBA DE EMBUTIR OVAL LOUÇA BRANCA 35 X 50 CM, VÁLVULA METAL CROMADO, SIFÃO FLEXÍVEL PVC, ENGATE 30 CM FLEXÍVEL PLÁSTICO E TORNEIRA CROMADA DE MESA PARA LAVATÓRIO TEMPORIZADA PRESSÃO BICA BAIXA - FORNECIMENTO E INSTALAÇÃO",UN,MOBRA,SINAPI,88267,ENCANADOR OU BOMBEIRO HIDRÁULICO COM ENCARGOS COMPLEMENTARES,H,"0,650","28,12","18,27",,,,,,,
HEAD3,,L,INSTALAÇÕES HIDRÁULICAS E SANITÁRIAS,UFCA,L0009,"BANCADA GRANITO CINZA,  50 X 60 CM, INCLUSIVE CUBA DE EMBUTIR OVAL LOUÇA BRANCA 35 X 50 CM, VÁLVULA METAL CROMADO, SIFÃO FLEXÍVEL PVC, ENGATE 30 CM FLEXÍVEL PLÁSTICO E TORNEIRA CROMADA DE MESA PARA LAVATÓRIO TEMPORIZADA PRESSÃO BICA BAIXA - FORNECIMENTO E INSTALAÇÃO",UN,INSUMO,SINAPI,36796,"TORNEIRA METALICA CROMADA DE MESA, PARA LAVATORIO, TEMPORIZADA PRESSAO FECHAMENTO AUTOMATICO, BICA BAIXA                                                                                                                                                                                                                                                                                                                                                                                                  ",UN,"1,000","144,79","144,79",,,,,,,
HEAD3,,L,INSTALAÇÕES HIDRÁULICAS E SANITÁRIAS,UFCA,L0009,"BANCADA GRANITO CINZA,  50 X 60 CM, INCLUSIVE CUBA DE EMBUTIR OVAL LOUÇA BRANCA 35 X 50 CM, VÁLVULA METAL CROMADO, SIFÃO FLEXÍVEL PVC, ENGATE 30 CM FLEXÍVEL PLÁSTICO E TORNEIRA CROMADA DE MESA PARA LAVATÓRIO TEMPORIZADA PRESSÃO BICA BAIXA - FORNECIMENTO E INSTALAÇÃO",UN,SERV,SINAPI,86884,"ENGATE FLEXÍVEL EM PLÁSTICO BRANCO, 1/2"" X 30CM - FORNECIMENTO E INSTALAÇÃO. AF_01/2020",UN,"1,000","11,47","11,47",,,,,,,
HEAD3,,L,INSTALAÇÕES HIDRÁULICAS E SANITÁRIAS,UFCA,L0009,"BANCADA GRANITO CINZA,  50 X 60 CM, INCLUSIVE CUBA DE EMBUTIR OVAL LOUÇA BRANCA 35 X 50 CM, VÁLVULA METAL CROMADO, SIFÃO FLEXÍVEL PVC, ENGATE 30 CM FLEXÍVEL PLÁSTICO E TORNEIRA CROMADA DE MESA PARA LAVATÓRIO TEMPORIZADA PRESSÃO BICA BAIXA - FORNECIMENTO E INSTALAÇÃO",UN,SERV,SINAPI,86895,"BANCADA DE GRANITO CINZA POLIDO, DE 0,50 X 0,60 M, PARA LAVATÓRIO - FORNECIMENTO E INSTALAÇÃO. AF_01/2020",UN,"1,000","354,98","354,98",,,,,,,
HEAD3,,L,INSTALAÇÕES HIDRÁULICAS E SANITÁRIAS,UFCA,L0009,"BANCADA GRANITO CINZA,  50 X 60 CM, INCLUSIVE CUBA DE EMBUTIR OVAL LOUÇA BRANCA 35 X 50 CM, VÁLVULA METAL CROMADO, SIFÃO FLEXÍVEL PVC, ENGATE 30 CM FLEXÍVEL PLÁSTICO E TORNEIRA CROMADA DE MESA PARA LAVATÓRIO TEMPORIZADA PRESSÃO BICA BAIXA - FORNECIMENTO E INSTALAÇÃO",UN,SERV,SINAPI,86937,"CUBA DE EMBUTIR OVAL EM LOUÇA BRANCA, 35 X 50CM OU EQUIVALENTE, INCLUSO VÁLVULA EM METAL CROMADO E SIFÃO FLEXÍVEL EM PVC - FORNECIMENTO E INSTALAÇÃO. AF_01/2020",UN,"1,000","242,22","242,22",,,,,,,
HEAD2,,L,INSTALAÇÕES HIDRÁULICAS E SANITÁRIAS,UFCA,L0010,"BANCADA GRANITO CINZA  100 X 60 CM, COM CUBA DE EMBUTIR DE AÇO, VÁLVULA AMERICANA EM METAL, SIFÃO FLEXÍVEL EM PVC, ENGATE FLEXÍVEL 30 CM, TORNEIRA CROMADA LONGA, DE PAREDE, 1/2 OU 3/4, P/ COZINHA, PADRÃO POPULAR - FORNEC. E INSTALAÇÃO. AF_01/2020",UN,,,,,,,,,0,"78,85","3,41",0,"591,26","673,52",
HEAD3,,L,INSTALAÇÕES HIDRÁULICAS E SANITÁRIAS,UFCA,L0010,"BANCADA GRANITO CINZA  100 X 60 CM, COM CUBA DE EMBUTIR DE AÇO, VÁLVULA AMERICANA EM METAL, SIFÃO FLEXÍVEL EM PVC, ENGATE FLEXÍVEL 30 CM, TORNEIRA CROMADA LONGA, DE PAREDE, 1/2 OU 3/4, P/ COZINHA, PADRÃO POPULAR - FORNEC. E INSTALAÇÃO. AF_01/2020",UN,MOBRA,SINAPI,88309,PEDREIRO COM ENCARGOS COMPLEMENTARES,H,"1,200","28,88","34,65",,,,,,,
HEAD3,,L,INSTALAÇÕES HIDRÁULICAS E SANITÁRIAS,UFCA,L0010,"BANCADA GRANITO CINZA  100 X 60 CM, COM CUBA DE EMBUTIR DE AÇO, VÁLVULA AMERICANA EM METAL, SIFÃO FLEXÍVEL EM PVC, ENGATE FLEXÍVEL 30 CM, TORNEIRA CROMADA LONGA, DE PAREDE, 1/2 OU 3/4, P/ COZINHA, PADRÃO POPULAR - FORNEC. E INSTALAÇÃO. AF_01/2020",UN,MOBRA,SINAPI,88316,SERVENTE COM ENCARGOS COMPLEMENTARES,H,"2,000","22,10","44,20",,,,,,,
HEAD3,,L,INSTALAÇÕES HIDRÁULICAS E SANITÁRIAS,UFCA,L0010,"BANCADA GRANITO CINZA  100 X 60 CM, COM CUBA DE EMBUTIR DE AÇO, VÁLVULA AMERICANA EM METAL, SIFÃO FLEXÍVEL EM PVC, ENGATE FLEXÍVEL 30 CM, TORNEIRA CROMADA LONGA, DE PAREDE, 1/2 OU 3/4, P/ COZINHA, PADRÃO POPULAR - FORNEC. E INSTALAÇÃO. AF_01/2020",UN,SERV,SINAPI,86884,"ENGATE FLEXÍVEL EM PLÁSTICO BRANCO, 1/2"" X 30CM - FORNECIMENTO E INSTALAÇÃO. AF_01/2020",UN,"1,000","11,47","11,47",,,,,,,
HEAD3,,L,INSTALAÇÕES HIDRÁULICAS E SANITÁRIAS,UFCA,L0010,"BANCADA GRANITO CINZA  100 X 60 CM, COM CUBA DE EMBUTIR DE AÇO, VÁLVULA AMERICANA EM METAL, SIFÃO FLEXÍVEL EM PVC, ENGATE FLEXÍVEL 30 CM, TORNEIRA CROMADA LONGA, DE PAREDE, 1/2 OU 3/4, P/ COZINHA, PADRÃO POPULAR - FORNEC. E INSTALAÇÃO. AF_01/2020",UN,SERV,SINAPI,86935,"CUBA DE EMBUTIR DE AÇO INOXIDÁVEL MÉDIA, INCLUSO VÁLVULA TIPO AMERICANA EM METAL CROMADO E SIFÃO FLEXÍVEL EM PVC - FORNECIMENTO E INSTALAÇÃO. AF_01/2020",UN,"1,000","287,71","287,71",,,,,,,
HEAD3,,L,INSTALAÇÕES HIDRÁULICAS E SANITÁRIAS,UFCA,L0010,"BANCADA GRANITO CINZA  100 X 60 CM, COM CUBA DE EMBUTIR DE AÇO, VÁLVULA AMERICANA EM METAL, SIFÃO FLEXÍVEL EM PVC, ENGATE FLEXÍVEL 30 CM, TORNEIRA CROMADA LONGA, DE PAREDE, 1/2 OU 3/4, P/ COZINHA, PADRÃO POPULAR - FORNEC. E INSTALAÇÃO. AF_01/2020",UN,SERV,SINAPI,86911,"TORNEIRA CROMADA LONGA, DE PAREDE, 1/2"" OU 3/4"", PARA PIA DE COZINHA, PADRÃO POPULAR - FORNECIMENTO E INSTALAÇÃO. AF_01/2020",UN,"1,000","86,54","86,54",,,,,,,
HEAD3,,L,INSTALAÇÕES HIDRÁULICAS E SANITÁRIAS,UFCA,L0010,"BANCADA GRANITO CINZA  100 X 60 CM, COM CUBA DE EMBUTIR DE AÇO, VÁLVULA AMERICANA EM METAL, SIFÃO FLEXÍVEL EM PVC, ENGATE FLEXÍVEL 30 CM, TORNEIRA CROMADA LONGA, DE PAREDE, 1/2 OU 3/4, P/ COZINHA, PADRÃO POPULAR - FORNEC. E INSTALAÇÃO. AF_01/2020",UN,INSUMO,SINAPI,367,"AREIA GROSSA - POSTO JAZIDA/FORNECEDOR (RETIRADO NA JAZIDA, SEM TRANSPORTE)                                                                                                                                                                                                                                                                                                                                                                                                                               ",M3,"0,008","131,69","1,05",,,,,,,
HEAD3,,L,INSTALAÇÕES HIDRÁULICAS E SANITÁRIAS,UFCA,L0010,"BANCADA GRANITO CINZA  100 X 60 CM, COM CUBA DE EMBUTIR DE AÇO, VÁLVULA AMERICANA EM METAL, SIFÃO FLEXÍVEL EM PVC, ENGATE FLEXÍVEL 30 CM, TORNEIRA CROMADA LONGA, DE PAREDE, 1/2 OU 3/4, P/ COZINHA, PADRÃO POPULAR - FORNEC. E INSTALAÇÃO. AF_01/2020",UN,INSUMO,SINAPI,1379,CIMENTO PORTLAND COMPOSTO CP II-32                                                                                                                                                                                                                                                                                                                                                                                                                                                                        ,KG,"3,200","0,74","2,36",,,,,,,
HEAD3,,L,INSTALAÇÕES HIDRÁULICAS E SANITÁRIAS,UFCA,L0010,"BANCADA GRANITO CINZA  100 X 60 CM, COM CUBA DE EMBUTIR DE AÇO, VÁLVULA AMERICANA EM METAL, SIFÃO FLEXÍVEL EM PVC, ENGATE FLEXÍVEL 30 CM, TORNEIRA CROMADA LONGA, DE PAREDE, 1/2 OU 3/4, P/ COZINHA, PADRÃO POPULAR - FORNEC. E INSTALAÇÃO. AF_01/2020",UN,SERV,SEINFRA,I7893,BANCADA DE GRANITO CINZA POLIDO E=2cm,M2,"0,600","342,58","205,54",,,,,,,
HEAD2,,L,INSTALAÇÕES HIDRÁULICAS E SANITÁRIAS,UFCA,L0011,"TANQUE DE LOUÇA BRANCA SUSPENSO, INCLUSIVE TORNEIRA.",UN,,,,,,,,,0,"152,28","612,66",0,0,"764,94",
HEAD3,,L,INSTALAÇÕES HIDRÁULICAS E SANITÁRIAS,UFCA,L0011,"TANQUE DE LOUÇA BRANCA SUSPENSO, INCLUSIVE TORNEIRA.",UN,MOBRA,SINAPI,88248,AUXILIAR DE ENCANADOR OU BOMBEIRO HIDRÁULICO COM ENCARGOS COMPLEMENTARES,H,"3,000","22,64","67,92",,,,,,,
HEAD3,,L,INSTALAÇÕES HIDRÁULICAS E SANITÁRIAS,UFCA,L0011,"TANQUE DE LOUÇA BRANCA SUSPENSO, INCLUSIVE TORNEIRA.",UN,MOBRA,SINAPI,88267,ENCANADOR OU BOMBEIRO HIDRÁULICO COM ENCARGOS COMPLEMENTARES,H,"3,000","28,12","84,36",,,,,,,
HEAD3,,L,INSTALAÇÕES HIDRÁULICAS E SANITÁRIAS,UFCA,L0011,"TANQUE DE LOUÇA BRANCA SUSPENSO, INCLUSIVE TORNEIRA.",UN,INSUMO,SEINFRA,I0851,CONJUNTO FIXAÇÃO P/TANQUE,UN,"1,000","30,43","30,43",,,,,,,
HEAD3,,L,INSTALAÇÕES HIDRÁULICAS E SANITÁRIAS,UFCA,L0011,"TANQUE DE LOUÇA BRANCA SUSPENSO, INCLUSIVE TORNEIRA.",UN,INSUMO,SEINFRA,I1180,FITA DE VEDAÇÃO,M,"0,750","0,36","0,27",,,,,,,
HEAD3,,L,INSTALAÇÕES HIDRÁULICAS E SANITÁRIAS,UFCA,L0011,"TANQUE DE LOUÇA BRANCA SUSPENSO, INCLUSIVE TORNEIRA.",UN,INSUMO,SINAPI,6146,"SIFAO PLASTICO TIPO COPO PARA TANQUE, 1.1/4 X 1.1/2""                                                                                                                                                                                                                                                                                                                                                                                                                                                      ",UN,"1,000","19,22","19,22",,,,,,,
HEAD3,,L,INSTALAÇÕES HIDRÁULICAS E SANITÁRIAS,UFCA,L0011,"TANQUE DE LOUÇA BRANCA SUSPENSO, INCLUSIVE TORNEIRA.",UN,INSUMO,SINAPI,10423,"TANQUE DE LOUCA BRANCA, SUSPENSO, *20* L                                                                                                                                                                                                                                                                                                                                                                                                                                                                  ",UN,"1,000","402,22","402,22",,,,,,,
HEAD3,,L,INSTALAÇÕES HIDRÁULICAS E SANITÁRIAS,UFCA,L0011,"TANQUE DE LOUÇA BRANCA SUSPENSO, INCLUSIVE TORNEIRA.",UN,INSUMO,SINAPI,37588,"VALVULA DE ESCOAMENTO PARA TANQUE, EM METAL CROMADO, 1.1/2 "", SEM LADRAO, COM TAMPAO PLASTICO                                                                                                                                                                                                                                                                                                                                                                                                             ",UN,"1,000","68,70","68,70",,,,,,,
HEAD3,,L,INSTALAÇÕES HIDRÁULICAS E SANITÁRIAS,UFCA,L0011,"TANQUE DE LOUÇA BRANCA SUSPENSO, INCLUSIVE TORNEIRA.",UN,INSUMO,SINAPI,13417,"TORNEIRA METALICA CROMADA CANO CURTO, SEM BICO, SEM AREJADOR, DE PAREDE, PARA TANQUE E USO GERAL, 1/2"" OU 3/4"" (REF 1143)                                                                                                                                                                                                                                                                                                                                                                                 ",UN,"1,000","91,82","91,82",,,,,,,
HEAD2,,L,INSTALAÇÕES HIDRÁULICAS E SANITÁRIAS,UFCA,L0012,"LAVATÓRIO SUSPENSO SEM COLUNA, 465 MM X 340 MM, INCLUSO, VÁLVULA METAL CROMADO, SIFÃO FLEXÍVEL PVC, ENGATE 30 CM FLEXÍVEL PLÁSTICO E TORNEIRA CLINICA ALAVANCA MESA BICA ALTA MÓVEL COM AREJADOR - FORNECIMENTO E INSTALAÇÃO",UN,,,,,,,,,0,"15,04","268,59",0,"99,53","383,16",Com base nas composições 86903 e 86937 do SINAPI
HEAD3,,L,INSTALAÇÕES HIDRÁULICAS E SANITÁRIAS,UFCA,L0012,"LAVATÓRIO SUSPENSO SEM COLUNA, 465 MM X 340 MM, INCLUSO, VÁLVULA METAL CROMADO, SIFÃO FLEXÍVEL PVC, ENGATE 30 CM FLEXÍVEL PLÁSTICO E TORNEIRA CLINICA ALAVANCA MESA BICA ALTA MÓVEL COM AREJADOR - FORNECIMENTO E INSTALAÇÃO",UN,MOBRA,SINAPI,88267,ENCANADOR OU BOMBEIRO HIDRÁULICO COM ENCARGOS COMPLEMENTARES,H,"0,387","28,12","10,88",,,,,,,
HEAD3,,L,INSTALAÇÕES HIDRÁULICAS E SANITÁRIAS,UFCA,L0012,"LAVATÓRIO SUSPENSO SEM COLUNA, 465 MM X 340 MM, INCLUSO, VÁLVULA METAL CROMADO, SIFÃO FLEXÍVEL PVC, ENGATE 30 CM FLEXÍVEL PLÁSTICO E TORNEIRA CLINICA ALAVANCA MESA BICA ALTA MÓVEL COM AREJADOR - FORNECIMENTO E INSTALAÇÃO",UN,MOBRA,SINAPI,88316,SERVENTE COM ENCARGOS COMPLEMENTARES,H,"0,189","22,10","4,16",,,,,,,
HEAD3,,L,INSTALAÇÕES HIDRÁULICAS E SANITÁRIAS,UFCA,L0012,"LAVATÓRIO SUSPENSO SEM COLUNA, 465 MM X 340 MM, INCLUSO, VÁLVULA METAL CROMADO, SIFÃO FLEXÍVEL PVC, ENGATE 30 CM FLEXÍVEL PLÁSTICO E TORNEIRA CLINICA ALAVANCA MESA BICA ALTA MÓVEL COM AREJADOR - FORNECIMENTO E INSTALAÇÃO",UN,INSUMO,PP,PP5,"TORNEIRA CLINICA ALAVANCA MESA BICA ALTA MÓVEL COM AREJADOR, METAL CROMADO, COM DISTÂNCIA 15 CM ENTRE ENTRADA E SAÍDA",UN,"1,000","85,87","85,87",,,,,,,
HEAD3,,L,INSTALAÇÕES HIDRÁULICAS E SANITÁRIAS,UFCA,L0012,"LAVATÓRIO SUSPENSO SEM COLUNA, 465 MM X 340 MM, INCLUSO, VÁLVULA METAL CROMADO, SIFÃO FLEXÍVEL PVC, ENGATE 30 CM FLEXÍVEL PLÁSTICO E TORNEIRA CLINICA ALAVANCA MESA BICA ALTA MÓVEL COM AREJADOR - FORNECIMENTO E INSTALAÇÃO",UN,SERV,SINAPI,86884,"ENGATE FLEXÍVEL EM PLÁSTICO BRANCO, 1/2"" X 30CM - FORNECIMENTO E INSTALAÇÃO. AF_01/2020",UN,"1,000","11,47","11,47",,,,,,,
HEAD3,,L,INSTALAÇÕES HIDRÁULICAS E SANITÁRIAS,UFCA,L0012,"LAVATÓRIO SUSPENSO SEM COLUNA, 465 MM X 340 MM, INCLUSO, VÁLVULA METAL CROMADO, SIFÃO FLEXÍVEL PVC, ENGATE 30 CM FLEXÍVEL PLÁSTICO E TORNEIRA CLINICA ALAVANCA MESA BICA ALTA MÓVEL COM AREJADOR - FORNECIMENTO E INSTALAÇÃO",UN,SERV,SINAPI,86877,"VÁLVULA EM METAL CROMADO 1.1/2"" X 1.1/2"" PARA TANQUE OU LAVATÓRIO, COM OU SEM LADRÃO - FORNECIMENTO E INSTALAÇÃO. AF_01/2020",UN,"1,000","74,98","74,98",,,,,,,
HEAD3,,L,INSTALAÇÕES HIDRÁULICAS E SANITÁRIAS,UFCA,L0012,"LAVATÓRIO SUSPENSO SEM COLUNA, 465 MM X 340 MM, INCLUSO, VÁLVULA METAL CROMADO, SIFÃO FLEXÍVEL PVC, ENGATE 30 CM FLEXÍVEL PLÁSTICO E TORNEIRA CLINICA ALAVANCA MESA BICA ALTA MÓVEL COM AREJADOR - FORNECIMENTO E INSTALAÇÃO",UN,SERV,SINAPI,86883,SIFÃO DO TIPO FLEXÍVEL EM PVC 1  X 1.1/2  - FORNECIMENTO E INSTALAÇÃO. AF_01/2020,UN,"1,000","13,08","13,08",,,,,,,
HEAD3,,L,INSTALAÇÕES HIDRÁULICAS E SANITÁRIAS,UFCA,L0012,"LAVATÓRIO SUSPENSO SEM COLUNA, 465 MM X 340 MM, INCLUSO, VÁLVULA METAL CROMADO, SIFÃO FLEXÍVEL PVC, ENGATE 30 CM FLEXÍVEL PLÁSTICO E TORNEIRA CLINICA ALAVANCA MESA BICA ALTA MÓVEL COM AREJADOR - FORNECIMENTO E INSTALAÇÃO",UN,INSUMO,SINAPI,37329,"REJUNTE EPOXI, QUALQUER COR                                                                                                                                                                                                                                                                                                                                                                                                                                                                               ",KG,"0,030","132,33","4,02",,,,,,,
HEAD3,,L,INSTALAÇÕES HIDRÁULICAS E SANITÁRIAS,UFCA,L0012,"LAVATÓRIO SUSPENSO SEM COLUNA, 465 MM X 340 MM, INCLUSO, VÁLVULA METAL CROMADO, SIFÃO FLEXÍVEL PVC, ENGATE 30 CM FLEXÍVEL PLÁSTICO E TORNEIRA CLINICA ALAVANCA MESA BICA ALTA MÓVEL COM AREJADOR - FORNECIMENTO E INSTALAÇÃO",UN,INSUMO,SINAPI,4351,"PARAFUSO NIQUELADO 3 1/2"" COM ACABAMENTO CROMADO PARA FIXAR PECA SANITARIA, INCLUI PORCA CEGA, ARRUELA E BUCHA DE NYLON TAMANHO S-8                                                                                                                                                                                                                                                                                                                                                                       ",UN,"2,000","19,56","39,12",,,,,,,
HEAD3,,L,INSTALAÇÕES HIDRÁULICAS E SANITÁRIAS,UFCA,L0012,"LAVATÓRIO SUSPENSO SEM COLUNA, 465 MM X 340 MM, INCLUSO, VÁLVULA METAL CROMADO, SIFÃO FLEXÍVEL PVC, ENGATE 30 CM FLEXÍVEL PLÁSTICO E TORNEIRA CLINICA ALAVANCA MESA BICA ALTA MÓVEL COM AREJADOR - FORNECIMENTO E INSTALAÇÃO",UN,INSUMO,ORSE,11516,"Lavatório louça sem coluna, 465 x 340mm, linha guarapari, Logasa ou similar",un,"1,000","139,58","139,58",,,,,,,valor Junho/2024-1
HEAD2,,L,INSTALAÇÕES HIDRÁULICAS E SANITÁRIAS,UFCA,L0013,"BANCADA DE GRANITO 150X60 CM COM 1 CUBA PROFUNDA 60X50X33 CM. INCLUSO TORNEIRA, VÁLVULA, ENGATE, SIFÃO",UN,,,,,,,,,0,"80,79","2884,92",0,"105,42","3071,13","Com base nas composições 93441, 86889 e 86935 do SINAPI (bancada para pia e cuba para pia). Mudança da cuba"
HEAD3,,L,INSTALAÇÕES HIDRÁULICAS E SANITÁRIAS,UFCA,L0013,"BANCADA DE GRANITO 150X60 CM COM 1 CUBA PROFUNDA 60X50X33 CM. INCLUSO TORNEIRA, VÁLVULA, ENGATE, SIFÃO",UN,MOBRA,SINAPI,88274,MARMORISTA/GRANITEIRO COM ENCARGOS COMPLEMENTARES,H,"1,972","28,27","55,74",,,,,,,
HEAD3,,L,INSTALAÇÕES HIDRÁULICAS E SANITÁRIAS,UFCA,L0013,"BANCADA DE GRANITO 150X60 CM COM 1 CUBA PROFUNDA 60X50X33 CM. INCLUSO TORNEIRA, VÁLVULA, ENGATE, SIFÃO",UN,MOBRA,SINAPI,88316,SERVENTE COM ENCARGOS COMPLEMENTARES,H,"1,134","22,10","25,05",,,,,,,
HEAD3,,L,INSTALAÇÕES HIDRÁULICAS E SANITÁRIAS,UFCA,L0013,"BANCADA DE GRANITO 150X60 CM COM 1 CUBA PROFUNDA 60X50X33 CM. INCLUSO TORNEIRA, VÁLVULA, ENGATE, SIFÃO",UN,INSUMO,SINAPI,4823,MASSA PLASTICA PARA MARMORE/GRANITO                                                                                                                                                                                                                                                                                                                                                                                                                                                                       ,KG,"0,297","48,53","14,43",,,,,,,
HEAD3,,L,INSTALAÇÕES HIDRÁULICAS E SANITÁRIAS,UFCA,L0013,"BANCADA DE GRANITO 150X60 CM COM 1 CUBA PROFUNDA 60X50X33 CM. INCLUSO TORNEIRA, VÁLVULA, ENGATE, SIFÃO",UN,SERV,SINAPI,86878,"VÁLVULA EM METAL CROMADO TIPO AMERICANA 3.1/2"" X 1.1/2"" PARA PIA - FORNECIMENTO E INSTALAÇÃO. AF_01/2020",UN,"1,000","80,87","80,87",,,,,,,
HEAD3,,L,INSTALAÇÕES HIDRÁULICAS E SANITÁRIAS,UFCA,L0013,"BANCADA DE GRANITO 150X60 CM COM 1 CUBA PROFUNDA 60X50X33 CM. INCLUSO TORNEIRA, VÁLVULA, ENGATE, SIFÃO",UN,INSUMO,SINAPI,11772,"TORNEIRA METALICA CROMADA, DE MESA/BANCADA, PARA COZINHA, BICA MOVEL, COM AREJADOR, 1/2"" OU 3/4"" (REF 1167 / 1168)                                                                                                                                                                                                                                                                                                                                                                                        ",UN,"1,000","122,48","122,48",,,,,,,
HEAD3,,L,INSTALAÇÕES HIDRÁULICAS E SANITÁRIAS,UFCA,L0013,"BANCADA DE GRANITO 150X60 CM COM 1 CUBA PROFUNDA 60X50X33 CM. INCLUSO TORNEIRA, VÁLVULA, ENGATE, SIFÃO",UN,SERV,SINAPI,86883,SIFÃO DO TIPO FLEXÍVEL EM PVC 1  X 1.1/2  - FORNECIMENTO E INSTALAÇÃO. AF_01/2020,UN,"1,000","13,08","13,08",,,,,,,
HEAD3,,L,INSTALAÇÕES HIDRÁULICAS E SANITÁRIAS,UFCA,L0013,"BANCADA DE GRANITO 150X60 CM COM 1 CUBA PROFUNDA 60X50X33 CM. INCLUSO TORNEIRA, VÁLVULA, ENGATE, SIFÃO",UN,SERV,SINAPI,86884,"ENGATE FLEXÍVEL EM PLÁSTICO BRANCO, 1/2"" X 30CM - FORNECIMENTO E INSTALAÇÃO. AF_01/2020",UN,"1,000","11,47","11,47",,,,,,,
HEAD3,,L,INSTALAÇÕES HIDRÁULICAS E SANITÁRIAS,UFCA,L0013,"BANCADA DE GRANITO 150X60 CM COM 1 CUBA PROFUNDA 60X50X33 CM. INCLUSO TORNEIRA, VÁLVULA, ENGATE, SIFÃO",UN,INSUMO,SINAPI,11795,"GRANITO PARA BANCADA, POLIDO, TIPO ANDORINHA/ QUARTZ/ CASTELO/ CORUMBA OU OUTROS EQUIVALENTES DA REGIAO, E= *2,5* CM                                                                                                                                                                                                                                                                                                                                                                                      ",M2,"0,900","581,13","523,01",,,,,,,
HEAD3,,L,INSTALAÇÕES HIDRÁULICAS E SANITÁRIAS,UFCA,L0013,"BANCADA DE GRANITO 150X60 CM COM 1 CUBA PROFUNDA 60X50X33 CM. INCLUSO TORNEIRA, VÁLVULA, ENGATE, SIFÃO",UN,INSUMO,ORSE,6755,Cuba aço inox  60 x 50 x 30 cm,un,"1,000",2225,"2225,00",,,,,,,
HEAD2,,L,INSTALAÇÕES HIDRÁULICAS E SANITÁRIAS,UFCA,L0014,"BANCADA DE GRANITO 150X60 CM COM 2 CUBAS PROFUNDAS 60X50X33 CM. INCLUSO TORNEIRA, VÁLVULA, ENGATE, SIFÃO",UN,,,,,,,,,0,"97,61","5124,35",0,"210,84","5432,8","Com base nas composições 93441, 86889 e 86935 do SINAPI (bancada para pia e cuba para pia). Mudança da cuba"
HEAD3,,L,INSTALAÇÕES HIDRÁULICAS E SANITÁRIAS,UFCA,L0014,"BANCADA DE GRANITO 150X60 CM COM 2 CUBAS PROFUNDAS 60X50X33 CM. INCLUSO TORNEIRA, VÁLVULA, ENGATE, SIFÃO",UN,MOBRA,SINAPI,88274,MARMORISTA/GRANITEIRO COM ENCARGOS COMPLEMENTARES,H,"2,449","28,27","69,23",,,,,,,
HEAD3,,L,INSTALAÇÕES HIDRÁULICAS E SANITÁRIAS,UFCA,L0014,"BANCADA DE GRANITO 150X60 CM COM 2 CUBAS PROFUNDAS 60X50X33 CM. INCLUSO TORNEIRA, VÁLVULA, ENGATE, SIFÃO",UN,MOBRA,SINAPI,88316,SERVENTE COM ENCARGOS COMPLEMENTARES,H,"1,284","22,10","28,38",,,,,,,
HEAD3,,L,INSTALAÇÕES HIDRÁULICAS E SANITÁRIAS,UFCA,L0014,"BANCADA DE GRANITO 150X60 CM COM 2 CUBAS PROFUNDAS 60X50X33 CM. INCLUSO TORNEIRA, VÁLVULA, ENGATE, SIFÃO",UN,INSUMO,SINAPI,4823,MASSA PLASTICA PARA MARMORE/GRANITO                                                                                                                                                                                                                                                                                                                                                                                                                                                                       ,KG,"0,595","48,53","28,86",,,,,,,
HEAD3,,L,INSTALAÇÕES HIDRÁULICAS E SANITÁRIAS,UFCA,L0014,"BANCADA DE GRANITO 150X60 CM COM 2 CUBAS PROFUNDAS 60X50X33 CM. INCLUSO TORNEIRA, VÁLVULA, ENGATE, SIFÃO",UN,SERV,SINAPI,86878,"VÁLVULA EM METAL CROMADO TIPO AMERICANA 3.1/2"" X 1.1/2"" PARA PIA - FORNECIMENTO E INSTALAÇÃO. AF_01/2020",UN,"2,000","80,87","161,74",,,,,,,
HEAD3,,L,INSTALAÇÕES HIDRÁULICAS E SANITÁRIAS,UFCA,L0014,"BANCADA DE GRANITO 150X60 CM COM 2 CUBAS PROFUNDAS 60X50X33 CM. INCLUSO TORNEIRA, VÁLVULA, ENGATE, SIFÃO",UN,INSUMO,SINAPI,11772,"TORNEIRA METALICA CROMADA, DE MESA/BANCADA, PARA COZINHA, BICA MOVEL, COM AREJADOR, 1/2"" OU 3/4"" (REF 1167 / 1168)                                                                                                                                                                                                                                                                                                                                                                                        ",UN,"1,000","122,48","122,48",,,,,,,
HEAD3,,L,INSTALAÇÕES HIDRÁULICAS E SANITÁRIAS,UFCA,L0014,"BANCADA DE GRANITO 150X60 CM COM 2 CUBAS PROFUNDAS 60X50X33 CM. INCLUSO TORNEIRA, VÁLVULA, ENGATE, SIFÃO",UN,SERV,SINAPI,86883,SIFÃO DO TIPO FLEXÍVEL EM PVC 1  X 1.1/2  - FORNECIMENTO E INSTALAÇÃO. AF_01/2020,UN,"2,000","13,08","26,16",,,,,,,
HEAD3,,L,INSTALAÇÕES HIDRÁULICAS E SANITÁRIAS,UFCA,L0014,"BANCADA DE GRANITO 150X60 CM COM 2 CUBAS PROFUNDAS 60X50X33 CM. INCLUSO TORNEIRA, VÁLVULA, ENGATE, SIFÃO",UN,SERV,SINAPI,86884,"ENGATE FLEXÍVEL EM PLÁSTICO BRANCO, 1/2"" X 30CM - FORNECIMENTO E INSTALAÇÃO. AF_01/2020",UN,"2,000","11,47","22,94",,,,,,,
HEAD3,,L,INSTALAÇÕES HIDRÁULICAS E SANITÁRIAS,UFCA,L0014,"BANCADA DE GRANITO 150X60 CM COM 2 CUBAS PROFUNDAS 60X50X33 CM. INCLUSO TORNEIRA, VÁLVULA, ENGATE, SIFÃO",UN,INSUMO,SINAPI,11795,"GRANITO PARA BANCADA, POLIDO, TIPO ANDORINHA/ QUARTZ/ CASTELO/ CORUMBA OU OUTROS EQUIVALENTES DA REGIAO, E= *2,5* CM                                                                                                                                                                                                                                                                                                                                                                                      ",M2,"0,900","581,13","523,01",,,,,,,
HEAD3,,L,INSTALAÇÕES HIDRÁULICAS E SANITÁRIAS,UFCA,L0014,"BANCADA DE GRANITO 150X60 CM COM 2 CUBAS PROFUNDAS 60X50X33 CM. INCLUSO TORNEIRA, VÁLVULA, ENGATE, SIFÃO",UN,INSUMO,ORSE,6755,Cuba aço inox  60 x 50 x 30 cm,un,"2,000",2225,"4450,00",,,,,,,
HEAD2,,L,INSTALAÇÕES HIDRÁULICAS E SANITÁRIAS,UFCA,L0015,"BANCADA DE EXPURGO HOSPITALAR INOX AISI 304, ESPESSURA 1 MM, MEDINDO 50X50X44 CM. INCLUSO SIFÃO PARA EXPURGO EM INOX. REFERÊNCIA: PALMETAL OU SIMILAR",UN,,,,,,,,,0,"31,31","5210,35",0,0,"5241,66",Referência: 86881 (instalação de sifão) e 86889 (instalação de bancada)
HEAD3,,L,INSTALAÇÕES HIDRÁULICAS E SANITÁRIAS,UFCA,L0015,"BANCADA DE EXPURGO HOSPITALAR INOX AISI 304, ESPESSURA 1 MM, MEDINDO 50X50X44 CM. INCLUSO SIFÃO PARA EXPURGO EM INOX. REFERÊNCIA: PALMETAL OU SIMILAR",UN,MOBRA,SINAPI,88267,ENCANADOR OU BOMBEIRO HIDRÁULICO COM ENCARGOS COMPLEMENTARES,H,"0,2734","28,12","7,68",,,,,,,
HEAD3,,L,INSTALAÇÕES HIDRÁULICAS E SANITÁRIAS,UFCA,L0015,"BANCADA DE EXPURGO HOSPITALAR INOX AISI 304, ESPESSURA 1 MM, MEDINDO 50X50X44 CM. INCLUSO SIFÃO PARA EXPURGO EM INOX. REFERÊNCIA: PALMETAL OU SIMILAR",UN,MOBRA,SINAPI,88316,SERVENTE COM ENCARGOS COMPLEMENTARES,H,"1,0696","22,10","23,63",,,,,,,
HEAD3,,L,INSTALAÇÕES HIDRÁULICAS E SANITÁRIAS,UFCA,L0015,"BANCADA DE EXPURGO HOSPITALAR INOX AISI 304, ESPESSURA 1 MM, MEDINDO 50X50X44 CM. INCLUSO SIFÃO PARA EXPURGO EM INOX. REFERÊNCIA: PALMETAL OU SIMILAR",UN,INSUMO,SINAPI,4351,"PARAFUSO NIQUELADO 3 1/2"" COM ACABAMENTO CROMADO PARA FIXAR PECA SANITARIA, INCLUI PORCA CEGA, ARRUELA E BUCHA DE NYLON TAMANHO S-8                                                                                                                                                                                                                                                                                                                                                                       ",UN,"4,0000","19,56","78,24",,,,,,,
HEAD3,,L,INSTALAÇÕES HIDRÁULICAS E SANITÁRIAS,UFCA,L0015,"BANCADA DE EXPURGO HOSPITALAR INOX AISI 304, ESPESSURA 1 MM, MEDINDO 50X50X44 CM. INCLUSO SIFÃO PARA EXPURGO EM INOX. REFERÊNCIA: PALMETAL OU SIMILAR",UN,INSUMO,ORSE,13988,Sifão  para Expurgo Palmetal ou similar,un,"1,0000","1534,34","1534,34",,,,,,,
HEAD3,,L,INSTALAÇÕES HIDRÁULICAS E SANITÁRIAS,UFCA,L0015,"BANCADA DE EXPURGO HOSPITALAR INOX AISI 304, ESPESSURA 1 MM, MEDINDO 50X50X44 CM. INCLUSO SIFÃO PARA EXPURGO EM INOX. REFERÊNCIA: PALMETAL OU SIMILAR",UN,INSUMO,ORSE,13987,"Pia de Expurgo Hospitalar Em aço Inox AISI 304, espessura1mm, acabamento esco vado, Medindo (500x500x440 Cm). Marca Palmetal ou similar.",un,"1,0000","3597,77","3597,77",,,,,,,
HEAD2,,L,INSTALAÇÕES HIDRÁULICAS E SANITÁRIAS,UFCA,L0016,"LAVATÓRIO CIRÚRGICO EM INOX AISI 304, COM PEDAL",UN,,,,,,,,,0,"31,31","200,72",0,"1464,55","1696,58",Referência: 86881 (instalação de sifão) e 86889 (instalação de bancada)
HEAD3,,L,INSTALAÇÕES HIDRÁULICAS E SANITÁRIAS,UFCA,L0016,"LAVATÓRIO CIRÚRGICO EM INOX AISI 304, COM PEDAL",UN,MOBRA,SINAPI,88267,ENCANADOR OU BOMBEIRO HIDRÁULICO COM ENCARGOS COMPLEMENTARES,H,"0,2734","28,12","7,68",,,,,,,
HEAD3,,L,INSTALAÇÕES HIDRÁULICAS E SANITÁRIAS,UFCA,L0016,"LAVATÓRIO CIRÚRGICO EM INOX AISI 304, COM PEDAL",UN,MOBRA,SINAPI,88316,SERVENTE COM ENCARGOS COMPLEMENTARES,H,"1,0696","22,10","23,63",,,,,,,
HEAD3,,L,INSTALAÇÕES HIDRÁULICAS E SANITÁRIAS,UFCA,L0016,"LAVATÓRIO CIRÚRGICO EM INOX AISI 304, COM PEDAL",UN,INSUMO,SINAPI,4351,"PARAFUSO NIQUELADO 3 1/2"" COM ACABAMENTO CROMADO PARA FIXAR PECA SANITARIA, INCLUI PORCA CEGA, ARRUELA E BUCHA DE NYLON TAMANHO S-8                                                                                                                                                                                                                                                                                                                                                                       ",UN,"4,0000","19,56","78,24",,,,,,,
HEAD3,,L,INSTALAÇÕES HIDRÁULICAS E SANITÁRIAS,UFCA,L0016,"LAVATÓRIO CIRÚRGICO EM INOX AISI 304, COM PEDAL",UN,SERV,PP,PP7,"PIA DE ASSEPSIA COM ACIONAMENTO DE JOELHO. MATERIAL: AÇO INOXIDÁVEL, TIPO AISI 304 LIGA 18/8, COM ACABAMENTO EM CHAPA PRÉ-POLIDA COM PELÍCULA PROTETORA, COM ESPELHO DE 100 MM DE ALTURA, BORDA MÍNIMA DE 40 MM.",UN,"1,0000","1359,13","1359,13",,,,,,,
HEAD3,,L,INSTALAÇÕES HIDRÁULICAS E SANITÁRIAS,UFCA,L0016,"LAVATÓRIO CIRÚRGICO EM INOX AISI 304, COM PEDAL",UN,SERV,SINAPI,86878,"VÁLVULA EM METAL CROMADO TIPO AMERICANA 3.1/2"" X 1.1/2"" PARA PIA - FORNECIMENTO E INSTALAÇÃO. AF_01/2020",UN,"1,0000","80,87","80,87",,,,,,,
HEAD3,,L,INSTALAÇÕES HIDRÁULICAS E SANITÁRIAS,UFCA,L0016,"LAVATÓRIO CIRÚRGICO EM INOX AISI 304, COM PEDAL",UN,INSUMO,SINAPI,11772,"TORNEIRA METALICA CROMADA, DE MESA/BANCADA, PARA COZINHA, BICA MOVEL, COM AREJADOR, 1/2"" OU 3/4"" (REF 1167 / 1168)                                                                                                                                                                                                                                                                                                                                                                                        ",UN,"1,0000","122,48","122,48",,,,,,,
HEAD3,,L,INSTALAÇÕES HIDRÁULICAS E SANITÁRIAS,UFCA,L0016,"LAVATÓRIO CIRÚRGICO EM INOX AISI 304, COM PEDAL",UN,SERV,SINAPI,86883,SIFÃO DO TIPO FLEXÍVEL EM PVC 1  X 1.1/2  - FORNECIMENTO E INSTALAÇÃO. AF_01/2020,UN,"1,0000","13,08","13,08",,,,,,,
HEAD3,,L,INSTALAÇÕES HIDRÁULICAS E SANITÁRIAS,UFCA,L0016,"LAVATÓRIO CIRÚRGICO EM INOX AISI 304, COM PEDAL",UN,SERV,SINAPI,86884,"ENGATE FLEXÍVEL EM PLÁSTICO BRANCO, 1/2"" X 30CM - FORNECIMENTO E INSTALAÇÃO. AF_01/2020",UN,"1,0000","11,47","11,47",,,,,,,
HEAD2,,L,INSTALAÇÕES HIDRÁULICAS E SANITÁRIAS,UFCA,L0017,"BANCADA DE INOX AISI 304 1000x500 MM COM 1 CUBA PROFUNDA 60X50X33 CM. INCLUSO TORNEIRA, VÁLVULA, ENGATE, SIFÃO",UN,,,,,,,,,0,"84,96","2781,66",0,"136,34","3002,96","Referência: 08365/ORSE (BANCADA DE AÇO INOX) para coeficiente de mão de obra, argamassa, concreto e armadura dividido por 0,6 que é a área do objeto de referência. Insumo do SINAPI."
HEAD3,,L,INSTALAÇÕES HIDRÁULICAS E SANITÁRIAS,UFCA,L0017,"BANCADA DE INOX AISI 304 1000x500 MM COM 1 CUBA PROFUNDA 60X50X33 CM. INCLUSO TORNEIRA, VÁLVULA, ENGATE, SIFÃO",UN,MOBRA,SINAPI,88309,PEDREIRO COM ENCARGOS COMPLEMENTARES,H,"1,6667","28,88","48,13",,,,,,,
HEAD3,,L,INSTALAÇÕES HIDRÁULICAS E SANITÁRIAS,UFCA,L0017,"BANCADA DE INOX AISI 304 1000x500 MM COM 1 CUBA PROFUNDA 60X50X33 CM. INCLUSO TORNEIRA, VÁLVULA, ENGATE, SIFÃO",UN,MOBRA,SINAPI,88316,SERVENTE COM ENCARGOS COMPLEMENTARES,H,"1,6667","22,10","36,83",,,,,,,
HEAD3,,L,INSTALAÇÕES HIDRÁULICAS E SANITÁRIAS,UFCA,L0017,"BANCADA DE INOX AISI 304 1000x500 MM COM 1 CUBA PROFUNDA 60X50X33 CM. INCLUSO TORNEIRA, VÁLVULA, ENGATE, SIFÃO",UN,SERV,SINAPI,88628,"ARGAMASSA TRAÇO 1:3 (EM VOLUME DE CIMENTO E AREIA MÉDIA ÚMIDA), PREPARO MECÂNICO COM BETONEIRA 400 L. AF_08/2019",M3,"0,0038","590,88","2,21",,,,,,,
HEAD3,,L,INSTALAÇÕES HIDRÁULICAS E SANITÁRIAS,UFCA,L0017,"BANCADA DE INOX AISI 304 1000x500 MM COM 1 CUBA PROFUNDA 60X50X33 CM. INCLUSO TORNEIRA, VÁLVULA, ENGATE, SIFÃO",UN,SERV,SINAPI,102474,"CONCRETO FCK = 15MPA, TRAÇO 1:3,4:3,4 (EM MASSA SECA DE CIMENTO/ AREIA MÉDIA/ SEIXO ROLADO) - PREPARO MECÂNICO COM BETONEIRA 400 L. AF_05/2021",M3,"0,0150","630,30","9,45",,,,,,,
HEAD3,,L,INSTALAÇÕES HIDRÁULICAS E SANITÁRIAS,UFCA,L0017,"BANCADA DE INOX AISI 304 1000x500 MM COM 1 CUBA PROFUNDA 60X50X33 CM. INCLUSO TORNEIRA, VÁLVULA, ENGATE, SIFÃO",UN,SERV,SINAPI,92915,"ARMAÇÃO DE ESTRUTURAS DIVERSAS DE CONCRETO ARMADO, EXCETO VIGAS, PILARES, LAJES E FUNDAÇÕES, UTILIZANDO AÇO CA-60 DE 5,0 MM - MONTAGEM. AF_06/2022",KG,"1,0500","18,35","19,26",,,,,,,
HEAD3,,L,INSTALAÇÕES HIDRÁULICAS E SANITÁRIAS,UFCA,L0017,"BANCADA DE INOX AISI 304 1000x500 MM COM 1 CUBA PROFUNDA 60X50X33 CM. INCLUSO TORNEIRA, VÁLVULA, ENGATE, SIFÃO",UN,INSUMO,SINAPI,12759,"CHAPA ACO INOX AISI 304 NUMERO 9 (E = 4 MM), ACABAMENTO NUMERO 1 (LAMINADO A QUENTE, FOSCO)                                                                                                                                                                                                                                                                                                                                                                                                               ",M2,"0,5000","868,36","434,18",,,,,,,
HEAD3,,L,INSTALAÇÕES HIDRÁULICAS E SANITÁRIAS,UFCA,L0017,"BANCADA DE INOX AISI 304 1000x500 MM COM 1 CUBA PROFUNDA 60X50X33 CM. INCLUSO TORNEIRA, VÁLVULA, ENGATE, SIFÃO",UN,SERV,SINAPI,86878,"VÁLVULA EM METAL CROMADO TIPO AMERICANA 3.1/2"" X 1.1/2"" PARA PIA - FORNECIMENTO E INSTALAÇÃO. AF_01/2020",UN,"1,000","80,87","80,87",,,,,,,
HEAD3,,L,INSTALAÇÕES HIDRÁULICAS E SANITÁRIAS,UFCA,L0017,"BANCADA DE INOX AISI 304 1000x500 MM COM 1 CUBA PROFUNDA 60X50X33 CM. INCLUSO TORNEIRA, VÁLVULA, ENGATE, SIFÃO",UN,INSUMO,SINAPI,11772,"TORNEIRA METALICA CROMADA, DE MESA/BANCADA, PARA COZINHA, BICA MOVEL, COM AREJADOR, 1/2"" OU 3/4"" (REF 1167 / 1168)                                                                                                                                                                                                                                                                                                                                                                                        ",UN,"1,000","122,48","122,48",,,,,,,
HEAD3,,L,INSTALAÇÕES HIDRÁULICAS E SANITÁRIAS,UFCA,L0017,"BANCADA DE INOX AISI 304 1000x500 MM COM 1 CUBA PROFUNDA 60X50X33 CM. INCLUSO TORNEIRA, VÁLVULA, ENGATE, SIFÃO",UN,SERV,SINAPI,86883,SIFÃO DO TIPO FLEXÍVEL EM PVC 1  X 1.1/2  - FORNECIMENTO E INSTALAÇÃO. AF_01/2020,UN,"1,000","13,08","13,08",,,,,,,
HEAD3,,L,INSTALAÇÕES HIDRÁULICAS E SANITÁRIAS,UFCA,L0017,"BANCADA DE INOX AISI 304 1000x500 MM COM 1 CUBA PROFUNDA 60X50X33 CM. INCLUSO TORNEIRA, VÁLVULA, ENGATE, SIFÃO",UN,SERV,SINAPI,86884,"ENGATE FLEXÍVEL EM PLÁSTICO BRANCO, 1/2"" X 30CM - FORNECIMENTO E INSTALAÇÃO. AF_01/2020",UN,"1,000","11,47","11,47",,,,,,,
HEAD3,,L,INSTALAÇÕES HIDRÁULICAS E SANITÁRIAS,UFCA,L0017,"BANCADA DE INOX AISI 304 1000x500 MM COM 1 CUBA PROFUNDA 60X50X33 CM. INCLUSO TORNEIRA, VÁLVULA, ENGATE, SIFÃO",UN,INSUMO,ORSE,6755,Cuba aço inox  60 x 50 x 30 cm,un,"1,000",2225,"2225,00",,,,,,,
HEAD2,,L,INSTALAÇÕES HIDRÁULICAS E SANITÁRIAS,UFCA,L0018,LAVA OLHOS DE EMERGÊNCIA C/ CUBA FLEXÍVEL E CHUVEIRO P/ LABORATÓRIO,UN,,,,,,,,,0,"7,6","766,8",0,"0,12","774,52","Referência: C3669 SEINFRA, chuveiro lava-olhos"
HEAD3,,L,INSTALAÇÕES HIDRÁULICAS E SANITÁRIAS,UFCA,L0018,LAVA OLHOS DE EMERGÊNCIA C/ CUBA FLEXÍVEL E CHUVEIRO P/ LABORATÓRIO,UN,MOBRA,SINAPI,88267,ENCANADOR OU BOMBEIRO HIDRÁULICO COM ENCARGOS COMPLEMENTARES,H,"0,1500","28,12","4,21",,,,,,,
HEAD3,,L,INSTALAÇÕES HIDRÁULICAS E SANITÁRIAS,UFCA,L0018,LAVA OLHOS DE EMERGÊNCIA C/ CUBA FLEXÍVEL E CHUVEIRO P/ LABORATÓRIO,UN,MOBRA,SINAPI,88248,AUXILIAR DE ENCANADOR OU BOMBEIRO HIDRÁULICO COM ENCARGOS COMPLEMENTARES,H,"0,1500","22,64","3,39",,,,,,,
HEAD3,,L,INSTALAÇÕES HIDRÁULICAS E SANITÁRIAS,UFCA,L0018,LAVA OLHOS DE EMERGÊNCIA C/ CUBA FLEXÍVEL E CHUVEIRO P/ LABORATÓRIO,UN,INSUMO,SEINFRA,I6737,LAVA OLHOS DE EMERGÊNCIA C/ CUBA FLEXÍVEL E CHUVEIRO P/ LABORATÓRIO,UN,"1,0000","766,8","766,80",,,,,,,
HEAD3,,L,INSTALAÇÕES HIDRÁULICAS E SANITÁRIAS,UFCA,L0018,LAVA OLHOS DE EMERGÊNCIA C/ CUBA FLEXÍVEL E CHUVEIRO P/ LABORATÓRIO,UN,SERV,SEINFRA,I1180,FITA DE VEDAÇÃO,M,"0,3600","0,36","0,12",,,,,,,
HEAD1,,M,"IMPERMEABILIZAÇÃO, ISOLAÇÃO TÉRMICA E ACÚSTICA",UFCA,,,,,,,,,,,,,,,,,,
HEAD2,,M,"IMPERMEABILIZAÇÃO, ISOLAÇÃO TÉRMICA E ACÚSTICA",UFCA,M0001,"IMPERMEABILIZAÇÃO DE SUPERFÍCIE COM MANTA ASFALTICA ELASTOMERICA EM POLIESTER ALUMINIZADA 4 MM, TIPO III, CLASSE B (NBR 9952)",M2,,,,,,,,,0,"31,59","59,27",0,0,"90,86",Elaborado com base na composição  SINAPI 98546
HEAD3,,M,"IMPERMEABILIZAÇÃO, ISOLAÇÃO TÉRMICA E ACÚSTICA",UFCA,M0001,"IMPERMEABILIZAÇÃO COM MANTA ASFALTICA ELASTOMERICA EM POLIESTER ALUMINIZADA 3 MM, TIPO III, CLASSE B (NBR 9952)",M2,MOBRA,SINAPI,88270,IMPERMEABILIZADOR COM ENCARGOS COMPLEMENTARES,H,"0,9324","28,88","26,92",,,,,,,
HEAD3,,M,"IMPERMEABILIZAÇÃO, ISOLAÇÃO TÉRMICA E ACÚSTICA",UFCA,M0001,"IMPERMEABILIZAÇÃO COM MANTA ASFALTICA ELASTOMERICA EM POLIESTER ALUMINIZADA 3 MM, TIPO III, CLASSE B (NBR 9952)",M2,MOBRA,SINAPI,88243,AJUDANTE ESPECIALIZADO COM ENCARGOS COMPLEMENTARES,H,"0,2102","22,26","4,67",,,,,,,
HEAD3,,M,"IMPERMEABILIZAÇÃO, ISOLAÇÃO TÉRMICA E ACÚSTICA",UFCA,M0001,"IMPERMEABILIZAÇÃO COM MANTA ASFALTICA ELASTOMERICA EM POLIESTER ALUMINIZADA 3 MM, TIPO III, CLASSE B (NBR 9952)",M2,INSUMO,SINAPI,4226,GAS DE COZINHA - GLP                                                                                                                                                                                                                                                                                                                                                                                                                                                                                      ,KG,"0,26","8,05","2,09",,,,,,,
HEAD3,,M,"IMPERMEABILIZAÇÃO, ISOLAÇÃO TÉRMICA E ACÚSTICA",UFCA,M0001,"IMPERMEABILIZAÇÃO COM MANTA ASFALTICA ELASTOMERICA EM POLIESTER ALUMINIZADA 3 MM, TIPO III, CLASSE B (NBR 9952)",M2,INSUMO,SEINFRA,I9500,"MANTA ASFÁLTICA COM POLÍMEROS E ELASTÔMEROS, CLASSE B, ESTRUTURADA COM POLIESTER NÃO TECIDO, FACE EXPOSTA EM ALUMÍNIO, TIPO II, E=4MM (NBR 9952:2014)",M2,"1,1319","39,77","45,01",,,,,,,
HEAD3,,M,"IMPERMEABILIZAÇÃO, ISOLAÇÃO TÉRMICA E ACÚSTICA",UFCA,M0001,"IMPERMEABILIZAÇÃO COM MANTA ASFALTICA ELASTOMERICA EM POLIESTER ALUMINIZADA 3 MM, TIPO III, CLASSE B (NBR 9952)",M2,INSUMO,SINAPI,511,"PRIMER PARA MANTA ASFALTICA A BASE DE ASFALTO MODIFICADO DILUIDO EM SOLVENTE, APLICACAO A FRIO                                                                                                                                                                                                                                                                                                                                                                                                            ",L,"0,5872","20,73","12,17",,,,,,,
HEAD1,,N,INSTALAÇÕES DE COMBATE A INCÊNDIO,UFCA,,,,,,,,,,,,,,,,,,
HEAD2,,N,INSTALAÇÕES DE COMBATE A INCÊNDIO,UFCA,N0011,"CENTRAL DE ALARME ENDEREÇÁVEL DE INCÊNDIO COM SISTEMA P/ ATÉ 250 DISPOSITIVOS, MARCAL VERIN OU SIMILAR, MODELO VRE-250 C/ BATERIA DE 12V E 7AMPERES",UN,,,,,,,,,0,"29,25","6532,64",0,0,"6561,89",Baseados na composição ORSE 11820
HEAD3,,N,INSTALAÇÕES DE COMBATE A INCÊNDIO,UFCA,N0011,"CENTRAL DE ALARME ENDEREÇÁVEL DE INCÊNDIO COM SISTEMA P/ ATÉ 250 DISPOSITIVOS, MARCAL VERIN OU SIMILAR, MODELO VRE-250 C/ BATERIA DE 12V E 7AMPERES",UN,MOBRA,SINAPI,88264,ELETRICISTA COM ENCARGOS COMPLEMENTARES,H,"1,0000","29,25","29,25",,,,,,,
HEAD3,,N,INSTALAÇÕES DE COMBATE A INCÊNDIO,UFCA,N0011,"CENTRAL DE ALARME ENDEREÇÁVEL DE INCÊNDIO COM SISTEMA P/ ATÉ 250 DISPOSITIVOS, MARCAL VERIN OU SIMILAR, MODELO VRE-250 C/ BATERIA DE 12V E 7AMPERES",UN,INSUMO,ORSE,12660,"Central de alarme endereçável de incendio com sistema p/ até 250 dispositivos , marcal Verin ou similar, Modelo VRE-250 c/ bateria de 12V e 7Amperes",un,"1,0000","6532,64","6532,64",,,,,,,
HEAD2,,N,INSTALAÇÕES DE COMBATE A INCÊNDIO,UFCA,N0049,"ACIONADOR MANUAL, TIPO ""QUEBRA VIDRO"" - FORNECIMENTO E INSTALAÇÃO",UN,,,,,,,,,0,"32,46","63,94",0,0,"96,4",Baseados na composição SEINFRA C2275
HEAD3,,N,INSTALAÇÕES DE COMBATE A INCÊNDIO,UFCA,N0049,"ACIONADOR MANUAL, TIPO ""QUEBRA VIDRO"" - FORNECIMENTO E INSTALAÇÃO",UN,MOBRA,SINAPI,88247,AUXILIAR DE ELETRICISTA COM ENCARGOS COMPLEMENTARES,H,"0,3500","23,65","8,27",,,,,,,
HEAD3,,N,INSTALAÇÕES DE COMBATE A INCÊNDIO,UFCA,N0049,"ACIONADOR MANUAL, TIPO ""QUEBRA VIDRO"" - FORNECIMENTO E INSTALAÇÃO",UN,MOBRA,SINAPI,88264,ELETRICISTA COM ENCARGOS COMPLEMENTARES,H,"0,3500","29,25","10,23",,,,,,,
HEAD3,,N,INSTALAÇÕES DE COMBATE A INCÊNDIO,UFCA,N0049,"ACIONADOR MANUAL, TIPO ""QUEBRA VIDRO"" - FORNECIMENTO E INSTALAÇÃO",UN,MOBRA,SINAPI,88266,ELETROTÉCNICO COM ENCARGOS COMPLEMENTARES,H,"0,3500","39,90","13,96",,,,,,,
HEAD3,,N,INSTALAÇÕES DE COMBATE A INCÊNDIO,UFCA,N0049,"ACIONADOR MANUAL, TIPO ""QUEBRA VIDRO"" - FORNECIMENTO E INSTALAÇÃO",UN,INSUMO,SEINFRA,I0005,"ACIONAD.MANUAL, TIPO QUEBRE O VIDRO, MOD. EUROTRON",UN,"1,0000","62,44","62,44",,,,,,,
HEAD3,,N,INSTALAÇÕES DE COMBATE A INCÊNDIO,UFCA,N0049,"ACIONADOR MANUAL, TIPO ""QUEBRA VIDRO"" - FORNECIMENTO E INSTALAÇÃO",UN,INSUMO,SINAPI,4350,"BUCHA DE NYLON, DIAMETRO DO FURO 8 MM, COMPRIMENTO 40 MM, COM PARAFUSO DE ROSCA SOBERBA, CABECA CHATA, FENDA SIMPLES, 4,8 X 50 MM                                                                                                                                                                                                                                                                                                                                                                         ",UN,"2,0000","0,75","1,50",,,,,,,
HEAD2,,N,INSTALAÇÕES DE COMBATE A INCÊNDIO,UFCA,N0050, SIRENE AUDIOVISUAL 120 DB - FORNECIMENTO E INSTALAÇÃO,UN,,,,,,,,,0,"32,46","229,98",0,0,"262,44",Baseados na composição SEINFRA C2275
HEAD3,,N,INSTALAÇÕES DE COMBATE A INCÊNDIO,UFCA,N0050, SIRENE AUDIOVISUAL 120 DB - FORNECIMENTO E INSTALAÇÃO,UN,MOBRA,SINAPI,88247,AUXILIAR DE ELETRICISTA COM ENCARGOS COMPLEMENTARES,H,"0,3500","23,65","8,27",,,,,,,
HEAD3,,N,INSTALAÇÕES DE COMBATE A INCÊNDIO,UFCA,N0050, SIRENE AUDIOVISUAL 120 DB - FORNECIMENTO E INSTALAÇÃO,UN,MOBRA,SINAPI,88264,ELETRICISTA COM ENCARGOS COMPLEMENTARES,H,"0,3500","29,25","10,23",,,,,,,
HEAD3,,N,INSTALAÇÕES DE COMBATE A INCÊNDIO,UFCA,N0050, SIRENE AUDIOVISUAL 120 DB - FORNECIMENTO E INSTALAÇÃO,UN,MOBRA,SINAPI,88266,ELETROTÉCNICO COM ENCARGOS COMPLEMENTARES,H,"0,3500","39,90","13,96",,,,,,,
HEAD3,,N,INSTALAÇÕES DE COMBATE A INCÊNDIO,UFCA,N0050, SIRENE AUDIOVISUAL 120 DB - FORNECIMENTO E INSTALAÇÃO,UN,INSUMO,SEINFRA,I1867,"SINALIZADOR AUDIO-VISUAL, SIRENE BITONAL E STROBO",UN,"1,0000","228,48","228,48",,,,,,,
HEAD3,,N,INSTALAÇÕES DE COMBATE A INCÊNDIO,UFCA,N0050, SIRENE AUDIOVISUAL 120 DB - FORNECIMENTO E INSTALAÇÃO,UN,INSUMO,SINAPI,4350,"BUCHA DE NYLON, DIAMETRO DO FURO 8 MM, COMPRIMENTO 40 MM, COM PARAFUSO DE ROSCA SOBERBA, CABECA CHATA, FENDA SIMPLES, 4,8 X 50 MM                                                                                                                                                                                                                                                                                                                                                                         ",UN,"2,0000","0,75","1,50",,,,,,,
HEAD2,,N,INSTALAÇÕES DE COMBATE A INCÊNDIO,UFCA,N0051,"CABO BLINDADO PARA ALARME E DETECÇÃO DE INCÊNDIO 2 X 1,5MM² - FORNECIMENTO E INSTALAÇÃO",M,,,,,,,,,0,"5,81","5,9",0,0,"11,71",Baseados na composição SEINFRA C4558
HEAD3,,N,INSTALAÇÕES DE COMBATE A INCÊNDIO,UFCA,N0051,"CABO BLINDADO PARA ALARME E DETECÇÃO DE INCÊNDIO 2 X 1,5MM² - FORNECIMENTO E INSTALAÇÃO",M,MOBRA,SINAPI,88247,AUXILIAR DE ELETRICISTA COM ENCARGOS COMPLEMENTARES,H,"0,1100","23,65","2,60",,,,,,,
HEAD3,,N,INSTALAÇÕES DE COMBATE A INCÊNDIO,UFCA,N0051,"CABO BLINDADO PARA ALARME E DETECÇÃO DE INCÊNDIO 2 X 1,5MM² - FORNECIMENTO E INSTALAÇÃO",M,MOBRA,SINAPI,88264,ELETRICISTA COM ENCARGOS COMPLEMENTARES,H,"0,1100","29,25","3,21",,,,,,,
HEAD3,,N,INSTALAÇÕES DE COMBATE A INCÊNDIO,UFCA,N0051,"CABO BLINDADO PARA ALARME E DETECÇÃO DE INCÊNDIO 2 X 1,5MM² - FORNECIMENTO E INSTALAÇÃO",M,INSUMO,PP,PP14,"CABO BLINDADO PARA ALARME E DETECÇÃO DE INCÊNDIO 2 X 1,5MM²",M,"1,0000","5,9","5,90",,,,,,,
HEAD2,,N,INSTALAÇÕES DE COMBATE A INCÊNDIO,UFCA,N0101,"ABRIGO PARA HIDRANTE, 90X60X30CM, COM REGISTRO GLOBO ANGULAR 45 GRAUS 2 1/2"" E ADAPTADOR ENGATE RÁPIDO EM LATÃO 2 1/2"" X 1 1/2"" - FORNECIMENTO E INSTALAÇÃO",UN,,,,,,,,,0,"146,96","891,52",0,0,"1038,48","Elaborado com base na composição SINAPI 96765.
Os coeficientes correspondentes a encanador e auxiliar foram obtidos subtraindo os coeficientes de mão de obra da composição SINAPI 101915, do serviço de instalação de 1 mangueira de incêndio."
HEAD3,,N,INSTALAÇÕES DE COMBATE A INCÊNDIO,UFCA,N0101,"ABRIGO PARA HIDRANTE, 90X60X30CM, COM REGISTRO GLOBO ANGULAR 45 GRAUS 2 1/2"" E ADAPTADOR ENGATE RÁPIDO EM LATÃO 2 1/2"" X 1 1/2"" - FORNECIMENTO E INSTALAÇÃO",UN,MOBRA,SINAPI,88248,AUXILIAR DE ENCANADOR OU BOMBEIRO HIDRÁULICO COM ENCARGOS COMPLEMENTARES,H,"2,8954","22,64","65,55",,,,,,,
HEAD3,,N,INSTALAÇÕES DE COMBATE A INCÊNDIO,UFCA,N0101,"ABRIGO PARA HIDRANTE, 90X60X30CM, COM REGISTRO GLOBO ANGULAR 45 GRAUS 2 1/2"" E ADAPTADOR ENGATE RÁPIDO EM LATÃO 2 1/2"" X 1 1/2"" - FORNECIMENTO E INSTALAÇÃO",UN,MOBRA,SINAPI,88267,ENCANADOR OU BOMBEIRO HIDRÁULICO COM ENCARGOS COMPLEMENTARES,H,"2,8954","28,12","81,41",,,,,,,
HEAD3,,N,INSTALAÇÕES DE COMBATE A INCÊNDIO,UFCA,N0101,"ABRIGO PARA HIDRANTE, 90X60X30CM, COM REGISTRO GLOBO ANGULAR 45 GRAUS 2 1/2"" E ADAPTADOR ENGATE RÁPIDO EM LATÃO 2 1/2"" X 1 1/2"" - FORNECIMENTO E INSTALAÇÃO",UN,INSUMO,SINAPI,4350,"BUCHA DE NYLON, DIAMETRO DO FURO 8 MM, COMPRIMENTO 40 MM, COM PARAFUSO DE ROSCA SOBERBA, CABECA CHATA, FENDA SIMPLES, 4,8 X 50 MM                                                                                                                                                                                                                                                                                                                                                                         ",UN,"4,0000","0,75","3,00",,,,,,,
HEAD3,,N,INSTALAÇÕES DE COMBATE A INCÊNDIO,UFCA,N0101,"ABRIGO PARA HIDRANTE, 90X60X30CM, COM REGISTRO GLOBO ANGULAR 45 GRAUS 2 1/2"" E ADAPTADOR ENGATE RÁPIDO EM LATÃO 2 1/2"" X 1 1/2"" - FORNECIMENTO E INSTALAÇÃO",UN,INSUMO,SINAPI,10900,"ADAPTADOR EM LATAO, ENGATE RAPIDO1 1/2"" X ROSCA INTERNA 5 FIOS 2 1/2"", PARA INSTALACAO PREDIAL DE COMBATE A INCENDIO                                                                                                                                                                                                                                                                                                                                                                                      ",UN,"1,0000","68,57","68,57",,,,,,,
HEAD3,,N,INSTALAÇÕES DE COMBATE A INCÊNDIO,UFCA,N0101,"ABRIGO PARA HIDRANTE, 90X60X30CM, COM REGISTRO GLOBO ANGULAR 45 GRAUS 2 1/2"" E ADAPTADOR ENGATE RÁPIDO EM LATÃO 2 1/2"" X 1 1/2"" - FORNECIMENTO E INSTALAÇÃO",UN,INSUMO,SINAPI,10904,"REGISTRO OU VALVULA GLOBO ANGULAR EM LATAO, PARA HIDRANTES EM INSTALACAO PREDIAL DE INCENDIO, 45 GRAUS, DIAMETRO DE 2 1/2"", COM VOLANTE, CLASSE DE PRESSAO DE ATE 200 PSI                                                                                                                                                                                                                                                                                                                                 ",UN,"1,0000","200,00","200,00",,,,,,,
HEAD3,,N,INSTALAÇÕES DE COMBATE A INCÊNDIO,UFCA,N0101,"ABRIGO PARA HIDRANTE, 90X60X30CM, COM REGISTRO GLOBO ANGULAR 45 GRAUS 2 1/2"" E ADAPTADOR ENGATE RÁPIDO EM LATÃO 2 1/2"" X 1 1/2"" - FORNECIMENTO E INSTALAÇÃO",UN,INSUMO,SINAPI,20963,"CAIXA DE INCENDIO/ABRIGO PARA MANGUEIRA, DE SOBREPOR/EXTERNA, COM 90 X 60 X 17 CM, EM CHAPA DE ACO, PORTA COM VENTILACAO, VISOR COM A INSCRICAO ""INCENDIO"", SUPORTE/CESTA INTERNA PARA A MANGUEIRA, PINTURA ELETROSTATICA VERMELHA                                                                                                                                                                                                                                                                        ",UN,"1,0000","619,95","619,95",,,,,,,
HEAD2,,N,INSTALAÇÕES DE COMBATE A INCÊNDIO,UFCA,N0102,"2 MANGUEIRAS DE INCÊNDIO TIPO 2 15M 1 1/2"" E ESGUICHO REGULÁVEL EM LATÃO 1 1/2"" - FORNECIMENTO E INSTALAÇÃO",UN,,,,,,,,,0,"7,18","1489,87",0,0,"1497,05",Elaborado com base na composição SINAPI 101915.
HEAD3,,N,INSTALAÇÕES DE COMBATE A INCÊNDIO,UFCA,N0102,"2 MANGUEIRAS DE INCÊNDIO TIPO 2 15M 1 1/2"" E ESGUICHO REGULÁVEL EM LATÃO 1 1/2"" - FORNECIMENTO E INSTALAÇÃO",UN,MOBRA,SINAPI,88248,AUXILIAR DE ENCANADOR OU BOMBEIRO HIDRÁULICO COM ENCARGOS COMPLEMENTARES,H,"0,1416","22,64","3,20",,,,,,,
HEAD3,,N,INSTALAÇÕES DE COMBATE A INCÊNDIO,UFCA,N0102,"2 MANGUEIRAS DE INCÊNDIO TIPO 2 15M 1 1/2"" E ESGUICHO REGULÁVEL EM LATÃO 1 1/2"" - FORNECIMENTO E INSTALAÇÃO",UN,MOBRA,SINAPI,88267,ENCANADOR OU BOMBEIRO HIDRÁULICO COM ENCARGOS COMPLEMENTARES,H,"0,1416","28,12","3,98",,,,,,,
HEAD3,,N,INSTALAÇÕES DE COMBATE A INCÊNDIO,UFCA,N0102,"2 MANGUEIRAS DE INCÊNDIO TIPO 2 15M 1 1/2"" E ESGUICHO REGULÁVEL EM LATÃO 1 1/2"" - FORNECIMENTO E INSTALAÇÃO",UN,INSUMO,SINAPI,20971,"CHAVE DUPLA PARA CONEXOES TIPO STORZ, ENGATE RAPIDO 1 1/2"" X 2 1/2"", EM LATAO, PARA INSTALACAO PREDIAL COMBATE A INCENDIO                                                                                                                                                                                                                                                                                                                                                                                 ",UN,"1,0000","19,04","19,04",,,,,,,
HEAD3,,N,INSTALAÇÕES DE COMBATE A INCÊNDIO,UFCA,N0102,"2 MANGUEIRAS DE INCÊNDIO TIPO 2 15M 1 1/2"" E ESGUICHO REGULÁVEL EM LATÃO 1 1/2"" - FORNECIMENTO E INSTALAÇÃO",UN,INSUMO,SINAPI,37527,"MANGUEIRA DE INCENDIO, TIPO 2, DE 1 1/2"", COMPRIMENTO = 15 M, TECIDO EM FIO DE POLIESTER E TUBO INTERNO EM BORRACHA SINTETICA, COM UNIOES ENGATE RAPIDO                                                                                                                                                                                                                                                                                                                                                   ",UN,"2,0000","617,98","1235,96",,,,,,,
HEAD3,,N,INSTALAÇÕES DE COMBATE A INCÊNDIO,UFCA,N0102,"2 MANGUEIRAS DE INCÊNDIO TIPO 2 15M 1 1/2"" E ESGUICHO REGULÁVEL EM LATÃO 1 1/2"" - FORNECIMENTO E INSTALAÇÃO",UN,INSUMO,SINAPI,37554,"ESGUICHO JATO REGULAVEL, TIPO ELKHART, ENGATE RAPIDO 1 1/2"", PARA COMBATE A INCENDIO                                                                                                                                                                                                                                                                                                                                                                                                                      ",UN,"1,0000","234,87","234,87",,,,,,,
HEAD2,,N,INSTALAÇÕES DE COMBATE A INCÊNDIO,UFCA,N0103,"HIDRANTE DE RECALQUE COM TAMPA EM FERRO FUNDIDO 40X60CM, REGISTRO GLOBO 2 1/2"", ADAPTADOR ENGATE RÁPIDO EM LATÃO 2 1/2"" E TAMPÃO ENGATE RÁPIDO EM LATÃO 2 1/2"" - FORNECIMENTO E INSTALAÇÃO",UN,,,,,,,,,0,"259,92","786,05",0,0,"1045,97","
Elaborada com base na composição TCPO13 13975.8.3.1."
HEAD3,,N,INSTALAÇÕES DE COMBATE A INCÊNDIO,UFCA,N0103,"HIDRANTE DE RECALQUE COM TAMPA EM FERRO FUNDIDO 40X60CM, REGISTRO GLOBO 2 1/2"", ADAPTADOR ENGATE RÁPIDO EM LATÃO 2 1/2"" E TAMPÃO ENGATE RÁPIDO EM LATÃO 2 1/2"" - FORNECIMENTO E INSTALAÇÃO",UN,MOBRA,SINAPI,88248,AUXILIAR DE ENCANADOR OU BOMBEIRO HIDRÁULICO COM ENCARGOS COMPLEMENTARES,H,"1,1500","22,64","26,03",,,,,,,
HEAD3,,N,INSTALAÇÕES DE COMBATE A INCÊNDIO,UFCA,N0103,"HIDRANTE DE RECALQUE COM TAMPA EM FERRO FUNDIDO 40X60CM, REGISTRO GLOBO 2 1/2"", ADAPTADOR ENGATE RÁPIDO EM LATÃO 2 1/2"" E TAMPÃO ENGATE RÁPIDO EM LATÃO 2 1/2"" - FORNECIMENTO E INSTALAÇÃO",UN,MOBRA,SINAPI,88267,ENCANADOR OU BOMBEIRO HIDRÁULICO COM ENCARGOS COMPLEMENTARES,H,"1,1500","28,12","32,33",,,,,,,
HEAD3,,N,INSTALAÇÕES DE COMBATE A INCÊNDIO,UFCA,N0103,"HIDRANTE DE RECALQUE COM TAMPA EM FERRO FUNDIDO 40X60CM, REGISTRO GLOBO 2 1/2"", ADAPTADOR ENGATE RÁPIDO EM LATÃO 2 1/2"" E TAMPÃO ENGATE RÁPIDO EM LATÃO 2 1/2"" - FORNECIMENTO E INSTALAÇÃO",UN,MOBRA,SINAPI,88309,PEDREIRO COM ENCARGOS COMPLEMENTARES,H,"3,0000","28,88","86,64",,,,,,,
HEAD3,,N,INSTALAÇÕES DE COMBATE A INCÊNDIO,UFCA,N0103,"HIDRANTE DE RECALQUE COM TAMPA EM FERRO FUNDIDO 40X60CM, REGISTRO GLOBO 2 1/2"", ADAPTADOR ENGATE RÁPIDO EM LATÃO 2 1/2"" E TAMPÃO ENGATE RÁPIDO EM LATÃO 2 1/2"" - FORNECIMENTO E INSTALAÇÃO",UN,MOBRA,SINAPI,88316,SERVENTE COM ENCARGOS COMPLEMENTARES,H,"5,2000","22,10","114,92",,,,,,,
HEAD3,,N,INSTALAÇÕES DE COMBATE A INCÊNDIO,UFCA,N0103,"HIDRANTE DE RECALQUE COM TAMPA EM FERRO FUNDIDO 40X60CM, REGISTRO GLOBO 2 1/2"", ADAPTADOR ENGATE RÁPIDO EM LATÃO 2 1/2"" E TAMPÃO ENGATE RÁPIDO EM LATÃO 2 1/2"" - FORNECIMENTO E INSTALAÇÃO",UN,INSUMO,SINAPI,370,"AREIA MEDIA - POSTO JAZIDA/FORNECEDOR (RETIRADO NA JAZIDA, SEM TRANSPORTE)                                                                                                                                                                                                                                                                                                                                                                                                                                ",M3,"0,0800","130,00","10,40",,,,,,,
HEAD3,,N,INSTALAÇÕES DE COMBATE A INCÊNDIO,UFCA,N0103,"HIDRANTE DE RECALQUE COM TAMPA EM FERRO FUNDIDO 40X60CM, REGISTRO GLOBO 2 1/2"", ADAPTADOR ENGATE RÁPIDO EM LATÃO 2 1/2"" E TAMPÃO ENGATE RÁPIDO EM LATÃO 2 1/2"" - FORNECIMENTO E INSTALAÇÃO",UN,INSUMO,SINAPI,4721,"PEDRA BRITADA N. 1 (9,5 A 19 MM) POSTO PEDREIRA/FORNECEDOR, SEM FRETE                                                                                                                                                                                                                                                                                                                                                                                                                                     ",M3,"0,0211","116,09","2,44",,,,,,,
HEAD3,,N,INSTALAÇÕES DE COMBATE A INCÊNDIO,UFCA,N0103,"HIDRANTE DE RECALQUE COM TAMPA EM FERRO FUNDIDO 40X60CM, REGISTRO GLOBO 2 1/2"", ADAPTADOR ENGATE RÁPIDO EM LATÃO 2 1/2"" E TAMPÃO ENGATE RÁPIDO EM LATÃO 2 1/2"" - FORNECIMENTO E INSTALAÇÃO",UN,INSUMO,SINAPI,1106,CAL HIDRATADA CH-I PARA ARGAMASSAS                                                                                                                                                                                                                                                                                                                                                                                                                                                                        ,KG,"4,9100","1,17","5,74",,,,,,,
HEAD3,,N,INSTALAÇÕES DE COMBATE A INCÊNDIO,UFCA,N0103,"HIDRANTE DE RECALQUE COM TAMPA EM FERRO FUNDIDO 40X60CM, REGISTRO GLOBO 2 1/2"", ADAPTADOR ENGATE RÁPIDO EM LATÃO 2 1/2"" E TAMPÃO ENGATE RÁPIDO EM LATÃO 2 1/2"" - FORNECIMENTO E INSTALAÇÃO",UN,INSUMO,SINAPI,1379,CIMENTO PORTLAND COMPOSTO CP II-32                                                                                                                                                                                                                                                                                                                                                                                                                                                                        ,KG,"22,3000","0,74","16,50",,,,,,,
HEAD3,,N,INSTALAÇÕES DE COMBATE A INCÊNDIO,UFCA,N0103,"HIDRANTE DE RECALQUE COM TAMPA EM FERRO FUNDIDO 40X60CM, REGISTRO GLOBO 2 1/2"", ADAPTADOR ENGATE RÁPIDO EM LATÃO 2 1/2"" E TAMPÃO ENGATE RÁPIDO EM LATÃO 2 1/2"" - FORNECIMENTO E INSTALAÇÃO",UN,INSUMO,SINAPI,7258,TIJOLO CERAMICO MACICO COMUM DE *5 X 10 X 20* CM (L X A X C)                                                                                                                                                                                                                                                                                                                                                                                                                                              ,UN,"90,0000","0,60","54,00",,,,,,,
HEAD3,,N,INSTALAÇÕES DE COMBATE A INCÊNDIO,UFCA,N0103,"HIDRANTE DE RECALQUE COM TAMPA EM FERRO FUNDIDO 40X60CM, REGISTRO GLOBO 2 1/2"", ADAPTADOR ENGATE RÁPIDO EM LATÃO 2 1/2"" E TAMPÃO ENGATE RÁPIDO EM LATÃO 2 1/2"" - FORNECIMENTO E INSTALAÇÃO",UN,INSUMO,SINAPI,10899,"ADAPTADOR EM LATAO, ENGATE RAPIDO 2 1/2"" X ROSCA INTERNA 5 FIOS 2 1/2"", PARA INSTALACAO PREDIAL DE COMBATE A INCENDIO                                                                                                                                                                                                                                                                                                                                                                                     ",UN,"1,0000","87,61","87,61",,,,,,,
HEAD3,,N,INSTALAÇÕES DE COMBATE A INCÊNDIO,UFCA,N0103,"HIDRANTE DE RECALQUE COM TAMPA EM FERRO FUNDIDO 40X60CM, REGISTRO GLOBO 2 1/2"", ADAPTADOR ENGATE RÁPIDO EM LATÃO 2 1/2"" E TAMPÃO ENGATE RÁPIDO EM LATÃO 2 1/2"" - FORNECIMENTO E INSTALAÇÃO",UN,INSUMO,SINAPI,14112,"TAMPAO FOFO SIMPLES COM BASE / REQUADRO, CLASSE A15 CARGA MAX. 1,5 T, 400 X 600 MM (COM INSCRICAO EM RELEVO DO TIPO DE REDE)                                                                                                                                                                                                                                                                                                                                                                              ",UN,"1,0000","304,19","304,19",,,,,,,
HEAD3,,N,INSTALAÇÕES DE COMBATE A INCÊNDIO,UFCA,N0103,"HIDRANTE DE RECALQUE COM TAMPA EM FERRO FUNDIDO 40X60CM, REGISTRO GLOBO 2 1/2"", ADAPTADOR ENGATE RÁPIDO EM LATÃO 2 1/2"" E TAMPÃO ENGATE RÁPIDO EM LATÃO 2 1/2"" - FORNECIMENTO E INSTALAÇÃO",UN,INSUMO,SINAPI,10904,"REGISTRO OU VALVULA GLOBO ANGULAR EM LATAO, PARA HIDRANTES EM INSTALACAO PREDIAL DE INCENDIO, 45 GRAUS, DIAMETRO DE 2 1/2"", COM VOLANTE, CLASSE DE PRESSAO DE ATE 200 PSI                                                                                                                                                                                                                                                                                                                                 ",UN,"1,0000","200,00","200,00",,,,,,,
HEAD3,,N,INSTALAÇÕES DE COMBATE A INCÊNDIO,UFCA,N0103,"HIDRANTE DE RECALQUE COM TAMPA EM FERRO FUNDIDO 40X60CM, REGISTRO GLOBO 2 1/2"", ADAPTADOR ENGATE RÁPIDO EM LATÃO 2 1/2"" E TAMPÃO ENGATE RÁPIDO EM LATÃO 2 1/2"" - FORNECIMENTO E INSTALAÇÃO",UN,INSUMO,SINAPI,10905,"TAMPAO COM CORRENTE, EM LATAO, ENGATE RAPIDO 2 1/2"", PARA INSTALACAO PREDIAL DE COMBATE A INCENDIO                                                                                                                                                                                                                                                                                                                                                                                                        ",UN,"1,0000","104,76","104,76",,,,,,,
HEAD3,,N,INSTALAÇÕES DE COMBATE A INCÊNDIO,UFCA,N0103,"HIDRANTE DE RECALQUE COM TAMPA EM FERRO FUNDIDO 40X60CM, REGISTRO GLOBO 2 1/2"", ADAPTADOR ENGATE RÁPIDO EM LATÃO 2 1/2"" E TAMPÃO ENGATE RÁPIDO EM LATÃO 2 1/2"" - FORNECIMENTO E INSTALAÇÃO",UN,INSUMO,SINAPI,3148,FITA VEDA ROSCA EM ROLOS DE 18 MM X 50 M (L X C)                                                                                                                                                                                                                                                                                                                                                                                                                                                          ,UN,"0,0282","14,56","0,41",,,,,,,
HEAD2,,N,INSTALAÇÕES DE COMBATE A INCÊNDIO,UFCA,N0104,"NIPLE DE REDUÇÃO, EM FERRO GALVANIZADO, 2 1/2"" X 2"", CONEXÃO ROSQUEADA, INSTALADO EM RESERVAÇÃO PREDIAL DE ÁGUA - FORNECIMENTO E INSTALAÇÃO",UN,,,,,,,,,0,"17,65","83,69",0,0,"101,34","
Elaborado com base na composição SINAPI 94468.
Substituído niple 2 1/2"" por niple de redução 2 1/2"" x 2""."
HEAD3,,N,INSTALAÇÕES DE COMBATE A INCÊNDIO,UFCA,N0104,"NIPLE DE REDUÇÃO, EM FERRO GALVANIZADO, 2 1/2"" X 2"", CONEXÃO ROSQUEADA, INSTALADO EM RESERVAÇÃO PREDIAL DE ÁGUA - FORNECIMENTO E INSTALAÇÃO",UN,MOBRA,SINAPI,88267,ENCANADOR OU BOMBEIRO HIDRÁULICO COM ENCARGOS COMPLEMENTARES,H,"0,3480","28,12","9,78",,,,,,,
HEAD3,,N,INSTALAÇÕES DE COMBATE A INCÊNDIO,UFCA,N0104,"NIPLE DE REDUÇÃO, EM FERRO GALVANIZADO, 2 1/2"" X 2"", CONEXÃO ROSQUEADA, INSTALADO EM RESERVAÇÃO PREDIAL DE ÁGUA - FORNECIMENTO E INSTALAÇÃO",UN,MOBRA,SINAPI,88248,AUXILIAR DE ENCANADOR OU BOMBEIRO HIDRÁULICO COM ENCARGOS COMPLEMENTARES,H,"0,3480","22,64","7,87",,,,,,,
HEAD3,,N,INSTALAÇÕES DE COMBATE A INCÊNDIO,UFCA,N0104,"NIPLE DE REDUÇÃO, EM FERRO GALVANIZADO, 2 1/2"" X 2"", CONEXÃO ROSQUEADA, INSTALADO EM RESERVAÇÃO PREDIAL DE ÁGUA - FORNECIMENTO E INSTALAÇÃO",UN,INSUMO,SINAPI,4197,"NIPLE DE REDUCAO DE FERRO GALVANIZADO, COM ROSCA BSP, DE 2 1/2"" X 2""                                                                                                                                                                                                                                                                                                                                                                                                                                      ",UN,"1,0000","83,19","83,19",,,,,,,
HEAD3,,N,INSTALAÇÕES DE COMBATE A INCÊNDIO,UFCA,N0104,"NIPLE DE REDUÇÃO, EM FERRO GALVANIZADO, 2 1/2"" X 2"", CONEXÃO ROSQUEADA, INSTALADO EM RESERVAÇÃO PREDIAL DE ÁGUA - FORNECIMENTO E INSTALAÇÃO",UN,INSUMO,SINAPI,3148,FITA VEDA ROSCA EM ROLOS DE 18 MM X 50 M (L X C)                                                                                                                                                                                                                                                                                                                                                                                                                                                          ,UN,"0,0270","14,56","0,39",,,,,,,
HEAD3,,N,INSTALAÇÕES DE COMBATE A INCÊNDIO,UFCA,N0104,"NIPLE DE REDUÇÃO, EM FERRO GALVANIZADO, 2 1/2"" X 2"", CONEXÃO ROSQUEADA, INSTALADO EM RESERVAÇÃO PREDIAL DE ÁGUA - FORNECIMENTO E INSTALAÇÃO",UN,INSUMO,SINAPI,7307,FUNDO ANTICORROSIVO PARA METAIS FERROSOS (ZARCAO)                                                                                                                                                                                                                                                                                                                                                                                                                                                         ,L,"0,0030","38,57","0,11",,,,,,,
HEAD2,,N,INSTALAÇÕES DE COMBATE A INCÊNDIO,UFCA,N0105,"BUCHA DE REDUÇÃO, EM FERRO GALVANIZADO, 1/2"" X 1/4"", CONEXÃO ROSQUEADA, INSTALADO EM RESERVAÇÃO PREDIAL DE ÁGUA - FORNECIMENTO E INSTALAÇÃO",UN,,,,,,,,,0,"8,77","6,58",0,0,"15,35","
Elaborado com base na composição SINAPI 92692.
Substituído niple 1/2"" por bucha de redução 1/2"" x 1/4""."
HEAD3,,N,INSTALAÇÕES DE COMBATE A INCÊNDIO,UFCA,N0105,"BUCHA DE REDUÇÃO, EM FERRO GALVANIZADO, 1/2"" X 1/4"", CONEXÃO ROSQUEADA, INSTALADO EM RESERVAÇÃO PREDIAL DE ÁGUA - FORNECIMENTO E INSTALAÇÃO",UN,MOBRA,SINAPI,88267,ENCANADOR OU BOMBEIRO HIDRÁULICO COM ENCARGOS COMPLEMENTARES,H,"0,1730","28,12","4,86",,,,,,,
HEAD3,,N,INSTALAÇÕES DE COMBATE A INCÊNDIO,UFCA,N0105,"BUCHA DE REDUÇÃO, EM FERRO GALVANIZADO, 1/2"" X 1/4"", CONEXÃO ROSQUEADA, INSTALADO EM RESERVAÇÃO PREDIAL DE ÁGUA - FORNECIMENTO E INSTALAÇÃO",UN,MOBRA,SINAPI,88248,AUXILIAR DE ENCANADOR OU BOMBEIRO HIDRÁULICO COM ENCARGOS COMPLEMENTARES,H,"0,1730","22,64","3,91",,,,,,,
HEAD3,,N,INSTALAÇÕES DE COMBATE A INCÊNDIO,UFCA,N0105,"BUCHA DE REDUÇÃO, EM FERRO GALVANIZADO, 1/2"" X 1/4"", CONEXÃO ROSQUEADA, INSTALADO EM RESERVAÇÃO PREDIAL DE ÁGUA - FORNECIMENTO E INSTALAÇÃO",UN,INSUMO,SINAPI,7307,FUNDO ANTICORROSIVO PARA METAIS FERROSOS (ZARCAO)                                                                                                                                                                                                                                                                                                                                                                                                                                                         ,L,"0,0020","38,57","0,07",,,,,,,
HEAD3,,N,INSTALAÇÕES DE COMBATE A INCÊNDIO,UFCA,N0105,"BUCHA DE REDUÇÃO, EM FERRO GALVANIZADO, 1/2"" X 1/4"", CONEXÃO ROSQUEADA, INSTALADO EM RESERVAÇÃO PREDIAL DE ÁGUA - FORNECIMENTO E INSTALAÇÃO",UN,INSUMO,SINAPI,770,"BUCHA DE REDUCAO DE FERRO GALVANIZADO, COM ROSCA BSP, DE 1/2"" X 1/4""                                                                                                                                                                                                                                                                                                                                                                                                                                      ",UN,"1,0000","6,40","6,40",,,,,,,
HEAD3,,N,INSTALAÇÕES DE COMBATE A INCÊNDIO,UFCA,N0105,"BUCHA DE REDUÇÃO, EM FERRO GALVANIZADO, 1/2"" X 1/4"", CONEXÃO ROSQUEADA, INSTALADO EM RESERVAÇÃO PREDIAL DE ÁGUA - FORNECIMENTO E INSTALAÇÃO",UN,INSUMO,SINAPI,3148,FITA VEDA ROSCA EM ROLOS DE 18 MM X 50 M (L X C)                                                                                                                                                                                                                                                                                                                                                                                                                                                          ,UN,"0,0080","14,56","0,11",,,,,,,
HEAD2,,N,INSTALAÇÕES DE COMBATE A INCÊNDIO,UFCA,N0106,"BUCHA DE REDUÇÃO, EM FERRO GALVANIZADO, 1"" X 1/2"", CONEXÃO ROSQUEADA, INSTALADO EM RESERVAÇÃO PREDIAL DE ÁGUA - FORNECIMENTO E INSTALAÇÃO",UN,,,,,,,,,0,"24,46","11,46",0,0,"35,92","Elaborado com base na composição SINAPI 92696.
Substituído niple 1"" por bucha de redução 1"" x 1/2""."
HEAD3,,N,INSTALAÇÕES DE COMBATE A INCÊNDIO,UFCA,N0106,"BUCHA DE REDUÇÃO, EM FERRO GALVANIZADO, 1"" X 1/2"", CONEXÃO ROSQUEADA, INSTALADO EM RESERVAÇÃO PREDIAL DE ÁGUA - FORNECIMENTO E INSTALAÇÃO",UN,MOBRA,SINAPI,88267,ENCANADOR OU BOMBEIRO HIDRÁULICO COM ENCARGOS COMPLEMENTARES,H,"0,4820","28,12","13,55",,,,,,,
HEAD3,,N,INSTALAÇÕES DE COMBATE A INCÊNDIO,UFCA,N0106,"BUCHA DE REDUÇÃO, EM FERRO GALVANIZADO, 1"" X 1/2"", CONEXÃO ROSQUEADA, INSTALADO EM RESERVAÇÃO PREDIAL DE ÁGUA - FORNECIMENTO E INSTALAÇÃO",UN,MOBRA,SINAPI,88248,AUXILIAR DE ENCANADOR OU BOMBEIRO HIDRÁULICO COM ENCARGOS COMPLEMENTARES,H,"0,4820","22,64","10,91",,,,,,,
HEAD3,,N,INSTALAÇÕES DE COMBATE A INCÊNDIO,UFCA,N0106,"BUCHA DE REDUÇÃO, EM FERRO GALVANIZADO, 1"" X 1/2"", CONEXÃO ROSQUEADA, INSTALADO EM RESERVAÇÃO PREDIAL DE ÁGUA - FORNECIMENTO E INSTALAÇÃO",UN,INSUMO,SINAPI,7307,FUNDO ANTICORROSIVO PARA METAIS FERROSOS (ZARCAO)                                                                                                                                                                                                                                                                                                                                                                                                                                                         ,L,"0,0030","38,57","0,11",,,,,,,
HEAD3,,N,INSTALAÇÕES DE COMBATE A INCÊNDIO,UFCA,N0106,"BUCHA DE REDUÇÃO, EM FERRO GALVANIZADO, 1"" X 1/2"", CONEXÃO ROSQUEADA, INSTALADO EM RESERVAÇÃO PREDIAL DE ÁGUA - FORNECIMENTO E INSTALAÇÃO",UN,INSUMO,SINAPI,764,"BUCHA DE REDUCAO DE FERRO GALVANIZADO, COM ROSCA BSP, DE 1"" X 1/2""                                                                                                                                                                                                                                                                                                                                                                                                                                        ",UN,"1,0000","11,17","11,17",,,,,,,
HEAD3,,N,INSTALAÇÕES DE COMBATE A INCÊNDIO,UFCA,N0106,"BUCHA DE REDUÇÃO, EM FERRO GALVANIZADO, 1"" X 1/2"", CONEXÃO ROSQUEADA, INSTALADO EM RESERVAÇÃO PREDIAL DE ÁGUA - FORNECIMENTO E INSTALAÇÃO",UN,INSUMO,SINAPI,3148,FITA VEDA ROSCA EM ROLOS DE 18 MM X 50 M (L X C)                                                                                                                                                                                                                                                                                                                                                                                                                                                          ,UN,"0,0130","14,56","0,18",,,,,,,
HEAD2,,N,INSTALAÇÕES DE COMBATE A INCÊNDIO,UFCA,N0107,"UNIÃO, EM FERRO GALVANIZADO, CONEXÃO ROSQUEADA, DN 65 MM (2 1/2""), INSTALADO EM RESERVAÇÃO PREDIAL DE ÁGUA - FORNECIMENTO E INSTALAÇÃO",UN,,,,,,,,,0,"17,65","188,62",0,0,"206,27","Elaborado com base na composição SINAPI 94467.
Substituído luva por união."
HEAD3,,N,INSTALAÇÕES DE COMBATE A INCÊNDIO,UFCA,N0107,"UNIÃO, EM FERRO GALVANIZADO, CONEXÃO ROSQUEADA, DN 65 MM (2 1/2""), INSTALADO EM RESERVAÇÃO PREDIAL DE ÁGUA - FORNECIMENTO E INSTALAÇÃO",UN,MOBRA,SINAPI,88267,ENCANADOR OU BOMBEIRO HIDRÁULICO COM ENCARGOS COMPLEMENTARES,H,"0,3480","28,12","9,78",,,,,,,
HEAD3,,N,INSTALAÇÕES DE COMBATE A INCÊNDIO,UFCA,N0107,"UNIÃO, EM FERRO GALVANIZADO, CONEXÃO ROSQUEADA, DN 65 MM (2 1/2""), INSTALADO EM RESERVAÇÃO PREDIAL DE ÁGUA - FORNECIMENTO E INSTALAÇÃO",UN,MOBRA,SINAPI,88248,AUXILIAR DE ENCANADOR OU BOMBEIRO HIDRÁULICO COM ENCARGOS COMPLEMENTARES,H,"0,3480","22,64","7,87",,,,,,,
HEAD3,,N,INSTALAÇÕES DE COMBATE A INCÊNDIO,UFCA,N0107,"UNIÃO, EM FERRO GALVANIZADO, CONEXÃO ROSQUEADA, DN 65 MM (2 1/2""), INSTALADO EM RESERVAÇÃO PREDIAL DE ÁGUA - FORNECIMENTO E INSTALAÇÃO",UN,INSUMO,SINAPI,9889,"UNIAO DE FERRO GALVANIZADO, COM ROSCA BSP, COM ASSENTO PLANO, DE 2 1/2""                                                                                                                                                                                                                                                                                                                                                                                                                                   ",UN,"1,0000","188,12","188,12",,,,,,,
HEAD3,,N,INSTALAÇÕES DE COMBATE A INCÊNDIO,UFCA,N0107,"UNIÃO, EM FERRO GALVANIZADO, CONEXÃO ROSQUEADA, DN 65 MM (2 1/2""), INSTALADO EM RESERVAÇÃO PREDIAL DE ÁGUA - FORNECIMENTO E INSTALAÇÃO",UN,INSUMO,SINAPI,3148,FITA VEDA ROSCA EM ROLOS DE 18 MM X 50 M (L X C)                                                                                                                                                                                                                                                                                                                                                                                                                                                          ,UN,"0,0270","14,56","0,39",,,,,,,
HEAD3,,N,INSTALAÇÕES DE COMBATE A INCÊNDIO,UFCA,N0107,"UNIÃO, EM FERRO GALVANIZADO, CONEXÃO ROSQUEADA, DN 65 MM (2 1/2""), INSTALADO EM RESERVAÇÃO PREDIAL DE ÁGUA - FORNECIMENTO E INSTALAÇÃO",UN,INSUMO,SINAPI,7307,FUNDO ANTICORROSIVO PARA METAIS FERROSOS (ZARCAO)                                                                                                                                                                                                                                                                                                                                                                                                                                                         ,L,"0,0030","38,57","0,11",,,,,,,
HEAD2,,N,INSTALAÇÕES DE COMBATE A INCÊNDIO,UFCA,N0108,"TÊ DE REDUÇÃO, EM FERRO GALVANIZADO, 2 1/2"" X 1"", CONEXÃO ROSQUEADA, INSTALADO EM RESERVAÇÃO PREDIAL DE ÁGUA - FORNECIMENTO E INSTALAÇÃO",UN,,,,,,,,,0,"35,27","152,69",0,0,"187,96","Elaborado com base na composição SINAPI 94478.
Substituído tê 2 1/2"" por tê de redução 2 1/2"" x 1""."
HEAD3,,N,INSTALAÇÕES DE COMBATE A INCÊNDIO,UFCA,N0108,"TÊ DE REDUÇÃO, EM FERRO GALVANIZADO, 2 1/2"" X 1"", CONEXÃO ROSQUEADA, INSTALADO EM RESERVAÇÃO PREDIAL DE ÁGUA - FORNECIMENTO E INSTALAÇÃO",UN,MOBRA,SINAPI,88267,ENCANADOR OU BOMBEIRO HIDRÁULICO COM ENCARGOS COMPLEMENTARES,H,"0,6950","28,12","19,54",,,,,,,
HEAD3,,N,INSTALAÇÕES DE COMBATE A INCÊNDIO,UFCA,N0108,"TÊ DE REDUÇÃO, EM FERRO GALVANIZADO, 2 1/2"" X 1"", CONEXÃO ROSQUEADA, INSTALADO EM RESERVAÇÃO PREDIAL DE ÁGUA - FORNECIMENTO E INSTALAÇÃO",UN,MOBRA,SINAPI,88248,AUXILIAR DE ENCANADOR OU BOMBEIRO HIDRÁULICO COM ENCARGOS COMPLEMENTARES,H,"0,6950","22,64","15,73",,,,,,,
HEAD3,,N,INSTALAÇÕES DE COMBATE A INCÊNDIO,UFCA,N0108,"TÊ DE REDUÇÃO, EM FERRO GALVANIZADO, 2 1/2"" X 1"", CONEXÃO ROSQUEADA, INSTALADO EM RESERVAÇÃO PREDIAL DE ÁGUA - FORNECIMENTO E INSTALAÇÃO",UN,INSUMO,SINAPI,6307,"TE DE REDUCAO DE FERRO GALVANIZADO, COM ROSCA BSP, DE 2 1/2"" X 1""                                                                                                                                                                                                                                                                                                                                                                                                                                         ",UN,"1,0000","151,99","151,99",,,,,,,
HEAD3,,N,INSTALAÇÕES DE COMBATE A INCÊNDIO,UFCA,N0108,"TÊ DE REDUÇÃO, EM FERRO GALVANIZADO, 2 1/2"" X 1"", CONEXÃO ROSQUEADA, INSTALADO EM RESERVAÇÃO PREDIAL DE ÁGUA - FORNECIMENTO E INSTALAÇÃO",UN,INSUMO,SINAPI,3148,FITA VEDA ROSCA EM ROLOS DE 18 MM X 50 M (L X C)                                                                                                                                                                                                                                                                                                                                                                                                                                                          ,UN,"0,0410","14,56","0,59",,,,,,,
HEAD3,,N,INSTALAÇÕES DE COMBATE A INCÊNDIO,UFCA,N0108,"TÊ DE REDUÇÃO, EM FERRO GALVANIZADO, 2 1/2"" X 1"", CONEXÃO ROSQUEADA, INSTALADO EM RESERVAÇÃO PREDIAL DE ÁGUA - FORNECIMENTO E INSTALAÇÃO",UN,INSUMO,SINAPI,7307,FUNDO ANTICORROSIVO PARA METAIS FERROSOS (ZARCAO)                                                                                                                                                                                                                                                                                                                                                                                                                                                         ,L,"0,0030","38,57","0,11",,,,,,,
HEAD2,,N,INSTALAÇÕES DE COMBATE A INCÊNDIO,UFCA,N0109,"BOMBA CENTRÍFUGA, TRIFÁSICA, 5 A 7,5 CV - FORNECIMENTO E INSTALAÇÃO",UN,,,,,,,,,0,"200,42","6372,64",0,0,"6573,06","Elaborado com base na composição SINAPI 102123.
Incluído bomba. Excluído vergalhão, considerado na composição da base para bomba."
HEAD3,,N,INSTALAÇÕES DE COMBATE A INCÊNDIO,UFCA,N0109,"BOMBA CENTRÍFUGA, TRIFÁSICA, 5 A 7,5 CV - FORNECIMENTO E INSTALAÇÃO",UN,MOBRA,SINAPI,88267,ENCANADOR OU BOMBEIRO HIDRÁULICO COM ENCARGOS COMPLEMENTARES,H,"3,2890","28,12","92,48",,,,,,,
HEAD3,,N,INSTALAÇÕES DE COMBATE A INCÊNDIO,UFCA,N0109,"BOMBA CENTRÍFUGA, TRIFÁSICA, 5 A 7,5 CV - FORNECIMENTO E INSTALAÇÃO",UN,MOBRA,SINAPI,88264,ELETRICISTA COM ENCARGOS COMPLEMENTARES,H,"0,6330","29,25","18,51",,,,,,,
HEAD3,,N,INSTALAÇÕES DE COMBATE A INCÊNDIO,UFCA,N0109,"BOMBA CENTRÍFUGA, TRIFÁSICA, 5 A 7,5 CV - FORNECIMENTO E INSTALAÇÃO",UN,MOBRA,SINAPI,88248,AUXILIAR DE ENCANADOR OU BOMBEIRO HIDRÁULICO COM ENCARGOS COMPLEMENTARES,H,"3,2890","22,64","74,46",,,,,,,
HEAD3,,N,INSTALAÇÕES DE COMBATE A INCÊNDIO,UFCA,N0109,"BOMBA CENTRÍFUGA, TRIFÁSICA, 5 A 7,5 CV - FORNECIMENTO E INSTALAÇÃO",UN,MOBRA,SINAPI,88247,AUXILIAR DE ELETRICISTA COM ENCARGOS COMPLEMENTARES,H,"0,6330","23,65","14,97",,,,,,,
HEAD3,,N,INSTALAÇÕES DE COMBATE A INCÊNDIO,UFCA,N0109,"BOMBA CENTRÍFUGA, TRIFÁSICA, 5 A 7,5 CV - FORNECIMENTO E INSTALAÇÃO",UN,INSUMO,SINAPI,39997,"PORCA ZINCADA, SEXTAVADA, DIAMETRO 1/4""                                                                                                                                                                                                                                                                                                                                                                                                                                                                   ",UN,"4,0000","0,35","1,40",,,,,,,
HEAD3,,N,INSTALAÇÕES DE COMBATE A INCÊNDIO,UFCA,N0109,"BOMBA CENTRÍFUGA, TRIFÁSICA, 5 A 7,5 CV - FORNECIMENTO E INSTALAÇÃO",UN,INSUMO,ORSE,8347,"Arruela lisa zincada ø 1/4""",un,"4,0000","0,05","0,20",,,,,,,
HEAD3,,N,INSTALAÇÕES DE COMBATE A INCÊNDIO,UFCA,N0109,"BOMBA CENTRÍFUGA, TRIFÁSICA, 5 A 7,5 CV - FORNECIMENTO E INSTALAÇÃO",UN,INSUMO,ORSE,11754,"Motobomba centrífuga, prevenção contra incêndio, marca schneider ou similar,  modelo BPI-21 R 2 1/2 (141MM), motor 5 cv, trifásico 220V, recalque 2 1/2"",   hm =22 a 32 m, q =16,9 a 36,9m3/h",un,"1,0000","6371,04","6371,04",,,,,,,
HEAD2,,N,INSTALAÇÕES DE COMBATE A INCÊNDIO,UFCA,N0110,CHAVE DE FLUXO TIPO PALHETA - FORNECIMENTO E INSTALAÇÃO,UN,,,,,,,,,0,"42,78","151,03",0,0,"193,81","
Elaborado com base na composição SINAPI 101917.
Substituído manômetro por chave de fluxo."
HEAD3,,N,INSTALAÇÕES DE COMBATE A INCÊNDIO,UFCA,N0110,CHAVE DE FLUXO TIPO PALHETA - FORNECIMENTO E INSTALAÇÃO,UN,MOBRA,SINAPI,88248,AUXILIAR DE ENCANADOR OU BOMBEIRO HIDRÁULICO COM ENCARGOS COMPLEMENTARES,H,"0,8430","22,64","19,08",,,,,,,
HEAD3,,N,INSTALAÇÕES DE COMBATE A INCÊNDIO,UFCA,N0110,CHAVE DE FLUXO TIPO PALHETA - FORNECIMENTO E INSTALAÇÃO,UN,MOBRA,SINAPI,88267,ENCANADOR OU BOMBEIRO HIDRÁULICO COM ENCARGOS COMPLEMENTARES,H,"0,8430","28,12","23,70",,,,,,,
HEAD3,,N,INSTALAÇÕES DE COMBATE A INCÊNDIO,UFCA,N0110,CHAVE DE FLUXO TIPO PALHETA - FORNECIMENTO E INSTALAÇÃO,UN,INSUMO,SINAPI,3148,FITA VEDA ROSCA EM ROLOS DE 18 MM X 50 M (L X C)                                                                                                                                                                                                                                                                                                                                                                                                                                                          ,UN,"0,0024","14,56","0,03",,,,,,,
HEAD3,,N,INSTALAÇÕES DE COMBATE A INCÊNDIO,UFCA,N0110,CHAVE DE FLUXO TIPO PALHETA - FORNECIMENTO E INSTALAÇÃO,UN,INSUMO,AGESUL,8470,"CHAVE DE FLUXO DE 1"" - FLUXOSTATO",UN,"1,0000",151,"151,00",,,,,,,
HEAD2,,N,INSTALAÇÕES DE COMBATE A INCÊNDIO,UFCA,N0111,BASE PARA BOMBA EM CONCRETO 40X30X15CM COM BARRAS ROSCADAS PARA FIXAÇÃO DA BOMBA,UN,,,,,,,,,0,"37,27","14,35",0,0,"51,62","
Os coeficientes correspondentes a pedreiro foram obtidos da composição SINAPI 96616. Os coeficientes correspondentes a servente foram obtidos das composições SINAPI 96616, 100225 e 100235. Os coeficientes correspondentes a carpinteiro, ajudante e desmoldante foram obtidos da composição SINAPI 96528.
Considerado perda de 38% de concreto e 10% de prego."
HEAD3,,N,INSTALAÇÕES DE COMBATE A INCÊNDIO,UFCA,N0111,BASE PARA BOMBA EM CONCRETO 40X30X15CM COM BARRAS ROSCADAS PARA FIXAÇÃO DA BOMBA,UN,MOBRA,SINAPI,88309,PEDREIRO COM ENCARGOS COMPLEMENTARES,H,"0,1221","28,88","3,52",,,,,,,
HEAD3,,N,INSTALAÇÕES DE COMBATE A INCÊNDIO,UFCA,N0111,BASE PARA BOMBA EM CONCRETO 40X30X15CM COM BARRAS ROSCADAS PARA FIXAÇÃO DA BOMBA,UN,MOBRA,SINAPI,88316,SERVENTE COM ENCARGOS COMPLEMENTARES,H,"0,3707","22,10","8,19",,,,,,,
HEAD3,,N,INSTALAÇÕES DE COMBATE A INCÊNDIO,UFCA,N0111,BASE PARA BOMBA EM CONCRETO 40X30X15CM COM BARRAS ROSCADAS PARA FIXAÇÃO DA BOMBA,UN,MOBRA,SINAPI,88262,CARPINTEIRO DE FORMAS COM ENCARGOS COMPLEMENTARES,H,"0,3352","28,52","9,55",,,,,,,
HEAD3,,N,INSTALAÇÕES DE COMBATE A INCÊNDIO,UFCA,N0111,BASE PARA BOMBA EM CONCRETO 40X30X15CM COM BARRAS ROSCADAS PARA FIXAÇÃO DA BOMBA,UN,MOBRA,SINAPI,88239,AJUDANTE DE CARPINTEIRO COM ENCARGOS COMPLEMENTARES,H,"0,1378","23,13","3,18",,,,,,,
HEAD3,,N,INSTALAÇÕES DE COMBATE A INCÊNDIO,UFCA,N0111,BASE PARA BOMBA EM CONCRETO 40X30X15CM COM BARRAS ROSCADAS PARA FIXAÇÃO DA BOMBA,UN,MOBRA,SINAPI,94975,"CONCRETO FCK = 15MPA, TRAÇO 1:3,4:3,5 (EM MASSA SECA DE CIMENTO/ AREIA MÉDIA/ BRITA 1) - PREPARO MANUAL. AF_05/2021",M3,"0,0248","517,61","12,83",,,,,,,
HEAD3,,N,INSTALAÇÕES DE COMBATE A INCÊNDIO,UFCA,N0111,BASE PARA BOMBA EM CONCRETO 40X30X15CM COM BARRAS ROSCADAS PARA FIXAÇÃO DA BOMBA,UN,INSUMO,SINAPI,6194,"TABUA *2,5 X 15 CM EM PINUS, MISTA OU EQUIVALENTE DA REGIAO - BRUTA                                                                                                                                                                                                                                                                                                                                                                                                                                       ",M,"1,5000","7,89","11,83",,,,,,,
HEAD3,,N,INSTALAÇÕES DE COMBATE A INCÊNDIO,UFCA,N0111,BASE PARA BOMBA EM CONCRETO 40X30X15CM COM BARRAS ROSCADAS PARA FIXAÇÃO DA BOMBA,UN,INSUMO,SINAPI,40304,PREGO DE ACO POLIDO COM CABECA DUPLA 17 X 27 (2 1/2 X 11)                                                                                                                                                                                                                                                                                                                                                                                                                                                 ,KG,"0,0680","17,00","1,15",,,,,,,
HEAD3,,N,INSTALAÇÕES DE COMBATE A INCÊNDIO,UFCA,N0111,BASE PARA BOMBA EM CONCRETO 40X30X15CM COM BARRAS ROSCADAS PARA FIXAÇÃO DA BOMBA,UN,INSUMO,SINAPI,2692,"DESMOLDANTE PROTETOR PARA FORMAS DE MADEIRA, DE BASE OLEOSA EMULSIONADA EM AGUA                                                                                                                                                                                                                                                                                                                                                                                                                           ",L,"0,0035","7,74","0,02",,,,,,,
HEAD3,,N,INSTALAÇÕES DE COMBATE A INCÊNDIO,UFCA,N0111,BASE PARA BOMBA EM CONCRETO 40X30X15CM COM BARRAS ROSCADAS PARA FIXAÇÃO DA BOMBA,UN,INSUMO,SINAPI,39996,"VERGALHAO ZINCADO ROSCA TOTAL, 1/4"" (6,3 MM)                                                                                                                                                                                                                                                                                                                                                                                                                                                              ",M,"0,3000","4,53","1,35",,,,,,,
HEAD2,,N,INSTALAÇÕES DE COMBATE A INCÊNDIO,UFCA,N0112,"FIXAÇÃO DE TUBO DE AÇO, DIÂMETRO 2 1/2"", EM LAJE, COM ABRAÇADEIRA TIPO GOTA E BARRA ROSCADA 3/8""",UN,,,,,,,,,0,"4,86","18,83",0,0,"23,69","
Os coeficientes correspondentes a bombeiro e auxiliar foram obtidos da composição SINAPI 90460. Incluído abraçadeira tipo D para prever o custo da abraçadeira tipo gota."
HEAD3,,N,INSTALAÇÕES DE COMBATE A INCÊNDIO,UFCA,N0112,"FIXAÇÃO DE TUBO DE AÇO, DIÂMETRO 2 1/2"", EM LAJE, COM ABRAÇADEIRA TIPO GOTA E BARRA ROSCADA 3/8""",UN,MOBRA,SINAPI,88267,ENCANADOR OU BOMBEIRO HIDRÁULICO COM ENCARGOS COMPLEMENTARES,H,"0,1463","28,12","4,11",,,,,,,
HEAD3,,N,INSTALAÇÕES DE COMBATE A INCÊNDIO,UFCA,N0112,"FIXAÇÃO DE TUBO DE AÇO, DIÂMETRO 2 1/2"", EM LAJE, COM ABRAÇADEIRA TIPO GOTA E BARRA ROSCADA 3/8""",UN,MOBRA,SINAPI,88248,AUXILIAR DE ENCANADOR OU BOMBEIRO HIDRÁULICO COM ENCARGOS COMPLEMENTARES,H,"0,0333","22,64","0,75",,,,,,,
HEAD3,,N,INSTALAÇÕES DE COMBATE A INCÊNDIO,UFCA,N0112,"FIXAÇÃO DE TUBO DE AÇO, DIÂMETRO 2 1/2"", EM LAJE, COM ABRAÇADEIRA TIPO GOTA E BARRA ROSCADA 3/8""",UN,INSUMO,SINAPI,39133,"ABRACADEIRA EM ACO PARA AMARRACAO DE ELETRODUTOS, TIPO D, COM 2 1/2"" E CUNHA DE FIXACAO                                                                                                                                                                                                                                                                                                                                                                                                                   ",UN,"1,0000","7,70","7,70",,,,,,,
HEAD3,,N,INSTALAÇÕES DE COMBATE A INCÊNDIO,UFCA,N0112,"BOMBA CENTRÍFUGA, TRIFÁSICA, 5 CV - FORNECIMENTO E INSTALAÇÃO",UN,INSUMO,ORSE,9783,"Barra roscada zincada ø 3/8""",m,"1,0000","7,7","7,70",,,,,,,
HEAD3,,N,INSTALAÇÕES DE COMBATE A INCÊNDIO,UFCA,N0112,"FIXAÇÃO DE TUBO DE AÇO, DIÂMETRO 2 1/2"", EM LAJE, COM ABRAÇADEIRA TIPO GOTA E BARRA ROSCADA 3/8""",UN,INSUMO,SEINFRA,I0791,CHUMBADOR DE 3/8'',UN,"1,0000","2,29","2,29",,,,,,,
HEAD3,,N,INSTALAÇÕES DE COMBATE A INCÊNDIO,UFCA,N0112,"FIXAÇÃO DE TUBO DE AÇO, DIÂMETRO 2 1/2"", EM LAJE, COM ABRAÇADEIRA TIPO GOTA E BARRA ROSCADA 3/8""",UN,INSUMO,SINAPI,4342,"PORCA ZINCADA, SEXTAVADA, DIAMETRO 3/8""                                                                                                                                                                                                                                                                                                                                                                                                                                                                   ",UN,"3,0000","0,26","0,78",,,,,,,
HEAD3,,N,INSTALAÇÕES DE COMBATE A INCÊNDIO,UFCA,N0112,"BOMBA CENTRÍFUGA, TRIFÁSICA, 5 CV - FORNECIMENTO E INSTALAÇÃO",UN,INSUMO,ORSE,11072,"Arruela lisa de 3/8""",un,"3,0000","0,12","0,36",,,,,,,
HEAD2,,N,INSTALAÇÕES DE COMBATE A INCÊNDIO,UFCA,N0113,"FIXAÇÃO DE TUBO DE AÇO, DIÂMETRO 2 1/2"", EM LAJE, COM ABRAÇADEIRA TIPO ""U"" REFORÇADA",UN,,,,,,,,,0,"15,01","7,73",0,0,"22,74","
Os coeficientes correspondentes a bombeiro e auxiliar foram obtidos da composição SINAPI 91180."
HEAD3,,N,INSTALAÇÕES DE COMBATE A INCÊNDIO,UFCA,N0113,"FIXAÇÃO DE TUBO DE AÇO, DIÂMETRO 2 1/2"", EM LAJE, COM ABRAÇADEIRA TIPO ""U"" REFORÇADA",UN,MOBRA,SINAPI,88267,ENCANADOR OU BOMBEIRO HIDRÁULICO COM ENCARGOS COMPLEMENTARES,H,"0,4516","28,12","12,69",,,,,,,
HEAD3,,N,INSTALAÇÕES DE COMBATE A INCÊNDIO,UFCA,N0113,"FIXAÇÃO DE TUBO DE AÇO, DIÂMETRO 2 1/2"", EM LAJE, COM ABRAÇADEIRA TIPO ""U"" REFORÇADA",UN,MOBRA,SINAPI,88248,AUXILIAR DE ENCANADOR OU BOMBEIRO HIDRÁULICO COM ENCARGOS COMPLEMENTARES,H,"0,1026","22,64","2,32",,,,,,,
HEAD3,,N,INSTALAÇÕES DE COMBATE A INCÊNDIO,UFCA,N0113,"FIXAÇÃO DE TUBO DE AÇO, DIÂMETRO 2 1/2"", EM LAJE, COM ABRAÇADEIRA TIPO ""U"" REFORÇADA",UN,INSUMO,SINAPI,39143,"ABRACADEIRA EM ACO PARA AMARRACAO DE ELETRODUTOS, TIPO U SIMPLES, COM 2 1/2""                                                                                                                                                                                                                                                                                                                                                                                                                              ",UN,"1,0000","4,91","4,91",,,,,,,
HEAD3,,N,INSTALAÇÕES DE COMBATE A INCÊNDIO,UFCA,N0113,"FIXAÇÃO DE TUBO DE AÇO, DIÂMETRO 2 1/2"", EM LAJE, COM ABRAÇADEIRA TIPO ""U"" REFORÇADA",UN,INSUMO,SINAPI,11976,"CHUMBADOR DE ACO ZINCADO, DIAMETRO 1/4"" COM PARAFUSO 1/4"" X 40 MM                                                                                                                                                                                                                                                                                                                                                                                                                                         ",UN,"2,0000","1,41","2,82",,,,,,,
HEAD2,,N,INSTALAÇÕES DE COMBATE A INCÊNDIO,UFCA,N0114,PINTURA COM TINTA BETUMINOSA APLICADA A ROLO OU PINCEL SOBRE TUBULAÇÕES METÁLICAS (02 DEMÃOS),M2,,,,,,,,,0,"39,15","6,47",0,0,"45,62","
O coeficiente correspondente a impermeabilizador foi obtido da composição SINAPI 100760. O coeficiente correspondente a tinta asfáltica foi obtido das fichas técnicas dos produtos Sika Igol S e Vedacit Neutrol."
HEAD3,,N,INSTALAÇÕES DE COMBATE A INCÊNDIO,UFCA,N0114,PINTURA COM TINTA BETUMINOSA APLICADA A ROLO OU PINCEL SOBRE TUBULAÇÕES METÁLICAS (02 DEMÃOS),M2,MOBRA,SINAPI,88270,IMPERMEABILIZADOR COM ENCARGOS COMPLEMENTARES,H,"1,3559","28,88","39,15",,,,,,,
HEAD3,,N,INSTALAÇÕES DE COMBATE A INCÊNDIO,UFCA,N0114,PINTURA COM TINTA BETUMINOSA APLICADA A ROLO OU PINCEL SOBRE TUBULAÇÕES METÁLICAS (02 DEMÃOS),M2,INSUMO,SINAPI,7313,"TINTA ASFALTICA IMPERMEABILIZANTE DILUIDA EM SOLVENTE, PARA MATERIAIS CIMENTICIOS, METAL E MADEIRA                                                                                                                                                                                                                                                                                                                                                                                                        ",L,"0,3000","21,57","6,47",,,,,,,
HEAD2,,N,INSTALAÇÕES DE COMBATE A INCÊNDIO,UFCA,N0115,"PLACA DE SINALIZAÇÃO DE EMERGÊNCIA, FOTOLUMINESCENTE, 12 X 24 CM, EM PVC 2 MM ANTI-CHAMAS - FORNECIMENTO E INSTALAÇÃO",UN,,,,,,,,,0,"4,42",25,0,0,"29,42","
Elaborado com base na composição ORSE 12137. Substituído insumo."
HEAD3,,N,INSTALAÇÕES DE COMBATE A INCÊNDIO,UFCA,N0115,"PLACA DE SINALIZAÇÃO DE EMERGÊNCIA, FOTOLUMINESCENTE, 12 X 24 CM, EM PVC 2 MM ANTI-CHAMAS - FORNECIMENTO E INSTALAÇÃO",UN,MOBRA,SINAPI,88316,SERVENTE COM ENCARGOS COMPLEMENTARES,H,"0,2000","22,10","4,42",,,,,,,
HEAD3,,N,INSTALAÇÕES DE COMBATE A INCÊNDIO,UFCA,N0115,"PLACA DE SINALIZAÇÃO DE EMERGÊNCIA, FOTOLUMINESCENTE, 12 X 24 CM, EM PVC 2 MM ANTI-CHAMAS - FORNECIMENTO E INSTALAÇÃO",UN,INSUMO,SINAPI,37539,"PLACA DE SINALIZACAO DE SEGURANCA CONTRA INCENDIO, FOTOLUMINESCENTE, RETANGULAR, *13 X 26* CM, EM PVC *2* MM ANTI-CHAMAS (SIMBOLOS, CORES E PICTOGRAMAS CONFORME NBR 16820)                                                                                                                                                                                                                                                                                                                               ",UN,"1,0000","25,00","25,00",,,,,,,
HEAD2,,N,INSTALAÇÕES DE COMBATE A INCÊNDIO,UFCA,N0116,"PLACA DE SINALIZAÇÃO DE EMERGÊNCIA, FOTOLUMINESCENTE, 12 X 40 CM, EM PVC 2 MM ANTI-CHAMAS - FORNECIMENTO E INSTALAÇÃO",UN,,,,,,,,,0,"4,42","35,47",0,0,"39,89","Elaborado com base na composição ORSE 12137.
Substituído insumo."
HEAD3,,N,INSTALAÇÕES DE COMBATE A INCÊNDIO,UFCA,N0116,"PLACA DE SINALIZAÇÃO DE EMERGÊNCIA, FOTOLUMINESCENTE, 12 X 40 CM, EM PVC 2 MM ANTI-CHAMAS - FORNECIMENTO E INSTALAÇÃO",UN,MOBRA,SINAPI,88316,SERVENTE COM ENCARGOS COMPLEMENTARES,H,"0,2000","22,10","4,42",,,,,,,
HEAD3,,N,INSTALAÇÕES DE COMBATE A INCÊNDIO,UFCA,N0116,"PLACA DE SINALIZAÇÃO DE EMERGÊNCIA, FOTOLUMINESCENTE, 12 X 40 CM, EM PVC 2 MM ANTI-CHAMAS - FORNECIMENTO E INSTALAÇÃO",UN,INSUMO,SINAPI,37559,"PLACA DE SINALIZACAO DE SEGURANCA CONTRA INCENDIO, FOTOLUMINESCENTE, RETANGULAR, *12 X 40* CM, EM PVC *2* MM ANTI-CHAMAS (SIMBOLOS, CORES E PICTOGRAMAS CONFORME NBR 16820)                                                                                                                                                                                                                                                                                                                               ",UN,"1,0000","35,47","35,47",,,,,,,
HEAD2,,N,INSTALAÇÕES DE COMBATE A INCÊNDIO,UFCA,N0117,"PLACA DE SINALIZAÇÃO DE EMERGÊNCIA, FOTOLUMINESCENTE, 15 X 15 CM, EM PVC 2 MM ANTI-CHAMAS - FORNECIMENTO E INSTALAÇÃO",UN,,,,,,,,,0,"4,42","14,94",0,0,"19,36","Elaborado com base na composição ORSE 12137.
Substituído insumo."
HEAD3,,N,INSTALAÇÕES DE COMBATE A INCÊNDIO,UFCA,N0117,"PLACA DE SINALIZAÇÃO DE EMERGÊNCIA, FOTOLUMINESCENTE, 15 X 15 CM, EM PVC 2 MM ANTI-CHAMAS - FORNECIMENTO E INSTALAÇÃO",UN,MOBRA,SINAPI,88316,SERVENTE COM ENCARGOS COMPLEMENTARES,H,"0,2000","22,10","4,42",,,,,,,
HEAD3,,N,INSTALAÇÕES DE COMBATE A INCÊNDIO,UFCA,N0117,"PLACA DE SINALIZAÇÃO DE EMERGÊNCIA, FOTOLUMINESCENTE, 15 X 15 CM, EM PVC 2 MM ANTI-CHAMAS - FORNECIMENTO E INSTALAÇÃO",UN,INSUMO,SINAPI,37557,"PLACA DE SINALIZACAO DE SEGURANCA CONTRA INCENDIO, FOTOLUMINESCENTE, QUADRADA, *14 X 14* CM, EM PVC *2* MM ANTI-CHAMAS (SIMBOLOS, CORES E PICTOGRAMAS CONFORME NBR 16820)                                                                                                                                                                                                                                                                                                                                 ",UN,"1,0000","14,94","14,94",,,,,,,
HEAD1,,O,REVESTIMENTOS,UFCA,,,,,,,,,,,,,,,,,,
HEAD2,,O,REVESTIMENTOS,UFCA,O0001,"PLACA DE ESPUMA DE POLIURETANO POLIESTER PARA ABSORÇÃO ACÚSTICA, FORNECIMENTO E INSTALAÇÃO",M2,,,,,,,,,0,"5,52","30,5",0,200,"236,02",Composição 13312/ORSE. E 101727
HEAD3,,O,REVESTIMENTOS,UFCA,O0001,"PLACA DE ESPUMA DE POLIURETANO POLIESTER PARA ABSORÇÃO ACÚSTICA, FORNECIMENTO E INSTALAÇÃO",M2,MOBRA,SINAPI,88316,SERVENTE COM ENCARGOS COMPLEMENTARES,H,"0,25","22,10","5,52",,,,,,,
HEAD3,,O,REVESTIMENTOS,UFCA,O0001,"PLACA DE ESPUMA DE POLIURETANO POLIESTER PARA ABSORÇÃO ACÚSTICA, FORNECIMENTO E INSTALAÇÃO",M2,INSUMO,SINAPI,39719,"ADESIVO / COLA DE CONTATO LIQUIDO, A BASE DE RESINAS, PARA COLAGEM DE ESPUMA PARA ISOLAMENTO TERMICO FLEXIVEL                                                                                                                                                                                                                                                                                                                                                                                             ",L,"0,2","152,52","30,50",,,,,,,
HEAD3,,O,REVESTIMENTOS,UFCA,O0001,"PLACA DE ESPUMA DE POLIURETANO POLIESTER PARA ABSORÇÃO ACÚSTICA, FORNECIMENTO E INSTALAÇÃO",M2,SERV,ORSE,14006,Isolamento acústico com placa de espuma de poliuretano poliester Modelo Pyram id Cor Natural 25/30  ( sonex Illtec / OWA ) ou similar),m²,1,200,"200,00",,,,,,,
HEAD2,,O,REVESTIMENTOS,UFCA,O0002,"PAREDE EM LADRILHO HIDRÁULICO, INCLUSO APLICAÇÃO DE RESINA",M2,,,,,,,,,0,"87,48","117,16",0,0,"204,64",Elaborado com base na composição  SINAPI 101726
HEAD3,,O,REVESTIMENTOS,UFCA,O0002,"PAREDE EM LADRILHO HIDRÁULICO, INCLUSO APLICAÇÃO DE RESINA",M2,MOBRA,SINAPI,88316,SERVENTE COM ENCARGOS COMPLEMENTARES,H,"1,1","22,10","24,31",,,,,,,
HEAD3,,O,REVESTIMENTOS,UFCA,O0002,"PAREDE EM LADRILHO HIDRÁULICO, INCLUSO APLICAÇÃO DE RESINA",M2,MOBRA,SINAPI,88256,AZULEJISTA OU LADRILHISTA COM ENCARGOS COMPLEMENTARES,H,"2,199","28,73","63,17",,,,,,,
HEAD3,,O,REVESTIMENTOS,UFCA,O0002,"PAREDE EM LADRILHO HIDRÁULICO, INCLUSO APLICAÇÃO DE RESINA",M2,INSUMO,SINAPI,37595,ARGAMASSA COLANTE TIPO AC III                                                                                                                                                                                                                                                                                                                                                                                                                                                                             ,KG,"8,62","3,29","28,35",,,,,,,
HEAD3,,O,REVESTIMENTOS,UFCA,O0002,"PAREDE EM LADRILHO HIDRÁULICO, INCLUSO APLICAÇÃO DE RESINA",M2,INSUMO,SINAPI,34357,"REJUNTE CIMENTICIO, QUALQUER COR                                                                                                                                                                                                                                                                                                                                                                                                                                                                          ",KG,"0,24","6,28","1,50",,,,,,,
HEAD3,,O,REVESTIMENTOS,UFCA,O0002,"PAREDE EM LADRILHO HIDRÁULICO, INCLUSO APLICAÇÃO DE RESINA",M2,INSUMO,SINAPI,7353,RESINA ACRILICA PREMIUM BASE AGUA - COR BRANCA                                                                                                                                                                                                                                                                                                                                                                                                                                                            ,L,"0,12","34,12","4,09",,,,,,,
HEAD3,,O,REVESTIMENTOS,UFCA,O0002,"PAREDE EM LADRILHO HIDRÁULICO, INCLUSO APLICAÇÃO DE RESINA",M2,INSUMO,SINAPI,3733,"LADRILHO HIDRAULICO, *20 X 20* CM, E= 2 CM, PADRAO COPACABANA, 2 CORES (PRETO E BRANCO)                                                                                                                                                                                                                                                                                                                                                                                                                   ",M2,"1,03","80,80","83,22",,,,,,,
HEAD2,,O,REVESTIMENTOS,UFCA,O0003,"REVESTIMENTO EM ALUMÍNIO TIPO ALUCOBOND, E=0,3MM, EM ESTRUTURA METÁLICA AUXILIAR DE PERFIL ""U"" 2"", COM FORNECIMENTO E MONTAGEM, INCLUSIVE PINTURA KAYNAR 500 COM SEIS CAMADAS",M2,,,,,,,,,0,0,0,0,"505,25","505,25",Elaborado com base na composição 05057/ORSE	Revestimento metálico em alumínio composto (Alucobond)
HEAD3,,O,REVESTIMENTOS,UFCA,O0003,"REVESTIMENTO EM ALUMÍNIO TIPO ALUCOBOND, E=0,3MM, EM ESTRUTURA METÁLICA AUXILIAR DE PERFIL ""U"" 2"", COM FORNECIMENTO E MONTAGEM, INCLUSIVE PINTURA KAYNAR 500 COM SEIS CAMADAS",M2,SERV,ORSE,4974,"Revestimento em alumínio tipo Alucobond, e=0,3mm, em estrutura metálica auxil iar de perfil ""U"" 2"", com fornecimento e montagem,  inclusive pintura Kaynar  500 com seis camadas",m2,1,"505,25","505,25",,,,,,,
HEAD1,,P,VIDROS,UFCA,,,,,,,,,,,,,,,,,,
HEAD2,,P,VIDROS,UFCA,P0001,"ESPELHO CRISTAL ESPESSURA 4MM, COM MOLDURA EM ALUMINIO E COMPENSADO 6MM PLASTIFICADO COLADO COM ADESIVO PARA ESPELHO, A BASE DE POLIURETANO",M2,,,,,,,,,0,"84,38","639,22",0,0,"723,6",Elaborado com base na composição antiga SINAPI 74125/2 e coeficiente de adesivo com base na 102145. Silicone como  preço representativo. Deve usar adesivo fixa espelho. A base de poliuretano.
HEAD3,,P,VIDROS,UFCA,P0001,"ESPELHO CRISTAL ESPESSURA 4MM, COM MOLDURA EM ALUMINIO E COMPENSADO 6MM PLASTIFICADO COLADO COM ADESIVO PARA ESPELHO, A BASE DE POLIURETANO",M2,MOBRA,SINAPI,88239,AJUDANTE DE CARPINTEIRO COM ENCARGOS COMPLEMENTARES,H,"1,8","23,13","41,63",,,,,,,
HEAD3,,P,VIDROS,UFCA,P0001,"ESPELHO CRISTAL ESPESSURA 4MM, COM MOLDURA EM ALUMINIO E COMPENSADO 6MM PLASTIFICADO COLADO COM ADESIVO PARA ESPELHO, A BASE DE POLIURETANO",M2,MOBRA,SINAPI,88325,VIDRACEIRO COM ENCARGOS COMPLEMENTARES,H,"1,8","23,75","42,75",,,,,,,
HEAD3,,P,VIDROS,UFCA,P0001,"ESPELHO CRISTAL ESPESSURA 4MM, COM MOLDURA EM ALUMINIO E COMPENSADO 6MM PLASTIFICADO COLADO COM ADESIVO PARA ESPELHO, A BASE DE POLIURETANO",M2,INSUMO,SINAPI,39961,SILICONE ACETICO USO GERAL INCOLOR 280 G                                                                                                                                                                                                                                                                                                                                                                                                                                                                  ,UN,"0,4304161","25,54","10,99",,,,,,,
HEAD3,,P,VIDROS,UFCA,P0001,"ESPELHO CRISTAL ESPESSURA 4MM, COM MOLDURA EM ALUMINIO E COMPENSADO 6MM PLASTIFICADO COLADO COM ADESIVO PARA ESPELHO, A BASE DE POLIURETANO",M2,INSUMO,SINAPI,11186,ESPELHO CRISTAL E = 4 MM                                                                                                                                                                                                                                                                                                                                                                                                                                                                                  ,M2,1,"487,33","487,33",,,,,,,
HEAD3,,P,VIDROS,UFCA,P0001,"ESPELHO CRISTAL ESPESSURA 4MM, COM MOLDURA EM ALUMINIO E COMPENSADO 6MM PLASTIFICADO COLADO COM ADESIVO PARA ESPELHO, A BASE DE POLIURETANO",M2,INSUMO,SINAPI,586,"CANTONEIRA EM ALUMINIO, ABAS IGUAIS, LARGURA DE 25,40 MM (1""), ESPESSURA DE 4,76 MM (3/16"") E PESO LINEAR DE APROXIMADAMENTE 0,593 KG/M                                                                                                                                                                                                                                                                                                                                                                   ",M,4,"21,52","86,08",,,,,,,
HEAD3,,P,VIDROS,UFCA,P0001,"ESPELHO CRISTAL ESPESSURA 4MM, COM MOLDURA EM ALUMINIO E COMPENSADO 6MM PLASTIFICADO COLADO COM ADESIVO PARA ESPELHO, A BASE DE POLIURETANO",M2,INSUMO,SINAPI,1360,"COMPENSADO NAVAL - CHAPA/PAINEL EM MADEIRA COMPENSADA PRENSADA, DE 2200 X 1600 MM, E = 6 MM                                                                                                                                                                                                                                                                                                                                                                                                               ",M2,"1,05","52,21","54,82",,,,,,,
HEAD1,,Q,PINTURA,UFCA,,,,,,,,,,,,,,,,,,
HEAD2,,Q,PINTURA,UFCA,Q0001,CAIAÇÃO EM DUAS DEMÃOS,M2,,,,,,,,,0,"6,07","0,58",0,0,"6,65",Elaborado com base na composição  SINAPI 102498 e SEINFRA C0588
HEAD3,,Q,PINTURA,UFCA,Q0001,CAIAÇÃO EM DUAS DEMÃOS,M2,MOBRA,SINAPI,88310,PINTOR COM ENCARGOS COMPLEMENTARES,H,"0,2","30,37","6,07",,,,,,,
HEAD3,,Q,PINTURA,UFCA,Q0001,CAIAÇÃO EM DUAS DEMÃOS,M2,INSUMO,SINAPI,11161,CAL HIDRATADA PARA PINTURA                                                                                                                                                                                                                                                                                                                                                                                                                                                                                ,KG,"0,3","1,95","0,58",,,,,,,
HEAD2,,Q,PINTURA,UFCA,Q0002,ANDAIME METÁLICO FACHADEIRO COM PISO METÁLICO DE ENCAIXE P/ FACHADAS – LOCAÇÃO MENSAL,M2XMÊS,,,,,,,,,0,"5,53","2,37",0,0,"7,9",Composição elaborada com base na composição mão de obras C0083/SEINFRA  e insumos 97063/SINAPI
HEAD3,,Q,PINTURA,UFCA,Q0002,ANDAIME METÁLICO FACHADEIRO COM PISO METÁLICO DE ENCAIXE P/ FACHADAS – LOCAÇÃO MENSAL,M2,MOBRA,SINAPI,88278,MONTADOR DE ESTRUTURA METÁLICA COM ENCARGOS COMPLEMENTARES,H,"0,08","25,03","2,00",,,,,,,
HEAD3,,Q,PINTURA,UFCA,Q0002,ANDAIME METÁLICO FACHADEIRO COM PISO METÁLICO DE ENCAIXE P/ FACHADAS – LOCAÇÃO MENSAL,M2,MOBRA,SINAPI,88316,SERVENTE COM ENCARGOS COMPLEMENTARES,H,"0,16","22,10","3,53",,,,,,,
HEAD3,,Q,PINTURA,UFCA,Q0002,ANDAIME METÁLICO FACHADEIRO COM PISO METÁLICO DE ENCAIXE P/ FACHADAS – LOCAÇÃO MENSAL,M2,INSUMO,SEINFRA,I0068,"ANDAIME METALICO DE FACHADA, INCLUSIVE TODOS OS ITENS NECESSÁRIOS À MONTAGEM (NÃO INCLUI INSTALAÇÃO) - LOCAÇÃO MENSAL",M2,"1,03","2,31","2,37",,,,,,,
HEAD2,,Q,PINTURA,UFCA,Q0003,"MONTAGEM E DESMONTAGEM DE ANDAIME MODULAR FACHADEIRO, COM PISO METÁLICO, PARA EDIFÍCIOS COM MULTIPLOS PAVIMENTOS.",M2XMÊS,,,,,,,,,0,"16,21","2,31",0,0,"18,52",Composição elaborada com base na composição mão de obras C0083/SEINFRA  e insumos 97063/SINAPI
HEAD3,,Q,PINTURA,UFCA,Q0003,"MONTAGEM E DESMONTAGEM DE ANDAIME MODULAR FACHADEIRO, COM PISO METÁLICO, PARA EDIFÍCIOS COM MULTIPLOS PAVIMENTOS.",M2,MOBRA,SINAPI,88278,MONTADOR DE ESTRUTURA METÁLICA COM ENCARGOS COMPLEMENTARES,H,"0,5546","25,03","13,88",,,,,,,
HEAD3,,Q,PINTURA,UFCA,Q0003,"MONTAGEM E DESMONTAGEM DE ANDAIME MODULAR FACHADEIRO, COM PISO METÁLICO, PARA EDIFÍCIOS COM MULTIPLOS PAVIMENTOS.",M2,MOBRA,SINAPI,88316,SERVENTE COM ENCARGOS COMPLEMENTARES,H,"0,10584","22,10","2,33",,,,,,,
HEAD3,,Q,PINTURA,UFCA,Q0003,"MONTAGEM E DESMONTAGEM DE ANDAIME MODULAR FACHADEIRO, COM PISO METÁLICO, PARA EDIFÍCIOS COM MULTIPLOS PAVIMENTOS.",M2,INSUMO,SEINFRA,I0068,"ANDAIME METALICO DE FACHADA, INCLUSIVE TODOS OS ITENS NECESSÁRIOS À MONTAGEM (NÃO INCLUI INSTALAÇÃO) - LOCAÇÃO MENSAL",M2,1,"2,31","2,31",,,,,,,
HEAD2,,Q,PINTURA,UFCA,Q0026,"PINTURA DE FAIXA DE PEDESTRE OU ZEBRADA COM TINTA RETRORREFLETIVA A BASE DE RESINA ACRÍLICA COM MICROESFERAS DE VIDRO, E = 30 CM, APLICAÇÃO MECÂNICA COM DEMARCADORA A TRAÇÃO MANUAL. AF_05/2021",M2,,,,,,,,,0,"4,07","20,05","10,63",0,"34,75",Composição elaborada com base no item SINAPI 102511 do caderno técnico de composições para pintura para piso 10/2021
HEAD3,,Q,PINTURA,UFCA,Q0026,"PINTURA DE FAIXA DE PEDESTRE OU ZEBRADA COM TINTA RETRORREFLETIVA A BASE DE RESINA ACRÍLICA COM MICROESFERAS DE VIDRO, E = 30 CM, APLICAÇÃO MECÂNICA COM DEMARCADORA A TRAÇÃO MANUAL. AF_05/2021",M2,MOBRA,SINAPI,88310,PINTOR COM ENCARGOS COMPLEMENTARES,H,"0,103","30,37","3,12",,,,,,,
HEAD3,,Q,PINTURA,UFCA,Q0026,"PINTURA DE FAIXA DE PEDESTRE OU ZEBRADA COM TINTA RETRORREFLETIVA A BASE DE RESINA ACRÍLICA COM MICROESFERAS DE VIDRO, E = 30 CM, APLICAÇÃO MECÂNICA COM DEMARCADORA A TRAÇÃO MANUAL. AF_05/2021",M2,MOBRA,SINAPI,88316,SERVENTE COM ENCARGOS COMPLEMENTARES,H,"0,043","22,10","0,95",,,,,,,
HEAD3,,Q,PINTURA,UFCA,Q0026,"PINTURA DE FAIXA DE PEDESTRE OU ZEBRADA COM TINTA RETRORREFLETIVA A BASE DE RESINA ACRÍLICA COM MICROESFERAS DE VIDRO, E = 30 CM, APLICAÇÃO MECÂNICA COM DEMARCADORA A TRAÇÃO MANUAL. AF_05/2021",M2,INSUMO,SINAPI,5318,DILUENTE AGUARRAS                                                                                                                                                                                                                                                                                                                                                                                                                                                                                         ,L,"0,021","20,50","0,43",,,,,,,
HEAD3,,Q,PINTURA,UFCA,Q0026,"PINTURA DE FAIXA DE PEDESTRE OU ZEBRADA COM TINTA RETRORREFLETIVA A BASE DE RESINA ACRÍLICA COM MICROESFERAS DE VIDRO, E = 30 CM, APLICAÇÃO MECÂNICA COM DEMARCADORA A TRAÇÃO MANUAL. AF_05/2022",M2,INSUMO,SINAPI,7343,"TINTA ACRILICA A BASE DE SOLVENTE, PARA SINALIZACAO HORIZONTAL VIARIA (NBR 11862)                                                                                                                                                                                                                                                                                                                                                                                                                         ",L,"0,427","34,03","14,53",,,,,,,
HEAD3,,Q,PINTURA,UFCA,Q0026,"PINTURA DE FAIXA DE PEDESTRE OU ZEBRADA COM TINTA RETRORREFLETIVA A BASE DE RESINA ACRÍLICA COM MICROESFERAS DE VIDRO, E = 30 CM, APLICAÇÃO MECÂNICA COM DEMARCADORA A TRAÇÃO MANUAL. AF_05/2021",M2,INSUMO,SINAPI,44477,"MICROESFERAS DE VIDRO PARA SINALIZACAO HORIZONTAL VIARIA, TIPO II-A (DROP-ON) - NBR  16184                                                                                                                                                                                                                                                                                                                                                                                                                ",KG,"0,25","14,16","3,54",,,,,,,
HEAD3,,Q,PINTURA,UFCA,Q0026,"PINTURA DE FAIXA DE PEDESTRE OU ZEBRADA COM TINTA RETRORREFLETIVA A BASE DE RESINA ACRÍLICA COM MICROESFERAS DE VIDRO, E = 30 CM, APLICAÇÃO MECÂNICA COM DEMARCADORA A TRAÇÃO MANUAL. AF_05/2022",M2,INSUMO,SINAPI,44478,"MICROESFERAS DE VIDRO PARA SINALIZACAO HORIZONTAL VIARIA, TIPO I-B (PREMIX) - NBR  16184                                                                                                                                                                                                                                                                                                                                                                                                                  ",KG,"0,11","14,16","1,55",,,,,,,
HEAD3,,Q,PINTURA,UFCA,Q0026,"PINTURA DE FAIXA DE PEDESTRE OU ZEBRADA COM TINTA RETRORREFLETIVA A BASE DE RESINA ACRÍLICA COM MICROESFERAS DE VIDRO, E = 30 CM, APLICAÇÃO MECÂNICA COM DEMARCADORA A TRAÇÃO MANUAL. AF_05/2023",M2,EQUIP,SINAPI,96159,"MÁQUINA DEMARCADORA DE FAIXA DE TRÁFEGO À FRIO, AUTOPROPELIDA, POTÊNCIA 38 HP - CHI DIURNO. AF_07/2016",CHI,"0,0924","93,83","8,66",,,,,,,
HEAD3,,Q,PINTURA,UFCA,Q0026,"PINTURA DE FAIXA DE PEDESTRE OU ZEBRADA COM TINTA RETRORREFLETIVA A BASE DE RESINA ACRÍLICA COM MICROESFERAS DE VIDRO, E = 30 CM, APLICAÇÃO MECÂNICA COM DEMARCADORA A TRAÇÃO MANUAL. AF_05/2024",M2,EQUIP,SINAPI,95133,"MÁQUINA DEMARCADORA DE FAIXA DE TRÁFEGO À FRIO, AUTOPROPELIDA, POTÊNCIA 38 HP - CHP DIURNO. AF_07/2016",CHP,"0,0107","184,32","1,97",,,,,,,
HEAD2,,Q,PINTURA,UFCA,Q0027,"PINTURA DE DEMARCAÇÃO DE VAGA COM TINTA ACRÍLICA, E = 10 CM, APLICAÇÃO MECÂNICA COM DEMARCADORA A TRAÇÃO MANUAL. AF_05/2021",M,,,,,,,,,0,"2,26","0,88","5,39",0,"8,53",Composição elaborada com base no item SINAPI 102502 do caderno técnico de composições para pintura para piso 06/2023
HEAD3,,Q,PINTURA,UFCA,Q0027,"PINTURA DE DEMARCAÇÃO DE VAGA COM TINTA ACRÍLICA, E = 10 CM, APLICAÇÃO MECÂNICA COM DEMARCADORA A TRAÇÃO MANUAL. AF_05/2021",M,MOBRA,SINAPI,88310,PINTOR COM ENCARGOS COMPLEMENTARES,H,"0,057","30,37","1,73",,,,,,,
HEAD3,,Q,PINTURA,UFCA,Q0027,"PINTURA DE DEMARCAÇÃO DE VAGA COM TINTA ACRÍLICA, E = 10 CM, APLICAÇÃO MECÂNICA COM DEMARCADORA A TRAÇÃO MANUAL. AF_05/2021",M,MOBRA,SINAPI,88316,SERVENTE COM ENCARGOS COMPLEMENTARES,H,"0,024","22,10","0,53",,,,,,,
HEAD3,,Q,PINTURA,UFCA,Q0027,"PINTURA DE DEMARCAÇÃO DE VAGA COM TINTA ACRÍLICA, E = 10 CM, APLICAÇÃO MECÂNICA COM DEMARCADORA A TRAÇÃO MANUAL. AF_05/2021",M,INSUMO,SINAPI,7348,TINTA ACRILICA PREMIUM PARA PISO                                                                                                                                                                                                                                                                                                                                                                                                                                                                          ,L,"0,043","20,65","0,88",,,,,,,
HEAD3,,Q,PINTURA,UFCA,Q0027,"PINTURA DE DEMARCAÇÃO DE VAGA COM TINTA ACRÍLICA, E = 10 CM, APLICAÇÃO MECÂNICA COM DEMARCADORA A TRAÇÃO MANUAL. AF_05/2021",M,EQUIP,SINAPI,96159,"MÁQUINA DEMARCADORA DE FAIXA DE TRÁFEGO À FRIO, AUTOPROPELIDA, POTÊNCIA 38 HP - CHI DIURNO. AF_07/2016",CHI,"0,0562","93,83","5,27",,,,,,,
HEAD3,,Q,PINTURA,UFCA,Q0027,"PINTURA DE DEMARCAÇÃO DE VAGA COM TINTA ACRÍLICA, E = 10 CM, APLICAÇÃO MECÂNICA COM DEMARCADORA A TRAÇÃO MANUAL. AF_05/2021",M,EQUIP,SINAPI,95133,"MÁQUINA DEMARCADORA DE FAIXA DE TRÁFEGO À FRIO, AUTOPROPELIDA, POTÊNCIA 38 HP - CHP DIURNO. AF_07/2016",CHP,"0,0007","184,32","0,12",,,,,,,
HEAD2,,Q,PINTURA,UFCA,Q0028,"PINTURA DE SÍMBOLO ""DEFICIENTE FÍSICO"" COM TINTA ACRÍLICA, UTILIZAÇÃO DE MOLDE PLÁSTICO E APLICAÇÃO MECÂNICA, 120X120 CM. AF_05/2021",UN,,,,,,,,,0,"37,99","22,9",0,0,"60,89",Composição elaborada com base no item SINAPI 102513 do caderno técnico de composições para pintura para piso 106/2023. 
HEAD3,,Q,PINTURA,UFCA,Q0028,"PINTURA DE SÍMBOLO ""DEFICIENTE FÍSICO"" COM TINTA ACRÍLICA, UTILIZAÇÃO DE MOLDE PLÁSTICO E APLICAÇÃO MECÂNICA, 120X120 CM. AF_05/2021",UN,MOBRA,SINAPI,88310,PINTOR COM ENCARGOS COMPLEMENTARES,H,"0,96","30,37","29,15",,,,,,,
HEAD3,,Q,PINTURA,UFCA,Q0028,"PINTURA DE SÍMBOLO ""DEFICIENTE FÍSICO"" COM TINTA ACRÍLICA, UTILIZAÇÃO DE MOLDE PLÁSTICO E APLICAÇÃO MECÂNICA, 120X120 CM. AF_05/2021",UN,MOBRA,SINAPI,88316,SERVENTE COM ENCARGOS COMPLEMENTARES,H,"0,4","22,10","8,84",,,,,,,
HEAD3,,Q,PINTURA,UFCA,Q0028,"PINTURA DE SÍMBOLO ""DEFICIENTE FÍSICO"" COM TINTA ACRÍLICA, UTILIZAÇÃO DE MOLDE PLÁSTICO E APLICAÇÃO MECÂNICA, 120X120 CM. AF_05/2021",UN,INSUMO,SINAPI,7348,TINTA ACRILICA PREMIUM PARA PISO                                                                                                                                                                                                                                                                                                                                                                                                                                                                          ,L,"0,107","20,65","2,20",,,,,,,
HEAD3,,Q,PINTURA,UFCA,Q0028,"PINTURA DE SÍMBOLO ""DEFICIENTE FÍSICO"" COM TINTA ACRÍLICA, UTILIZAÇÃO DE MOLDE PLÁSTICO E APLICAÇÃO MECÂNICA, 120X120 CM. AF_05/2021",UN,INSUMO,PP,PP4,"GABARITO DE PICTOGRAMA DE ACESSBILIDADE PARA PINTURA EM PISO, EM CHAPA DE POLIESTIRENO (PS), E = 1 MM, *120 X 120*",UN,"0,1","207,09","20,70",,,,,,,
HEAD2,,Q,PINTURA,UFCA,Q0029,"PINTURA DE EIXO VIÁRIO COM TINTA RETRORREFLETIVA A BASE DE RESINA ACRÍLICA COM MICROESFERAS DE VIDRO, APLICAÇÃO MECÂNICA COM DEMARCADORA A TRAÇÃO MANUAL. AF_05/2021",M,,,,,,,,,0,"1,61",2,"3,94",0,"7,55",Composição elaborada com base no item SINAPI 102510 do caderno técnico de composições para pintura para piso 10/2021
HEAD3,,Q,PINTURA,UFCA,Q0029,"PINTURA DE EIXO VIÁRIO COM TINTA RETRORREFLETIVA A BASE DE RESINA ACRÍLICA COM MICROESFERAS DE VIDRO, APLICAÇÃO MECÂNICA COM DEMARCADORA A TRAÇÃO MANUAL. AF_05/2021",M,MOBRA,SINAPI,88310,PINTOR COM ENCARGOS COMPLEMENTARES,H,"0,041","30,37","1,24",,,,,,,
HEAD3,,Q,PINTURA,UFCA,Q0029,"PINTURA DE EIXO VIÁRIO COM TINTA RETRORREFLETIVA A BASE DE RESINA ACRÍLICA COM MICROESFERAS DE VIDRO, APLICAÇÃO MECÂNICA COM DEMARCADORA A TRAÇÃO MANUAL. AF_05/2021",M,MOBRA,SINAPI,88316,SERVENTE COM ENCARGOS COMPLEMENTARES,H,"0,017","22,10","0,37",,,,,,,
HEAD3,,Q,PINTURA,UFCA,Q0029,"PINTURA DE EIXO VIÁRIO COM TINTA RETRORREFLETIVA A BASE DE RESINA ACRÍLICA COM MICROESFERAS DE VIDRO, APLICAÇÃO MECÂNICA COM DEMARCADORA A TRAÇÃO MANUAL. AF_05/2021",M,INSUMO,SINAPI,5318,DILUENTE AGUARRAS                                                                                                                                                                                                                                                                                                                                                                                                                                                                                         ,L,"0,002","20,50","0,04",,,,,,,
HEAD3,,Q,PINTURA,UFCA,Q0029,"PINTURA DE EIXO VIÁRIO COM TINTA RETRORREFLETIVA A BASE DE RESINA ACRÍLICA COM MICROESFERAS DE VIDRO, APLICAÇÃO MECÂNICA COM DEMARCADORA A TRAÇÃO MANUAL. AF_05/2021",M,INSUMO,SINAPI,7343,"TINTA ACRILICA A BASE DE SOLVENTE, PARA SINALIZACAO HORIZONTAL VIARIA (NBR 11862)                                                                                                                                                                                                                                                                                                                                                                                                                         ",L,"0,043","34,03","1,46",,,,,,,
HEAD3,,Q,PINTURA,UFCA,Q0029,"PINTURA DE EIXO VIÁRIO COM TINTA RETRORREFLETIVA A BASE DE RESINA ACRÍLICA COM MICROESFERAS DE VIDRO, APLICAÇÃO MECÂNICA COM DEMARCADORA A TRAÇÃO MANUAL. AF_05/2021",M,INSUMO,SINAPI,44477,"MICROESFERAS DE VIDRO PARA SINALIZACAO HORIZONTAL VIARIA, TIPO II-A (DROP-ON) - NBR  16184                                                                                                                                                                                                                                                                                                                                                                                                                ",KG,"0,025","14,16","0,35",,,,,,,
HEAD3,,Q,PINTURA,UFCA,Q0029,"PINTURA DE EIXO VIÁRIO COM TINTA RETRORREFLETIVA A BASE DE RESINA ACRÍLICA COM MICROESFERAS DE VIDRO, APLICAÇÃO MECÂNICA COM DEMARCADORA A TRAÇÃO MANUAL. AF_05/2021",M,INSUMO,SINAPI,44478,"MICROESFERAS DE VIDRO PARA SINALIZACAO HORIZONTAL VIARIA, TIPO I-B (PREMIX) - NBR  16184                                                                                                                                                                                                                                                                                                                                                                                                                  ",KG,"0,011","14,16","0,15",,,,,,,
HEAD3,,Q,PINTURA,UFCA,Q0029,"PINTURA DE EIXO VIÁRIO COM TINTA RETRORREFLETIVA A BASE DE RESINA ACRÍLICA COM MICROESFERAS DE VIDRO, APLICAÇÃO MECÂNICA COM DEMARCADORA A TRAÇÃO MANUAL. AF_05/2021",M,EQUIP,SINAPI,96159,"MÁQUINA DEMARCADORA DE FAIXA DE TRÁFEGO À FRIO, AUTOPROPELIDA, POTÊNCIA 38 HP - CHI DIURNO. AF_07/2016",CHI,"0,0408","93,83","3,82",,,,,,,
HEAD3,,Q,PINTURA,UFCA,Q0029,"PINTURA DE EIXO VIÁRIO COM TINTA RETRORREFLETIVA A BASE DE RESINA ACRÍLICA COM MICROESFERAS DE VIDRO, APLICAÇÃO MECÂNICA COM DEMARCADORA A TRAÇÃO MANUAL. AF_05/2021",M,EQUIP,SINAPI,95133,"MÁQUINA DEMARCADORA DE FAIXA DE TRÁFEGO À FRIO, AUTOPROPELIDA, POTÊNCIA 38 HP - CHP DIURNO. AF_07/2016",CHP,"0,0007","184,32","0,12",,,,,,,
HEAD2,,Q,PINTURA,UFCA,Q0030,"PINTURA DE PROTEÇÃO SOBRE MADEIRA, COM 2 DEMÃOS, VERNIZ POLISTEN - STAIN, AÇÃO FUNGICIDA E INSETICIDA, COR TRANSPARENTE, SAYERLACK OU SIMILAR",M2,,,,,,,,,0,"16,56","6,14",0,0,"22,7",Elaborado com base na composição  07988/ORSE. Mão de obra SINAPI
HEAD3,,Q,PINTURA,UFCA,Q0030,"PINTURA DE PROTEÇÃO SOBRE MADEIRA, COM 2 DEMÃOS, VERNIZ POLISTEN - STAIN, AÇÃO FUNGICIDA E INSETICIDA, COR TRANSPARENTE, SAYERLACK OU SIMILAR",M2,MOBRA,SINAPI,88310,PINTOR COM ENCARGOS COMPLEMENTARES,H,"0,4","30,37","12,14",,,,,,,
HEAD3,,Q,PINTURA,UFCA,Q0030,"PINTURA DE PROTEÇÃO SOBRE MADEIRA, COM 2 DEMÃOS, VERNIZ POLISTEN - STAIN, AÇÃO FUNGICIDA E INSETICIDA, COR TRANSPARENTE, SAYERLACK OU SIMILAR",M2,MOBRA,SINAPI,88316,SERVENTE COM ENCARGOS COMPLEMENTARES,H,"0,2","22,10","4,42",,,,,,,
HEAD3,,Q,PINTURA,UFCA,Q0030,"PINTURA DE PROTEÇÃO SOBRE MADEIRA, COM 2 DEMÃOS, VERNIZ POLISTEN - STAIN, AÇÃO FUNGICIDA E INSETICIDA, COR TRANSPARENTE, SAYERLACK OU SIMILAR",M2,INSUMO,SINAPI,3767,"LIXA EM FOLHA PARA PAREDE OU MADEIRA, NUMERO 120, COR VERMELHA                                                                                                                                                                                                                                                                                                                                                                                                                                            ",UN,"0,5","0,71","0,35",,,,,,,
HEAD3,,Q,PINTURA,UFCA,Q0030,"PINTURA DE PROTEÇÃO SOBRE MADEIRA, COM 2 DEMÃOS, VERNIZ POLISTEN - STAIN, AÇÃO FUNGICIDA E INSETICIDA, COR TRANSPARENTE, SAYERLACK OU SIMILAR",M2,INSUMO,ORSE,7942,"Verniz Polisten-Stain p/proteção de superfícies de madeira, ação fungicida e  inseticida, cor transparente, Sayerlack ou similar",l,"0,12","48,25","5,79",,,,,,,valor Junho/2024-1
HEAD1,,R,SERVIÇOS COMPLEMENTARES,,,,,,,,,,,,,,,,,,,
HEAD2,,R,SERVIÇOS COMPLEMENTARES,UFCA,R0001,"PRATELEIRA/TAMPO EM GRANITO CINZA OCRE, ESP= 2CM",M2,,,,,,,,,0,"63,97","535,47",0,0,"599,44",Referência: insumo de granito da composição 09721/ORSE (Prateleira em granito cinza andorinha esp= 2cm) e mão de obra e massa plástica da composição 86889 do SINAPI
HEAD3,,R,SERVIÇOS COMPLEMENTARES,UFCA,R0001,"PRATELEIRA/TAMPO EM GRANITO CINZA OCRE, ESP= 2CM",M2,MOBRA,SINAPI,88274,MARMORISTA/GRANITEIRO COM ENCARGOS COMPLEMENTARES,H,"1,4944","28,27","42,24",,,,,,,
HEAD3,,R,SERVIÇOS COMPLEMENTARES,UFCA,R0001,"PRATELEIRA/TAMPO EM GRANITO CINZA OCRE, ESP= 2CM",M2,MOBRA,SINAPI,88316,SERVENTE COM ENCARGOS COMPLEMENTARES,H,"0,9834","22,10","21,73",,,,,,,
HEAD3,,R,SERVIÇOS COMPLEMENTARES,UFCA,R0001,"PRATELEIRA/TAMPO EM GRANITO CINZA OCRE, ESP= 2CM",M2,INSUMO,SINAPI,4823,MASSA PLASTICA PARA MARMORE/GRANITO                                                                                                                                                                                                                                                                                                                                                                                                                                                                       ,KG,"0,5228","48,53","25,37",,,,,,,
HEAD3,,R,SERVIÇOS COMPLEMENTARES,UFCA,R0001,"PRATELEIRA/TAMPO EM GRANITO CINZA OCRE, ESP= 2CM",M2,INSUMO,ORSE,10090,Prateleira em granito cinza andorinha esp= 2cm,m2,"1,0000","510,1","510,10",,,,,,,valor Junho/2024-1
HEAD2,,R,SERVIÇOS COMPLEMENTARES,UFCA,R0002,PRATELEIRA OU BANCADA EM MDF 25 MM COM DUAS FACES LAMINADAS BRANCAS E FITADO COM FITA DE BORDA DE ABS OU PVC,M2,,,,,,,,,0,"49,89","123,68",0,0,"173,57","Referência: 01776/ORSE (Prateleira em compensado, revestida com fórmica) para mão de obra. Perda de MDF calculada com base na perda de cortes de pranchas de 45 cm de largura para o projeto requerido. Necessário calcular o coeficiente de perda para cada projeto por prancha de MDF. Nesse, a perda é de 44%. Rendimento da cola de 400g/m2."
HEAD3,,R,SERVIÇOS COMPLEMENTARES,UFCA,R0002,PRATELEIRA OU BANCADA EM MDF 25 MM COM DUAS FACES LAMINADAS E FITADO COM FITA DE BORDA DE PVC 2 MM,M2,MOBRA,SINAPI,88273,MARCENEIRO COM ENCARGOS COMPLEMENTARES,H,"1,0000","27,79","27,79",,,,,,,
HEAD3,,R,SERVIÇOS COMPLEMENTARES,UFCA,R0002,PRATELEIRA OU BANCADA EM MDF 25 MM COM DUAS FACES LAMINADAS E FITADO COM FITA DE BORDA DE PVC 2 MM,M2,MOBRA,SINAPI,88316,SERVENTE COM ENCARGOS COMPLEMENTARES,H,"1,0000","22,10","22,10",,,,,,,
HEAD3,,R,SERVIÇOS COMPLEMENTARES,UFCA,R0002,PRATELEIRA OU BANCADA EM MDF 25 MM COM DUAS FACES LAMINADAS E FITADO COM FITA DE BORDA DE PVC 2 MM,M2,INSUMO,SINAPI,34666,"CHAPA DE MDF BRANCO LISO 2 FACES, E = 25 MM, DE *2,75 X 1,85* M                                                                                                                                                                                                                                                                                                                                                                                                                                           ",M2,"1,2000","98,26","117,91",,,,,,,
HEAD3,,R,SERVIÇOS COMPLEMENTARES,UFCA,R0002,PRATELEIRA OU BANCADA EM MDF 25 MM COM DUAS FACES LAMINADAS E FITADO COM FITA DE BORDA DE PVC 2 MM,M2,INSUMO,SINAPI,39719,"ADESIVO / COLA DE CONTATO LIQUIDO, A BASE DE RESINAS, PARA COLAGEM DE ESPUMA PARA ISOLAMENTO TERMICO FLEXIVEL                                                                                                                                                                                                                                                                                                                                                                                             ",L,"0,0100","152,52","1,52",,,,,,,
HEAD3,,R,SERVIÇOS COMPLEMENTARES,UFCA,R0002,PRATELEIRA OU BANCADA EM MDF 25 MM COM DUAS FACES LAMINADAS E FITADO COM FITA DE BORDA DE PVC 2 MM,M2,INSUMO,ORSE,3649,"Fita acabamento bordo, em PVC, cor branca, e=19mm",m,"5,0000","0,85","4,25",,,,,,,
HEAD2,,R,SERVIÇOS COMPLEMENTARES,UFCA,R0003,"CANTONEIRA DE AÇO DE ABAS IGUAIS DE 1.1/2"" E ESPESSURA DE 1/8"" PARA FIXAÇÃO EM PAREDE",M,,,,,,,,,0,"12,74","14,67",0,"1,18","28,59","Referência: 12020/ORSE (Cantoneira de aço ""L"" abas iguais - 1 1/4"" x 1 1/4"" x 1/4"" (2,46 kg/m) - fixada em alvenaria), cantoneira dimensionada para abas de 1.1/2"" e espessura de 1/8"" (1,83kg/m)"
HEAD3,,R,SERVIÇOS COMPLEMENTARES,UFCA,R0003,"CANTONEIRA DE AÇO DE ABAS IGUAIS DE 1.1/2"" E ESPESSURA DE 1/8"" PARA FIXAÇÃO EM PAREDE",M,MOBRA,SINAPI,88309,PEDREIRO COM ENCARGOS COMPLEMENTARES,H,"0,2500","28,88","7,22",,,,,,,
HEAD3,,R,SERVIÇOS COMPLEMENTARES,UFCA,R0003,"CANTONEIRA DE AÇO DE ABAS IGUAIS DE 1.1/2"" E ESPESSURA DE 1/8"" PARA FIXAÇÃO EM PAREDE",M,MOBRA,SINAPI,88316,SERVENTE COM ENCARGOS COMPLEMENTARES,H,"0,2500","22,10","5,52",,,,,,,
HEAD3,,R,SERVIÇOS COMPLEMENTARES,UFCA,R0003,"CANTONEIRA DE AÇO DE ABAS IGUAIS DE 1.1/2"" E ESPESSURA DE 1/8"" PARA FIXAÇÃO EM PAREDE",M,SERV,SINAPI,88628,"ARGAMASSA TRAÇO 1:3 (EM VOLUME DE CIMENTO E AREIA MÉDIA ÚMIDA), PREPARO MECÂNICO COM BETONEIRA 400 L. AF_08/2019",M3,"0,0020","590,88","1,18",,,,,,,
HEAD3,,R,SERVIÇOS COMPLEMENTARES,UFCA,R0003,"CANTONEIRA DE AÇO DE ABAS IGUAIS DE 1.1/2"" E ESPESSURA DE 1/8"" PARA FIXAÇÃO EM PAREDE",M,INSUMO,SINAPI,4777,"CANTONEIRA ACO ABAS IGUAIS (QUALQUER BITOLA), ESPESSURA ENTRE 1/8"" E 1/4""                                                                                                                                                                                                                                                                                                                                                                                                                                 ",KG,"1,8300","8,02","14,67",,,,,,,
HEAD2,,R,SERVIÇOS COMPLEMENTARES,UFCA,R0004,"BANCADA EM AÇO INOX AISI 304 COM ACABAMENTO LISO POLIDO, ENCHIMENTO CONCRETO FCK 15 MPA ARMADO, ESPESSURA 3 CM",M2,,,,,,,,,0,"169,92","868,36",0,"61,86","1100,14","Referência: 08365/ORSE (BANCADA DE AÇO INOX) para coeficiente de mão de obra, argamassa, concreto e armadura dividido por 0,6 que é a área do objeto de referência. Insumo do SINAPI."
HEAD3,,R,SERVIÇOS COMPLEMENTARES,UFCA,R0004,"BANCADA EM AÇO INOX AISI 304 COM ACABAMENTO LISO POLIDO, ENCHIMENTO CONCRETO FCK 15 MPA ARMADO, ESPESSURA 3 CM",M2,MOBRA,SINAPI,88309,PEDREIRO COM ENCARGOS COMPLEMENTARES,H,"3,3333","28,88","96,26",,,,,,,
HEAD3,,R,SERVIÇOS COMPLEMENTARES,UFCA,R0004,"BANCADA EM AÇO INOX AISI 304 COM ACABAMENTO LISO POLIDO, ENCHIMENTO CONCRETO FCK 15 MPA ARMADO, ESPESSURA 3 CM",M2,MOBRA,SINAPI,88316,SERVENTE COM ENCARGOS COMPLEMENTARES,H,"3,3333","22,10","73,66",,,,,,,
HEAD3,,R,SERVIÇOS COMPLEMENTARES,UFCA,R0004,"BANCADA EM AÇO INOX AISI 304 COM ACABAMENTO LISO POLIDO, ENCHIMENTO CONCRETO FCK 15 MPA ARMADO, ESPESSURA 3 CM",M2,SERV,SINAPI,88628,"ARGAMASSA TRAÇO 1:3 (EM VOLUME DE CIMENTO E AREIA MÉDIA ÚMIDA), PREPARO MECÂNICO COM BETONEIRA 400 L. AF_08/2019",M3,"0,0075","590,88","4,43",,,,,,,
HEAD3,,R,SERVIÇOS COMPLEMENTARES,UFCA,R0004,"BANCADA EM AÇO INOX AISI 304 COM ACABAMENTO LISO POLIDO, ENCHIMENTO CONCRETO FCK 15 MPA ARMADO, ESPESSURA 3 CM",M2,SERV,SINAPI,102474,"CONCRETO FCK = 15MPA, TRAÇO 1:3,4:3,4 (EM MASSA SECA DE CIMENTO/ AREIA MÉDIA/ SEIXO ROLADO) - PREPARO MECÂNICO COM BETONEIRA 400 L. AF_05/2021",M3,"0,0300","630,30","18,90",,,,,,,
HEAD3,,R,SERVIÇOS COMPLEMENTARES,UFCA,R0004,"BANCADA EM AÇO INOX AISI 304 COM ACABAMENTO LISO POLIDO, ENCHIMENTO CONCRETO FCK 15 MPA ARMADO, ESPESSURA 3 CM",M2,SERV,SINAPI,92915,"ARMAÇÃO DE ESTRUTURAS DIVERSAS DE CONCRETO ARMADO, EXCETO VIGAS, PILARES, LAJES E FUNDAÇÕES, UTILIZANDO AÇO CA-60 DE 5,0 MM - MONTAGEM. AF_06/2022",KG,"2,1000","18,35","38,53",,,,,,,
HEAD3,,R,SERVIÇOS COMPLEMENTARES,UFCA,R0004,"BANCADA EM AÇO INOX AISI 304 COM ACABAMENTO LISO POLIDO, ENCHIMENTO CONCRETO FCK 15 MPA ARMADO, ESPESSURA 3 CM",M2,INSUMO,SINAPI,12759,"CHAPA ACO INOX AISI 304 NUMERO 9 (E = 4 MM), ACABAMENTO NUMERO 1 (LAMINADO A QUENTE, FOSCO)                                                                                                                                                                                                                                                                                                                                                                                                               ",M2,"1,0000","868,36","868,36",,,,,,,
HEAD2,,R,SERVIÇOS COMPLEMENTARES,UFCA,R0005,"BANCADA EM CONCRETO FCK 15 MPA ARMADO, ESPESSURA 3 CM",M2,,,,,,,,,0,"169,92",0,0,"61,86","231,78","Referência: 08365/ORSE (BANCADA DE AÇO INOX) para coeficiente de mão de obra, argamassa, concreto e armadura dividido por 0,6 que é a área do objeto de referência. Insumo do SINAPI."
HEAD3,,R,SERVIÇOS COMPLEMENTARES,UFCA,R0005,"BANCADA EM CONCRETO FCK 15 MPA ARMADO, ESPESSURA 3 CM",M2,MOBRA,SINAPI,88309,PEDREIRO COM ENCARGOS COMPLEMENTARES,H,"3,3333","28,88","96,26",,,,,,,
HEAD3,,R,SERVIÇOS COMPLEMENTARES,UFCA,R0005,"BANCADA EM CONCRETO FCK 15 MPA ARMADO, ESPESSURA 3 CM",M2,MOBRA,SINAPI,88316,SERVENTE COM ENCARGOS COMPLEMENTARES,H,"3,3333","22,10","73,66",,,,,,,
HEAD3,,R,SERVIÇOS COMPLEMENTARES,UFCA,R0005,"BANCADA EM CONCRETO FCK 15 MPA ARMADO, ESPESSURA 3 CM",M2,SERV,SINAPI,88628,"ARGAMASSA TRAÇO 1:3 (EM VOLUME DE CIMENTO E AREIA MÉDIA ÚMIDA), PREPARO MECÂNICO COM BETONEIRA 400 L. AF_08/2019",M3,"0,0075","590,88","4,43",,,,,,,
HEAD3,,R,SERVIÇOS COMPLEMENTARES,UFCA,R0005,"BANCADA EM CONCRETO FCK 15 MPA ARMADO, ESPESSURA 3 CM",M2,SERV,SINAPI,102474,"CONCRETO FCK = 15MPA, TRAÇO 1:3,4:3,4 (EM MASSA SECA DE CIMENTO/ AREIA MÉDIA/ SEIXO ROLADO) - PREPARO MECÂNICO COM BETONEIRA 400 L. AF_05/2021",M3,"0,0300","630,30","18,90",,,,,,,
HEAD3,,R,SERVIÇOS COMPLEMENTARES,UFCA,R0005,"BANCADA EM CONCRETO FCK 15 MPA ARMADO, ESPESSURA 3 CM",M2,SERV,SINAPI,92915,"ARMAÇÃO DE ESTRUTURAS DIVERSAS DE CONCRETO ARMADO, EXCETO VIGAS, PILARES, LAJES E FUNDAÇÕES, UTILIZANDO AÇO CA-60 DE 5,0 MM - MONTAGEM. AF_06/2022",KG,"2,1000","18,35","38,53",,,,,,,
HEAD2,,R,SERVIÇOS COMPLEMENTARES,UFCA,R0006,FILETE DE 4 CM EM GRANITO CINZA OCRE,M,,,,,,,,,0,"8,66","61,89",0,0,"70,55","Referência: 07785/ORSE (Filete de granito cinza andorinha l=4cm, e=2cm, com acabamento aboleado). Coeficiente de Massa plástica do item 86894 do SINAPI (BANCADA DE MÁRMORE SINTÉTICO, DE 120 X 60CM)"
HEAD3,,R,SERVIÇOS COMPLEMENTARES,UFCA,R0006,FILETE DE 4 CM EM GRANITO CINZA OCRE,M,MOBRA,SINAPI,88309,PEDREIRO COM ENCARGOS COMPLEMENTARES,H,"0,3000","28,88","8,66",,,,,,,
HEAD3,,R,SERVIÇOS COMPLEMENTARES,UFCA,R0006,FILETE DE 4 CM EM GRANITO CINZA OCRE,M,INSUMO,SINAPI,4823,MASSA PLASTICA PARA MARMORE/GRANITO                                                                                                                                                                                                                                                                                                                                                                                                                                                                       ,KG,"0,0692","48,53","3,35",,,,,,,
HEAD3,,R,SERVIÇOS COMPLEMENTARES,UFCA,R0006,FILETE DE 4 CM EM GRANITO CINZA OCRE,M,INSUMO,ORSE,7480,"Filete em granito cinza andorinha, l=4 cm, e= 2 cm, com acabamento aboleado",m,"1,0300","56,84","58,54",,,,,,,
HEAD2,,R,SERVIÇOS COMPLEMENTARES,UFCA,R0007,PLACA DE REGULAMENTAÇÃO/ADVERTÊNCIA REFLETIVA EM ACO GALVANIZADO - FORNECIMENTO E FIXAÇÃO EM POSTES,M2,,,,,,,,,0,4,"1044,69",0,0,"1048,69","Composição elaborada com base na composição 10209/ORSE Abraçadeira metálica tipo ""U"" de 3/4"" (26mm) com fixações, p/tubo galvanizado . Custos do SINAPI. 

Coeficiente de rendimento calculado para uma placa padrão de 40 x 40 cm.

Chapa de aço para abraçadeira calculada para distância de 30 cm entre parafusos."
HEAD3,,R,SERVIÇOS COMPLEMENTARES,UFCA,R0007,PLACA DE REGULAMENTAÇÃO/ADVERTÊNCIA REFLETIVA EM ACO GALVANIZADO - FORNECIMENTO E FIXAÇÃO EM POSTES,M2,MOBRA,SINAPI,88267,ENCANADOR OU BOMBEIRO HIDRÁULICO COM ENCARGOS COMPLEMENTARES,H,"0,0800","28,12","2,24",,,,,,,
HEAD3,,R,SERVIÇOS COMPLEMENTARES,UFCA,R0007,PLACA DE REGULAMENTAÇÃO/ADVERTÊNCIA REFLETIVA EM ACO GALVANIZADO - FORNECIMENTO E FIXAÇÃO EM POSTES,M2,MOBRA,SINAPI,88316,SERVENTE COM ENCARGOS COMPLEMENTARES,H,"0,0800","22,10","1,76",,,,,,,
HEAD3,,R,SERVIÇOS COMPLEMENTARES,UFCA,R0007,PLACA DE REGULAMENTAÇÃO/ADVERTÊNCIA REFLETIVA EM ACO GALVANIZADO - FORNECIMENTO E FIXAÇÃO EM POSTES,M2,INSUMO,SINAPI,11953,"PARAFUSO FRANCES ZINCADO, DIAMETRO 1/2"", COMPRIMENTO 2"", COM PORCA E ARRUELA                                                                                                                                                                                                                                                                                                                                                                                                                              ",UN,"25,0000","3,82","95,50",,,,,,,
HEAD3,,R,SERVIÇOS COMPLEMENTARES,UFCA,R0007,PLACA DE REGULAMENTAÇÃO/ADVERTÊNCIA REFLETIVA EM ACO GALVANIZADO - FORNECIMENTO E FIXAÇÃO EM POSTES,M2,INSUMO,SINAPI,1321,"CHAPA DE ACO FINA A QUENTE BITOLA MSG 13, E = 2,25 MM (18,00 KG/M2)                                                                                                                                                                                                                                                                                                                                                                                                                                       ",KG,"0,2448","9,11","2,23",,,,,,,
HEAD3,,R,SERVIÇOS COMPLEMENTARES,UFCA,R0007,PLACA DE REGULAMENTAÇÃO/ADVERTÊNCIA REFLETIVA EM ACO GALVANIZADO - FORNECIMENTO E FIXAÇÃO EM POSTES,M2,INSUMO,SINAPI,34723,PLACA DE SINALIZACAO EM CHAPA DE ACO NUM 16 COM PINTURA REFLETIVA                                                                                                                                                                                                                                                                                                                                                                                                                                         ,M2,"1,0000","924,00","924,00",,,,,,,
HEAD3,,R,SERVIÇOS COMPLEMENTARES,UFCA,R0007,PLACA DE REGULAMENTAÇÃO/ADVERTÊNCIA REFLETIVA EM ACO GALVANIZADO - FORNECIMENTO E FIXAÇÃO EM POSTES,M2,INSUMO,ORSE,3156,"Fecho para fita 3/4 e 1/2"", Fusimec ou similar",Un,"6,2500","1,25","7,81",,,,,,,
HEAD3,,R,SERVIÇOS COMPLEMENTARES,UFCA,R0007,PLACA DE REGULAMENTAÇÃO/ADVERTÊNCIA REFLETIVA EM ACO GALVANIZADO - FORNECIMENTO E FIXAÇÃO EM POSTES,M2,INSUMO,SINAPI,406,"FITA ACO INOX PARA CINTAR POSTE, L = 19 MM, E = 0,5 MM (ROLO DE 30M)                                                                                                                                                                                                                                                                                                                                                                                                                                      ",UN,"0,1963","77,21","15,15",,,,,,,
HEAD2,,R,SERVIÇOS COMPLEMENTARES,UFCA,R0008,"POSTE EM TUBO DE AÇO GALVANIZADO DN 65 MM (2 1/2""), E=3,35 MM, ALTURA ÚTIL=2,50 M, ALTURA TOTAL=3,20 M COM ALETAS ANTIGIRO E= 4,75 MM",UN,,,,,,,,,0,"96,83","334,56",0,"0,44","431,83","Composição elaborada com base na composição 00799/ORSE (Poste em tubo de aço galvanizado, pesado, d=2"" (50mm), altura útil=2,50m, altura total=3,20m). Custos do SINAPI
Escavação e chumbamento no volume de 70 cm x 30 cm (Profundidade x Diâmetro).
Aletas de chapas de aço e=4,75 MM de 15 x 15 CM soldadas a 20 CM da base, para efeito antigiro.
Solda e corte de chapa com base nos itens SINAPI 92339 e 97446."
HEAD3,,R,SERVIÇOS COMPLEMENTARES,UFCA,R0008,"POSTE EM TUBO DE AÇO GALVANIZADO DN 65 MM (2 1/2""), E=3,35 MM, ALTURA ÚTIL=2,50 M, ALTURA TOTAL=3,20 M COM ALETAS ANTIGIRO E= 4,75 MM",UN,MOBRA,SINAPI,88309,PEDREIRO COM ENCARGOS COMPLEMENTARES,H,"1,5000","28,88","43,32",,,,,,,
HEAD3,,R,SERVIÇOS COMPLEMENTARES,UFCA,R0008,"POSTE EM TUBO DE AÇO GALVANIZADO DN 65 MM (2 1/2""), E=3,35 MM, ALTURA ÚTIL=2,50 M, ALTURA TOTAL=3,20 M COM ALETAS ANTIGIRO E= 4,75 MM",UN,MOBRA,SINAPI,88316,SERVENTE COM ENCARGOS COMPLEMENTARES,H,"1,5000","22,10","33,15",,,,,,,
HEAD3,,R,SERVIÇOS COMPLEMENTARES,UFCA,R0008,"POSTE EM TUBO DE AÇO GALVANIZADO DN 65 MM (2 1/2""), E=3,35 MM, ALTURA ÚTIL=2,50 M, ALTURA TOTAL=3,20 M COM ALETAS ANTIGIRO E= 4,75 MM",UN,MOBRA,SINAPI,88315,SERRALHEIRO COM ENCARGOS COMPLEMENTARES,H,"0,4190","28,66","12,00",,,,,,,
HEAD3,,R,SERVIÇOS COMPLEMENTARES,UFCA,R0008,"POSTE EM TUBO DE AÇO GALVANIZADO DN 65 MM (2 1/2""), E=3,35 MM, ALTURA ÚTIL=2,50 M, ALTURA TOTAL=3,20 M COM ALETAS ANTIGIRO E= 4,75 MM",UN,MOBRA,SINAPI,88317,SOLDADOR COM ENCARGOS COMPLEMENTARES,H,"0,2825","29,62","8,36",,,,,,,
HEAD3,,R,SERVIÇOS COMPLEMENTARES,UFCA,R0008,"POSTE EM TUBO DE AÇO GALVANIZADO DN 65 MM (2 1/2""), E=3,35 MM, ALTURA ÚTIL=2,50 M, ALTURA TOTAL=3,20 M COM ALETAS ANTIGIRO E= 4,75 MM",UN,INSUMO,SINAPI,21014,"TUBO ACO GALVANIZADO COM COSTURA, CLASSE LEVE, DN 65 MM (2 1/2""), E = 3,35 MM, * 6,23* KG/M (NBR 5580)                                                                                                                                                                                                                                                                                                                                                                                                    ",M,"3,2000","100,02","320,06",,,,,,,
HEAD3,,R,SERVIÇOS COMPLEMENTARES,UFCA,R0008,"POSTE EM TUBO DE AÇO GALVANIZADO DN 65 MM (2 1/2""), E=3,35 MM, ALTURA ÚTIL=2,50 M, ALTURA TOTAL=3,20 M COM ALETAS ANTIGIRO E= 4,75 MM",UN,INSUMO,SINAPI,1319,"CHAPA DE ACO FINA A QUENTE BITOLA MSG 3/16 "", E = 4,75 MM (38,00 KG/M2)                                                                                                                                                                                                                                                                                                                                                                                                                                   ",KG,"1,7100","8,12","13,88",,,,,,,
HEAD3,,R,SERVIÇOS COMPLEMENTARES,UFCA,R0008,"POSTE EM TUBO DE AÇO GALVANIZADO DN 65 MM (2 1/2""), E=3,35 MM, ALTURA ÚTIL=2,50 M, ALTURA TOTAL=3,20 M COM ALETAS ANTIGIRO E= 4,75 MM",UN,INSUMO,SINAPI,11002,"ELETRODO REVESTIDO AWS - E6013, DIAMETRO IGUAL A 2,50 MM                                                                                                                                                                                                                                                                                                                                                                                                                                                  ",KG,"0,0146","42,76","0,62",,,,,,,
HEAD3,,R,SERVIÇOS COMPLEMENTARES,UFCA,R0008,"POSTE EM TUBO DE AÇO GALVANIZADO DN 65 MM (2 1/2""), E=3,35 MM, ALTURA ÚTIL=2,50 M, ALTURA TOTAL=3,20 M COM ALETAS ANTIGIRO E= 4,75 MM",UN,SERV,SINAPI,94975,"CONCRETO FCK = 15MPA, TRAÇO 1:3,4:3,5 (EM MASSA SECA DE CIMENTO/ AREIA MÉDIA/ BRITA 1) - PREPARO MANUAL. AF_05/2021",M3,"0,0005","517,61","0,25",,,,,,,
HEAD3,,R,SERVIÇOS COMPLEMENTARES,UFCA,R0008,"POSTE EM TUBO DE AÇO GALVANIZADO DN 65 MM (2 1/2""), E=3,35 MM, ALTURA ÚTIL=2,50 M, ALTURA TOTAL=3,20 M COM ALETAS ANTIGIRO E= 4,75 MM",UN,SERV,SINAPI,103670,"LANÇAMENTO COM USO DE BALDES, ADENSAMENTO E ACABAMENTO DE CONCRETO EM ESTRUTURAS. AF_02/2022",M3,"0,0005","306,36","0,15",,,,,,,
HEAD3,,R,SERVIÇOS COMPLEMENTARES,UFCA,R0008,"POSTE EM TUBO DE AÇO GALVANIZADO DN 65 MM (2 1/2""), E=3,35 MM, ALTURA ÚTIL=2,50 M, ALTURA TOTAL=3,20 M COM ALETAS ANTIGIRO E= 4,75 MM",UN,SERV,SINAPI,93358,ESCAVAÇÃO MANUAL DE VALA. AF_09/2024,M3,"0,0005","87,42","0,04",,,,,,,
HEAD2,,R,SERVIÇOS COMPLEMENTARES,UFCA,R0009,FURO DE 60 MM EM BANCADA DE GRANITO E FECHAMENTO COM TAMPA PASSA FIO DE PLÁSTICO,UN,,,,,,,,,0,0,"19,31",0,0,"19,31",Insumo de furo mais pesquisa de preço do passa fio
HEAD3,,R,SERVIÇOS COMPLEMENTARES,UFCA,R0009,FURO DE 60 MM EM BANCADA DE GRANITO E FECHAMENTO COM TAMPA PASSA FIO DE PLÁSTICO,UN,INSUMO,SINAPI,38633,FURO PARA TORNEIRA OU OUTROS ACESSORIOS EM BANCADA DE MARMORE/ GRANITO OU OUTRO TIPO DE PEDRA NATURAL                                                                                                                                                                                                                                                                                                                                                                                                     ,UN,"1,0000","16,52","16,52",,,,,,,
HEAD3,,R,SERVIÇOS COMPLEMENTARES,UFCA,R0009,FURO DE 60 MM EM BANCADA DE GRANITO E FECHAMENTO COM TAMPA PASSA FIO DE PLÁSTICO,UN,INSUMO,PP,PP6,TAPA FURO PASSA FIO DE PLÁSTICO PARA FURO DE 40 MM,UN,"1,0000","2,79","2,79",,,,,,,
HEAD2,,R,SERVIÇOS COMPLEMENTARES,UFCA,R0010,PINGADOR METÁLICO/ALUMÍNIO ( 1 X 1) CM  P/ FACHADAS,M,,,,,,,,,0,"26,16","15,93",0,0,"42,09",Coeficiente de mão de obra e material elaborado com base na composição SEINFRA C1904. Custos da SINAPI. Item 1379 substituído por item 142
HEAD3,,R,SERVIÇOS COMPLEMENTARES,UFCA,R0010,PINGADOR METÁLICO/ALUMÍNIO ( 1 X 1) CM  P/ FACHADAS,M,MOBRA,SINAPI,88309,PEDREIRO COM ENCARGOS COMPLEMENTARES,H,"0,6000","28,88","17,32",,,,,,,
HEAD3,,R,SERVIÇOS COMPLEMENTARES,UFCA,R0010,PINGADOR METÁLICO/ALUMÍNIO ( 1 X 1) CM  P/ FACHADAS,M,MOBRA,SINAPI,88316,SERVENTE COM ENCARGOS COMPLEMENTARES,H,"0,4000","22,10","8,84",,,,,,,
HEAD3,,R,SERVIÇOS COMPLEMENTARES,UFCA,R0010,PINGADOR METÁLICO/ALUMÍNIO ( 1 X 1) CM  P/ FACHADAS,M,INSUMO,SINAPI,142,SELANTE ELASTICO MONOCOMPONENTE A BASE DE POLIURETANO (PU) PARA JUNTAS DIVERSAS                                                                                                                                                                                                                                                                                                                                                                                                                           ,310ML,"0,211","38,65","8,15",,,,,,,
HEAD3,,R,SERVIÇOS COMPLEMENTARES,UFCA,R0010,PINGADOR METÁLICO/ALUMÍNIO ( 1 X 1) CM  P/ FACHADAS,M,INSUMO,SINAPI,11552,"PERFIL EM ALUMINIO, FORMATO U, ABAS IGUAIS, LARGURA DE 12,70 MM (1/2 POL), ESPESSURA 1,58 MM (1/16 POL) E PESO LINEAR DE APROXIMADAMENTE 0,149 KG/M                                                                                                                                                                                                                                                                                                                                                       ",M,"1,0000","7,78","7,78",,,,,,,
HEAD2,,R,SERVIÇOS COMPLEMENTARES,UFCA,R0011,LETRA EM AÇO INOX ESCOVADO/POLIDO 40 X 40CM - INSTALADOS,M,,,,,,,,,0,"7,22","209,9",0,0,"217,12",Coeficiente de mão de obra e material elaborado com base na composição 12045/ORSE - Letra em aço inox escovado/polido 40 x 40cm - instalado
HEAD3,,R,SERVIÇOS COMPLEMENTARES,UFCA,R0011,LETRA EM AÇO INOX ESCOVADO/POLIDO 40 X 40CM - INSTALADOS,M,MOBRA,SINAPI,88309,PEDREIRO COM ENCARGOS COMPLEMENTARES,H,"0,2500","28,88","7,22",,,,,,,
HEAD3,,R,SERVIÇOS COMPLEMENTARES,UFCA,R0011,LETRA EM AÇO INOX ESCOVADO/POLIDO 40 X 40CM - INSTALADOS,M,INSUMO,ORSE,7550,Letras aço escovado 40 x 40cm,un,1,"209,9","209,90",,,,,,,
HEAD2,,R,SERVIÇOS COMPLEMENTARES,UFCA,R0012,LETRA EM AÇO INOX ESCOVADO/POLIDO 20 X 20CM - INSTALADO,UN,,,,,,,,,0,"7,22","101,79",0,0,"109,01",Coeficiente de mão de obra e material elaborado com base na composição 12043/ORSE - Letra em aço inox escovado/polido 20 x 20cm - instalado
HEAD3,,R,SERVIÇOS COMPLEMENTARES,UFCA,R0012,LETRA EM AÇO INOX ESCOVADO/POLIDO 20 X 20CM - INSTALADO,UN,MOBRA,SINAPI,88309,PEDREIRO COM ENCARGOS COMPLEMENTARES,H,"0,2500","28,88","7,22",,,,,,,
HEAD3,,R,SERVIÇOS COMPLEMENTARES,UFCA,R0012,LETRA EM AÇO INOX ESCOVADO/POLIDO 20 X 20CM - INSTALADO,UN,INSUMO,ORSE,4876,Letras aço inox 20 x 20cm,un,1,"101,79","101,79",,,,,,,
HEAD2,,R,SERVIÇOS COMPLEMENTARES,UFCA,R0013,"PLACA INDICATIVA EM ACRÍLICO E=3MM, COM ADESIVO SOBREPOSTO, DIM.: 0.30 X 0.12 M, FORNECIMENTO E INSTALAÇÃO	",UN,,,,,,,,,0,0,"52,17",0,0,"52,17",Composição 12431/ORSE
HEAD3,,R,SERVIÇOS COMPLEMENTARES,UFCA,R0013,"PLACA INDICATIVA EM ACRÍLICO E=3MM, COM ADESIVO SOBREPOSTO, DIM.: 0.30 X 0.12 M, FORNECIMENTO E INSTALAÇÃO	",UN,INSUMO,ORSE,13293,"Placa indicativa em acrílico e=3mm, com adesivo sobreposto, dim.: 0.30 x 0.12 m, fornecimento e instalação",un,"1,0000","52,17","52,17",,,,,,,
HEAD2,,R,SERVIÇOS COMPLEMENTARES,UFCA,R0051,"MAPA TÁTIL EM ACRÍLICO MEDINDO 70 X 50CM, COM SUPORTE EM CHAPA EM FERRO E TUBO DE FERRO GALVANIZADO 40 MM",UN,,,,,,,,,0,"45,22","1848,98",0,0,"1894,2","Coeficiente de mão de obra elaborado com base na composição 99855 SINAPI. Custos da SINAPI.

Coeficiente de material de chapa e mapa elaborado com base na composição 08804/ORSE. Custos do mesmo item.

Insumos da SINAPI. Calculado para 1,00m²

Insumos, coeficientes e custos dos materiais com base ORSE, dos itens citados.

Coeficiente de material elaborado com base na composição 99855 SINAPI. Custos da SINAPI.

Coeficiente de material de adesivo elaborado com base na composição 98688 SINAPI. Custos da SINAPI."
HEAD3,,R,SERVIÇOS COMPLEMENTARES,UFCA,R0051,"MAPA TÁTIL EM ACRÍLICO MEDINDO 70 X 50CM, COM SUPORTE EM CHAPA EM FERRO E TUBO DE FERRO GALVANIZADO 40 MM",UN,MOBRA,SINAPI,88315,SERRALHEIRO COM ENCARGOS COMPLEMENTARES,H,"0,9480","28,66","27,16",,,,,,,
HEAD3,,R,SERVIÇOS COMPLEMENTARES,UFCA,R0051,"MAPA TÁTIL EM ACRÍLICO MEDINDO 70 X 50CM, COM SUPORTE EM CHAPA EM FERRO E TUBO DE FERRO GALVANIZADO 40 MM",UN,MOBRA,SINAPI,88251,AUXILIAR DE SERRALHEIRO COM ENCARGOS COMPLEMENTARES,H,"0,7780","23,22","18,06",,,,,,,
HEAD3,,R,SERVIÇOS COMPLEMENTARES,UFCA,R0051,"MAPA TÁTIL EM ACRÍLICO MEDINDO 70 X 50CM, COM SUPORTE EM CHAPA EM FERRO E TUBO DE FERRO GALVANIZADO 40 MM",UN,INSUMO,SINAPI,1321,"CHAPA DE ACO FINA A QUENTE BITOLA MSG 13, E = 2,25 MM (18,00 KG/M2)                                                                                                                                                                                                                                                                                                                                                                                                                                       ",KG,"4,5000","9,11","40,99",,,,,,,
HEAD3,,R,SERVIÇOS COMPLEMENTARES,UFCA,R0051,"MAPA TÁTIL EM ACRÍLICO MEDINDO 70 X 50CM, COM SUPORTE EM CHAPA EM FERRO E TUBO DE FERRO GALVANIZADO 40 MM",UN,INSUMO,ORSE,9092,Mapa Tátil em acrílico 70 x 50cm,un,"1,0000","1732,74","1732,74",,,,,,,
HEAD3,,R,SERVIÇOS COMPLEMENTARES,UFCA,R0051,"MAPA TÁTIL EM ACRÍLICO MEDINDO 70 X 50CM, COM SUPORTE EM CHAPA EM FERRO E TUBO DE FERRO GALVANIZADO 40 MM",UN,INSUMO,SINAPI,7568,"BUCHA DE NYLON SEM ABA S10, COM PARAFUSO DE 6,10 X 65 MM EM ACO ZINCADO COM ROSCA SOBERBA, CABECA CHATA E FENDA PHILLIPS                                                                                                                                                                                                                                                                                                                                                                                  ",UN,"3,2730","0,92","3,01",,,,,,,
HEAD3,,R,SERVIÇOS COMPLEMENTARES,UFCA,R0051,"MAPA TÁTIL EM ACRÍLICO MEDINDO 70 X 50CM, COM SUPORTE EM CHAPA EM FERRO E TUBO DE FERRO GALVANIZADO 40 MM",UN,INSUMO,SINAPI,11002,"ELETRODO REVESTIDO AWS - E6013, DIAMETRO IGUAL A 2,50 MM                                                                                                                                                                                                                                                                                                                                                                                                                                                  ",KG,"0,0040","42,76","0,17",,,,,,,
HEAD3,,R,SERVIÇOS COMPLEMENTARES,UFCA,R0051,"MAPA TÁTIL EM ACRÍLICO MEDINDO 70 X 50CM, COM SUPORTE EM CHAPA EM FERRO E TUBO DE FERRO GALVANIZADO 40 MM",UN,INSUMO,SINAPI,21012,"TUBO ACO GALVANIZADO COM COSTURA, CLASSE LEVE, DN 40 MM (1 1/2""), E = 3,00 MM, *3,48* KG/M (NBR 5580)                                                                                                                                                                                                                                                                                                                                                                                                     ",M,"1,0290","54,77","56,35",,,,,,,
HEAD3,,R,SERVIÇOS COMPLEMENTARES,UFCA,R0051,"MAPA TÁTIL EM ACRÍLICO MEDINDO 70 X 50CM, COM SUPORTE EM CHAPA EM FERRO E TUBO DE FERRO GALVANIZADO 40 MM",UN,INSUMO,SINAPI,4791,ADESIVO ACRILICO DE BASE AQUOSA / COLA DE CONTATO                                                                                                                                                                                                                                                                                                                                                                                                                                                         ,KG,"0,3300","47,65","15,72",,,,,,,
HEAD2,,R,SERVIÇOS COMPLEMENTARES,UFCA,R0022,"CALHA DE CONCRETO, 50X20 CM ESPESSURA DE 8 CM, PREPARADO EM BETONEIRA E CIMENTADO LISO EXECUTADO COM ARGAMASSA TRAÇO 1:4 (CIMENTO E AREIA MEDIA NÃO PENEIRADA), PREPARO MANUAL",M,,,,,,,,,0,"188,85","81,15",0,"52,11","322,11","Coeficiente de mão de obra elaborado com base na composição 99855 SINAPI. Custos da SINAPI.

Coeficiente de material de chapa e mapa elaborado com base na composição 08804/ORSE. Custos do mesmo item.

Insumos da SINAPI. Calculado para 1,00m²

Insumos, coeficientes e custos dos materiais com base ORSE, dos itens citados.

Coeficiente de material elaborado com base na composição 99855 SINAPI. Custos da SINAPI.

Coeficiente de material de adesivo elaborado com base na composição 98688 SINAPI. Custos da SINAPI."
HEAD3,,R,SERVIÇOS COMPLEMENTARES,UFCA,R0022,"CALHA DE CONCRETO, 50X20 CM ESPESSURA DE 8 CM, PREPARADO EM BETONEIRA E CIMENTADO LISO EXECUTADO COM ARGAMASSA TRAÇO 1:4 (CIMENTO E AREIA MEDIA NÃO PENEIRADA), PREPARO MANUAL",M,MOBRA,SINAPI,88262,CARPINTEIRO DE FORMAS COM ENCARGOS COMPLEMENTARES,H,"2,3763","28,52","67,77",,,,,,,
HEAD3,,R,SERVIÇOS COMPLEMENTARES,UFCA,R0022,"CALHA DE CONCRETO, 50X20 CM ESPESSURA DE 8 CM, PREPARADO EM BETONEIRA E CIMENTADO LISO EXECUTADO COM ARGAMASSA TRAÇO 1:4 (CIMENTO E AREIA MEDIA NÃO PENEIRADA), PREPARO MANUAL",M,MOBRA,SINAPI,88309,PEDREIRO COM ENCARGOS COMPLEMENTARES,H,"1,3451","28,88","38,84",,,,,,,
HEAD3,,R,SERVIÇOS COMPLEMENTARES,UFCA,R0022,"CALHA DE CONCRETO, 50X20 CM ESPESSURA DE 8 CM, PREPARADO EM BETONEIRA E CIMENTADO LISO EXECUTADO COM ARGAMASSA TRAÇO 1:4 (CIMENTO E AREIA MEDIA NÃO PENEIRADA), PREPARO MANUAL",M,MOBRA,SINAPI,88316,SERVENTE COM ENCARGOS COMPLEMENTARES,H,"3,7213","22,10","82,24",,,,,,,
HEAD3,,R,SERVIÇOS COMPLEMENTARES,UFCA,R0022,"CALHA DE CONCRETO, 50X20 CM ESPESSURA DE 8 CM, PREPARADO EM BETONEIRA E CIMENTADO LISO EXECUTADO COM ARGAMASSA TRAÇO 1:4 (CIMENTO E AREIA MEDIA NÃO PENEIRADA), PREPARO MANUAL",M,INSUMO,SINAPI,4491,"PONTALETE *7,5 X 7,5* CM EM PINUS, MISTA OU EQUIVALENTE DA REGIAO - BRUTA                                                                                                                                                                                                                                                                                                                                                                                                                                 ",M,"1,9010","11,05","21,00",,,,,,,
HEAD3,,R,SERVIÇOS COMPLEMENTARES,UFCA,R0022,"CALHA DE CONCRETO, 50X20 CM ESPESSURA DE 8 CM, PREPARADO EM BETONEIRA E CIMENTADO LISO EXECUTADO COM ARGAMASSA TRAÇO 1:4 (CIMENTO E AREIA MEDIA NÃO PENEIRADA), PREPARO MANUAL",M,INSUMO,SINAPI,4509,"SARRAFO *2,5 X 10* CM EM PINUS, MISTA OU EQUIVALENTE DA REGIAO - BRUTA                                                                                                                                                                                                                                                                                                                                                                                                                                    ",M,"0,9864","5,61","5,53",,,,,,,
HEAD3,,R,SERVIÇOS COMPLEMENTARES,UFCA,R0022,"CALHA DE CONCRETO, 50X20 CM ESPESSURA DE 8 CM, PREPARADO EM BETONEIRA E CIMENTADO LISO EXECUTADO COM ARGAMASSA TRAÇO 1:4 (CIMENTO E AREIA MEDIA NÃO PENEIRADA), PREPARO MANUAL",M,INSUMO,SINAPI,5061,PREGO DE ACO POLIDO COM CABECA 18 X 27 (2 1/2 X 10)                                                                                                                                                                                                                                                                                                                                                                                                                                                       ,KG,"0,3168","13,54","4,28",,,,,,,
HEAD3,,R,SERVIÇOS COMPLEMENTARES,UFCA,R0022,"CALHA DE CONCRETO, 50X20 CM ESPESSURA DE 8 CM, PREPARADO EM BETONEIRA E CIMENTADO LISO EXECUTADO COM ARGAMASSA TRAÇO 1:4 (CIMENTO E AREIA MEDIA NÃO PENEIRADA), PREPARO MANUAL",M,INSUMO,SINAPI,6189,"TABUA NAO APARELHADA *2,5 X 30* CM, EM MACARANDUBA/MASSARANDUBA, ANGELIM OU EQUIVALENTE DA REGIAO - BRUTA                                                                                                                                                                                                                                                                                                                                                                                                 ",M,"1,8084","27,84","50,34",,,,,,,
HEAD3,,R,SERVIÇOS COMPLEMENTARES,UFCA,R0022,"CALHA DE CONCRETO, 50X20 CM ESPESSURA DE 8 CM, PREPARADO EM BETONEIRA E CIMENTADO LISO EXECUTADO COM ARGAMASSA TRAÇO 1:4 (CIMENTO E AREIA MEDIA NÃO PENEIRADA), PREPARO MANUAL",M,SERV,SINAPI,87373,"ARGAMASSA TRAÇO 1:4 (EM VOLUME DE CIMENTO E AREIA MÉDIA ÚMIDA) PARA CONTRAPISO, PREPARO MANUAL. AF_08/2019",M3,"0,0179","755,42","13,52",,,,,,,
HEAD3,,R,SERVIÇOS COMPLEMENTARES,UFCA,R0022,"CALHA DE CONCRETO, 50X20 CM ESPESSURA DE 8 CM, PREPARADO EM BETONEIRA E CIMENTADO LISO EXECUTADO COM ARGAMASSA TRAÇO 1:4 (CIMENTO E AREIA MEDIA NÃO PENEIRADA), PREPARO MANUAL",M,SERV,SINAPI,94962,"CONCRETO MAGRO PARA LASTRO, TRAÇO 1:4,5:4,5 (EM MASSA SECA DE CIMENTO/ AREIA MÉDIA/ BRITA 1) - PREPARO MECÂNICO COM BETONEIRA 400 L. AF_05/2021",M3,"0,0909","424,58","38,59",,,,,,,
HEAD2,,R,SERVIÇOS COMPLEMENTARES,UFCA,R0033,"CISTERNA EM ANÉIS DE CONCRETO D=1,20M EXECUTADO COM ARGAMASSA TRACO 1:4 (CIMENTO E AREIA MEDIA NAO PENEIRADA), PREPARO MANUAL",UN,,,,,,,,,0,"319,44","3135,4",0,"458,44","3913,28","Coeficiente de mão de obra elaborado com base na composição 99855 SINAPI. Custos da SINAPI.

Coeficiente de material de chapa e mapa elaborado com base na composição 08804/ORSE. Custos do mesmo item.

Insumos da SINAPI. Calculado para 1,00m²

Insumos, coeficientes e custos dos materiais com base ORSE, dos itens citados.

Coeficiente de material elaborado com base na composição 99855 SINAPI. Custos da SINAPI.

Coeficiente de material de adesivo elaborado com base na composição 98688 SINAPI. Custos da SINAPI."
HEAD3,,R,SERVIÇOS COMPLEMENTARES,UFCA,R0033,"CISTERNA EM ANÉIS DE CONCRETO D=1,20M EXECUTADO COM ARGAMASSA TRACO 1:4 (CIMENTO E AREIA MEDIA NAO PENEIRADA), PREPARO MANUAL",UN,MOBRA,SINAPI,88309,PEDREIRO COM ENCARGOS COMPLEMENTARES,H,"8,0000","28,88","231,04",,,,,,,
HEAD3,,R,SERVIÇOS COMPLEMENTARES,UFCA,R0033,"CISTERNA EM ANÉIS DE CONCRETO D=1,20M EXECUTADO COM ARGAMASSA TRACO 1:4 (CIMENTO E AREIA MEDIA NAO PENEIRADA), PREPARO MANUAL",UN,MOBRA,SINAPI,88316,SERVENTE COM ENCARGOS COMPLEMENTARES,H,"4,0000","22,10","88,40",,,,,,,
HEAD3,,R,SERVIÇOS COMPLEMENTARES,UFCA,R0033,"CISTERNA EM ANÉIS DE CONCRETO D=1,20M EXECUTADO COM ARGAMASSA TRACO 1:4 (CIMENTO E AREIA MEDIA NAO PENEIRADA), PREPARO MANUAL",UN,INSUMO,SINAPI,370,"AREIA MEDIA - POSTO JAZIDA/FORNECEDOR (RETIRADO NA JAZIDA, SEM TRANSPORTE)                                                                                                                                                                                                                                                                                                                                                                                                                                ",M3,"0,1090","130,00","14,17",,,,,,,
HEAD3,,R,SERVIÇOS COMPLEMENTARES,UFCA,R0033,"CISTERNA EM ANÉIS DE CONCRETO D=1,20M EXECUTADO COM ARGAMASSA TRACO 1:4 (CIMENTO E AREIA MEDIA NAO PENEIRADA), PREPARO MANUAL",UN,INSUMO,SINAPI,1379,CIMENTO PORTLAND COMPOSTO CP II-32                                                                                                                                                                                                                                                                                                                                                                                                                                                                        ,KG,"102,9000","0,74","76,14",,,,,,,
HEAD3,,R,SERVIÇOS COMPLEMENTARES,UFCA,R0033,"CISTERNA EM ANÉIS DE CONCRETO D=1,20M EXECUTADO COM ARGAMASSA TRACO 1:4 (CIMENTO E AREIA MEDIA NAO PENEIRADA), PREPARO MANUAL",UN,INSUMO,SINAPI,12551,"ANEL EM CONCRETO ARMADO, LISO, PARA POCOS DE VISITA, POCOS DE INSPECAO, FOSSAS SEPTICAS E SUMIDOUROS, SEM FUNDO, DIAMETRO INTERNO DE 1,20 M E ALTURA DE 0,50 M                                                                                                                                                                                                                                                                                                                                            ",UN,"8,0000","318,18","2545,44",,,,,,,
HEAD3,,R,SERVIÇOS COMPLEMENTARES,UFCA,R0033,"CISTERNA EM ANÉIS DE CONCRETO D=1,20M EXECUTADO COM ARGAMASSA TRACO 1:4 (CIMENTO E AREIA MEDIA NAO PENEIRADA), PREPARO MANUAL",UN,INSUMO,SEINFRA,I7965,"TAMPA PRE-MOLDADA DE CONCRETO P/ FOSSA E SUMIDOURO DE  D=1,20M,E=0,10M",UN,"1,0000","263,03","263,03",,,,,,,
HEAD3,,R,SERVIÇOS COMPLEMENTARES,UFCA,R0033,"CISTERNA EM ANÉIS DE CONCRETO D=1,20M EXECUTADO COM ARGAMASSA TRACO 1:4 (CIMENTO E AREIA MEDIA NAO PENEIRADA), PREPARO MANUAL",UN,INSUMO,SEINFRA,I7966,"LAJE DE FUNDO P/ FOSSA DE D=1,20M, E=0,10M",UN,"1,0000","236,62","236,62",,,,,,,
HEAD3,,R,SERVIÇOS COMPLEMENTARES,UFCA,R0033,"CISTERNA EM ANÉIS DE CONCRETO D=1,20M EXECUTADO COM ARGAMASSA TRACO 1:4 (CIMENTO E AREIA MEDIA NAO PENEIRADA), PREPARO MANUAL",UN,SERV,SINAPI,89714,"TUBO PVC, SERIE NORMAL, ESGOTO PREDIAL, DN 100 MM, FORNECIDO E INSTALADO EM RAMAL DE DESCARGA OU RAMAL DE ESGOTO SANITÁRIO. AF_08/2022",M,"1,0000","35,42","35,42",,,,,,,
HEAD3,,R,SERVIÇOS COMPLEMENTARES,UFCA,R0033,"CISTERNA EM ANÉIS DE CONCRETO D=1,20M EXECUTADO COM ARGAMASSA TRACO 1:4 (CIMENTO E AREIA MEDIA NAO PENEIRADA), PREPARO MANUAL",UN,SERV,SINAPI,95240,"LASTRO DE CONCRETO MAGRO, APLICADO EM PISOS, LAJES SOBRE SOLO OU RADIERS, ESPESSURA DE 3 CM. AF_01/2024",M2,"0,2300","19,94","4,58",,,,,,,
HEAD3,,R,SERVIÇOS COMPLEMENTARES,UFCA,R0033,"CISTERNA EM ANÉIS DE CONCRETO D=1,20M EXECUTADO COM ARGAMASSA TRACO 1:4 (CIMENTO E AREIA MEDIA NAO PENEIRADA), PREPARO MANUAL",UN,SERV,SINAPI,94319,ATERRO MANUAL DE VALAS COM SOLO ARGILO-ARENOSO. AF_08/2023,M3,"0,2300","79,00","18,17",,,,,,,
HEAD3,,R,SERVIÇOS COMPLEMENTARES,UFCA,R0033,"CISTERNA EM ANÉIS DE CONCRETO D=1,20M EXECUTADO COM ARGAMASSA TRACO 1:4 (CIMENTO E AREIA MEDIA NAO PENEIRADA), PREPARO MANUAL",UN,SERV,SINAPI,98555,"IMPERMEABILIZAÇÃO DE SUPERFÍCIE COM ARGAMASSA POLIMÉRICA / MEMBRANA ACRÍLICA, 3 DEMÃOS. AF_09/2023",M2,"12,0420","33,24","400,27",,,,,,,
HEAD2,,R,SERVIÇOS COMPLEMENTARES,UFCA,R0122,LOCAÇÃO MENSAL PARA ESCORAMENTO E CIMBRAMENTO METÁLICO DE ENCAIXE P/ FACHADAS ,M2XMÊS,,,,,,,,,0,"20,23","11,71",0,0,"31,94","Coeficiente de mão de obra elaborado com base na composição C3470SEINFRA. Custos da SINAPI.

Coeficiente de equipamentos com base na composição SEINFRA C4782"
HEAD3,,R,SERVIÇOS COMPLEMENTARES,UFCA,R0122,LOCAÇÃO MENSAL PARA ESCORAMENTO E CIMBRAMENTO METÁLICO DE ENCAIXE P/ FACHADAS ,M2XMÊS,MOBRA,SINAPI,88278,MONTADOR DE ESTRUTURA METÁLICA COM ENCARGOS COMPLEMENTARES,H,"0,6500","25,03","16,26",,,,,,,
HEAD3,,R,SERVIÇOS COMPLEMENTARES,UFCA,R0122,LOCAÇÃO MENSAL PARA ESCORAMENTO E CIMBRAMENTO METÁLICO DE ENCAIXE P/ FACHADAS ,M2XMÊS,MOBRA,SINAPI,88316,SERVENTE COM ENCARGOS COMPLEMENTARES,H,"0,1800","22,10","3,97",,,,,,,
HEAD3,,R,SERVIÇOS COMPLEMENTARES,UFCA,R0122,LOCAÇÃO MENSAL PARA ESCORAMENTO E CIMBRAMENTO METÁLICO DE ENCAIXE P/ FACHADAS ,M2XMÊS,INSUMO,SEINFRA,I9081,LOCAÇÃO MENSAL DE CIMBRAMENTO P/ LAJES NERVURADAS,M2XMÊS,"1,0000","11,71","11,71",,,,,,,
HEAD2,,R,SERVIÇOS COMPLEMENTARES,UFCA,R0034,"INSTALAÇÃO DE RALO SEMIESFÉRICO EM FERRO FUNDIDO, 150MM, EM CALHA DE ÁGUA PLUVIAL",M,,,,,,,,,0,"39,79","54,56",0,0,"94,35","Coeficiente de mão de obra elaborado com base na composição 99855 SINAPI. Custos da SINAPI.

Coeficiente de material de chapa e mapa elaborado com base na composição 08804/ORSE. Custos do mesmo item.

Insumos da SINAPI. Calculado para 1,00m²

Insumos, coeficientes e custos dos materiais com base ORSE, dos itens citados.

Coeficiente de material elaborado com base na composição 99855 SINAPI. Custos da SINAPI.

Coeficiente de material de adesivo elaborado com base na composição 98688 SINAPI. Custos da SINAPI."
HEAD3,,R,SERVIÇOS COMPLEMENTARES,UFCA,R0034,"INSTALAÇÃO DE RALO SEMIESFÉRICO EM FERRO FUNDIDO, 150MM, EM CALHA DE ÁGUA PLUVIAL",UN,MOBRA,SINAPI,88267,ENCANADOR OU BOMBEIRO HIDRÁULICO COM ENCARGOS COMPLEMENTARES,H,"0,6100","28,12","17,15",,,,,,,
HEAD3,,R,SERVIÇOS COMPLEMENTARES,UFCA,R0034,"INSTALAÇÃO DE RALO SEMIESFÉRICO EM FERRO FUNDIDO, 150MM, EM CALHA DE ÁGUA PLUVIAL",UN,MOBRA,SINAPI,88248,AUXILIAR DE ENCANADOR OU BOMBEIRO HIDRÁULICO COM ENCARGOS COMPLEMENTARES,H,"1,0000","22,64","22,64",,,,,,,
HEAD3,,R,SERVIÇOS COMPLEMENTARES,UFCA,R0034,"INSTALAÇÃO DE RALO SEMIESFÉRICO EM FERRO FUNDIDO, 150MM, EM CALHA DE ÁGUA PLUVIAL",UN,INSUMO,SEINFRA,I1180,FITA DE VEDAÇÃO,M,"1,2000","0,36","0,43",,,,,,,
HEAD3,,R,SERVIÇOS COMPLEMENTARES,UFCA,R0034,"INSTALAÇÃO DE RALO SEMIESFÉRICO EM FERRO FUNDIDO, 150MM, EM CALHA DE ÁGUA PLUVIAL",UN,INSUMO,SINAPI,11709,"RALO FOFO SEMIESFERICO, 150 MM, PARA LAJES/ CALHAS                                                                                                                                                                                                                                                                                                                                                                                                                                                        ",UN,"1,0000","54,13","54,13",,,,,,,
HEAD1,,S,PAISAGISMO/URBANIZAÇÃO,,,,,,,,,,,,,,,,,,,
HEAD2,,S,PAISAGISMO/URBANIZAÇÃO,UFCA,S0010,TÓTEM DE METALON. SEM PINTURA E INCLUSO INSTALAÇÃO,UN,,,,,,,,,0,"88,63","792,18",0,0,"880,81","
Coeficiente de serralheiro, de soldador e de eletrodo com base nos itens SINAPI 95697 e 97467 na quantidade de metros de tubo por pontos de solda. Coeficiente de tubo com adição de perda considerada no coeficiente do item no SINAPI 99855. Montagem com base no item 95541."
HEAD3,,S,PAISAGISMO/URBANIZAÇÃO,UFCA,S0010,TÓTEM DE METALON. SEM PINTURA E INCLUSO INSTALAÇÃO,UN,MOBRA,SINAPI,88317,SOLDADOR COM ENCARGOS COMPLEMENTARES,H,"1,3200","29,62","39,09",,,,,,,
HEAD3,,S,PAISAGISMO/URBANIZAÇÃO,UFCA,S0010,TÓTEM DE METALON. SEM PINTURA E INCLUSO INSTALAÇÃO,UN,MOBRA,SINAPI,88309,PEDREIRO COM ENCARGOS COMPLEMENTARES,H,"0,9039","28,88","26,10",,,,,,,
HEAD3,,S,PAISAGISMO/URBANIZAÇÃO,UFCA,S0010,TÓTEM DE METALON. SEM PINTURA E INCLUSO INSTALAÇÃO,UN,MOBRA,SINAPI,88251,AUXILIAR DE SERRALHEIRO COM ENCARGOS COMPLEMENTARES,H,"0,4519","23,22","10,49",,,,,,,
HEAD3,,S,PAISAGISMO/URBANIZAÇÃO,UFCA,S0010,TÓTEM DE METALON. SEM PINTURA E INCLUSO INSTALAÇÃO,UN,MOBRA,SINAPI,88315,SERRALHEIRO COM ENCARGOS COMPLEMENTARES,H,"0,4519","28,66","12,95",,,,,,,
HEAD3,,S,PAISAGISMO/URBANIZAÇÃO,UFCA,S0010,TÓTEM DE METALON. SEM PINTURA E INCLUSO INSTALAÇÃO,UN,INSUMO,PP,PP1,Tubo quadrado metalon 50x50x2 mm - vara 6 metros,M,"11,2984","29,83","337,03",,,,,,,
HEAD3,,S,PAISAGISMO/URBANIZAÇÃO,UFCA,S0010,TÓTEM DE METALON. SEM PINTURA E INCLUSO INSTALAÇÃO,UN,INSUMO,SINAPI,11002,"ELETRODO REVESTIDO AWS - E6013, DIAMETRO IGUAL A 2,50 MM                                                                                                                                                                                                                                                                                                                                                                                                                                                  ",KG,"0,1595","42,76","6,82",,,,,,,
HEAD3,,S,PAISAGISMO/URBANIZAÇÃO,UFCA,S0010,TÓTEM DE METALON. SEM PINTURA E INCLUSO INSTALAÇÃO,UN,INSUMO,SINAPI,11026,"CHAPA DE ACO GALVANIZADA BITOLA GSG 14, E = 1,95 MM (15,60 KG/M2)                                                                                                                                                                                                                                                                                                                                                                                                                                         ",KG,"39,7800","11,16","443,94",,,,,,,
HEAD3,,S,PAISAGISMO/URBANIZAÇÃO,UFCA,S0010,TÓTEM DE METALON. SEM PINTURA E INCLUSO INSTALAÇÃO,UN,INSUMO,SINAPI,40552,"PARAFUSO, AUTOATARRAXANTE, CABECA CHATA, FENDA SIMPLES, EM ACO ZINCADO, 1/4"" (6,35 MM) X 25 MM                                                                                                                                                                                                                                                                                                                                                                                                            ",CENTO,"0,0800","54,97","4,39",,,,,,,
HEAD2,,S,PAISAGISMO/URBANIZAÇÃO,UFCA,S0011,"BANCO RETO DE 150 CM, EM AÇO E MADEIRA, PARA MOBILIÁRIO URBANO. SEM PINTURA E INCLUSO INSTALAÇÃO",UN,,,,,,,,,0,"195,09","403,8",0,0,"598,89","
Coeficiente de serralheiro, de soldador e de eletrodo com base nos itens SINAPI 95697 e 97467 na quantidade de metros de tubo por pontos de solda. Coeficiente do marceneiro dimencionado com base na composição 11616/ORSE (deck) considerando o coeficiente por metro quadrado de madeira. Coeficiente de tubo com adição de perda considerada no coeficiente do item no SINAPI 99855. Montagem com base no item 95541."
HEAD3,,S,PAISAGISMO/URBANIZAÇÃO,UFCA,S0011,"BANCO RETO DE 150 CM, EM AÇO E MADEIRA, PARA MOBILIÁRIO URBANO. SEM PINTURA E INCLUSO INSTALAÇÃO",UN,MOBRA,SINAPI,88317,SOLDADOR COM ENCARGOS COMPLEMENTARES,H,"1,6800","29,62","49,76",,,,,,,
HEAD3,,S,PAISAGISMO/URBANIZAÇÃO,UFCA,S0011,"BANCO RETO DE 150 CM, EM AÇO E MADEIRA, PARA MOBILIÁRIO URBANO. SEM PINTURA E INCLUSO INSTALAÇÃO",UN,MOBRA,SINAPI,88309,PEDREIRO COM ENCARGOS COMPLEMENTARES,H,"0,6656","28,88","19,22",,,,,,,
HEAD3,,S,PAISAGISMO/URBANIZAÇÃO,UFCA,S0011,"BANCO RETO DE 150 CM, EM AÇO E MADEIRA, PARA MOBILIÁRIO URBANO. SEM PINTURA E INCLUSO INSTALAÇÃO",UN,MOBRA,SINAPI,88251,AUXILIAR DE SERRALHEIRO COM ENCARGOS COMPLEMENTARES,H,"0,3347","23,22","7,77",,,,,,,
HEAD3,,S,PAISAGISMO/URBANIZAÇÃO,UFCA,S0011,"BANCO RETO DE 150 CM, EM AÇO E MADEIRA, PARA MOBILIÁRIO URBANO. SEM PINTURA E INCLUSO INSTALAÇÃO",UN,MOBRA,SINAPI,88315,SERRALHEIRO COM ENCARGOS COMPLEMENTARES,H,"0,3347","28,66","9,59",,,,,,,
HEAD3,,S,PAISAGISMO/URBANIZAÇÃO,UFCA,S0011,"BANCO RETO DE 150 CM, EM AÇO E MADEIRA, PARA MOBILIÁRIO URBANO. SEM PINTURA E INCLUSO INSTALAÇÃO",UN,MOBRA,SINAPI,88273,MARCENEIRO COM ENCARGOS COMPLEMENTARES,H,"3,9136","27,79","108,75",,,,,,,
HEAD3,,S,PAISAGISMO/URBANIZAÇÃO,UFCA,S0011,"BANCO RETO DE 150 CM, EM AÇO E MADEIRA, PARA MOBILIÁRIO URBANO. SEM PINTURA E INCLUSO INSTALAÇÃO",UN,INSUMO,PP,PP1,Tubo quadrado metalon 50x50x2 mm - vara 6 metros,M,"8,5613","29,83","255,38",,,,,,,
HEAD3,,S,PAISAGISMO/URBANIZAÇÃO,UFCA,S0011,"BANCO RETO DE 150 CM, EM AÇO E MADEIRA, PARA MOBILIÁRIO URBANO. SEM PINTURA E INCLUSO INSTALAÇÃO",UN,INSUMO,SINAPI,11002,"ELETRODO REVESTIDO AWS - E6013, DIAMETRO IGUAL A 2,50 MM                                                                                                                                                                                                                                                                                                                                                                                                                                                  ",KG,"0,3788","42,76","16,19",,,,,,,
HEAD3,,S,PAISAGISMO/URBANIZAÇÃO,UFCA,S0011,"BANCO RETO DE 150 CM, EM AÇO E MADEIRA, PARA MOBILIÁRIO URBANO. SEM PINTURA E INCLUSO INSTALAÇÃO",UN,INSUMO,SINAPI,1318,"CHAPA DE ACO FINA A QUENTE BITOLA MSG 14, E = 2,00 MM (16,0 KG/M2)                                                                                                                                                                                                                                                                                                                                                                                                                                        ",KG,"0,3769","9,12","3,43",,,,,,,
HEAD3,,S,PAISAGISMO/URBANIZAÇÃO,UFCA,S0011,"BANCO RETO DE 150 CM, EM AÇO E MADEIRA, PARA MOBILIÁRIO URBANO. SEM PINTURA E INCLUSO INSTALAÇÃO",UN,INSUMO,SINAPI,11057,"PARAFUSO ROSCA SOBERBA ZINCADO CABECA CHATA FENDA SIMPLES 4,8 X 40 MM (1.1/2 "")                                                                                                                                                                                                                                                                                                                                                                                                                           ",UN,"16,0000","0,13","2,08",,,,,,,
HEAD3,,S,PAISAGISMO/URBANIZAÇÃO,UFCA,S0011,"BANCO RETO DE 150 CM, EM AÇO E MADEIRA, PARA MOBILIÁRIO URBANO. SEM PINTURA E INCLUSO INSTALAÇÃO",UN,INSUMO,SINAPI,4342,"PORCA ZINCADA, SEXTAVADA, DIAMETRO 3/8""                                                                                                                                                                                                                                                                                                                                                                                                                                                                   ",UN,"16,0000","0,26","4,16",,,,,,,
HEAD3,,S,PAISAGISMO/URBANIZAÇÃO,UFCA,S0011,"BANCO RETO DE 150 CM, EM AÇO E MADEIRA, PARA MOBILIÁRIO URBANO. SEM PINTURA E INCLUSO INSTALAÇÃO",UN,INSUMO,SINAPI,11964,"PARAFUSO DE ACO ZINCADO, TIPO CHUMBADOR PARABOLT, DIAMETRO 3/8"", COMPRIMENTO 75 MM                                                                                                                                                                                                                                                                                                                                                                                                                        ",UN,"4,0000","2,80","11,20",,,,,,,
HEAD3,,S,PAISAGISMO/URBANIZAÇÃO,UFCA,S0011,"BANCO RETO DE 150 CM, EM AÇO E MADEIRA, PARA MOBILIÁRIO URBANO. SEM PINTURA E INCLUSO INSTALAÇÃO",UN,INSUMO,SINAPI,20206,"SARRAFO APARELHADO *2 X 10* CM, EM MACARANDUBA/MASSARANDUBA, ANGELIM OU EQUIVALENTE DA REGIAO                                                                                                                                                                                                                                                                                                                                                                                                             ",M,"12,0000","9,28","111,36",,,,,,,
HEAD2,,S,PAISAGISMO/URBANIZAÇÃO,UFCA,S0012,"BANCO RETO DE 200 CM, EM AÇO E MADEIRA, PARA MOBILIÁRIO URBANO. SEM PINTURA E INCLUSO INSTALAÇÃO",UN,,,,,,,,,0,"284,33","571,8",0,0,"856,13","
Coeficiente de serralheiro, de soldador e de eletrodo com base nos itens SINAPI 95697 e 97467 na quantidade de metros de tubo por pontos de solda. Coeficiente do marceneiro dimencionado com base na composição 11616/ORSE (deck) considerando o coeficiente por metro quadrado de madeira. Coeficiente de tubo com adição de perda considerada no coeficiente do item no SINAPI 99855. Montagem com base no item 95541."
HEAD3,,S,PAISAGISMO/URBANIZAÇÃO,UFCA,S0012,"BANCO RETO DE 200 CM, EM AÇO E MADEIRA, PARA MOBILIÁRIO URBANO. SEM PINTURA E INCLUSO INSTALAÇÃO",UN,MOBRA,SINAPI,88317,SOLDADOR COM ENCARGOS COMPLEMENTARES,H,"2,5200","29,62","74,64",,,,,,,
HEAD3,,S,PAISAGISMO/URBANIZAÇÃO,UFCA,S0012,"BANCO RETO DE 200 CM, EM AÇO E MADEIRA, PARA MOBILIÁRIO URBANO. SEM PINTURA E INCLUSO INSTALAÇÃO",UN,MOBRA,SINAPI,88309,PEDREIRO COM ENCARGOS COMPLEMENTARES,H,"0,9584","28,88","27,67",,,,,,,
HEAD3,,S,PAISAGISMO/URBANIZAÇÃO,UFCA,S0012,"BANCO RETO DE 200 CM, EM AÇO E MADEIRA, PARA MOBILIÁRIO URBANO. SEM PINTURA E INCLUSO INSTALAÇÃO",UN,MOBRA,SINAPI,88251,AUXILIAR DE SERRALHEIRO COM ENCARGOS COMPLEMENTARES,H,"0,4820","23,22","11,19",,,,,,,
HEAD3,,S,PAISAGISMO/URBANIZAÇÃO,UFCA,S0012,"BANCO RETO DE 200 CM, EM AÇO E MADEIRA, PARA MOBILIÁRIO URBANO. SEM PINTURA E INCLUSO INSTALAÇÃO",UN,MOBRA,SINAPI,88315,SERRALHEIRO COM ENCARGOS COMPLEMENTARES,H,"0,4820","28,66","13,81",,,,,,,
HEAD3,,S,PAISAGISMO/URBANIZAÇÃO,UFCA,S0012,"BANCO RETO DE 200 CM, EM AÇO E MADEIRA, PARA MOBILIÁRIO URBANO. SEM PINTURA E INCLUSO INSTALAÇÃO",UN,MOBRA,SINAPI,88273,MARCENEIRO COM ENCARGOS COMPLEMENTARES,H,"5,6504","27,79","157,02",,,,,,,
HEAD3,,S,PAISAGISMO/URBANIZAÇÃO,UFCA,S0012,"BANCO RETO DE 200 CM, EM AÇO E MADEIRA, PARA MOBILIÁRIO URBANO. SEM PINTURA E INCLUSO INSTALAÇÃO",UN,INSUMO,PP,PP1,Tubo quadrado metalon 50x50x2 mm - vara 6 metros,M,"12,3274","29,83","367,72",,,,,,,
HEAD3,,S,PAISAGISMO/URBANIZAÇÃO,UFCA,S0012,"BANCO RETO DE 200 CM, EM AÇO E MADEIRA, PARA MOBILIÁRIO URBANO. SEM PINTURA E INCLUSO INSTALAÇÃO",UN,INSUMO,SINAPI,11002,"ELETRODO REVESTIDO AWS - E6013, DIAMETRO IGUAL A 2,50 MM                                                                                                                                                                                                                                                                                                                                                                                                                                                  ",KG,"0,5681","42,76","24,29",,,,,,,
HEAD3,,S,PAISAGISMO/URBANIZAÇÃO,UFCA,S0012,"BANCO RETO DE 200 CM, EM AÇO E MADEIRA, PARA MOBILIÁRIO URBANO. SEM PINTURA E INCLUSO INSTALAÇÃO",UN,INSUMO,SINAPI,1318,"CHAPA DE ACO FINA A QUENTE BITOLA MSG 14, E = 2,00 MM (16,0 KG/M2)                                                                                                                                                                                                                                                                                                                                                                                                                                        ",KG,"0,5653","9,12","5,15",,,,,,,
HEAD3,,S,PAISAGISMO/URBANIZAÇÃO,UFCA,S0012,"BANCO RETO DE 200 CM, EM AÇO E MADEIRA, PARA MOBILIÁRIO URBANO. SEM PINTURA E INCLUSO INSTALAÇÃO",UN,INSUMO,SINAPI,11057,"PARAFUSO ROSCA SOBERBA ZINCADO CABECA CHATA FENDA SIMPLES 4,8 X 40 MM (1.1/2 "")                                                                                                                                                                                                                                                                                                                                                                                                                           ",UN,"24,0000","0,13","3,12",,,,,,,
HEAD3,,S,PAISAGISMO/URBANIZAÇÃO,UFCA,S0012,"BANCO RETO DE 200 CM, EM AÇO E MADEIRA, PARA MOBILIÁRIO URBANO. SEM PINTURA E INCLUSO INSTALAÇÃO",UN,INSUMO,SINAPI,4342,"PORCA ZINCADA, SEXTAVADA, DIAMETRO 3/8""                                                                                                                                                                                                                                                                                                                                                                                                                                                                   ",UN,"24,0000","0,26","6,24",,,,,,,
HEAD3,,S,PAISAGISMO/URBANIZAÇÃO,UFCA,S0012,"BANCO RETO DE 200 CM, EM AÇO E MADEIRA, PARA MOBILIÁRIO URBANO. SEM PINTURA E INCLUSO INSTALAÇÃO",UN,INSUMO,SINAPI,11964,"PARAFUSO DE ACO ZINCADO, TIPO CHUMBADOR PARABOLT, DIAMETRO 3/8"", COMPRIMENTO 75 MM                                                                                                                                                                                                                                                                                                                                                                                                                        ",UN,"6,0000","2,80","16,80",,,,,,,
HEAD3,,S,PAISAGISMO/URBANIZAÇÃO,UFCA,S0012,"BANCO RETO DE 200 CM, EM AÇO E MADEIRA, PARA MOBILIÁRIO URBANO. SEM PINTURA E INCLUSO INSTALAÇÃO",UN,INSUMO,SINAPI,20206,"SARRAFO APARELHADO *2 X 10* CM, EM MACARANDUBA/MASSARANDUBA, ANGELIM OU EQUIVALENTE DA REGIAO                                                                                                                                                                                                                                                                                                                                                                                                             ",M,"16,0000","9,28","148,48",,,,,,,
HEAD2,,S,PAISAGISMO/URBANIZAÇÃO,UFCA,S0015,"BANCO CHAISE DE 200 CM, EM AÇO GALVANIZADO E MADEIRA, PARA MOBILIÁRIO URBANO. SEM PINTURA E INCLUSO INSTALAÇÃO.",UN,,,,,,,,,0,"511,34","992,68",0,0,"1504,02",
HEAD3,,S,PAISAGISMO/URBANIZAÇÃO,UFCA,S0015,"BANCO CHAISE DE 200 CM, EM AÇO GALVANIZADO E MADEIRA, PARA MOBILIÁRIO URBANO. SEM PINTURA E INCLUSO INSTALAÇÃO.",UN,MOBRA,SINAPI,88317,SOLDADOR COM ENCARGOS COMPLEMENTARES,H,"4,8600","29,62","143,95",,,,,,,
HEAD3,,S,PAISAGISMO/URBANIZAÇÃO,UFCA,S0015,"BANCO CHAISE DE 200 CM, EM AÇO GALVANIZADO E MADEIRA, PARA MOBILIÁRIO URBANO. SEM PINTURA E INCLUSO INSTALAÇÃO.",UN,MOBRA,SINAPI,88309,PEDREIRO COM ENCARGOS COMPLEMENTARES,H,"1,6880","28,88","48,74",,,,,,,
HEAD3,,S,PAISAGISMO/URBANIZAÇÃO,UFCA,S0015,"BANCO CHAISE DE 200 CM, EM AÇO GALVANIZADO E MADEIRA, PARA MOBILIÁRIO URBANO. SEM PINTURA E INCLUSO INSTALAÇÃO.",UN,MOBRA,SINAPI,88251,AUXILIAR DE SERRALHEIRO COM ENCARGOS COMPLEMENTARES,H,"0,8440","23,22","19,59",,,,,,,
HEAD3,,S,PAISAGISMO/URBANIZAÇÃO,UFCA,S0015,"BANCO CHAISE DE 200 CM, EM AÇO GALVANIZADO E MADEIRA, PARA MOBILIÁRIO URBANO. SEM PINTURA E INCLUSO INSTALAÇÃO.",UN,MOBRA,SINAPI,88315,SERRALHEIRO COM ENCARGOS COMPLEMENTARES,H,"0,8470","28,66","24,27",,,,,,,
HEAD3,,S,PAISAGISMO/URBANIZAÇÃO,UFCA,S0015,"BANCO CHAISE DE 200 CM, EM AÇO GALVANIZADO E MADEIRA, PARA MOBILIÁRIO URBANO. SEM PINTURA E INCLUSO INSTALAÇÃO.",UN,MOBRA,SINAPI,88273,MARCENEIRO COM ENCARGOS COMPLEMENTARES,H,"9,8882","27,79","274,79",,,,,,,
HEAD3,,S,PAISAGISMO/URBANIZAÇÃO,UFCA,S0015,"BANCO CHAISE DE 200 CM, EM AÇO GALVANIZADO E MADEIRA, PARA MOBILIÁRIO URBANO. SEM PINTURA E INCLUSO INSTALAÇÃO.",UN,INSUMO,PP,PP1,Tubo quadrado metalon 50x50x2 mm - vara 6 metros,M,"21,7119","29,83","647,66",,,,,,,
HEAD3,,S,PAISAGISMO/URBANIZAÇÃO,UFCA,S0015,"BANCO CHAISE DE 200 CM, EM AÇO GALVANIZADO E MADEIRA, PARA MOBILIÁRIO URBANO. SEM PINTURA E INCLUSO INSTALAÇÃO.",UN,INSUMO,SINAPI,11002,"ELETRODO REVESTIDO AWS - E6013, DIAMETRO IGUAL A 2,50 MM                                                                                                                                                                                                                                                                                                                                                                                                                                                  ",KG,"0,8939","42,76","38,22",,,,,,,
HEAD3,,S,PAISAGISMO/URBANIZAÇÃO,UFCA,S0015,"BANCO CHAISE DE 200 CM, EM AÇO GALVANIZADO E MADEIRA, PARA MOBILIÁRIO URBANO. SEM PINTURA E INCLUSO INSTALAÇÃO.",UN,INSUMO,SINAPI,1318,"CHAPA DE ACO FINA A QUENTE BITOLA MSG 14, E = 2,00 MM (16,0 KG/M2)                                                                                                                                                                                                                                                                                                                                                                                                                                        ",KG,"0,5904","9,12","5,38",,,,,,,
HEAD3,,S,PAISAGISMO/URBANIZAÇÃO,UFCA,S0015,"BANCO CHAISE DE 200 CM, EM AÇO GALVANIZADO E MADEIRA, PARA MOBILIÁRIO URBANO. SEM PINTURA E INCLUSO INSTALAÇÃO.",UN,INSUMO,SINAPI,11057,"PARAFUSO ROSCA SOBERBA ZINCADO CABECA CHATA FENDA SIMPLES 4,8 X 40 MM (1.1/2 "")                                                                                                                                                                                                                                                                                                                                                                                                                           ",UN,"42,0000","0,13","5,46",,,,,,,
HEAD3,,S,PAISAGISMO/URBANIZAÇÃO,UFCA,S0015,"BANCO CHAISE DE 200 CM, EM AÇO GALVANIZADO E MADEIRA, PARA MOBILIÁRIO URBANO. SEM PINTURA E INCLUSO INSTALAÇÃO.",UN,INSUMO,SINAPI,4342,"PORCA ZINCADA, SEXTAVADA, DIAMETRO 3/8""                                                                                                                                                                                                                                                                                                                                                                                                                                                                   ",UN,"42,0000","0,26","10,92",,,,,,,
HEAD3,,S,PAISAGISMO/URBANIZAÇÃO,UFCA,S0015,"BANCO CHAISE DE 200 CM, EM AÇO GALVANIZADO E MADEIRA, PARA MOBILIÁRIO URBANO. SEM PINTURA E INCLUSO INSTALAÇÃO.",UN,INSUMO,SINAPI,11964,"PARAFUSO DE ACO ZINCADO, TIPO CHUMBADOR PARABOLT, DIAMETRO 3/8"", COMPRIMENTO 75 MM                                                                                                                                                                                                                                                                                                                                                                                                                        ",UN,"9,0000","2,80","25,20",,,,,,,
HEAD3,,S,PAISAGISMO/URBANIZAÇÃO,UFCA,S0015,"BANCO CHAISE DE 200 CM, EM AÇO GALVANIZADO E MADEIRA, PARA MOBILIÁRIO URBANO. SEM PINTURA E INCLUSO INSTALAÇÃO.",UN,INSUMO,SINAPI,20206,"SARRAFO APARELHADO *2 X 10* CM, EM MACARANDUBA/MASSARANDUBA, ANGELIM OU EQUIVALENTE DA REGIAO                                                                                                                                                                                                                                                                                                                                                                                                             ",M,"28,0000","9,28","259,84",,,,,,,
HEAD2,,S,PAISAGISMO/URBANIZAÇÃO,UFCA,S0014,"BANCO CHAISE DE 150 CM, EM AÇO E MADEIRA, PARA MOBILIÁRIO URBANO. SEM PINTURA E INCLUSO INSTALAÇÃO.",UN,,,,,,,,,0,"350,93","709,57",0,0,"1060,5",
HEAD3,,S,PAISAGISMO/URBANIZAÇÃO,UFCA,S0014,"BANCO CHAISE DE 150 CM, EM AÇO E MADEIRA, PARA MOBILIÁRIO URBANO. SEM PINTURA E INCLUSO INSTALAÇÃO.",UN,MOBRA,SINAPI,88317,SOLDADOR COM ENCARGOS COMPLEMENTARES,H,"3,2400","29,62","95,96",,,,,,,
HEAD3,,S,PAISAGISMO/URBANIZAÇÃO,UFCA,S0014,"BANCO CHAISE DE 150 CM, EM AÇO E MADEIRA, PARA MOBILIÁRIO URBANO. SEM PINTURA E INCLUSO INSTALAÇÃO.",UN,MOBRA,SINAPI,88309,PEDREIRO COM ENCARGOS COMPLEMENTARES,H,"1,1784","28,88","34,03",,,,,,,
HEAD3,,S,PAISAGISMO/URBANIZAÇÃO,UFCA,S0014,"BANCO CHAISE DE 150 CM, EM AÇO E MADEIRA, PARA MOBILIÁRIO URBANO. SEM PINTURA E INCLUSO INSTALAÇÃO.",UN,MOBRA,SINAPI,88251,AUXILIAR DE SERRALHEIRO COM ENCARGOS COMPLEMENTARES,H,"0,5892","23,22","13,68",,,,,,,
HEAD3,,S,PAISAGISMO/URBANIZAÇÃO,UFCA,S0014,"BANCO CHAISE DE 150 CM, EM AÇO E MADEIRA, PARA MOBILIÁRIO URBANO. SEM PINTURA E INCLUSO INSTALAÇÃO.",UN,MOBRA,SINAPI,88315,SERRALHEIRO COM ENCARGOS COMPLEMENTARES,H,"0,5912","28,66","16,94",,,,,,,
HEAD3,,S,PAISAGISMO/URBANIZAÇÃO,UFCA,S0014,"BANCO CHAISE DE 150 CM, EM AÇO E MADEIRA, PARA MOBILIÁRIO URBANO. SEM PINTURA E INCLUSO INSTALAÇÃO.",UN,MOBRA,SINAPI,88273,MARCENEIRO COM ENCARGOS COMPLEMENTARES,H,"6,8488","27,79","190,32",,,,,,,
HEAD3,,S,PAISAGISMO/URBANIZAÇÃO,UFCA,S0014,"BANCO CHAISE DE 150 CM, EM AÇO E MADEIRA, PARA MOBILIÁRIO URBANO. SEM PINTURA E INCLUSO INSTALAÇÃO.",UN,INSUMO,PP,PP1,Tubo quadrado metalon 50x50x2 mm - vara 6 metros,M,"15,1572","29,83","452,13",,,,,,,
HEAD3,,S,PAISAGISMO/URBANIZAÇÃO,UFCA,S0014,"BANCO CHAISE DE 150 CM, EM AÇO E MADEIRA, PARA MOBILIÁRIO URBANO. SEM PINTURA E INCLUSO INSTALAÇÃO.",UN,INSUMO,SINAPI,11002,"ELETRODO REVESTIDO AWS - E6013, DIAMETRO IGUAL A 2,50 MM                                                                                                                                                                                                                                                                                                                                                                                                                                                  ",KG,"0,7312","42,76","31,26",,,,,,,
HEAD3,,S,PAISAGISMO/URBANIZAÇÃO,UFCA,S0014,"BANCO CHAISE DE 150 CM, EM AÇO E MADEIRA, PARA MOBILIÁRIO URBANO. SEM PINTURA E INCLUSO INSTALAÇÃO.",UN,INSUMO,SINAPI,1318,"CHAPA DE ACO FINA A QUENTE BITOLA MSG 14, E = 2,00 MM (16,0 KG/M2)                                                                                                                                                                                                                                                                                                                                                                                                                                        ",KG,"0,3936","9,12","3,58",,,,,,,
HEAD3,,S,PAISAGISMO/URBANIZAÇÃO,UFCA,S0014,"BANCO CHAISE DE 150 CM, EM AÇO E MADEIRA, PARA MOBILIÁRIO URBANO. SEM PINTURA E INCLUSO INSTALAÇÃO.",UN,INSUMO,SINAPI,11057,"PARAFUSO ROSCA SOBERBA ZINCADO CABECA CHATA FENDA SIMPLES 4,8 X 40 MM (1.1/2 "")                                                                                                                                                                                                                                                                                                                                                                                                                           ",UN,"28,0000","0,13","3,64",,,,,,,
HEAD3,,S,PAISAGISMO/URBANIZAÇÃO,UFCA,S0014,"BANCO CHAISE DE 150 CM, EM AÇO E MADEIRA, PARA MOBILIÁRIO URBANO. SEM PINTURA E INCLUSO INSTALAÇÃO.",UN,INSUMO,SINAPI,4342,"PORCA ZINCADA, SEXTAVADA, DIAMETRO 3/8""                                                                                                                                                                                                                                                                                                                                                                                                                                                                   ",UN,"28,0000","0,26","7,28",,,,,,,
HEAD3,,S,PAISAGISMO/URBANIZAÇÃO,UFCA,S0014,"BANCO CHAISE DE 150 CM, EM AÇO E MADEIRA, PARA MOBILIÁRIO URBANO. SEM PINTURA E INCLUSO INSTALAÇÃO.",UN,INSUMO,SINAPI,11964,"PARAFUSO DE ACO ZINCADO, TIPO CHUMBADOR PARABOLT, DIAMETRO 3/8"", COMPRIMENTO 75 MM                                                                                                                                                                                                                                                                                                                                                                                                                        ",UN,"6,0000","2,80","16,80",,,,,,,
HEAD3,,S,PAISAGISMO/URBANIZAÇÃO,UFCA,S0014,"BANCO CHAISE DE 150 CM, EM AÇO E MADEIRA, PARA MOBILIÁRIO URBANO. SEM PINTURA E INCLUSO INSTALAÇÃO.",UN,INSUMO,SINAPI,20206,"SARRAFO APARELHADO *2 X 10* CM, EM MACARANDUBA/MASSARANDUBA, ANGELIM OU EQUIVALENTE DA REGIAO                                                                                                                                                                                                                                                                                                                                                                                                             ",M,"21,0000","9,28","194,88",,,,,,,
HEAD2,,S,PAISAGISMO/URBANIZAÇÃO,UFCA,S0016,"FORNECIMENTO DE MANGUEIRA MICROPERFURADA PARA JARDIM EM POLIETILENO LINEAR DE BAIXA DENSIDADE, PERFURADA A RAIO LASER, PARA IRRIGAÇÃO, COM d=28 MM",M,,,,,,,,,0,0,"1,29",0,0,"1,29",
HEAD3,,S,PAISAGISMO/URBANIZAÇÃO,UFCA,S0016,"FORNECIMENTO DE MANGUEIRA MICROPERFURADA PARA JARDIM EM POLIETILENO LINEAR DE BAIXA DENSIDADE, PERFURADA A RAIO LASER, PARA IRRIGAÇÃO, COM d=28 MM",M,INSUMO,ORSE,7899,"Mangueira em polietileno linear de baixa densidade, perfurada a raio laser, p ara irrigação, com ø=28mm, ref. I100/15, da Santeno ou similar",m,"1,0000","1,29","1,29",,,,,,,
HEAD1,,T,EQUIPAMENTOS,UFCA,,,,,,,,,,,,,,,,,,
HEAD2,,T,EQUIPAMENTOS,UFCA,T0001,"IMPLANTAÇÃO DE ESTAÇÃO DE TRATAMENTO DE ESGOTO. FORNECIMENTO, MONTAGEM E INSTALAÇÃO DE 01 (UMA) ESTAÇÃO DE TRATAMENTO DE ESGOTO, NÍVEL TERCIÁRIO, EM PRFV, COM VAZÃO MÉDIA DE 18,46 M³/DIA, PARA ATENDIMENTO AO HOSPITAL VETERINÁRIO UNIVERSITÁRIO DO CARIRI, CRATO, CEARÁ, CONFORME DOCUMENTOS ANEXOS AO EDITAL.",UN,,,,,,,,,0,0,0,0,307330,307330,
HEAD3,,T,EQUIPAMENTOS,UFCA,T0001,"IMPLANTAÇÃO DE ESTAÇÃO DE TRATAMENTO DE ESGOTO. FORNECIMENTO, MONTAGEM E INSTALAÇÃO DE 01 (UMA) ESTAÇÃO DE TRATAMENTO DE ESGOTO, NÍVEL TERCIÁRIO, EM PRFV, COM VAZÃO MÉDIA DE 18,46 M³/DIA, PARA ATENDIMENTO AO HOSPITAL VETERINÁRIO UNIVERSITÁRIO DO CARIRI, CRATO, CEARÁ, CONFORME DOCUMENTOS ANEXOS AO EDITAL.",UN,SERV,PP,PP13,"IMPLANTAÇÃO DE ESTAÇÃO DE TRATAMENTO DE ESGOTO. FORNECIMENTO, MONTAGEM E INSTALAÇÃO DE 01 (UMA) ESTAÇÃO DE TRATAMENTO DE ESGOTO, NÍVEL TERCIÁRIO, EM PRFV, COM VAZÃO MÉDIA DE 18,46 M³/DIA, PARA ATENDIMENTO AO HOSPITAL VETERINÁRIO UNIVERSITÁRIO DO CARIRI, CRATO, CEARÁ, CONFORME DOCUMENTOS ANEXOS AO EDITAL.",UN,"1,0000",307330,"307330,00",,,,,,,
HEAD1,,U,GERENCIAMENTO DE OBRAS/FISCALIZAÇÃO,UFCA,,,,,,,,,,,,,,,,,,
HEAD1,,V,FORRO,UFCA,,,,,,,,,,,,,,,,,,
HEAD2,,V,FORRO,UFCA,V0001,"FORRO DE FIBRA MINERAL EM PLACAS DE 1250 X 625 MM, E = 15 MM, BORDA RETA, COM PINTURA ANTIMOFO, APOIADO EM PERFIL DE ACO GALVANIZADO COM 24 MM DE BASE - INSTALADO",M2,,,,,,,,,0,0,"112,28",0,0,"112,28",
HEAD3,,V,FORRO,UFCA,V0001,"FORRO DE FIBRA MINERAL EM PLACAS DE 1250 X 625 MM, E = 15 MM, BORDA RETA, COM PINTURA ANTIMOFO, APOIADO EM PERFIL DE ACO GALVANIZADO COM 24 MM DE BASE - INSTALADO",M2,INSUMO,SINAPI,39512,"FORRO DE FIBRA MINERAL EM PLACAS DE 1250 X 625 MM, E = 15 MM, BORDA RETA, COM PINTURA ANTIMOFO, APOIADO EM PERFIL DE ACO GALVANIZADO COM 24 MM DE BASE - INSTALADO                                                                                                                                                                                                                                                                                                                                        ",M2,"1,0000","112,28","112,2800",,,,,,,
HEAD1,,W,AR CONDICIONADO,UFCA,,,,,,,,,,,,,,,,,,
HEAD2,,W,AR CONDICIONADO,UFCA,W0001,"FORNECIMENTO E INSTALAÇÃO DE TUBO DE BORRACHA ELASTOMÉRICA ARMAFLEX M-42 Ø 1 1/4""",M,,,,,,,,,0,"8,63","29,13",0,0,"37,76",Composição com base no Item ORSE 11393
HEAD3,,W,AR CONDICIONADO,UFCA,W0001,"FORNECIMENTO E INSTALAÇÃO DE TUBO DE BORRACHA ELASTOMÉRICA ARMAFLEX M-42 Ø 1 1/4""",M,MOBRA,SINAPI,100308,MECÂNICO DE REFRIGERAÇÃO COM ENCARGOS COMPLEMENTARES,H,"0,3","28,77","8,63",,,,,,,
HEAD3,,W,AR CONDICIONADO,UFCA,W0001,"FORNECIMENTO E INSTALAÇÃO DE TUBO DE BORRACHA ELASTOMÉRICA ARMAFLEX M-42 Ø 1 1/4""",M,INSUMO,ORSE,7227,"Tubo de borracha elastomérica Armaflex M-42  ø1.1/4""",m,"1,0000","29,13","29,13",,,,,,,
HEAD1,,X,PISO,UFCA,,,,,,,,,,,,,,,,,,
HEAD2,,X,PISO,UFCA,X0001,RODAPÉ EM PERFIL DE ALUMÍNIO - TIPO U - NA COR PRETA ,M,,,,,,,,,"11,94","9,60",,,,"21,54",
HEAD3,,X,PISO,UFCA,X0001,RODAPÉ EM PERFIL DE ALUMÍNIO - TIPO U - NA COR PRETA ,M,MOBRA,SINAPI,88316,SERVENTE COM ENCARGOS COMPLEMENTARES,H,"0,15","22,10","3,31",,,,,,,
HEAD3,,X,PISO,UFCA,X0001,RODAPÉ EM PERFIL DE ALUMÍNIO - TIPO U - NA COR PRETA ,M,MOBRA,SINAPI,88309,PEDREIRO COM ENCARGOS COMPLEMENTARES,H,"0,299","28,88","8,63",,,,,,,
HEAD3,,X,PISO,UFCA,X0001,RODAPÉ EM PERFIL DE ALUMÍNIO - TIPO U - NA COR PRETA ,M,INSUMO,SINAPI,37595,ARGAMASSA COLANTE TIPO AC III                                                                                                                                                                                                                                                                                                                                                                                                                                                                             ,KG,"0,4307","3,29","1,41",,,,,,,
HEAD3,,X,PISO,UFCA,X0001,RODAPÉ EM PERFIL DE ALUMÍNIO - TIPO U - NA COR PRETA ,M,INSUMO,SINAPI,34360,PERFIL DE ALUMINIO ANODIZADO                                                                                                                                                                                                                                                                                                                                                                                                                                                                              ,KG,"0,1919","42,69","8,19",,,,,,,
HEAD2,,X,PISO,UFCA,X0002,POLIMENTO DE PISO DE ALTA RESISTÊNCIA (EXISTENTE),M2,,,,,,,,,,,"0,37",,"30,00","30,37",
HEAD3,,X,PISO,UFCA,X0002,POLIMENTO DE PISO DE ALTA RESISTÊNCIA (EXISTENTE),M2,SERV,ORSE,14,Polimento de piso de alta resitência - existente,m2,"1,0000",30,"30,00",,,,,,,
HEAD3,,X,PISO,UFCA,X0002,POLIMENTO DE PISO DE ALTA RESISTÊNCIA (EXISTENTE),M2,INSUMO,SINAPI,1379,CIMENTO PORTLAND COMPOSTO CP II-32                                                                                                                                                                                                                                                                                                                                                                                                                                                                        ,KG,"0,5000","0,74","0,37",,,,,,,
HEAD2,,X,PISO,UFCA,X0003,ENCERAMENTO DE PISO DE ALTA RESISTÊNCIA (EXISTENTE),M2,,,,,,,,,,,,,"10,00",10,
HEAD3,,X,PISO,UFCA,X0003,ENCERAMENTO DE PISO DE ALTA RESISTÊNCIA (EXISTENTE),M2,SERV,ORSE,4890,Enceramento de piso  de alta resitência (existente),m2,"1,0000",10,"10,00",,,,,,,
HEAD2,,X,PISO,UFCA,X0004,"LASTRO DE CONCRETO MAGRO, APLICADO EM PISOS OU RADIERS, ESPESSURA DE 5CM COM MALHA 15 X 15 CM DE FERRO 5MM",M2,,,,,,,,,0,"9,47","13,25",0,"23,75","46,47",
HEAD3,,X,PISO,UFCA,X0004,"LASTRO DE CONCRETO MAGRO, APLICADO EM PISOS OU RADIERS, ESPESSURA DE 5CM COM MALHA 15 X 15 CM DE FERRO 5MM",M2,MOBRA,SINAPI,88309,PEDREIRO COM ENCARGOS COMPLEMENTARES,H,"0,2718","28,88","7,84",,,,,,,
HEAD3,,X,PISO,UFCA,X0004,"LASTRO DE CONCRETO MAGRO, APLICADO EM PISOS OU RADIERS, ESPESSURA DE 5CM COM MALHA 15 X 15 CM DE FERRO 5MM",M2,MOBRA,SINAPI,88316,SERVENTE COM ENCARGOS COMPLEMENTARES,H,"0,0741","22,10","1,63",,,,,,,
HEAD3,,X,PISO,UFCA,X0004,"LASTRO DE CONCRETO MAGRO, APLICADO EM PISOS OU RADIERS, ESPESSURA DE 5CM COM MALHA 15 X 15 CM DE FERRO 5MM",M2,SERV,SINAPI,94968,"CONCRETO MAGRO PARA LASTRO, TRAÇO 1:4,5:4,5 (EM MASSA SECA DE CIMENTO/ AREIA MÉDIA/ BRITA 1) - PREPARO MECÂNICO COM BETONEIRA 600 L. AF_05/2021",M3,"0,0565","420,53","23,75",,,,,,,
HEAD3,,X,PISO,UFCA,X0004,"LASTRO DE CONCRETO MAGRO, APLICADO EM PISOS OU RADIERS, ESPESSURA DE 5CM COM MALHA 15 X 15 CM DE FERRO 5MM",M2,INSUMO,SINAPI,21141,"TELA DE ACO SOLDADA NERVURADA, CA-60, Q-92, (1,48 KG/M2), DIAMETRO DO FIO = 4,2 MM, LARGURA = 2,45 X 60 M DE COMPRIMENTO, ESPACAMENTO DA MALHA = 15 X 15 CM                                                                                                                                                                                                                                                                                                                                               ",M2,"1,0000","13,25","13,25",,,,,,,
HEAD2,,X,PISO,UFCA,X0005,"PISO VINÍLICO EM MANTA, CONDUTIVO, DIM. 2,0 X 25,00M, E = 2MM, REF. IQ OPTIMA, DA TARKETT OU SIMILAR - FORNECIMENTO E INSTALAÇÃO, EXCLUSIVE REGULARIZAÇÃO DO PISO",M2,,,,,,,,,0,0,"454,86",0,0,"454,86","Referência: 12705/ORSE
(Piso vinílico em manta, condutivo, dim. 2,0 x 25,00m, e = 2mm, ref. IQ OPTIMA, da Tarkett ou similar - fornecimento e instalação, exclusive regularização do piso)"
HEAD3,,X,PISO,UFCA,X0005,"PISO VINÍLICO EM MANTA, CONDUTIVO, DIM. 2,0 X 25,00M, E = 2MM, REF. IQ OPTIMA, DA TARKETT OU SIMILAR - FORNECIMENTO E INSTALAÇÃO.",M2,INSUMO,ORSE,13467,"Piso vinílico em manta, condutivo, dim. 2,0 x 25,00m, e = 2mm, ref. IQ OPTIMA , da Tarkett ou similar - fornecimento e instalação",m2,"1,0000","454,86","454,86",,,,,,,
HEAD2,,X,PISO,UFCA,X0006,"RODAPÉ VINÍLICO FLEXÍVEL EM MANTA, ALTURA 10 CM. AF_09/2020",M,,,,,,,,,0,"14,68","184,13",0,0,"198,81",
HEAD3,,X,PISO,UFCA,X0006,"RODAPÉ VINÍLICO FLEXÍVEL EM MANTA, ALTURA 10 CM. AF_09/2020",M,MOBRA,SINAPI,88309,PEDREIRO COM ENCARGOS COMPLEMENTARES,H,"0,3680","28,88","10,62",,,,,,,Referência: SINAPI 98687 (ver no caderno sinapi)
HEAD3,,X,PISO,UFCA,X0006,"RODAPÉ VINÍLICO FLEXÍVEL EM MANTA, ALTURA 10 CM. AF_09/2020",M,MOBRA,SINAPI,88316,SERVENTE COM ENCARGOS COMPLEMENTARES,H,"0,1840","22,10","4,06",,,,,,,
HEAD3,,X,PISO,UFCA,X0006,"RODAPÉ VINÍLICO FLEXÍVEL EM MANTA, ALTURA 10 CM. AF_09/2020",M,INSUMO,ORSE,13467,"Piso vinílico em manta, condutivo, dim. 2,0 x 25,00m, e = 2mm, ref. IQ OPTIMA , da Tarkett ou similar - fornecimento e instalação",m2,"0,3480","454,86","158,29",,,,,,,
HEAD3,,X,PISO,UFCA,X0006,"RODAPÉ VINÍLICO FLEXÍVEL EM MANTA, ALTURA 10 CM. AF_09/2020",M,INSUMO,EMOP-RJ,11167,PERFIL DE ARREMATE PARA RODAPÉ DE PVC,M,"1,0150","10,6","10,75",,,,,,,
HEAD3,,X,PISO,UFCA,X0006,"RODAPÉ VINÍLICO FLEXÍVEL EM MANTA, ALTURA 10 CM. AF_09/2020",M,INSUMO,SEDOP-PA,D00513,Canto curvo,M,"1,0500","9,25","9,71",,,,,,,
HEAD3,,X,PISO,UFCA,X0006,"RODAPÉ VINÍLICO FLEXÍVEL EM MANTA, ALTURA 10 CM. AF_09/2020",M,INSUMO,SINAPI,4791,ADESIVO ACRILICO DE BASE AQUOSA / COLA DE CONTATO                                                                                                                                                                                                                                                                                                                                                                                                                                                         ,KG,"0,1130","47,65","5,38",,,,,,,
HEAD2,,X,PISO,UFCA,X0008,"REGULARIZAÇÃO DE PISO COM ARGAMASSA AUTONIVELANTE, APLICADO SOBRE CONTRAPISO, ADERIDO, ESPESSURA 3MM. ",M2,,,,,,,,,0,"37,04","39,27",0,0,"76,31",Referência para coeficiente de mão de obra: SEINFRA C1922
HEAD3,,X,PISO,UFCA,X0008,"REGULARIZAÇÃO DE PISO COM ARGAMASSA AUTONIVELANTE, APLICADO SOBRE CONTRAPISO, ADERIDO, ESPESSURA 3MM. ",M2,MOBRA,SINAPI,88309,PEDREIRO COM ENCARGOS COMPLEMENTARES,H,"0,9000","28,88","25,99",,,,,,,
HEAD3,,X,PISO,UFCA,X0008,"REGULARIZAÇÃO DE PISO COM ARGAMASSA AUTONIVELANTE, APLICADO SOBRE CONTRAPISO, ADERIDO, ESPESSURA 3MM. ",M2,MOBRA,SINAPI,88316,SERVENTE COM ENCARGOS COMPLEMENTARES,H,"0,5000","22,10","11,05",,,,,,,
HEAD3,,X,PISO,UFCA,X0008,"REGULARIZAÇÃO DE PISO COM ARGAMASSA AUTONIVELANTE, APLICADO SOBRE CONTRAPISO, ADERIDO, ESPESSURA 3MM. ",M2,INSUMO,PP,PP2,ARGAMASSA AUTONIVELANTE PARA PISOS,KG,"5,1000","7,7","39,27",,,,,,,
HEAD2,,X,PISO,UFCA,X0009,PREPARAÇÃO DE PISO COM PRIMER ACRÍLICO (REF. TARKOPRIMER OU SIMILAR),M2,,,,,,,,,0,"14,24","19,54",0,0,"33,78","Referência: composição
SINAP 102489"
HEAD3,,X,PISO,UFCA,X0009,"PREPARAÇÃO DE PISO COM PRIMER ACRÍLICO (REF. TARKOPRIMER OU SIMILAR), 2 DEMÃOS",M2,MOBRA,SINAPI,88310,PINTOR COM ENCARGOS COMPLEMENTARES,H,"0,3600","30,37","10,93",,,,,,,
HEAD3,,X,PISO,UFCA,X0009,"PREPARAÇÃO DE PISO COM PRIMER ACRÍLICO (REF. TARKOPRIMER OU SIMILAR), 2 DEMÃOS",M2,MOBRA,SINAPI,88316,SERVENTE COM ENCARGOS COMPLEMENTARES,H,"0,1500","22,10","3,31",,,,,,,
HEAD3,,X,PISO,UFCA,X0009,"PREPARAÇÃO DE PISO COM PRIMER ACRÍLICO (REF. TARKOPRIMER OU SIMILAR), 2 DEMÃOS",M2,INSUMO,SINAPI,12815,FITA CREPE ROLO DE 25 MM X 50 M                                                                                                                                                                                                                                                                                                                                                                                                                                                                           ,UN,"0,0140","8,04","0,11",,,,,,,
HEAD3,,X,PISO,UFCA,X0009,"PREPARAÇÃO DE PISO COM PRIMER ACRÍLICO (REF. TARKOPRIMER OU SIMILAR), 2 DEMÃOS",M2,INSUMO,PP,PP3,PRIMER BASE PREPARADOR DE SUPERFÍCIE PARA A APLICAÇÃO DE SOLUÇÕES NIVELANTES E AUTONIVELANTES,L,"0,5000","38,87","19,43",,,,,,,
HEAD2,,X,PISO,UFCA,X0010,"CONTRAPISO EM CONCRETO LEVE COM PÉROLAS DE EPS, 700 KG/M3",M3,,,,,,,,,0,"143,92","1014,64","1,55",0,"1160,11","Referência: Com base na composição SINAPI 103670, 87630 e 12810/ORSE"
HEAD3,,X,PISO,UFCA,X0010,"CONTRAPISO EM CONCRETO LEVE COM PÉROLAS DE EPS, 700 KG/M3",M3,MOBRA,SINAPI,88309,PEDREIRO COM ENCARGOS COMPLEMENTARES,H,"1,8460","28,88","53,31",,,,,,,
HEAD3,,X,PISO,UFCA,X0010,"CONTRAPISO EM CONCRETO LEVE COM PÉROLAS DE EPS, 700 KG/M3",M3,MOBRA,SINAPI,88316,SERVENTE COM ENCARGOS COMPLEMENTARES,H,"4,1000","22,10","90,61",,,,,,,
HEAD3,,X,PISO,UFCA,X0010,"CONTRAPISO EM CONCRETO LEVE COM PÉROLAS DE EPS, 700 KG/M3",M3,EQUIP,SINAPI,90586,"VIBRADOR DE IMERSÃO, DIÂMETRO DE PONTEIRA 45MM, MOTOR ELÉTRICO TRIFÁSICO POTÊNCIA DE 2 CV - CHP DIURNO. AF_06/2015",CHP,"0,6720","1,39","0,93",,,,,,,
HEAD3,,X,PISO,UFCA,X0010,"CONTRAPISO EM CONCRETO LEVE COM PÉROLAS DE EPS, 700 KG/M3",M3,EQUIP,SINAPI,90587,"VIBRADOR DE IMERSÃO, DIÂMETRO DE PONTEIRA 45MM, MOTOR ELÉTRICO TRIFÁSICO POTÊNCIA DE 2 CV - CHI DIURNO. AF_06/2015",CHI,"1,1740","0,53","0,62",,,,,,,
HEAD3,,X,PISO,UFCA,X0010,"CONTRAPISO EM CONCRETO LEVE COM PÉROLAS DE EPS, 700 KG/M3",M3,INSUMO,SINAPI,3410,ADESIVO / COLA PARA EPS (ISOPOR) E OUTROS MATERIAIS                                                                                                                                                                                                                                                                                                                                                                                                                                                       ,KG,"1,1000","34,31","37,74",,,,,,,
HEAD3,,X,PISO,UFCA,X0010,"CONTRAPISO EM CONCRETO LEVE COM PÉROLAS DE EPS, 700 KG/M3",M3,INSUMO,SINAPI,1379,CIMENTO PORTLAND COMPOSTO CP II-32                                                                                                                                                                                                                                                                                                                                                                                                                                                                        ,KG,"390,0000","0,74","288,60",,,,,,,
HEAD3,,X,PISO,UFCA,X0010,"CONTRAPISO EM CONCRETO LEVE COM PÉROLAS DE EPS, 700 KG/M3",M3,INSUMO,SINAPI,370,"AREIA MEDIA - POSTO JAZIDA/FORNECEDOR (RETIRADO NA JAZIDA, SEM TRANSPORTE)                                                                                                                                                                                                                                                                                                                                                                                                                                ",M3,"0,1180","130,00","15,34",,,,,,,
HEAD3,,X,PISO,UFCA,X0010,"CONTRAPISO EM CONCRETO LEVE COM PÉROLAS DE EPS, 700 KG/M3",M3,INSUMO,SINAPI,3411,"POLIESTIRENO EXPANDIDO/EPS (ISOPOR), PEROLAS, PARA CONCRETO LEVE                                                                                                                                                                                                                                                                                                                                                                                                                                          ",KG,"12,0000","56,08","672,96",,,,,,,
HEAD2,,X,PISO,UFCA,X0011,RODAPÉ CERÂMICO DE 7CM DE ALTURA COM PLACAS TIPO PORCELANATO,M,,,,,,,,,0,"2,84","15,09",0,0,"17,93",Referência: Com base na composição SINAPI 88649
HEAD3,,X,PISO,UFCA,X0011,RODAPÉ CERÂMICO DE 7CM DE ALTURA COM PLACAS TIPO PORCELANATO,M,MOBRA,SINAPI,88256,AZULEJISTA OU LADRILHISTA COM ENCARGOS COMPLEMENTARES,H,"0,0764","28,73","2,19",,,,,,,
HEAD3,,X,PISO,UFCA,X0011,RODAPÉ CERÂMICO DE 7CM DE ALTURA COM PLACAS TIPO PORCELANATO,M,MOBRA,SINAPI,88316,SERVENTE COM ENCARGOS COMPLEMENTARES,H,"0,0296","22,10","0,65",,,,,,,
HEAD3,,X,PISO,UFCA,X0011,RODAPÉ CERÂMICO DE 7CM DE ALTURA COM PLACAS TIPO PORCELANATO,M,INSUMO,SINAPI,34357,"REJUNTE CIMENTICIO, QUALQUER COR                                                                                                                                                                                                                                                                                                                                                                                                                                                                          ",KG,"0,0900","6,28","0,56",,,,,,,
HEAD3,,X,PISO,UFCA,X0011,RODAPÉ CERÂMICO DE 7CM DE ALTURA COM PLACAS TIPO PORCELANATO,M,INSUMO,SINAPI,37595,ARGAMASSA COLANTE TIPO AC III                                                                                                                                                                                                                                                                                                                                                                                                                                                                             ,KG,"0,6392","3,29","2,10",,,,,,,
HEAD3,,X,PISO,UFCA,X0011,RODAPÉ CERÂMICO DE 7CM DE ALTURA COM PLACAS TIPO PORCELANATO,M,INSUMO,SINAPI,45190,"PISO EM PORCELANATO, RETIFICADO, LISO, MONOCOLOR, ACETINADO OU POLIDO, FORMATO MAIOR QUE 2500 ATE 6400 CM2                                                                                                                                                                                                                                                                                                                                                                                                ",M2,"0,1500","82,90","12,43",,,,,,,
HEAD2,,X,PISO,UFCA,X0012,REVESTIMENTO CERÂMICO PARA PAREDES INTERNAS COM PLACAS TIPO PORCELANATO DE DIMENSÕES 45X45 CM APLICADAS NA ALTURA INTEIRA DAS PAREDES. ,M2,,,,,,,,,0,"25,27","106,88",0,0,"132,15",Referência: Com base na composição SINAPI 87269
HEAD3,,X,PISO,UFCA,X0012,REVESTIMENTO CERÂMICO PARA PAREDES INTERNAS COM PLACAS TIPO PORCELANATO DE DIMENSÕES 45X45 CM APLICADAS NA ALTURA INTEIRA DAS PAREDES. ,M2,MOBRA,SINAPI,88256,AZULEJISTA OU LADRILHISTA COM ENCARGOS COMPLEMENTARES,H,"0,6488","28,73","18,64",,,,,,,
HEAD3,,X,PISO,UFCA,X0012,REVESTIMENTO CERÂMICO PARA PAREDES INTERNAS COM PLACAS TIPO PORCELANATO DE DIMENSÕES 45X45 CM APLICADAS NA ALTURA INTEIRA DAS PAREDES. ,M2,MOBRA,SINAPI,88316,SERVENTE COM ENCARGOS COMPLEMENTARES,H,"0,3004","22,10","6,63",,,,,,,
HEAD3,,X,PISO,UFCA,X0012,REVESTIMENTO CERÂMICO PARA PAREDES INTERNAS COM PLACAS TIPO PORCELANATO DE DIMENSÕES 45X45 CM APLICADAS NA ALTURA INTEIRA DAS PAREDES. ,M2,INSUMO,SINAPI,34357,"REJUNTE CIMENTICIO, QUALQUER COR                                                                                                                                                                                                                                                                                                                                                                                                                                                                          ",KG,"0,2900","6,28","1,82",,,,,,,
HEAD3,,X,PISO,UFCA,X0012,REVESTIMENTO CERÂMICO PARA PAREDES INTERNAS COM PLACAS TIPO PORCELANATO DE DIMENSÕES 45X45 CM APLICADAS NA ALTURA INTEIRA DAS PAREDES. ,M2,INSUMO,SINAPI,37595,ARGAMASSA COLANTE TIPO AC III                                                                                                                                                                                                                                                                                                                                                                                                                                                                             ,KG,"4,9100","3,29","16,15",,,,,,,
HEAD3,,X,PISO,UFCA,X0012,REVESTIMENTO CERÂMICO PARA PAREDES INTERNAS COM PLACAS TIPO PORCELANATO DE DIMENSÕES 45X45 CM APLICADAS NA ALTURA INTEIRA DAS PAREDES. ,M2,INSUMO,SINAPI,45190,"PISO EM PORCELANATO, RETIFICADO, LISO, MONOCOLOR, ACETINADO OU POLIDO, FORMATO MAIOR QUE 2500 ATE 6400 CM2                                                                                                                                                                                                                                                                                                                                                                                                ",M2,"1,0725","82,90","88,91",,,,,,,
HEAD2,,X,PISO,UFCA,X0013,"PISO PODOTÁTIL INTERNO EM BORRACHA 25x25cm, ESPESSURA 5MM, FIXADO COM ADESIVO ACRÍLICO",M2,,,,,,,,,0,"18,41","228,05",0,0,"246,46",Referência: Com base na composição SINAPI 101736
HEAD3,,X,PISO,UFCA,X0013,"PISO PODOTÁTIL INTERNO EM BORRACHA 25x25cm, ESPESSURA 5MM, FIXADO COM
ADESIVO ACRÍLICO",M2,MOBRA,SINAPI,88316,SERVENTE COM ENCARGOS COMPLEMENTARES,H,"0,2015","22,10","4,45",,,,,,,
HEAD3,,X,PISO,UFCA,X0013,"PISO PODOTÁTIL INTERNO EM BORRACHA 25x25cm, ESPESSURA 5MM, FIXADO COM
ADESIVO ACRÍLICO",M2,MOBRA,SINAPI,88309,PEDREIRO COM ENCARGOS COMPLEMENTARES,H,"0,4836","28,88","13,96",,,,,,,
HEAD3,,X,PISO,UFCA,X0013,"PISO PODOTÁTIL INTERNO EM BORRACHA 25x25cm, ESPESSURA 5MM, FIXADO COM
ADESIVO ACRÍLICO",M2,INSUMO,SEINFRA,I8622,PISO TÁTIL ALERTA OU DIRECIONAL EMBORRACHADO COR PRETO,M2,"1,0600","189,81","201,19",,,,,,,
HEAD3,,X,PISO,UFCA,X0013,"PISO PODOTÁTIL INTERNO EM BORRACHA 25x25cm, ESPESSURA 5MM, FIXADO COM
ADESIVO ACRÍLICO",M2,INSUMO,SINAPI,4791,ADESIVO ACRILICO DE BASE AQUOSA / COLA DE CONTATO                                                                                                                                                                                                                                                                                                                                                                                                                                                         ,KG,"0,5637","47,65","26,86",VERIFICAR FIXAÇÃO,,,,,,
HEAD2,,X,PISO,UFCA,X0014,"PISO PODOTÁTIL EXTERNO EM PMC ESP. 3CM, ASSENTADO COM ARGAMASSA (FORNECIMENTO E ASSENTAMENTO)",M2,,,,,,,,,0,"69,75","84,07",0,0,"153,82",Composição elaborada com base no item SINAPI 101094. Insumo de piso PMC da SEINFRA
HEAD3,,X,PISO,UFCA,X0014,"PISO PODOTÁTIL EXTERNO EM PMC ESP. 3CM, ASSENTADO COM ARGAMASSA (FORNECIMENTO E ASSENTAMENTO)",M2,MOBRA,SINAPI,88309,PEDREIRO COM ENCARGOS COMPLEMENTARES,H,"1,7480","28,88","50,48",,,,,,,
HEAD3,,X,PISO,UFCA,X0014,"PISO PODOTÁTIL EXTERNO EM PMC ESP. 3CM, ASSENTADO COM ARGAMASSA (FORNECIMENTO E ASSENTAMENTO)",M2,MOBRA,SINAPI,88316,SERVENTE COM ENCARGOS COMPLEMENTARES,H,"0,8720","22,10","19,27",,,,,,,
HEAD3,,X,PISO,UFCA,X0014,"PISO PODOTÁTIL EXTERNO EM PMC ESP. 3CM, ASSENTADO COM ARGAMASSA (FORNECIMENTO E ASSENTAMENTO)",M2,INSUMO,SINAPI,37595,ARGAMASSA COLANTE TIPO AC III                                                                                                                                                                                                                                                                                                                                                                                                                                                                             ,KG,"4,8600","3,29","15,98",,,,,,,
HEAD3,,X,PISO,UFCA,X0014,"PISO PODOTÁTIL EXTERNO EM PMC ESP. 3CM, ASSENTADO COM ARGAMASSA (FORNECIMENTO E ASSENTAMENTO)",M2,INSUMO,SINAPI,1379,CIMENTO PORTLAND COMPOSTO CP II-32                                                                                                                                                                                                                                                                                                                                                                                                                                                                        ,KG,"0,9600","0,74","0,71",,,,,,,
HEAD3,,X,PISO,UFCA,X0014,"PISO PODOTÁTIL EXTERNO EM PMC ESP. 3CM, ASSENTADO COM ARGAMASSA (FORNECIMENTO E ASSENTAMENTO)",M2,INSUMO,SEINFRA,I8623,PISO TÁTIL ALERTA OU DIRECIONAL EM PMC (CONCRETO) ESP. 3cm,M2,"1,0000","67,38","67,38",,,,,,,
HEAD2,,X,PISO,UFCA,X0015,"EXECUÇÃO DE PASSEIO (CALCADA) PARA CICLOVIA COM PÓ XADREZ VERMELHO, DE CONCRETO COM CONCRETO MOLDADO IN LOCO, USINADO, ACABAMENTO CONVENCIONAL, ESPESSURA 6 CM, ARMADO",M2,,,,,,,,,0,"8,63","98,31",0,0,"106,94","Composição elaborada com base no item SINAPI 94993. Acréscimo de pó xadrez na mesma quantidade executada e medida na obra in loco, de 1,6 kg/m2"
HEAD3,,X,PISO,UFCA,X0015,"EXECUÇÃO DE PASSEIO (CALCADA) PARA CICLOVIA COM PÓ XADREZ VERMELHO, DE CONCRETO COM CONCRETO MOLDADO IN LOCO, USINADO, ACABAMENTO CONVENCIONAL, ESPESSURA 6 CM, ARMADO",M2,MOBRA,SINAPI,88309,PEDREIRO COM ENCARGOS COMPLEMENTARES,H,"0,0727","28,88","2,09",,,,,,,
HEAD3,,X,PISO,UFCA,X0015,"EXECUÇÃO DE PASSEIO (CALCADA) PARA CICLOVIA COM PÓ XADREZ VERMELHO, DE CONCRETO COM CONCRETO MOLDADO IN LOCO, USINADO, ACABAMENTO CONVENCIONAL, ESPESSURA 6 CM, ARMADO",M2,MOBRA,SINAPI,88316,SERVENTE COM ENCARGOS COMPLEMENTARES,H,"0,1704","22,10","3,76",,,,,,,
HEAD3,,X,PISO,UFCA,X0015,"EXECUÇÃO DE PASSEIO (CALCADA) PARA CICLOVIA COM PÓ XADREZ VERMELHO, DE CONCRETO COM CONCRETO MOLDADO IN LOCO, USINADO, ACABAMENTO CONVENCIONAL, ESPESSURA 6 CM, ARMADO",M2,MOBRA,SINAPI,88262,CARPINTEIRO DE FORMAS COM ENCARGOS COMPLEMENTARES,H,"0,0976","28,52","2,78",,,,,,,
HEAD3,,X,PISO,UFCA,X0015,"EXECUÇÃO DE PASSEIO (CALCADA) PARA CICLOVIA COM PÓ XADREZ VERMELHO, DE CONCRETO COM CONCRETO MOLDADO IN LOCO, USINADO, ACABAMENTO CONVENCIONAL, ESPESSURA 6 CM, ARMADO",M2,INSUMO,SINAPI,4517,"SARRAFO *2,5 X 7,5* CM EM PINUS, MISTA OU EQUIVALENTE DA REGIAO - BRUTA                                                                                                                                                                                                                                                                                                                                                                                                                                   ",M,"0,4500","3,87","1,74",,,,,,,
HEAD3,,X,PISO,UFCA,X0015,"EXECUÇÃO DE PASSEIO (CALCADA) PARA CICLOVIA COM PÓ XADREZ VERMELHO, DE CONCRETO COM CONCRETO MOLDADO IN LOCO, USINADO, ACABAMENTO CONVENCIONAL, ESPESSURA 6 CM, ARMADO",M2,INSUMO,SINAPI,5068,PREGO DE ACO POLIDO COM CABECA 17 X 21 (2 X 11)                                                                                                                                                                                                                                                                                                                                                                                                                                                           ,KG,"0,0240","13,77","0,33",,,,,,,
HEAD3,,X,PISO,UFCA,X0015,"EXECUÇÃO DE PASSEIO (CALCADA) PARA CICLOVIA COM PÓ XADREZ VERMELHO, DE CONCRETO COM CONCRETO MOLDADO IN LOCO, USINADO, ACABAMENTO CONVENCIONAL, ESPESSURA 6 CM, ARMADO",M2,INSUMO,SINAPI,7156,"TELA DE ACO SOLDADA NERVURADA, CA-60, Q-196, (3,11 KG/M2), DIAMETRO DO FIO = 5,0 MM, LARGURA = 2,45 M, ESPACAMENTO DA MALHA = 10 X 10 CM                                                                                                                                                                                                                                                                                                                                                                  ",M2,"1,0816","28,33","30,64",,,,,,,
HEAD3,,X,PISO,UFCA,X0015,"EXECUÇÃO DE PASSEIO (CALCADA) PARA CICLOVIA COM PÓ XADREZ VERMELHO, DE CONCRETO COM CONCRETO MOLDADO IN LOCO, USINADO, ACABAMENTO CONVENCIONAL, ESPESSURA 6 CM, ARMADO",M2,INSUMO,SINAPI,34492,"CONCRETO USINADO BOMBEAVEL, CLASSE DE RESISTENCIA C20, COM BRITA 0 E 1, SLUMP = 100 +/- 20 MM, EXCLUI SERVICO DE BOMBEAMENTO (NBR 8953)                                                                                                                                                                                                                                                                                                                                                                   ",M3,"0,0739","485,00","35,84",,,,,,,
HEAD3,,X,PISO,UFCA,X0015,"EXECUÇÃO DE PASSEIO (CALCADA) PARA CICLOVIA COM PÓ XADREZ VERMELHO, DE CONCRETO COM CONCRETO MOLDADO IN LOCO, USINADO, ACABAMENTO CONVENCIONAL, ESPESSURA 6 CM, ARMADO",M2,INSUMO,ORSE,2874,Pigmento em pó xadrez (500 g),kg,"1,6000","18,6","29,76",,,,,,,
HEAD2,,X,PISO,UFCA,X0016,ESPAÇADOR 3MM TIPO CRUZETA PARA APLICAÇÃO DE REVESTIMENTO CERÂMICO EM PISO E EM PAREDE,M2,,,,,,,,,0,"0,36",0,0,0,"0,36","Item faltante da composição de cerâmica, conforme caderno do SINAPI, que coloca 12/m2"
HEAD3,,X,PISO,UFCA,X0016,ESPAÇADOR 3MM TIPO CRUZETA PARA APLICAÇÃO DE REVESTIMENTO CERÂMICO EM PISO E EM PAREDE,M2,MOBRA,PP,PP10,ESPAÇADOR 3 MM DE PLÁSTICO PARA CERÂMICA TIPO CRUZETA,UN,"12,0000","0,03","0,36",,,,,,,
HEAD2,,X,PISO,UFCA,X0017,ESPAÇADOR NIVELADOR 1 MM COM CUNHA PARA APLICAÇÃO DE REVESTIMENTO DE PORCELANATO EM PISO E EM PAREDE,M2,,,,,,,,,0,"2,1",0,0,0,"2,1","Item faltante da composição de cerâmica, conforme caderno do SINAPI, que coloca 12/m2"
HEAD3,,X,PISO,UFCA,X0017,ESPAÇADOR NIVELADOR 1 MM COM CUNHA PARA APLICAÇÃO DE REVESTIMENTO DE PORCELANATO EM PISO E EM PAREDE,M2,MOBRA,PP,PP11,ESPAÇADOR NIVELADOR SLIM 1 MM PARA PORCELANATO,UN,"20,0000","0,1","2,00",,,,,,,
HEAD3,,X,PISO,UFCA,X0017,ESPAÇADOR NIVELADOR 1 MM COM CUNHA PARA APLICAÇÃO DE REVESTIMENTO DE PORCELANATO EM PISO E EM PAREDE,M2,MOBRA,PP,PP12,CUNHA PARA NIVELAMENTO DE PORCELANATO,UN,"0,4400","0,23","0,10",,,,,,,
HEAD1,,Y,"INSTALAÇÕES ESPECIAIS (SOM, ALARME, CFTV, DENTRE OUTROS)",UFCA,,,,,,,,,,,,,,,,,,