chave_estavel,codigo,codigo_original,descricao,ordem,tipo,folha_mensuravel
f9e08691-9066-53e8-b254-f9423838e9f4,,,SERVIÇOS PRELIMINARES/TÉCNICOS,1,grupo,False
57bd3935-2115-5f8d-99b3-31acea266f75,,,ART OBRA (EXECUÇÃO),2,item,False
facf1d78-696a-5ef4-85f5-2f6d364fed8a,,,ART DA FISCALIZAÇÃO,3,item,False
3868ae51-bb3f-53ca-b298-fff2746b22d6,,,RRT DA FISCALIZAÇÃO,4,item,False
2b226ee1-ed50-5220-bbf0-a6a298f14bc4,UFCA:B0033,B0033,ALVARÁ DE CONSTRUÇÃO,5,item,True
ee1d20f5-44c5-53dd-a58f-17951531111c,UFCA:B0022,B0022,"ADMINISTRAÇÃO DA OBRA (ENGENHEIRO CIVIL, MESTRE, ALMOXARIFE E VIGIA), ENCARGOS = 115,02% e 71,66%",6,item,True
0d9803cc-61a8-5e1a-91de-0e9cc5b68352,UFCA:B0016,B0016,SONDAGEM À PERCUSSÃO P/RECONHECIMENTO DO SUBSOLO,7,item,True
bc0d8e4d-d20d-5bff-aa68-3499fc001b20,UFCA:B0049,B0049,RELATÓRIO FINAL DE SONDAGEM DO SOLO,8,item,True
dfbd3806-034a-5585-8e26-b9ec4a1ce81e,UFCA:B0045,B0045,"EXECUÇÃO DE ESCRITÓRIO EM CANTEIRO DE OBRA EM CHAPA DE MADEIRA COMPENSADA, ÁREA DE 40M2",9,item,True
bc81773b-07e4-5a80-845f-2a97b6f04284,UFCA:B0046,B0046,"EXECUÇÃO DE ALMOXARIFADO EM CANTEIRO DE OBRA EM CHAPA DE MADEIRA COMPENSADA, ÁREA DE 66M2",10,item,True
17c43b56-25a4-5ab7-b882-5b9929ff6efb,UFCA:B0047,B0047,EXECUÇÃO DE REFEITÓRIO EM CANTEIRO DE OBRA EM CHAPA DE MADEIRA COMPENSADA,11,item,True
fd55c43c-e875-5335-a167-cce98ccb31f1,UFCA:B0048,B0048,EXECUÇÃO DE SANITÁRIO E VESTIÁRIO EM CANTEIRO DE OBRA EM CHAPA DE MADEIRA COMPENSADA,12,item,True
420b8afd-5d4b-50cf-b63e-198b18b95289,UFCA:B0030,B0030,PLACA DE OBRA EM CHAPA DE AÇO GALVANIZADO,13,item,True
59d8b36f-ffd9-50eb-bdbc-3ebb916d58c5,UFCA:B0031,B0031,LOCAÇÃO DA OBRA COM AUXÍLIO TOPOGRÁFICO,14,item,True
09f217e4-296f-56c9-a29d-c2df010c4f8e,SINAPI:99059,99059,"LOCAÇÃO CONVENCIONAL DE OBRA, UTILIZANDO GABARITO DE TÁBUAS CORRIDAS PONTALETADAS A CADA 2,00M - 2 UTILIZAÇÕES. AF_03/2024",15,item,True
e4319c53-4fb3-5d5a-af53-96b3de052a7c,SINAPI:99059,99059,"LOCAÇÃO CONVENCIONAL DE OBRA, UTILIZANDO GABARITO DE TÁBUAS CORRIDAS PONTALETADAS A CADA 2,00M - 2 UTILIZAÇÕES. AF_03/2024",16,item,True
88b311fd-e23b-5727-9cd5-a9e0e7a080ad,SINAPI:99060,99060,"LOCAÇÃO COM CAVALETE COM ALTURA DE 1,00 M - 2 UTILIZAÇÕES. AF_03/2024",17,item,True
7772f834-c2fe-52c7-9e8f-6a8a4057c32a,SINAPI:99061,99061,"LOCAÇÃO COM CAVALETE COM ALTURA DE 0,50 M - 2 UTILIZAÇÕES. AF_03/2024",18,item,True
eda63199-f6a8-5182-8920-515284710929,SINAPI:98525,98525,"LIMPEZA MECANIZADA DE CAMADA VEGETAL, VEGETAÇÃO E PEQUENAS ÁRVORES (DIÂMETRO DE TRONCO MENOR QUE 0,20 M), COM TRATOR DE ESTEIRAS. AF_03/2024",19,item,True
07ab67d4-ac7f-5bf8-af41-66cc73035a04,SINAPI:98524,98524,LIMPEZA MANUAL DE VEGETAÇÃO EM TERRENO COM ENXADA. AF_03/2024,20,item,True
ecfbb138-6681-508a-b9b1-a8608eb05d9f,SINAPI:100981,100981,"CARGA, MANOBRA E DESCARGA DE ENTULHO EM CAMINHÃO BASCULANTE 6 M³ - CARGA COM ESCAVADEIRA HIDRÁULICA (CAÇAMBA DE 0,80 M³ / 111 HP) E DESCARGA LIVRE (UNIDADE: M3). AF_07/2020",21,item,True
902e753d-a95c-50ea-a212-641e5dfd73b3,UFCA:B0037,B0037,REMOÇÃO DE CERCAS,22,item,True
6c22659c-c6f9-58f2-829c-67e0b567a146,SINAPI:95967,95967,SERVIÇOS TÉCNICOS ESPECIALIZADOS PARA ACOMPANHAMENTO DE EXECUÇÃO DE FUNDAÇÕES PROFUNDAS E ESTRUTURAS DE CONTENÇÃO,23,item,True
590b60bd-10cc-5bcc-8ff8-94ab6e7108ce,,,MOVIMENTO DE TERRA,24,grupo,False
6fbe472a-37da-5caa-89a5-0f806bea2500,SINAPI:101136,101136,"ESCAVAÇÃO HORIZONTAL, INCLUINDO CARGA, DESCARGA E TRANSPORTE EM SOLO DE 1A CATEGORIA COM TRATOR DE ESTEIRAS (170HP/LÂMINA: 5,20M3) E CAMINHÃO BASCULANTE DE 10M3, DMT ATÉ 200M. AF_07/2020",25,item,True
94499e1d-4750-5b84-9228-ace253756ac1,UFCA:C0001,C0001,EXECUÇÃO E COMPACTAÇÃO DE ATERRO COM SOLO PREDOMINANTEMENTE ARGILOSO - INCLUSIVE SOLO.,26,item,True
c05c1bed-1151-535e-ac46-78d413c2df03,SINAPI:101116,101116,"ESCAVAÇÃO HORIZONTAL EM SOLO DE 1A CATEGORIA COM TRATOR DE ESTEIRAS (170HP/LÂMINA: 5,20M3). AF_07/2020",27,item,True
03f3a515-4da2-5a75-b2c8-0155e78ddc2f,SINAPI:90106,90106,"ESCAVAÇÃO MECANIZADA DE VALA COM PROFUNDIDADE ATÉ 1,5 M (MÉDIA MONTANTE E JUSANTE/UMA COMPOSIÇÃO POR TRECHO), RETROESCAV. (0,26 M3), LARGURA DE 0,8 M A 1,5 M, EM SOLO DE 1A CATEGORIA, LOCAIS COM BAIXO NÍVEL DE INTERFERÊNCIA. AF_09/2024",28,item,True
f90e0d38-aeda-5fa6-8148-d9357467c499,SINAPI:104735,104735,"REATERRO MECANIZADO DE VALA COM RETROESCAVADEIRA (CAPACIDADE DA CAÇAMBA DA RETRO: 0,26 M³/POTÊNCIA: 88 HP), LARGURA ATÉ 0,8 M, PROFUNDIDADE DE 1,5 A 3,0 M, COM SOLO (SEM SUBSTITUIÇÃO) DE 1ª CATEGORIA, COM PLACA VIBRATÓRIA. AF_08/2023",29,item,True
0a15d993-bb40-59a2-b0b2-ba6e8882eaad,SINAPI:93358,93358,ESCAVAÇÃO MANUAL DE VALA. AF_09/2024,30,item,True
2afc926b-1a4b-568a-8ed6-6d34db540465,SINAPI:93382,93382,"REATERRO MANUAL DE VALAS, COM COMPACTADOR DE SOLOS DE PERCUSSÃO. AF_08/2023",31,item,True
ba407b53-f11c-5919-a61b-5131be1c4af9,,,INFRA-ESTRUTURA/FUNDAÇÕES SIMPLES,32,grupo,False
e843fcda-9611-53d5-baf9-a4c28db3c636,UFCA:D0001,D0001,"ALVENARIA DE CONTENÇÃO EM PEDRA RACHÃO OU PEDRA DE MÃO, ASSENTADA COM ARGAMASSA TRAÇO 1:4 (CIMENTO E AREIA)",33,item,True
1ef831a2-6319-5b49-a713-bd397932add0,UFCA:D0002,D0002,"ALVENARIA DE CONTENÇÃO EM PEDRA RACHÃO OU PEDRA DE MÃO ARRUMADA, ASSENTADA COM ARGAMASSA TRAÇO 1:4 (CIMENTO E AREIA)",34,item,True
529403b2-2b54-5ffe-bfed-7581798f4d06,SINAPI:101165,101165,"ALVENARIA DE EMBASAMENTO COM BLOCO ESTRUTURAL DE CONCRETO, DE 14X19X29CM E ARGAMASSA DE ASSENTAMENTO COM PREPARO EM BETONEIRA. AF_05/2020",35,item,True
3adb18d6-4f84-543a-92ef-614d952f209e,SINAPI:102722,102722,"DRENO EM MURO DE CONTENÇÃO, EXECUTADO NO PÉ DO MURO, COM TUBO DE PEAD CORRUGADO FLEXÍVEL PERFURADO, ENCHIMENTO COM BRITA, ENVOLVIDO COM MANTA GEOTÊXTIL. AF_07/2021",36,item,True
335a8004-a626-5f67-9cfc-370a157cf728,SINAPI:103685,103685,"CONCRETAGEM DE MURETAS, FCK=25 MPA, COM USO DE BOMBA - LANÇAMENTO, ADENSAMENTO E ACABAMENTO. AF_02/2022_PS",37,item,True
d0321d1f-7abd-54dc-9074-ac09f8892842,SINAPI:94962,94962,"CONCRETO MAGRO PARA LASTRO, TRAÇO 1:4,5:4,5 (EM MASSA SECA DE CIMENTO/ AREIA MÉDIA/ BRITA 1) - PREPARO MECÂNICO COM BETONEIRA 400 L. AF_05/2021",38,item,True
c9ef60f2-52a7-5fc1-a197-bee411d64222,SINAPI:94965,94965,"CONCRETO FCK = 25MPA, TRAÇO 1:2,3:2,7 (EM MASSA SECA DE CIMENTO/ AREIA MÉDIA/ BRITA 1) - PREPARO MECÂNICO COM BETONEIRA 400 L. AF_05/2021",39,item,True
1859e854-94fe-5dc4-bb7d-661e6827c6f8,SINAPI:103670,103670,"LANÇAMENTO COM USO DE BALDES, ADENSAMENTO E ACABAMENTO DE CONCRETO EM ESTRUTURAS. AF_02/2022",40,item,True
a4340ac5-2e02-522d-ab3a-d2e32447f475,SINAPI:96543,96543,ARMAÇÃO DE BLOCO UTILIZANDO AÇO CA-60 DE 5 MM - MONTAGEM. AF_01/2024,41,item,True
910226e9-621d-5dd3-a508-00b3936f0181,SINAPI:96544,96544,"ARMAÇÃO DE BLOCO UTILIZANDO AÇO CA-50 DE 6,3 MM - MONTAGEM. AF_01/2024",42,item,True
ef17bec9-2881-50a3-bf36-a89079566194,SINAPI:96545,96545,ARMAÇÃO DE BLOCO UTILIZANDO AÇO CA-50 DE 8 MM - MONTAGEM. AF_01/2024,43,item,True
ea5b56b7-913a-5eb7-88db-8bf72bcfca7f,SINAPI:96546,96546,ARMAÇÃO DE BLOCO UTILIZANDO AÇO CA-50 DE 10 MM - MONTAGEM. AF_01/2024,44,item,True
b7d80699-1972-54a0-a2a9-d253735dffb2,SINAPI:104920,104920,"ARMAÇÃO DE BLOCO, SAPATA ISOLADA, VIGA BALDRAME E SAPATA CORRIDA UTILIZANDO AÇO CA-50 DE 12,5 MM - MONTAGEM. AF_01/2024",45,item,True
0b414327-d460-5745-b12d-08f993ac6467,UFCA:B0029,B0029,CONTROLE TECNOLÓGICO DE CONCRETO C/ ROMPIMENTO DE CORPO DE PROVA À COMPRESSÃO,46,item,True
e1b8a763-899e-563a-8104-d7b948845bfd,SINAPI:96525,96525,ESCAVAÇÃO MECANIZADA PARA VIGA BALDRAME OU SAPATA CORRIDA COM MINI-ESCAVADEIRA (INCLUINDO ESCAVAÇÃO PARA COLOCAÇÃO DE FÔRMAS). AF_01/2024,47,item,True
297590ad-addd-5b6b-a8db-d06192b7fa02,SINAPI:96521,96521,ESCAVAÇÃO MECANIZADA PARA BLOCO DE COROAMENTO OU SAPATA COM RETROESCAVADEIRA (INCLUINDO ESCAVAÇÃO PARA COLOCAÇÃO DE FÔRMAS). AF_01/2024,48,item,True
39ecde2a-520c-58e9-bbdf-5154ac2c0d57,SINAPI:96557,96557,"CONCRETAGEM DE BLOCO DE COROAMENTO OU VIGA BALDRAME, FCK 30 MPA, COM USO DE BOMBA - LANÇAMENTO, ADENSAMENTO E ACABAMENTO. AF_01/2024",49,item,True
1b38915a-bc38-54a5-bb5d-8b0b020c9184,SINAPI:96558,96558,"CONCRETAGEM DE SAPATA, FCK 30 MPA, COM USO DE BOMBA - LANÇAMENTO, ADENSAMENTO E ACABAMENTO. AF_01/2024",50,item,True
0efe0efe-cbf3-5aad-8320-6bd04c1867db,SINAPI:104918,104918,"ARMAÇÃO DE SAPATA ISOLADA, VIGA BALDRAME E SAPATA CORRIDA UTILIZANDO AÇO CA-50 DE 8 MM - MONTAGEM. AF_01/2024",51,item,True
65a8683f-00d2-5bb1-9921-e8e4e5872291,SINAPI:104916,104916,"ARMAÇÃO DE SAPATA ISOLADA, VIGA BALDRAME E SAPATA CORRIDA UTILIZANDO AÇO CA-60 DE 5 MM - MONTAGEM. AF_01/2024",52,item,True
6cf5ce81-54d6-568d-8482-038e47a61bea,SINAPI:104917,104917,"ARMAÇÃO DE SAPATA ISOLADA, VIGA BALDRAME E SAPATA CORRIDA UTILIZANDO AÇO CA-50 DE 6,3 MM - MONTAGEM. AF_01/2024",53,item,True
11873b70-5a3b-528b-8041-4b85a37e1661,SINAPI:96541,96541,"FABRICAÇÃO, MONTAGEM E DESMONTAGEM DE FÔRMA PARA SAPATA, EM CHAPA DE MADEIRA COMPENSADA RESINADA, E=17 MM, 4 UTILIZAÇÕES. AF_01/2024",54,item,True
91e07404-712a-5c68-a75b-26f4a9d41543,SINAPI:96536,96536,"FABRICAÇÃO, MONTAGEM E DESMONTAGEM DE FÔRMA PARA VIGA BALDRAME, EM MADEIRA SERRADA, E=25 MM, 4 UTILIZAÇÕES. AF_01/2024",55,item,True
ad0b9811-1d92-5fc5-bb4a-5621f8753880,SINAPI:96619,96619,"LASTRO DE CONCRETO MAGRO, APLICADO EM BLOCOS DE COROAMENTO OU SAPATAS, ESPESSURA DE 5 CM. AF_01/2024",56,item,True
455775ad-7134-5c57-8a7c-a324c83d668d,SINAPI:95601,95601,"ARRASAMENTO MECANICO DE ESTACA DE CONCRETO ARMADO, DIAMETROS DE ATÉ 40 CM. AF_05/2021",57,item,True
5f39003d-c045-5ee1-92e2-e7d60a8351df,SINAPI:95967,95967,SERVIÇOS TÉCNICOS ESPECIALIZADOS PARA ACOMPANHAMENTO DE EXECUÇÃO DE FUNDAÇÕES PROFUNDAS E ESTRUTURAS DE CONTENÇÃO,58,item,True
01d58cd6-9530-57e3-bc24-5b4a4bffd591,SINAPI:96534,96534,"FABRICAÇÃO, MONTAGEM E DESMONTAGEM DE FÔRMA PARA BLOCO DE COROAMENTO, EM MADEIRA SERRADA, E=25 MM, 4 UTILIZAÇÕES. AF_01/2024",59,item,True
bacfae2d-c33f-541d-b1f5-ddd1e3e8548b,SINAPI:92759,92759,"ARMAÇÃO DE PILAR OU VIGA DE ESTRUTURA CONVENCIONAL DE CONCRETO ARMADO UTILIZANDO AÇO CA-60 DE 5,0 MM - MONTAGEM. AF_06/2022",60,item,True
2f000b88-cc19-5025-8041-182ed25108c2,SINAPI:104919,104919,"ARMAÇÃO DE SAPATA ISOLADA, VIGA BALDRAME E SAPATA CORRIDA UTILIZANDO AÇO CA-50 DE 10 MM - MONTAGEM. AF_01/2024",61,item,True
631d11a5-5b0b-5427-a270-2e4ff07b30d1,SINAPI:100896,100896,"ESTACA ESCAVADA MECANICAMENTE, SEM FLUIDO ESTABILIZANTE, COM 25CM DE DIÂMETRO, CONCRETO LANÇADO POR CAMINHÃO BETONEIRA (EXCLUSIVE MOBILIZAÇÃO E DESMOBILIZAÇÃO). AF_01/2020_PA",62,item,True
1fbc5c06-f5d4-58d8-96c5-d1d36cf958fd,SINAPI:92762,92762,"ARMAÇÃO DE PILAR OU VIGA DE ESTRUTURA CONVENCIONAL DE CONCRETO ARMADO UTILIZANDO AÇO CA-50 DE 10,0 MM - MONTAGEM. AF_06/2022",63,item,True
cec42581-d33e-5885-a122-befb7211b4a3,,,FUNDAÇÕES ESPECIAIS,64,grupo,False
c2d3bc41-1490-5415-b311-c9e676326e9e,UFCA:B0027,B0027,MOBILIZAÇÃO DE PERFURATRIZ DE ALGUMA CAPITAL DO NORDESTE,65,item,True
292b2f28-11c1-581a-850c-a07ec89e8e0b,UFCA:B0028,B0028,DESMOBILIZAÇÃO DE PERFURATRIZ DE ALGUMA CAPITAL DO NORDESTE,66,item,True
a88a7a4c-482b-5f96-a9fc-5f97a7ea9213,,,SUPERESTRUTURA,67,grupo,False
b4c9b201-61ed-5824-9360-35d2df269421,,,ESTRUTURAS METÁLICAS,68,grupo,False
4cde272c-db76-5f06-a62a-ed75e9ac0a46,SINAPI:100775,100775,"ESTRUTURA TRELIÇADA DE COBERTURA, TIPO FINK, COM LIGAÇÕES SOLDADAS, INCLUSOS PERFIS METÁLICOS, CHAPAS METÁLICAS, MÃO DE OBRA E TRANSPORTE COM GUINDASTE - FORNECIMENTO E INSTALAÇÃO. AF_01/2020_PSA",69,item,True
ec15fdae-5072-553d-abe8-b66cb0752c76,UFCA:i0001,i0001,"TELHAMENTO COM TELHA METÁLICA TERMOISOLANTE REVESTIDA EM ACO GALVALUME, FACE SUPERIOR TRAPEZOIDAL, NÚCLEO EM POLIISOCIANURATO (PIR), E = 50 MM, COM ATÉ 2 ÁGUAS, INCLUSO IÇAMENTO, ACESSÓRIOS E FIXAÇÃO",70,item,True
d9e38f8b-d9e5-5335-a4e4-d062fc9abff7,SINAPI:94213,94213,"TELHAMENTO COM TELHA DE AÇO/ALUMÍNIO E = 0,5 MM, COM ATÉ 2 ÁGUAS, INCLUSO IÇAMENTO. AF_07/2019",71,item,True
b0e58d46-30ab-5d86-900c-29d85702a129,SINAPI:94229,94229,"CALHA EM CHAPA DE AÇO GALVANIZADO NÚMERO 24, DESENVOLVIMENTO DE 100 CM, INCLUSO TRANSPORTE VERTICAL. AF_07/2019",72,item,True
597d4a55-f700-5b7b-b2b1-06ab2d5a77fe,SINAPI:92606,92606,"FABRICAÇÃO E INSTALAÇÃO DE TESOURA INTEIRA EM AÇO, VÃO DE 5 M, PARA TELHA ONDULADA DE FIBROCIMENTO, METÁLICA, PLÁSTICA OU TERMOACÚSTICA, INCLUSO IÇAMENTO. AF_07/2019",73,item,True
184ffc67-b5d7-51c0-91da-ec18f30cd003,,,ESTRUTURAS DE CONCRETO ARMADO,74,grupo,False
c28bebf3-9059-5e71-aac0-2231bdd2b731,SINAPI:94965,94965,"CONCRETO FCK = 25MPA, TRAÇO 1:2,3:2,7 (EM MASSA SECA DE CIMENTO/ AREIA MÉDIA/ BRITA 1) - PREPARO MECÂNICO COM BETONEIRA 400 L. AF_05/2021",75,item,True
f8eccf4e-e6a0-59a4-bff4-db296c75e5b3,SINAPI:103670,103670,"LANÇAMENTO COM USO DE BALDES, ADENSAMENTO E ACABAMENTO DE CONCRETO EM ESTRUTURAS. AF_02/2022",76,item,True
dcab0eaa-8de8-519d-a941-fa43a8e2c679,SINAPI:92443,92443,"MONTAGEM E DESMONTAGEM DE FÔRMA DE PILARES RETANGULARES E ESTRUTURAS SIMILARES, PÉ-DIREITO SIMPLES, EM CHAPA DE MADEIRA COMPENSADA PLASTIFICADA, 18 UTILIZAÇÕES. AF_09/2020",77,item,True
56993880-8e7a-5d05-bdce-bf6792a088fa,SINAPI:92480,92480,"MONTAGEM E DESMONTAGEM DE FÔRMA DE VIGA, ESCORAMENTO METÁLICO, PÉ-DIREITO SIMPLES, EM CHAPA DE MADEIRA PLASTIFICADA, 18 UTILIZAÇÕES. AF_09/2020",78,item,True
d1db6d51-4d41-5013-a4eb-75e6c40a4d9f,SINAPI:92522,92522,"MONTAGEM E DESMONTAGEM DE FÔRMA DE LAJE MACIÇA, PÉ-DIREITO SIMPLES, EM CHAPA DE MADEIRA COMPENSADA RESINADA, 8 UTILIZAÇÕES. AF_09/2020",79,item,True
c909754c-0a3d-5547-bc05-7b0b92c2babc,SINAPI:92526,92526,"MONTAGEM E DESMONTAGEM DE FÔRMA DE LAJE MACIÇA, PÉ-DIREITO SIMPLES, EM CHAPA DE MADEIRA COMPENSADA PLASTIFICADA, 10 UTILIZAÇÕES. AF_09/2020",80,item,True
98510efe-95e3-5376-b00a-cb2a0bb999be,SINAPI:103672,103672,"CONCRETAGEM DE PILARES, FCK = 25 MPA, COM USO DE BOMBA - LANÇAMENTO, ADENSAMENTO E ACABAMENTO. AF_02/2022_PS",81,item,True
84d9f9c9-c801-5f6d-8ca4-5e8b9850db24,SINAPI:103675,103675,"CONCRETAGEM DE VIGAS E LAJES, FCK=25 MPA, PARA LAJES MACIÇAS OU NERVURADAS COM USO DE BOMBA - LANÇAMENTO, ADENSAMENTO E ACABAMENTO. AF_02/2022_PS",82,item,True
a67a5b4c-e4cf-5a71-8087-5b0fc895d2be,SINAPI:92759,92759,"ARMAÇÃO DE PILAR OU VIGA DE ESTRUTURA CONVENCIONAL DE CONCRETO ARMADO UTILIZANDO AÇO CA-60 DE 5,0 MM - MONTAGEM. AF_06/2022",83,item,True
f264a633-8763-55e7-9611-ac49b72710ce,SINAPI:92760,92760,"ARMAÇÃO DE PILAR OU VIGA DE ESTRUTURA CONVENCIONAL DE CONCRETO ARMADO UTILIZANDO AÇO CA-50 DE 6,3 MM - MONTAGEM. AF_06/2022",84,item,True
33960ef7-64d5-5066-9230-988832a75cc5,SINAPI:92761,92761,"ARMAÇÃO DE PILAR OU VIGA DE ESTRUTURA CONVENCIONAL DE CONCRETO ARMADO UTILIZANDO AÇO CA-50 DE 8,0 MM - MONTAGEM. AF_06/2022",85,item,True
f977798a-a7f0-5b73-968f-761a65615813,SINAPI:92762,92762,"ARMAÇÃO DE PILAR OU VIGA DE ESTRUTURA CONVENCIONAL DE CONCRETO ARMADO UTILIZANDO AÇO CA-50 DE 10,0 MM - MONTAGEM. AF_06/2022",86,item,True
8d3aafa9-d710-5f05-88a7-7b2488a16821,SINAPI:92763,92763,"ARMAÇÃO DE PILAR OU VIGA DE ESTRUTURA CONVENCIONAL DE CONCRETO ARMADO UTILIZANDO AÇO CA-50 DE 12,5 MM - MONTAGEM. AF_06/2022",87,item,True
e63c59f1-d330-5c90-b806-8e909293beb6,SINAPI:92764,92764,"ARMAÇÃO DE PILAR OU VIGA DE ESTRUTURA CONVENCIONAL DE CONCRETO ARMADO UTILIZANDO AÇO CA-50 DE 16,0 MM - MONTAGEM. AF_06/2022",88,item,True
994005d9-e6be-5f7c-b83e-a6f4e1a774e6,SINAPI:92765,92765,"ARMAÇÃO DE PILAR OU VIGA DE ESTRUTURA CONVENCIONAL DE CONCRETO ARMADO UTILIZANDO AÇO CA-50 DE 20,0 MM - MONTAGEM. AF_06/2022",89,item,True
f0b18cd7-04f5-575f-934f-b81969a7ee24,SINAPI:92768,92768,"ARMAÇÃO DE LAJE DE ESTRUTURA CONVENCIONAL DE CONCRETO ARMADO UTILIZANDO AÇO CA-60 DE 5,0 MM - MONTAGEM. AF_06/2022",90,item,True
041c0a18-ebdf-5d02-8e59-f8376187d6da,SINAPI:92769,92769,"ARMAÇÃO DE LAJE DE ESTRUTURA CONVENCIONAL DE CONCRETO ARMADO UTILIZANDO AÇO CA-50 DE 6,3 MM - MONTAGEM. AF_06/2022",91,item,True
c076925a-1c6f-58bf-96a2-7f5ac763317f,SINAPI:92770,92770,"ARMAÇÃO DE LAJE DE ESTRUTURA CONVENCIONAL DE CONCRETO ARMADO UTILIZANDO AÇO CA-50 DE 8,0 MM - MONTAGEM. AF_06/2022",92,item,True
c185bd85-22d6-5693-b968-a1b63aadaf8e,UFCA:B0029,B0029,CONTROLE TECNOLÓGICO DE CONCRETO C/ ROMPIMENTO DE CORPO DE PROVA À COMPRESSÃO,93,item,True
36b19316-3a3d-5aaf-9be2-f21d5f233d30,SINAPI:101963,101963,"LAJE PRÉ-MOLDADA UNIDIRECIONAL, BIAPOIADA, PARA PISO, ENCHIMENTO EM CERÂMICA, VIGOTA CONVENCIONAL, ALTURA TOTAL DA LAJE (ENCHIMENTO+CAPA) = (8+4). AF_11/2020_PA",94,item,True
d1eb2528-10b8-5abd-b303-e6302dd4f2c4,SINAPI:92514,92514,"MONTAGEM E DESMONTAGEM DE FÔRMA DE LAJE MACIÇA, PÉ-DIREITO SIMPLES, EM CHAPA DE MADEIRA COMPENSADA RESINADA, 4 UTILIZAÇÕES. AF_09/2020",95,item,True
57ab1f36-9b4d-5867-90c4-3efe02fc68f4,SINAPI:92771,92771,"ARMAÇÃO DE LAJE DE ESTRUTURA CONVENCIONAL DE CONCRETO ARMADO UTILIZANDO AÇO CA-50 DE 10,0 MM - MONTAGEM. AF_06/2022",96,item,True
06cc661d-b824-51c3-b959-59dcecdc209a,SINAPI:92772,92772,"ARMAÇÃO DE LAJE DE ESTRUTURA CONVENCIONAL DE CONCRETO ARMADO UTILIZANDO AÇO CA-50 DE 12,5 MM - MONTAGEM. AF_06/2022",97,item,True
cff7cf90-2083-5b47-a4f4-89c6822995bb,SINAPI:92773,92773,"ARMAÇÃO DE LAJE DE ESTRUTURA CONVENCIONAL DE CONCRETO ARMADO UTILIZANDO AÇO CA-50 DE 16,0 MM - MONTAGEM. AF_06/2022",98,item,True
a19c250f-d9be-551a-9a91-827899b63bd8,SINAPI:94966,94966,"CONCRETO FCK = 30MPA, TRAÇO 1:2,1:2,5 (EM MASSA SECA DE CIMENTO/ AREIA MÉDIA/ BRITA 1) - PREPARO MECÂNICO COM BETONEIRA 400 L. AF_05/2021",99,item,True
0af3407a-20aa-5ca2-9475-4e14b3cb4304,SINAPI:103673,103673,"LANÇAMENTO COM USO DE BOMBA, ADENSAMENTO E ACABAMENTO DE CONCRETO EM ESTRUTURAS. AF_02/2022",100,item,True
6281a18e-5ef4-5ad3-b79f-bf71374653cd,UFCA:F0001,F0001,"LAJE PRÉ-MOLDADA UNIDIRECIONAL, BIAPOIADA, ENCHIMENTO EM BLOCO CERÂMICO, VIGOTA TRELIÇADA, ALTURA TOTAL DA LAJE (ENCHIMENTO+CAPA) = (8+4)",101,item,True
189bb505-561b-5c62-8566-9ae7e0fc1345,UFCA:F0002,F0002,"LAJE PRÉ-MOLDADA UNIDIRECIONAL, BIAPOIADA, ENCHIMENTO EM BLOCO CERÂMICO, VIGOTA TRELIÇADA, ALTURA TOTAL DA LAJE (ENCHIMENTO+CAPA) = (12+4)",102,item,True
40e1cece-b29f-5d20-8f2c-23a1c87296e1,UFCA:F0003,F0003,"LAJE PRÉ-MOLDADA UNIDIRECIONAL, BIAPOIADA, ENCHIMENTO EM EPS, VIGOTA TRELIÇADA, ALTURA TOTAL DA LAJE (ENCHIMENTO+CAPA) = (20+5)",103,item,True
09661396-d38e-5bbe-b683-8aa74ab9c657,UFCA:F0004,F0004,"LAJE PRÉ-MOLDADA UNIDIRECIONAL, BIAPOIADA, ENCHIMENTO EM EPS, VIGOTA TRELIÇADA, ALTURA TOTAL DA LAJE (ENCHIMENTO+CAPA) = (16+4)",104,item,True
d08334bc-4cad-5b88-aa50-4cfc3073eaaf,SINAPI:92524,92524,"MONTAGEM E DESMONTAGEM DE FÔRMA DE LAJE MACIÇA, PÉ-DIREITO DUPLO, EM CHAPA DE MADEIRA COMPENSADA PLASTIFICADA, 10 UTILIZAÇÕES. AF_09/2020",105,item,True
df64a4e1-6d25-551e-bb6e-62c9c17e87ec,,,ALVENARIA/VEDAÇÃO/DIVISÓRIA,106,grupo,False
c9d8ebfe-f63d-5b3d-b7c1-b55ce83ebed2,SINAPI:103328,103328,ALVENARIA DE VEDAÇÃO DE BLOCOS CERÂMICOS FURADOS NA HORIZONTAL DE 9X19X19 CM (ESPESSURA 9 CM) E ARGAMASSA DE ASSENTAMENTO COM PREPARO EM BETONEIRA. AF_12/2021,107,item,True
19368b4f-54ac-568c-b4e5-1c568353f6bc,SINAPI:103326,103326,ALVENARIA DE VEDAÇÃO DE BLOCOS CERÂMICOS FURADOS NA VERTICAL DE 19X19X39 CM (ESPESSURA 19 CM) E ARGAMASSA DE ASSENTAMENTO COM PREPARO EM BETONEIRA. AF_12/2021,108,item,True
5b4279a9-4c6b-511b-94b6-35a9674f5447,SINAPI:105024,105024,"VERGA MOLDADA IN LOCO EM CONCRETO, ESPESSURA DE *10* CM. AF_03/2024",109,item,True
828bceb0-31d0-5007-b062-884bb9193865,SINAPI:93187,93187,"VERGA MOLDADA IN LOCO EM CONCRETO, ESPESSURA DE *20* CM. AF_03/2024",110,item,True
2ed205e4-a6fd-5440-a608-b6f1379551a4,SINAPI:105030,105030,"CONTRAVERGA MOLDADA IN LOCO EM CONCRETO, ESPESSURA DE *10* CM. AF_03/2024",111,item,True
ab26948f-aeda-5e7b-bd00-0b4e0b3d172d,UFCA:G0001,G0001,"ALVENARIA DE VEDAÇÃO COM ELEMENTO VAZADO DE CONCRETO, QUADRICULADO, 16 FUROS *40 X 40 X 7* CM E ARGAMASSA DE ASSENTAMENTO COM PREPARO EM BETONEIRA",112,item,True
cf8db6dd-2fe2-5f97-a4d7-a6e70efa1a47,SINAPI:93200,93200,FIXAÇÃO (ENCUNHAMENTO) DE ALVENARIA DE VEDAÇÃO COM ARGAMASSA APLICADA COM BISNAGA. AF_03/2024,113,item,True
7f11e1a5-2b94-561f-83ea-a4ee4084d4cf,UFCA:G0002,G0002,"FIXAÇÃO (ENCUNHAMENTO) DE ALVENARIA DE VEDAÇÃO COM ARGAMASSA, COM ADITIVO IMPERMEABILIZANTE, APLICADA COM BISNAGA",114,item,True
5e511ae2-c4a9-57a1-bd46-436217226ed1,,,ESQUADRIAS,115,grupo,False
379acfa6-213f-5047-bae9-1a284c32f408,UFCA:H0004,H0004,"CERCA/GRADIL NYLOFOR H=2,03M, MALHA 5 X 20CM - FIO 5,00MM, COM FIXADORES DE POLIAMIDA EM POSTE 40 x 60 MM CHUMBADOS EM BASE DE CONCRETO (EXCLUSIVE ESTA) , REVESTIDOS EM POLIESTER POR PROCESSO DE PINTURA ELETROSTÁTICA (GRADIL E POSTE), NAS CORES PRETO OU BRANCA - FORNECIMENTO E INSTALAÇÃO",116,item,True
630d8d31-9a25-55f6-8382-1b28a5159553,UFCA:H0005,H0005,"CERCA/GRADIL NYLOFOR H=1,03M, MALHA 5 X 20CM - FIO 5,00MM, COM FIXADORES DE POLIAMIDA EM POSTE 40 x 60 MM CHUMBADOS EM BASE DE CONCRETO (EXCLUSIVE ESTA) , REVESTIDOS EM POLIESTER POR PROCESSO DE PINTURA ELETROSTÁTICA (GRADIL E POSTE), NAS CORES PRETO OU BRANCA - FORNECIMENTO E INSTALAÇÃO",117,item,True
f63222a1-0ef7-5ce2-9146-71de9d7a8430,UFCA:H0006,H0006,"PORTÃO PIVOTANTE NYLOFOR, COMPOSTO DE QUADRO, PAINÉIS E ACESSÓRIOS COM PINTURA ELETROSTÁTICA COM TINTA POLIESTER, NAS CORES VERDE OU BRANCA, COM POSTE EM AÇO REVESTIDO, COR VERDE OU BRANCA - FORNECIMENTO E MONTAGEM",118,item,True
0a854fa3-6f41-5931-9a6d-c1a84214ea63,UFCA:H0025,H0025,"PORTA DE METALON COM DOBRADIÇA, FERROLHO E CADEADO",119,item,True
fd35eabb-abc6-57ee-99bf-b693c6b27fc9,UFCA:H0024,H0024,"GRADIL DE TELA 5 X 5 CM, COM MOLDURA EM CANTONEIRA E BARRA CHATA, SEM PINTURA",120,item,True
96cb900c-175e-5dfd-8a92-4706bffac729,UFCA:H0023,H0023,"GUARDA-CORPO DE AÇO GALVANIZADO DE 1,10M COM MONTANTES A CADA 1M, COM ESPERA CHUMBADA EM PISO DURANTE A CONCRETAGEM",121,item,True
b4fe030d-c2b5-593d-861b-cc3266b32a90,SINAPI:99855,99855,"CORRIMÃO SIMPLES, DIÂMETRO EXTERNO = 1 1/2"", EM AÇO GALVANIZADO. AF_04/2019_PS",122,item,True
390d6139-736a-5bc3-9905-809c889d1fe5,UFCA:H0052,H0052,"TELA PENEIRA EM AÇO GALVANIZADO, MALHA 8, FIO 26 E ESQUADRO EM MADEIRA",123,item,True
78578fb9-3df1-581b-91fd-933a9ce9da9a,UFCA:H0008,H0008,INSTALAÇÃO DE PELÍCULA ESPELHADA SOBRE VIDRO,124,item,True
309bdbe0-c80f-5a3a-9903-d6751d283193,SINAPI:94570,94570,"JANELA DE ALUMÍNIO DE CORRER COM 2 FOLHAS PARA VIDROS, COM VIDROS, BATENTE, ACABAMENTO COM ACETATO OU BRILHANTE E FERRAGENS. EXCLUSIVE ALIZAR E CONTRAMARCO. FORNECIMENTO E INSTALAÇÃO. AF_12/2019",125,item,True
8caaecdc-5550-56c4-b892-904e6997306b,SINAPI:94569,94569,"JANELA DE ALUMÍNIO TIPO MAXIM-AR, COM VIDROS, BATENTE E FERRAGENS. EXCLUSIVE ALIZAR, ACABAMENTO E CONTRAMARCO. FORNECIMENTO E INSTALAÇÃO. AF_12/2019",126,item,True
3c656d27-ca38-56b0-ab7f-73b45ca0c865,SINAPI:100674,100674,"JANELA FIXA DE ALUMÍNIO PARA VIDRO, COM VIDRO, BATENTE E FERRAGENS. EXCLUSIVE ACABAMENTO, ALIZAR E CONTRAMARCO. FORNECIMENTO E INSTALAÇÃO. AF_12/2019",127,item,True
a976b33d-607d-53b4-b6fb-d8743416cc0a,SINAPI:94589,94589,"CONTRAMARCO DE ALUMÍNIO, FIXAÇÃO COM ARGAMASSA - FORNECIMENTO E INSTALAÇÃO. AF_12/2019",128,item,True
cfeef1c5-6eb2-56e9-987b-dd771063c938,UFCA:H0050,H0050,PRENDEDOR METÁLICO PARA PORTA,129,item,True
8ddce60e-c044-587e-b6f1-ed778ef03b22,UFCA:H0011,H0011,"PORTA EM ALUMÍNIO DE ABRIR TIPO VENEZIANA, FIXAÇÃO COM PARAFUSOS, EXCLUSIVE GUARNIÇÃO - FORNECIMENTO E INSTALAÇÃO. AF_12/2019",130,item,True
62c9c570-70f6-5ec9-a708-5a7c6dce2dcd,UFCA:H0058,H0058,"PORTA EM ALUMÍNIO DE CORRER TIPO VENEZIANA, INCLUSIVE DOBRADIÇAS, PERFIS, ROLDANA E FECHADURA",131,item,True
aad4cded-ed24-5945-a624-eed902911c8e,UFCA:H0054,H0054,FERROLHO PARA PORTAS DAS CABINES DOS BANHEIROS,132,item,True
a501f5df-5ffa-5fff-bfce-067e1b02d208,SINAPI:100703,100703,PUXADOR CENTRAL PARA ESQUADRIA DE MADEIRA. AF_12/2019,133,item,True
1b4af449-d014-5ee9-9af2-cf7f7f540cdc,UFCA:H0026,H0026,"ESCADA MARINHEIRO EM BARRA CHATA DE FERRO 2"" X 5/16""",134,item,True
8602c231-3646-5edf-bd23-3b60e6067e75,UFCA:H0027,H0027,"GUARDA-CORPO PARA ESCADA MARINHEIRO, COM 05 (CINCO) BARRAS CHATAS VERTICAIS 1 1/4"" X 3/16"" E ARCO A CADA 30CM DE 1 1/4"" X 3/16"", FIXADA COM PARABOLT - FORNECIMENTO E INSTALAÇÃO",135,item,True
4f4d7105-f504-5190-855e-36f7265ea8dc,SINAPI:90793,90793,"KIT DE PORTA-PRONTA DE MADEIRA EM ACABAMENTO MELAMÍNICO BRANCO, FOLHA PESADA OU SUPERPESADA, 90X210CM, FIXAÇÃO COM PREENCHIMENTO TOTAL DE ESPUMA EXPANSIVA - FORNECIMENTO E INSTALAÇÃO. AF_12/2019",136,item,True
7d911986-4b1b-57d1-815f-4b6c0a54cd21,SINAPI:90791,90791,"KIT DE PORTA-PRONTA DE MADEIRA EM ACABAMENTO MELAMÍNICO BRANCO, FOLHA PESADA OU SUPERPESADA, 80X210CM, FIXAÇÃO COM PREENCHIMENTO PARCIAL DE ESPUMA EXPANSIVA - FORNECIMENTO E INSTALAÇÃO. AF_12/2019",137,item,True
1c26047e-96ca-5800-b467-16f37fd9ee79,UFCA:H0029,H0029,VISOR COM VIDRO LISO INCOLOR E=4mm E MOLDURA DE MADEIRA REVESTIDA COM LAMINADO MELAMÍNICO,138,item,True
4aa07f60-d1d1-5e22-a034-8e7f1102c5b0,UFCA:H0014,H0014,"PORTA DE MADEIRA, MACIÇA (PESADA OU SUPERPESADA), 2 FOLHAS, 180X210CM, ESPESSURA DE 4,5CM, CAIXÃO DE 14CM. ACABAMENTO EM LAMINADO MELAMÍNICO BRANCO. INCLUSO , ALIZAR - FORNECIMENTO E INSTALAÇÃO, EXCLUSIVE FECHADURA E DOBRADIÇAS",139,item,True
eff3ca67-52a1-5686-9a9f-fc659f236f49,UFCA:H0015,H0015,"DOBRADICA EM ACO/FERRO, 3 1/2"" X 3"", E= 1,9 A 2 MM, COM ANEL, CROMADO OU ZINCADO, TAMPA BOLA, COM PARAFUSOS",140,item,True
5239a425-d7d3-58a2-bc85-ba32c976bca1,SINAPI:100710,100710,"DOBRADIÇA TIPO VAI E VEM EM LATÃO POLIDO 3"". AF_12/2019",141,item,True
1bb199a2-bf72-573e-95a5-74d89c0460db,UFCA:H0056,H0056,"BARRA ANTIPANICO SIMPLES, COM FECHADURA LADO OPOSTO, COR CINZA",142,item,True
935be127-c7e7-5454-8d15-9b198be85967,SINAPI:90830,90830,"FECHADURA DE EMBUTIR COM CILINDRO, EXTERNA, COMPLETA, ACABAMENTO PADRÃO MÉDIO, INCLUSO EXECUÇÃO DE FURO - FORNECIMENTO E INSTALAÇÃO. AF_12/2019",143,item,True
373e5e4d-af9f-5441-b8ab-e0c68fd9a7b0,UFCA:H0013,H0013,"PORTA RADIOLÓGICA EM MAD/MAD DE LEI, P/PINTURA, DIM: 0,92X2,12M, LAMINADO DE CHUMBO EMBUTIDO, E=2MM, DOBRADIÇAS REFORÇADAS, FECHADURA AUTOBLOCANTE, MARCA AROUCA, REF.: 108449/40-Z-ZCE OU SIMILAR, MAÇANETA TIPO ALAVANCA, INCLUSIVE BATENTES DE MADEIRA.",144,item,True
22891ff0-96c0-5536-9cc3-1ef86b030336,UFCA:H0017,H0017,REVESTIMENTO C/LAMINADO MELAMÍNICO COLADO,145,item,True
24be094f-623f-5678-b683-7bda3a3db177,SINAPI:100327,100327,"RUFO EXTERNO/INTERNO EM CHAPA DE AÇO GALVANIZADO NÚMERO 26, CORTE DE 33 CM, INCLUSO IÇAMENTO. AF_07/2019",146,item,True
3ee98e13-292a-5596-849c-996f70e3f8b4,UFCA:H0007,H0007,"PORTA EM AÇO DE ABRIR PARA VIDRO SEM GUARNIÇÃO, FIXAÇÃO COM PARAFUSOS, VIDRO TEMPERADO DE 10 MM - FORNECIMENTO E INSTALAÇÃO",147,item,True
554604ad-535b-5903-98c9-5297ac324794,UFCA:H0053,H0053,"BARRA DE APOIO, RETA, FIXA, EM AÇO INOX, L=40CM, D=1 1/4”, JACKWAL OU SIMILAR",148,item,True
50cf6ecb-db9a-572e-8f73-0914c6553663,UFCA:H0018,H0018,"PEITORIL GRANITO CINZA POLIDO, ESPESSURA 2CM, ASSENTADO COM ARGAMASSA 1:6 COM ADITIVO",149,item,True
3c7893a0-5970-5241-a91c-eef2a2ed098f,UFCA:H0055,H0055,ALÇAPÃO EM CHAPA DE AÇO 70X70 CM,150,item,True
e5b76b08-51bb-5926-82db-432d045edfa3,UFCA:H0010,H0010,"PORTA EM AÇO, EM CHAPA GALVANIZADA Nº24, RAIADA, DE ENROLAR",151,item,True
1afd54c1-5231-5694-935a-9a61cb7b438c,UFCA:H0028,H0028,"VISOR PLUMBÍFERO COM MOLDURA, ESP=80MM (NACIONAL)",152,item,True
68863046-1085-58d5-842e-f48bf5b14dea,UFCA:R0010,R0010,PINGADOR METÁLICO/ALUMÍNIO ( 1 X 1) CM P/ FACHADAS,153,item,True
2eb51787-d5fd-5e24-a542-b1bcb8a3d352,,,COBERTURA,154,grupo,False
69d8471b-dca7-5309-8774-21356ec1c9e8,SINAPI:94207,94207,"TELHAMENTO COM TELHA ONDULADA DE FIBROCIMENTO E = 6 MM, COM RECOBRIMENTO LATERAL DE 1/4 DE ONDA PARA TELHADO COM INCLINAÇÃO MAIOR QUE 10°, COM ATÉ 2 ÁGUAS, INCLUSO IÇAMENTO. AF_07/2019",155,item,True
62a1a260-434e-52b2-907d-11cbec546731,SINAPI:92580,92580,"TRAMA DE AÇO COMPOSTA POR TERÇAS PARA TELHADOS DE ATÉ 2 ÁGUAS PARA TELHA ONDULADA DE FIBROCIMENTO, METÁLICA, PLÁSTICA OU TERMOACÚSTICA, INCLUSO TRANSPORTE VERTICAL. AF_07/2019",156,item,True
d2c2dcac-6ffd-5462-af98-0f6a3236768c,UFCA:O0003,O0003,"REVESTIMENTO EM ALUMÍNIO TIPO ALUCOBOND, E=0,3MM, EM ESTRUTURA METÁLICA AUXILIAR DE PERFIL ""U"" 2"", COM FORNECIMENTO E MONTAGEM, INCLUSIVE PINTURA KAYNAR 500 COM SEIS CAMADAS",157,item,True
2fa62707-ccc4-5e81-ad28-2076bf500dbe,SINAPI:100327,100327,"RUFO EXTERNO/INTERNO EM CHAPA DE AÇO GALVANIZADO NÚMERO 26, CORTE DE 33 CM, INCLUSO IÇAMENTO. AF_07/2019",158,item,True
4093a359-5493-5219-b1a5-43361fddf54c,,,INSTALAÇÕES ELÉTRICAS,159,grupo,False
547ba37d-0bb3-5846-a8b5-c6ac98d0f731,,,ALIMENTADORES ELÉTRICOS,160,grupo,False
254d1af1-30b0-539a-9a09-5017e91b0875,,,CABOS E TERMINAIS DOS CABOS,161,grupo,False
61bed269-14b9-56d9-9b3d-70884178b24c,SINAPI:91931,91931,"CABO DE COBRE FLEXÍVEL ISOLADO, 6 MM², ANTI-CHAMA 0,6/1,0 KV, PARA CIRCUITOS TERMINAIS - FORNECIMENTO E INSTALAÇÃO. AF_03/2023",162,item,True
6023b713-2e7e-5c3d-8be7-cb5b317ed16e,SINAPI:92980,92980,"CABO DE COBRE FLEXÍVEL ISOLADO, 10 MM², ANTI-CHAMA 0,6/1,0 KV, PARA DISTRIBUIÇÃO - FORNECIMENTO E INSTALAÇÃO. AF_10/2020",163,item,True
8b01f0ff-f233-51c8-9c3d-1f5ffb6419b1,SINAPI:92982,92982,"CABO DE COBRE FLEXÍVEL ISOLADO, 16 MM², ANTI-CHAMA 0,6/1,0 KV, PARA DISTRIBUIÇÃO - FORNECIMENTO E INSTALAÇÃO. AF_10/2020",164,item,True
de68b663-8320-527f-a6b0-725e71c68d6d,SINAPI:101889,101889,"CABO DE COBRE ISOLADO, 25 MM², ANTI-CHAMA 0,6/1 KV, INSTALADO EM ELETROCALHA OU PERFILADO - FORNECIMENTO E INSTALAÇÃO. AF_10/2020",165,item,True
d30639c6-b589-551e-b9b0-2286f2686e41,UFCA:J0134,J0134,"CABO DE COBRE ISOLADO, 50 MM², ANTI-CHAMA 0,6/1 KV, INSTALADO EM ELETROCALHA OU PERFILADO - FORNECIMENTO E INSTALAÇÃO",166,item,True
0578168d-3795-5b7b-ba79-a35bbf51806c,UFCA:J0135,J0135,"TERMINAL OLHAL PARA CABO DE 4,00MM2 À 6,00MM2",167,item,True
c1c8f34a-5894-5f91-9412-d978e14f3677,UFCA:J0136,J0136,TERMINAL A COMPRESSÃO PARA CABO DE 10 mm² A 16mm²,168,item,True
be13c6e4-6272-5a12-9a85-5f945acdcafc,UFCA:J0137,J0137,TERMINAL A COMPRESSÃO PARA CABO DE 25 mm² A 35mm²,169,item,True
2de0bdc4-f5a9-52b7-bfe2-1e91f54ef811,UFCA:J0138,J0138,TERMINAL A COMPRESSÃO PARA CABO DE 50 mm² A 120mm²,170,item,True
c9760725-2f56-5a39-9d80-0b5cf853ff12,,,ELETROCALHA E ACESSÓRIOS,171,grupo,False
cfbc82d5-06b5-52ce-a062-a66c40c307c4,UFCA:J0125,J0125,ELETROCALHA PERFURADA 50x200mm - FORNECIMENTO E INSTALAÇÃO,172,item,True
ece1755f-244f-5b90-9138-a9260e2b58b8,UFCA:J0128,J0128,EMENDA INTERNA PARA ELETROCALHA PERFURADA 50x200mm - FORNECIMENTO E INSTALAÇÃO,173,item,True
a7f7e524-339d-5071-962b-65d5fe026b19,UFCA:J0140,J0140,TÊ VERTICAL PARA DERIVAÇÃO EM ELETROCALHA 50x200mm - FORNECIMENTO E INSTALAÇÃO,174,item,True
cdba4e15-8efe-5c75-a30d-faad6863c74b,UFCA:J0129,J0129,TÊ HORIZONTAL PARA ELETROCALHA PERFURADA 50x200mm - FORNECIMENTO E INSTALAÇÃO,175,item,True
fd22b232-74d0-56de-a1cd-0498f194afd0,UFCA:J0142,J0142,CURVA VERTICAL PARA ELETROCALHA 50x200mm - FORNECIMENTO E INSTALAÇÃO,176,item,True
3285e9a8-a92f-5e6e-8941-a09f76bc46c9,UFCA:J0132,J0132,CURVA HORIZONTAL 90° PARA ELETROCALHA 50x200mm - FORNECIMENTO E INSTALAÇÃO,177,item,True
caf66e10-ce71-5175-99b3-86a43d0aa129,UFCA:J0144,J0144,CRUZETA PARA ELETROCALHA PERFURADA 50x200mm - FORNECIMENTO E INSTALAÇÃO,178,item,True
30da2be0-4f3d-59fb-8bbb-cfd47f207957,UFCA:J0130,J0130,REDUÇÃO CONCÊNTRICA DA ELETROCALHA PERFURADA 50x200mm / 50x100mm - FORNECIMENTO E INSTALAÇÃO,179,item,True
a678c93d-0d0e-53a2-85e0-3588e22c26bc,UFCA:J0147,J0147,"SUPORTE TIRANTE PARA ELETROCALHA 50x200mm COM VERGALHÃO, PORCAS, ARRUELAS E PARABOLTS - FORNECIMENTO E INSTALAÇÃO",180,item,True
704d5cdf-ba79-5939-89dc-539f08523d55,SINAPI:104772,104772,"FURO MECANIZADO EM ALVENARIA, PARA INSTALAÇÕES ELÉTRICAS, DIÂMETROS MAIORES QUE 75 MM E MENORES OU IGUAIS A 100 MM. AF_09/2023",181,item,True
2efeeeda-bb36-5ec3-a7c3-df83828cc46e,UFCA:J0124,J0124,ELETROCALHA PERFURADA 50x100mm - FORNECIMENTO E INSTALAÇÃO,182,item,True
deed935e-cbd4-5b8a-b0b0-ed80f47aafcc,UFCA:J0188,J0188,TÊ HORIZONTAL PARA ELETROCALHA PERFURADA 50x100mm - FORNECIMENTO E INSTALAÇÃO,183,item,True
7ddac202-e96e-512b-a92b-4d0d8da42042,,,ELETRODUTOS E ACESSÓRIOS,184,grupo,False
ffcd1b04-a1b5-5b4b-9071-81b63e79b4b1,SINAPI:97667,97667,"ELETRODUTO FLEXÍVEL CORRUGADO, PEAD, DN 50 (1 1/2""), PARA REDE ENTERRADA DE DISTRIBUIÇÃO DE ENERGIA ELÉTRICA - FORNECIMENTO E INSTALAÇÃO. AF_12/2021",185,item,True
9a17cd02-dc79-5dae-8e42-629520608401,SINAPI:93008,93008,"ELETRODUTO RÍGIDO ROSCÁVEL, PVC, DN 50 MM (1 1/2""), PARA REDE ENTERRADA DE DISTRIBUIÇÃO DE ENERGIA ELÉTRICA - FORNECIMENTO E INSTALAÇÃO. AF_12/2021",186,item,True
01340cf5-db7a-5348-8c34-5dbda58d1152,SINAPI:93018,93018,"CURVA 90 GRAUS PARA ELETRODUTO, PVC, ROSCÁVEL, DN 50 MM (1 1/2""), PARA REDE ENTERRADA DE DISTRIBUIÇÃO DE ENERGIA ELÉTRICA - FORNECIMENTO E INSTALAÇÃO. AF_12/2021",187,item,True
a779af2a-57b9-5e37-b57d-706dcb1baa68,SINAPI:93013,93013,"LUVA PARA ELETRODUTO, PVC, ROSCÁVEL, DN 50 MM (1 1/2""), PARA REDE ENTERRADA DE DISTRIBUIÇÃO DE ENERGIA ELÉTRICA - FORNECIMENTO E INSTALAÇÃO. AF_12/2021",188,item,True
c8eff486-d804-5708-a3c8-be981d1ce19b,SINAPI:91869,91869,"ELETRODUTO RÍGIDO ROSCÁVEL, PVC, DN 40 MM (1 1/4""), PARA CIRCUITOS TERMINAIS, INSTALADO EM LAJE - FORNECIMENTO E INSTALAÇÃO. AF_03/2023",189,item,True
4154e0d0-1301-520e-bff4-2e193bbb046d,SINAPI:91873,91873,"ELETRODUTO RÍGIDO ROSCÁVEL, PVC, DN 40 MM (1 1/4""), PARA CIRCUITOS TERMINAIS, INSTALADO EM PAREDE - FORNECIMENTO E INSTALAÇÃO. AF_03/2023",190,item,True
951550fc-b9fa-5344-b85c-71d36e6d6faa,SINAPI:91908,91908,"CURVA 90 GRAUS PARA ELETRODUTO, PVC, ROSCÁVEL, DN 40 MM (1 1/4""), PARA CIRCUITOS TERMINAIS, INSTALADA EM LAJE - FORNECIMENTO E INSTALAÇÃO. AF_03/2023",191,item,True
a9f43004-9d3c-5fca-97dd-f11b079580e8,SINAPI:91881,91881,"LUVA PARA ELETRODUTO, PVC, ROSCÁVEL, DN 40 MM (1 1/4""), PARA CIRCUITOS TERMINAIS, INSTALADA EM LAJE - FORNECIMENTO E INSTALAÇÃO. AF_03/2023",192,item,True
19d3ccb7-d6fd-51bc-9ed5-f804a53cf7b2,SINAPI:91886,91886,"LUVA PARA ELETRODUTO, PVC, ROSCÁVEL, DN 40 MM (1 1/4""), PARA CIRCUITOS TERMINAIS, INSTALADA EM PAREDE - FORNECIMENTO E INSTALAÇÃO. AF_03/2023",193,item,True
ca6dcbe8-d7c4-5cfc-b261-0a2d146736d2,SINAPI:91872,91872,"ELETRODUTO RÍGIDO ROSCÁVEL, PVC, DN 32 MM (1""), PARA CIRCUITOS TERMINAIS, INSTALADO EM PAREDE - FORNECIMENTO E INSTALAÇÃO. AF_03/2023",194,item,True
50825847-9e34-5a6b-8898-82b620c3865f,SINAPI:91917,91917,"CURVA 90 GRAUS PARA ELETRODUTO, PVC, ROSCÁVEL, DN 32 MM (1""), PARA CIRCUITOS TERMINAIS, INSTALADA EM PAREDE - FORNECIMENTO E INSTALAÇÃO. AF_03/2023",195,item,True
63bdfb9b-1607-58ca-92d6-5ed15f4e0843,SINAPI:91885,91885,"LUVA PARA ELETRODUTO, PVC, ROSCÁVEL, DN 32 MM (1""), PARA CIRCUITOS TERMINAIS, INSTALADA EM PAREDE - FORNECIMENTO E INSTALAÇÃO. AF_03/2023",196,item,True
76381603-53b0-56f0-a1dc-a1caffbfa376,SINAPI:104785,104785,"FIXAÇÃO DE ELETRODUTOS, DIÂMETROS MENORES OU IGUAIS A 40 MM, COM ABRAÇADEIRA METÁLICA RÍGIDA TIPO D COM PARAFUSO DE FIXAÇÃO 1 1/4"", FIXADA DIRETAMENTE NA LAJE OU PAREDE. AF_09/2023",197,item,True
0941d234-516c-5556-b595-54f4843ce3f5,SINAPI:104768,104768,"FURO MECANIZADO EM ALVENARIA, PARA INSTALAÇÕES ELÉTRICAS, DIÂMETROS MENORES OU IGUAIS A 40 MM. AF_09/2023",198,item,True
8d7227eb-dac9-5b72-9d94-e5c10f3f0557,SINAPI:91944,91944,"CAIXA RETANGULAR 4"" X 4"" BAIXA (0,30 M DO PISO), PVC, INSTALADA EM PAREDE - FORNECIMENTO E INSTALAÇÃO. AF_03/2023",199,item,True
4f8f6738-5c31-5304-bac0-85d9e01f0cac,SINAPI:97888,97888,"CAIXA ENTERRADA ELÉTRICA RETANGULAR, EM ALVENARIA COM TIJOLOS CERÂMICOS MACIÇOS, FUNDO COM BRITA, DIMENSÕES INTERNAS: 0,6X0,6X0,6 M. AF_12/2020",200,item,True
faff6fd8-0f43-5cae-a50d-00279c3fc495,SINAPI:93358,93358,ESCAVAÇÃO MANUAL DE VALA. AF_09/2024,201,item,True
5b3cbd25-97c6-5cb5-87a7-72eb2a281aec,SINAPI:104737,104737,"REATERRO MANUAL DE VALAS, COM PLACA VIBRATÓRIA. AF_08/2023",202,item,True
aed8eda0-f9f0-5184-8ae9-f78e014bb420,,,ILUMINAÇÃO EXTERNA,203,grupo,False
de6d8fb2-fa08-5a17-8041-a77ffe40b7f2,,,"POSTES, LUMINÁRIAS, CAIXAS, CABOS E ACESSÓRIOS",204,grupo,False
4462b3e4-f699-582f-bfeb-227e2636e82c,UFCA:J0170,J0170,"POSTE CONICO CONTINUO EM ACO GALVANIZADO, RETO, ENGASTADO, H = 6 M",205,item,True
8c2ff023-d0b7-59f8-9c86-df77cc59d4ff,UFCA:J0171,J0171,POSTE CONCRETO SEÇÃO CIRCULAR COMPRIMENTO=12M CARGA NOMINAL MENOR OU IGUAL A 1000 DN,206,item,True
60dff982-41c3-55bf-ad80-5a2cd73e6075,UFCA:J0172,J0172,"BRACO P/ LUMINARIA PUBLICA (DUPLO) 2 X 1,50 M, EM TUBO ACO GALV 3/4, P/ FIXACAO EM POSTE OU PAREDE - FORNECIMENTO E INSTALACAO",207,item,True
3582de85-31d1-58d4-8414-b8f2d5befd81,UFCA:J0173,J0173,"BRACO P/ LUMINARIA PUBLICA (TRIPLO) 3 X 1,50 M, EM TUBO ACO GALV 3/4, P/ FIXACAO EM POSTE OU PAREDE - FORNECIMENTO E INSTALACAO",208,item,True
832e0cfe-3827-5036-a9a3-3698aa56b577,SINAPI:97667,97667,"ELETRODUTO FLEXÍVEL CORRUGADO, PEAD, DN 50 (1 1/2""), PARA REDE ENTERRADA DE DISTRIBUIÇÃO DE ENERGIA ELÉTRICA - FORNECIMENTO E INSTALAÇÃO. AF_12/2021",209,item,True
d0264137-e6b8-5324-97e4-6ce35835ef0f,UFCA:J0121,J0121,FITA DE ADVERTÊNCIA DE REDE ELÉTRICA ENTERRADA,210,item,True
fc82ebba-413d-5ed4-adc7-fec59c5b3db7,SINAPI:97883,97883,"CAIXA ENTERRADA ELÉTRICA RETANGULAR, EM CONCRETO PRÉ-MOLDADO, FUNDO COM BRITA, DIMENSÕES INTERNAS: 0,6X0,6X0,5 M. AF_12/2020",211,item,True
0f5a0f29-8780-527c-b5a8-b6cf86443d14,SINAPI:95565,95565,"TUBO DE CONCRETO PARA REDES COLETORAS DE ÁGUAS PLUVIAIS, DIÂMETRO DE 300MM, JUNTA RÍGIDA, INSTALADO EM LOCAL COM BAIXO NÍVEL DE INTERFERÊNCIAS - FORNECIMENTO E ASSENTAMENTO. AF_03/2024",212,item,True
04c79955-7cc8-501c-9630-04c687c450ea,SINAPI:90105,90105,"ESCAVAÇÃO MECANIZADA DE VALA COM PROFUNDIDADE ATÉ 1,5 M (MÉDIA MONTANTE E JUSANTE/UMA COMPOSIÇÃO POR TRECHO), RETROESCAV. (0,26 M3), LARGURA MENOR QUE 0,8 M, EM SOLO DE 1A CATEGORIA, LOCAIS COM BAIXO NÍVEL DE INTERFERÊNCIA. AF_09/2024",213,item,True
660d8ed9-dd09-5c7d-87d4-8b3b8ce543a0,SINAPI:93378,93378,"REATERRO MECANIZADO DE VALA COM RETROESCAVADEIRA (CAPACIDADE DA CAÇAMBA DA RETRO: 0,26 M³/POTÊNCIA: 88 HP), LARGURA ATÉ 0,8 M, PROFUNDIDADE ATÉ 1,5 M, COM SOLO (SEM SUBSTITUIÇÃO) DE 1ª CATEGORIA, COM COMPACTADOR DE SOLOS DE PERCUSSÃO. AF_08/2023",214,item,True
4de34d52-3a95-5355-98de-c543778c4a68,SINAPI:101658,101658,"LUMINÁRIA DE LED PARA ILUMINAÇÃO PÚBLICA, DE 138 W ATÉ 180 W - FORNECIMENTO E INSTALAÇÃO. AF_08/2020",215,item,True
dccf8c2a-193c-5d53-bbdf-8a125993924c,SINAPI:101657,101657,"LUMINÁRIA DE LED PARA ILUMINAÇÃO PÚBLICA, DE 98 W ATÉ 137 W - FORNECIMENTO E INSTALAÇÃO. AF_08/2020",216,item,True
a4b109b8-1258-5b2d-9d59-54ffb7f4d063,UFCA:J0175,J0175,REFLETOR DE LED EM ALUMÍNIO COM DRIVE INTERNO. LUZ BRANCA. POTÊNCIA ATÉ 150W.,217,item,True
68fc0267-d1c9-5de9-b365-11c5f9b733d1,SINAPI:91863,91863,"ELETRODUTO RÍGIDO ROSCÁVEL, PVC, DN 25 MM (3/4""), PARA CIRCUITOS TERMINAIS, INSTALADO EM FORRO - FORNECIMENTO E INSTALAÇÃO. AF_03/2023",218,item,True
e9e611c5-cb30-50d1-aa84-b47196d99662,SINAPI:92982,92982,"CABO DE COBRE FLEXÍVEL ISOLADO, 16 MM², ANTI-CHAMA 0,6/1,0 KV, PARA DISTRIBUIÇÃO - FORNECIMENTO E INSTALAÇÃO. AF_10/2020",219,item,True
1f59625d-09ec-57a5-b368-db8fcd20847e,SINAPI:91929,91929,"CABO DE COBRE FLEXÍVEL ISOLADO, 4 MM², ANTI-CHAMA 0,6/1,0 KV, PARA CIRCUITOS TERMINAIS - FORNECIMENTO E INSTALAÇÃO. AF_03/2023",220,item,True
32d3aaf2-2780-57dd-8f4c-7bc783bc5b9b,SINAPI:91927,91927,"CABO DE COBRE FLEXÍVEL ISOLADO, 2,5 MM², ANTI-CHAMA 0,6/1,0 KV, PARA CIRCUITOS TERMINAIS - FORNECIMENTO E INSTALAÇÃO. AF_03/2023",221,item,True
0a2ad64d-4c42-59a5-b9df-66878452d9be,,,INSTALAÇÃO ELÉTRICA DE MÉDIA TENSÃO COM GERADOR E ALIMENTADORES GERAIS,222,grupo,False
896c02c7-36d6-5c1b-82bc-f8cbec0cff1f,,,RAMAIS DE ALIMENTAÇÃO,223,grupo,False
f3fd9e8b-cc88-55a5-a778-a2b04c41f6e4,,,RAMAL DE ALIMENTAÇÃO DO QGBT,224,grupo,False
c34273d4-fd50-5e6d-b671-fb91d85d794d,SINAPI:93012,93012,"ELETRODUTO RÍGIDO ROSCÁVEL, PVC, DN 110 MM (4""), PARA REDE ENTERRADA DE DISTRIBUIÇÃO DE ENERGIA ELÉTRICA - FORNECIMENTO E INSTALAÇÃO. AF_12/2021",225,item,True
08357f68-0e4e-5bad-8b00-417b10b6b3cf,SINAPI:93026,93026,"CURVA 90 GRAUS PARA ELETRODUTO, PVC, ROSCÁVEL, DN 110 MM (4""), PARA REDE ENTERRADA DE DISTRIBUIÇÃO DE ENERGIA ELÉTRICA - FORNECIMENTO E INSTALAÇÃO. AF_12/2021",226,item,True
5bfbb05d-0c52-58a7-a2eb-5ade46c41100,SINAPI:93017,93017,"LUVA PARA ELETRODUTO, PVC, ROSCÁVEL, DN 110 MM (4""), PARA REDE ENTERRADA DE DISTRIBUIÇÃO DE ENERGIA ELÉTRICA - FORNECIMENTO E INSTALAÇÃO. AF_12/2021",227,item,True
ed7a58d1-5d66-5fb8-826a-9f0acef173fa,SINAPI:97670,97670,"ELETRODUTO FLEXÍVEL CORRUGADO, PEAD, DN 100 (4""), PARA REDE ENTERRADA DE DISTRIBUIÇÃO DE ENERGIA ELÉTRICA - FORNECIMENTO E INSTALAÇÃO. AF_12/2021",228,item,True
84006d5d-a04a-5ec6-a288-6781fe15911d,SINAPI:104166,104166,"TUBO PVC, SÉRIE R, ÁGUA PLUVIAL, DN 150 MM, FORNECIDO E INSTALADO EM RAMAL DE ENCAMINHAMENTO. AF_06/2022",229,item,True
c008b48d-e280-5665-bfcd-d61d25cfc4b5,SINAPI:97888,97888,"CAIXA ENTERRADA ELÉTRICA RETANGULAR, EM ALVENARIA COM TIJOLOS CERÂMICOS MACIÇOS, FUNDO COM BRITA, DIMENSÕES INTERNAS: 0,6X0,6X0,6 M. AF_12/2020",230,item,True
01bdffa8-bc8e-5d55-81b6-0d5506a5f58a,SINAPI:93358,93358,ESCAVAÇÃO MANUAL DE VALA. AF_09/2024,231,item,True
55e2f38a-1291-5d1c-b3c6-c73fc35971bb,SINAPI:104737,104737,"REATERRO MANUAL DE VALAS, COM PLACA VIBRATÓRIA. AF_08/2023",232,item,True
e24b2bc0-501b-51e7-be2a-4a0f91112ca7,SINAPI:92998,92998,"CABO DE COBRE FLEXÍVEL ISOLADO, 185 MM², ANTI-CHAMA 0,6/1,0 KV, PARA REDE ENTERRADA DE DISTRIBUIÇÃO DE ENERGIA ELÉTRICA - FORNECIMENTO E INSTALAÇÃO. AF_12/2021",233,item,True
c511e575-2744-5692-b9a0-8651d78990e6,UFCA:J0148,J0148,TERMINAL A COMPRESSÃO PARA CABO DE 150 mm² A 240mm²,234,item,True
406e1558-d0df-5564-b27c-6f11a07f6cf9,,,RAMAL DE ALIMENTAÇÃO DO QGBTE,235,grupo,False
7486fd09-4c4b-553e-8e29-5c277dbb4d7b,SINAPI:93012,93012,"ELETRODUTO RÍGIDO ROSCÁVEL, PVC, DN 110 MM (4""), PARA REDE ENTERRADA DE DISTRIBUIÇÃO DE ENERGIA ELÉTRICA - FORNECIMENTO E INSTALAÇÃO. AF_12/2021",236,item,True
2a9504d1-d15d-5c5b-a526-6fca91f0458c,SINAPI:93026,93026,"CURVA 90 GRAUS PARA ELETRODUTO, PVC, ROSCÁVEL, DN 110 MM (4""), PARA REDE ENTERRADA DE DISTRIBUIÇÃO DE ENERGIA ELÉTRICA - FORNECIMENTO E INSTALAÇÃO. AF_12/2021",237,item,True
3b809d59-d9e8-5a0c-a812-c96729e40018,SINAPI:93017,93017,"LUVA PARA ELETRODUTO, PVC, ROSCÁVEL, DN 110 MM (4""), PARA REDE ENTERRADA DE DISTRIBUIÇÃO DE ENERGIA ELÉTRICA - FORNECIMENTO E INSTALAÇÃO. AF_12/2021",238,item,True
26c0fd45-e0e5-5f29-a170-f70cffbefb54,SINAPI:97670,97670,"ELETRODUTO FLEXÍVEL CORRUGADO, PEAD, DN 100 (4""), PARA REDE ENTERRADA DE DISTRIBUIÇÃO DE ENERGIA ELÉTRICA - FORNECIMENTO E INSTALAÇÃO. AF_12/2021",239,item,True
37a3b39e-c84f-5a1e-8a89-1a0e38a224fb,SINAPI:97888,97888,"CAIXA ENTERRADA ELÉTRICA RETANGULAR, EM ALVENARIA COM TIJOLOS CERÂMICOS MACIÇOS, FUNDO COM BRITA, DIMENSÕES INTERNAS: 0,6X0,6X0,6 M. AF_12/2020",240,item,True
a903c0ac-dbfa-50e9-8016-84a9fb0bb757,SINAPI:93358,93358,ESCAVAÇÃO MANUAL DE VALA. AF_09/2024,241,item,True
3189891d-ccad-56b7-9b6e-ff2d0336b1e8,SINAPI:104737,104737,"REATERRO MANUAL DE VALAS, COM PLACA VIBRATÓRIA. AF_08/2023",242,item,True
415f5c5e-cb57-5836-ab9d-711d05503821,SINAPI:92996,92996,"CABO DE COBRE FLEXÍVEL ISOLADO, 150 MM², ANTI-CHAMA 0,6/1,0 KV, PARA REDE ENTERRADA DE DISTRIBUIÇÃO DE ENERGIA ELÉTRICA - FORNECIMENTO E INSTALAÇÃO. AF_12/2021",243,item,True
7620d159-e80a-576a-b7b6-91910a3b3bfa,SINAPI:92992,92992,"CABO DE COBRE FLEXÍVEL ISOLADO, 95 MM², ANTI-CHAMA 0,6/1,0 KV, PARA REDE ENTERRADA DE DISTRIBUIÇÃO DE ENERGIA ELÉTRICA - FORNECIMENTO E INSTALAÇÃO. AF_12/2021",244,item,True
4052724c-ff6d-5ca4-bf9f-85c3610937b0,UFCA:J0148,J0148,TERMINAL A COMPRESSÃO PARA CABO DE 150 mm² A 240mm²,245,item,True
52804a2a-1ab0-5da4-b07d-ef7cfaf9f619,,,GRUPO MOTOR GERADOR,246,grupo,False
7d7a9701-57cc-5dd0-a514-08a279fb8023,,,MALHA DE ATERRAMENTO,247,grupo,False
7502fdac-d136-5a96-8cc9-91fac8a6f479,SINAPI:96977,96977,"CORDOALHA DE COBRE NU 50 MM², ENTERRADA - FORNECIMENTO E INSTALAÇÃO. AF_08/2023",248,item,True
9fd8e4b2-26c5-5205-a05a-def00ca0815d,SINAPI:96985,96985,"HASTE DE ATERRAMENTO, DIÂMETRO 5/8"", COM 3 METROS - FORNECIMENTO E INSTALAÇÃO. AF_08/2023",249,item,True
9f5545e4-74db-5d59-8a88-d480a029f67c,UFCA:J0032,J0032,SOLDA EXOTÉRMICA,250,item,True
3082515a-bca5-5592-a090-23aa706fa68a,SINAPI:97886,97886,"CAIXA ENTERRADA ELÉTRICA RETANGULAR, EM ALVENARIA COM TIJOLOS CERÂMICOS MACIÇOS, FUNDO COM BRITA, DIMENSÕES INTERNAS: 0,3X0,3X0,3 M. AF_12/2020",251,item,True
3ede2dde-b0f7-5404-b93d-e936345d68c1,SINAPI:93358,93358,ESCAVAÇÃO MANUAL DE VALA. AF_09/2024,252,item,True
aebcb730-0555-5dd1-9899-674feebd32c2,SINAPI:104737,104737,"REATERRO MANUAL DE VALAS, COM PLACA VIBRATÓRIA. AF_08/2023",253,item,True
d4290e6e-76a8-5eda-bf20-3207143a2c6e,,,SUBESTAÇÃO DE ENERGIA ELÉTRICA,254,grupo,False
3bad3c1f-89b6-553c-a501-e5b46bead788,,,SUBESTAÇÕES ELÉTRICAS AÉREAS DE 300 KVA,255,grupo,False
832d0843-741d-5c56-9f10-2a0747862a70,UFCA:J0169,J0169,CAIXA DE PROTEÇÃO SECUNDÁRIA EM CHAPA DE AÇO ZINCADA (420X270X200)MM PARA DISJUNTOR TRIFÁSICO DE 100A À 630A. INCLUSO CONEXÕES E SUPORTE PARA FIXAÇÃO NO POSTE - FORNECIMENTO E INSTALAÇÃO,256,item,True
7fb9f093-feac-5937-be12-8abb0c44d29a,SINAPI:101899,101899,"DISJUNTOR TERMOMAGNÉTICO TRIPOLAR , CORRENTE NOMINAL DE 600A - FORNECIMENTO E INSTALAÇÃO. AF_10/2020",257,item,True
dfee4f45-fce9-5f25-bdf2-64d8577e40b8,SINAPI:92998,92998,"CABO DE COBRE FLEXÍVEL ISOLADO, 185 MM², ANTI-CHAMA 0,6/1,0 KV, PARA REDE ENTERRADA DE DISTRIBUIÇÃO DE ENERGIA ELÉTRICA - FORNECIMENTO E INSTALAÇÃO. AF_12/2021",258,item,True
0974e756-48a3-5357-9cdb-d4a60f71b06d,UFCA:J0148,J0148,TERMINAL A COMPRESSÃO PARA CABO DE 150 mm² A 240mm²,259,item,True
98c8e4f0-0808-5fc9-8712-506521c936a6,SINAPI:93012,93012,"ELETRODUTO RÍGIDO ROSCÁVEL, PVC, DN 110 MM (4""), PARA REDE ENTERRADA DE DISTRIBUIÇÃO DE ENERGIA ELÉTRICA - FORNECIMENTO E INSTALAÇÃO. AF_12/2021",260,item,True
c3a6676c-d161-54b4-b0ff-95d3c8b3d7f5,SINAPI:93026,93026,"CURVA 90 GRAUS PARA ELETRODUTO, PVC, ROSCÁVEL, DN 110 MM (4""), PARA REDE ENTERRADA DE DISTRIBUIÇÃO DE ENERGIA ELÉTRICA - FORNECIMENTO E INSTALAÇÃO. AF_12/2021",261,item,True
dab1d8fa-fbe3-531a-abd1-edee8308a364,SINAPI:93017,93017,"LUVA PARA ELETRODUTO, PVC, ROSCÁVEL, DN 110 MM (4""), PARA REDE ENTERRADA DE DISTRIBUIÇÃO DE ENERGIA ELÉTRICA - FORNECIMENTO E INSTALAÇÃO. AF_12/2021",262,item,True
3f8db5df-fc72-53f4-be55-355363106d62,UFCA:J0182,J0182,"POSTE DE CONCRETO ARMADO DE SECAO DUPLO T, EXTENSAO DE 12,00 M, RESISTENCIA DE 1000 DAN, TIPO B-1,5",263,item,True
fb72e801-4066-55cb-a9e4-0a07bf721f50,UFCA:J0153,J0153,PARA RAIO DE DISTRIBUIÇÃO 15 KV TIPO POLIMÉRICO - FORNECIMENTO E INSTALAÇÃO,264,item,True
a51d5040-41d7-517f-a3de-478743c243e2,UFCA:J0154,J0154,FITA DE INOX P/ FIXAÇÃO DE ELETRODUTO - FORNECIMENTO E INSTALAÇÃO,265,item,True
539ea59b-d8be-5dfe-a124-eab0e2705d2d,UFCA:J0158,J0158,"CABO DE ALUMÍNIO SIMPLES, TIPO CAA, BITOLA 4 AWG - FORNECIMENTO E INSTALAÇÃO",266,item,True
30d69cfd-792e-5020-8c2a-ec4da6b9ddc7,UFCA:J0155,J0155,CONECTOR CUNHA - FORNECIMENTO E INSTALAÇÃO,267,item,True
12d30034-7bd5-5d85-806b-4376cd3c2a4b,UFCA:J0156,J0156,ESTRUTURA TIPO CFR (CONJUNTO TRIFÁSICO DE CHAVE FUSÍVEIS EM CRUZETA REBAIXADA),268,item,True
ddfa61bb-1ed4-50ad-b0f9-a0837b43a1ec,UFCA:J0157,J0157,ESTRUTURA DE REDE DE DISTRIBUIÇÃO PADRÃO ENEL/CE TIPO N3 - FORNECIMENTO E INSTALAÇÃO,269,item,True
db2414e5-8785-5578-b3f2-876043225501,SINAPI:102108,102108,"TRANSFORMADOR DE DISTRIBUIÇÃO, 300 KVA, TRIFÁSICO, 60 HZ, CLASSE 15 KV, IMERSO EM ÓLEO MINERAL, INSTALAÇÃO EM POSTE (NÃO INCLUSO SUPORTE) - FORNECIMENTO E INSTALAÇÃO. AF_12/2020",270,item,True
428796af-4ea9-5f0e-b5d6-0c7cf3ba72f2,SINAPI:102110,102110,SUPORTE PARA TRANSFORMADOR EM POSTE DE CONCRETO DUPLO T - FORNECIMENTO E INSTALAÇÃO. AF_12/2020,271,item,True
80cc0eb5-4d5b-58f3-b805-3160b5e661bc,,,MALHA DE ATERRAMENTO,272,grupo,False
9bf2c6d3-2189-55a2-b98a-85443cb3d5ce,SINAPI:96977,96977,"CORDOALHA DE COBRE NU 50 MM², ENTERRADA - FORNECIMENTO E INSTALAÇÃO. AF_08/2023",273,item,True
49613fac-6ccf-55b0-b055-bfd358e81bee,SINAPI:96985,96985,"HASTE DE ATERRAMENTO, DIÂMETRO 5/8"", COM 3 METROS - FORNECIMENTO E INSTALAÇÃO. AF_08/2023",274,item,True
7bbc792d-38ce-516f-ab27-c366878c33cc,UFCA:J0032,J0032,SOLDA EXOTÉRMICA,275,item,True
5f6f6a0a-df35-55a2-8ddc-d6dc100ec8b8,SINAPI:97886,97886,"CAIXA ENTERRADA ELÉTRICA RETANGULAR, EM ALVENARIA COM TIJOLOS CERÂMICOS MACIÇOS, FUNDO COM BRITA, DIMENSÕES INTERNAS: 0,3X0,3X0,3 M. AF_12/2020",276,item,True
68148d23-bc85-5bcb-83dc-80d65742b992,SINAPI:93358,93358,ESCAVAÇÃO MANUAL DE VALA. AF_09/2024,277,item,True
4407c847-1105-5f3d-bec6-db97e1f17049,SINAPI:104737,104737,"REATERRO MANUAL DE VALAS, COM PLACA VIBRATÓRIA. AF_08/2023",278,item,True
a81cd7e6-738f-5e46-bead-2367bebe9e86,,,REDE DE DISTRIBUIÇÃO AÉREA,279,grupo,False
38517a8a-4ce4-5aa3-a6e5-b0566971053f,,,AMPLIAÇÃO DA REDE DE DISTRIBUIÇÃO EM MÉDIA TENSÃO,280,grupo,False
083eacba-696e-57e8-b239-3c167f8b967a,UFCA:J0158,J0158,"CABO DE ALUMÍNIO SIMPLES, TIPO CAA, BITOLA 4 AWG - FORNECIMENTO E INSTALAÇÃO",281,item,True
23402478-d743-56a3-b3a4-0a9db4518f13,UFCA:J0183,J0183,"POSTE DE CONCRETO ARMADO DE SECAO DUPLO T, EXTENSAO DE 12,00 M, RESISTENCIA DE 300 A 400 DAN, TIPO B OU D",282,item,True
e55f96b5-bf7f-5caa-b274-55ded9114414,UFCA:J0184,J0184,"POSTE DE CONCRETO ARMADO DE SECAO DUPLO T, EXTENSAO DE 12,00 M, RESISTENCIA DE 600 DAN, TIPO B",283,item,True
6bd52d28-0451-5d0c-affd-3b9d2626b789,UFCA:J0159,J0159,"REMOÇÃO DE POSTE 12 M, CARGA NOMINAL MENOR OU IGUAL A 1000 DAN, ENGASTAMENTO SIMPLES COM 1,8 M",284,item,True
75739cd5-1e19-551e-9233-d79212e68e5f,UFCA:J0160,J0160,"ESTRUTURA DE REDE DE DISTRIBUIÇÃO PADRÃO ENEL/CE TIPO N1, M1 OU B1 - FORNECIMENTO E INSTALAÇÃO",285,item,True
2347cde4-582d-5440-85ed-9ef3ac8ce52d,UFCA:J0161,J0161,"ESTRUTURA DE REDE DE DISTRIBUIÇÃO PADRÃO ENEL/CE TIPO N2, M2 OU B2 - FORNECIMENTO E INSTALAÇÃO",286,item,True
94f1fcb2-cb49-541c-8370-9445c52cddbc,UFCA:J0162,J0162,ESTRUTURA DE REDE DE DISTRIBUIÇÃO PADRÃO ENEL/CE TIPO N4 - FORNECIMENTO E INSTALAÇÃO,287,item,True
aee9abe0-ae45-5450-b525-ab1c07230226,UFCA:J0163,J0163,ESTRUTURA DE REDE DE DISTRIBUIÇÃO PADRÃO ENEL/CE TIPO N3.M3 OU N3.B3 - FORNECIMENTO E INSTALAÇÃO,288,item,True
5cf1bc3d-4651-52a3-ba83-9ce3736d78ce,UFCA:J0164,J0164,TRANSFORMAÇÃO DE ESTRUTURA DE REDE DE DISTRIBUIÇÃO PADRÃO ENEL/CE N3 EM N4 - FORNECIMENTO E INSTALAÇÃO,289,item,True
e9c09f50-b082-551e-8fcb-2a93d8474726,UFCA:J0165,J0165,"DESMONTAGEM E REMONTAGEM DE ESTRUTURA N3.M3CF, REUTILIZANDO TODO MATERIAL EXISTENTE (CRUZETAS, FERRAGENS, CHAVES FUSÍVEL, CABOS, ISOLADORES, ETC)",290,item,True
3fae6507-6a96-5231-b0ee-51ebe8c13dfe,,,AJUSTE NO CIRCUITO DE ILUMINAÇÃO VIÁRIA,291,grupo,False
c21d806a-8ad0-50c5-8ec1-cb8efabbafdc,UFCA:J0159,J0159,"REMOÇÃO DE POSTE 12 M, CARGA NOMINAL MENOR OU IGUAL A 1000 DAN, ENGASTAMENTO SIMPLES COM 1,8 M",292,item,True
cc8125eb-8b5b-5d86-b501-e8db69df4f37,SINAPI:101636,101636,"BRAÇO PARA ILUMINAÇÃO PÚBLICA, EM TUBO DE AÇO GALVANIZADO, COMPRIMENTO DE 1,50 M, PARA FIXAÇÃO EM POSTE DE CONCRETO - FORNECIMENTO E INSTALAÇÃO. AF_08/2020",293,item,True
a2c2bdf8-59bb-5b07-8896-92710be7641f,UFCA:J0168,J0168,REMOÇÃO E REINSTALAÇÃO DE LUMINÁRIA LED DE ALUMÍNIO POTÊNCIA 150 A 200W EM POSTE REUTILIZANDO OS CABOS INSTALADOS,294,item,True
1fd1c555-8502-5dd1-893e-7bb675f94dd0,SINAPI:93008,93008,"ELETRODUTO RÍGIDO ROSCÁVEL, PVC, DN 50 MM (1 1/2""), PARA REDE ENTERRADA DE DISTRIBUIÇÃO DE ENERGIA ELÉTRICA - FORNECIMENTO E INSTALAÇÃO. AF_12/2021",295,item,True
e366b1e9-b72e-5078-85be-1a055e4c406f,SINAPI:93013,93013,"LUVA PARA ELETRODUTO, PVC, ROSCÁVEL, DN 50 MM (1 1/2""), PARA REDE ENTERRADA DE DISTRIBUIÇÃO DE ENERGIA ELÉTRICA - FORNECIMENTO E INSTALAÇÃO. AF_12/2021",296,item,True
93793665-ad5b-5b7f-9405-501ed7b573a9,SINAPI:97888,97888,"CAIXA ENTERRADA ELÉTRICA RETANGULAR, EM ALVENARIA COM TIJOLOS CERÂMICOS MACIÇOS, FUNDO COM BRITA, DIMENSÕES INTERNAS: 0,6X0,6X0,6 M. AF_12/2020",297,item,True
ac77f559-6400-5873-ad95-052484f0bf6b,SINAPI:93358,93358,ESCAVAÇÃO MANUAL DE VALA. AF_09/2024,298,item,True
024ede20-4f30-5b4a-a3a8-8886713279e0,SINAPI:104737,104737,"REATERRO MANUAL DE VALAS, COM PLACA VIBRATÓRIA. AF_08/2023",299,item,True
61288389-95b2-5a6a-aa6e-5e46d0cbafb1,SINAPI:91935,91935,"CABO DE COBRE FLEXÍVEL ISOLADO, 16 MM², ANTI-CHAMA 0,6/1,0 KV, PARA CIRCUITOS TERMINAIS - FORNECIMENTO E INSTALAÇÃO. AF_03/2023",300,item,True
ee3cae89-5138-58a6-ba5a-3a85c9bb6ef7,,,SISTEMA DE PROTEÇÃO CONTRA DESCARGAS ATMOSFÉRICAS (SPDA),301,grupo,False
34e197da-7d95-5440-9e66-1580254195a6,,,"CAIXAS, CABOS E ACESSÓRIOS",302,grupo,False
427c72a2-6a13-522a-877a-8fb33e02a924,SINAPI:97881,97881,"CAIXA ENTERRADA ELÉTRICA RETANGULAR, EM CONCRETO PRÉ-MOLDADO, FUNDO COM BRITA, DIMENSÕES INTERNAS: 0,3X0,3X0,3 M. AF_12/2020",303,item,True
3b93ccc6-9479-5bf6-a824-69aef7e9f443,SINAPI:96985,96985,"HASTE DE ATERRAMENTO, DIÂMETRO 5/8"", COM 3 METROS - FORNECIMENTO E INSTALAÇÃO. AF_08/2023",304,item,True
afd004ac-4fd8-589c-80e0-2cfbc3682e48,SINAPI:96977,96977,"CORDOALHA DE COBRE NU 50 MM², ENTERRADA - FORNECIMENTO E INSTALAÇÃO. AF_08/2023",305,item,True
52f00599-441e-5d00-b263-8e55a33ed183,SINAPI:90105,90105,"ESCAVAÇÃO MECANIZADA DE VALA COM PROFUNDIDADE ATÉ 1,5 M (MÉDIA MONTANTE E JUSANTE/UMA COMPOSIÇÃO POR TRECHO), RETROESCAV. (0,26 M3), LARGURA MENOR QUE 0,8 M, EM SOLO DE 1A CATEGORIA, LOCAIS COM BAIXO NÍVEL DE INTERFERÊNCIA. AF_09/2024",306,item,True
4777c79f-d69e-566d-9e21-ff0abecadaf5,SINAPI:93378,93378,"REATERRO MECANIZADO DE VALA COM RETROESCAVADEIRA (CAPACIDADE DA CAÇAMBA DA RETRO: 0,26 M³/POTÊNCIA: 88 HP), LARGURA ATÉ 0,8 M, PROFUNDIDADE ATÉ 1,5 M, COM SOLO (SEM SUBSTITUIÇÃO) DE 1ª CATEGORIA, COM COMPACTADOR DE SOLOS DE PERCUSSÃO. AF_08/2023",307,item,True
07135f1b-5cb4-58b6-8781-3482d5dcbccb,UFCA:J0032,J0032,SOLDA EXOTÉRMICA,308,item,True
87a081c0-ebb4-5f78-847a-4d39b792b58e,UFCA:J0101,J0101,"BARRA DE AÇO REDONDA RE-BAR 3/8” x 3,00m",309,item,True
86b11195-b234-5067-9632-40c9dc604279,UFCA:J0085,J0085,"CAIXA DE EQUIPOTENCIALIZAÇÃO EM AÇO, COM 9 TERMINAIS",310,item,True
4cf0d635-60c7-57ac-ad00-917f0495af35,UFCA:J0097,J0097,BARRA CHATA DE ALUMÍNIO 7/8”x 1/8”,311,item,True
02ff01c2-6583-5105-8462-f9791dd507d0,UFCA:J0120,J0120,PARAFUSO INOX COM PORCA DE ¼”,312,item,True
93554062-7cf1-5b60-9a17-662fc78a5067,UFCA:J0123,J0123,SUPORTE ISOLADOR COLÁVEL/PARAFUSÁVEL PARA BARRA CHATA DE ALUMÍNIO,313,item,True
dd7c0ab3-9005-519c-99e4-91ab351caa76,SINAPI:96988,96988,"MASTRO 1 ½"", COM 3 METROS, PARA SPDA - FORNECIMENTO E INSTALAÇÃO. AF_08/2023",314,item,True
9c7364c0-08ae-59f5-a224-5e1b83554cf9,SINAPI:96987,96987,"BASE METÁLICA PARA MASTRO 1 ½"" PARA SPDA - FORNECIMENTO E INSTALAÇÃO. AF_08/2023",315,item,True
b1eb4d4e-6402-54ce-b8c1-b994381aedd2,SINAPI:96973,96973,"CORDOALHA DE COBRE NU 35 MM², NÃO ENTERRADA, COM ISOLADOR - FORNECIMENTO E INSTALAÇÃO. AF_08/2023",316,item,True
a71d4f60-25cd-5596-be8d-2d61bd07fea8,UFCA:J0031,J0031,APARELHO SINALIZADOR DE OBSTÁCULOS C/CÉLULA FOTOELÉTRICA,317,item,True
be98e756-29d5-5026-a945-26612452eea9,UFCA:J0098,J0098,"CONECTOR METÁLICO TIPO PARAFUSO FENDIDO (SPLIT BOLT), PARA CABOS ATE 50 MM2",318,item,True
ca71a23d-4f3d-590f-9d60-65166b077c9e,UFCA:J0205,J0205,SUPORTE GUIA SIMPLES PARA CORDOALHA DE COBRE,319,item,True
e42a9757-f916-5f8a-bd0f-67e9810ac736,,,QUADROS,320,grupo,False
0000cc82-2b79-5d7f-89bf-9e1ad735e88e,,,QUADRO GERAL DE BAIXA TENSÃO – QGBT,321,grupo,False
dd86f937-7874-5dd3-bf56-9d1fc794ac1b,UFCA:J0176,J0176,"QUADRO DE DISTRIBUIÇÃO GERAL BAIXA TENSÃO, C/ACESSÓRIOS- 1UN DE MEDIÇÃO - FORNECIMENTO E INSTALAÇÃO",322,item,True
3d130d5b-4c7a-5c13-974c-b0f968db4d8e,SINAPI:101899,101899,"DISJUNTOR TERMOMAGNÉTICO TRIPOLAR , CORRENTE NOMINAL DE 600A - FORNECIMENTO E INSTALAÇÃO. AF_10/2020",323,item,True
2b927864-96b8-57de-bffc-87759db63956,SINAPI:101898,101898,"DISJUNTOR TERMOMAGNÉTICO TRIPOLAR , CORRENTE NOMINAL DE 400A - FORNECIMENTO E INSTALAÇÃO. AF_10/2020",324,item,True
d398c6f4-3b66-5ca4-b352-8faab3d08758,SINAPI:101895,101895,"DISJUNTOR TERMOMAGNÉTICO TRIPOLAR , CORRENTE NOMINAL DE 125A - FORNECIMENTO E INSTALAÇÃO. AF_10/2020",325,item,True
21cb0e86-e295-503e-b941-060e88603253,SINAPI:101894,101894,"DISJUNTOR TRIPOLAR TIPO NEMA, CORRENTE NOMINAL DE 60 ATÉ 100A - FORNECIMENTO E INSTALAÇÃO. AF_10/2020",326,item,True
38531c65-705f-5a0a-91d0-83395b0f2870,SINAPI:101893,101893,"DISJUNTOR TRIPOLAR TIPO NEMA, CORRENTE NOMINAL DE 10 ATÉ 50A - FORNECIMENTO E INSTALAÇÃO. AF_10/2020",327,item,True
f3f2f455-3ec3-58f3-ac05-7fcbfc008c0d,UFCA:J0177,J0177,DISPOSITIVO DE PROTEÇÃO CONTRA SURTOS DE TENSÃO (DPS) - 40 KA/275V - FORNECIMENTO E INSTALAÇÃO,328,item,True
7821c590-2032-5ba6-98c1-78a5051fe796,UFCA:J0152,J0152,TRANSFORMADOR DE CORRENTE EM QD - FAIXA 400 A 500/5A - FORNECIMENTO E INSTALAÇÃO,329,item,True
61ac2741-4bf5-5491-b643-dad2071cc48d,UFCA:J0178,J0178,MULTIMEDIDOR DE GRANDEZAS ELÉTRICAS - FORNECIMENTO E INSTALAÇÃO,330,item,True
26b0f258-f5fb-5fea-835d-bec880404f2e,UFCA:J0148,J0148,TERMINAL A COMPRESSÃO PARA CABO DE 150 mm² A 240mm²,331,item,True
d709a565-e5b5-593b-8a41-dda740925c19,,,QUADRO GERAL DE BAIXA TENSÃO ESSENCIAL – QGBTE,332,grupo,False
c6fc4f85-32a6-5657-9578-6c0699a65496,UFCA:J0176,J0176,"QUADRO DE DISTRIBUIÇÃO GERAL BAIXA TENSÃO, C/ACESSÓRIOS- 1UN DE MEDIÇÃO - FORNECIMENTO E INSTALAÇÃO",333,item,True
2dc8b9fe-7964-5262-b6b5-ab8ba9442d51,SINAPI:101898,101898,"DISJUNTOR TERMOMAGNÉTICO TRIPOLAR , CORRENTE NOMINAL DE 400A - FORNECIMENTO E INSTALAÇÃO. AF_10/2020",334,item,True
bff0c46a-b4c0-5051-acbc-cbd67d6bcf32,SINAPI:101894,101894,"DISJUNTOR TRIPOLAR TIPO NEMA, CORRENTE NOMINAL DE 60 ATÉ 100A - FORNECIMENTO E INSTALAÇÃO. AF_10/2020",335,item,True
2611d31f-8dc6-584b-b362-3db2087d4d8a,SINAPI:101895,101895,"DISJUNTOR TERMOMAGNÉTICO TRIPOLAR , CORRENTE NOMINAL DE 125A - FORNECIMENTO E INSTALAÇÃO. AF_10/2020",336,item,True
2aaf3da5-7157-5947-bcd7-6b74ee6826a4,UFCA:J0177,J0177,DISPOSITIVO DE PROTEÇÃO CONTRA SURTOS DE TENSÃO (DPS) - 40 KA/275V - FORNECIMENTO E INSTALAÇÃO,337,item,True
e9a9b3d5-d2ea-569c-afc7-189480e0116e,UFCA:J0180,J0180,TRANSFORMADOR DE CORRENTE EM QD - FAIXA 200 A 400/5A - FORNECIMENTO E INSTALAÇÃO,338,item,True
ee6d7e6d-c54f-56d8-bbdf-963c9b12dc44,UFCA:J0178,J0178,MULTIMEDIDOR DE GRANDEZAS ELÉTRICAS - FORNECIMENTO E INSTALAÇÃO,339,item,True
c067ac25-2845-5545-8ec7-d54612852c26,UFCA:J0138,J0138,TERMINAL A COMPRESSÃO PARA CABO DE 50 mm² A 120mm²,340,item,True
529972ce-92f8-5673-96cc-4db6597ea315,,,QLF1,341,grupo,False
09f22dd8-6ce5-5627-bf2d-140465fee478,SINAPI:101881,101881,"QUADRO DE DISTRIBUIÇÃO DE ENERGIA EM CHAPA DE AÇO GALVANIZADO, DE EMBUTIR, COM BARRAMENTO TRIFÁSICO, PARA 40 DISJUNTORES DIN 100A - FORNECIMENTO E INSTALAÇÃO. AF_10/2020",342,item,True
1afae0f8-3618-577a-b80a-76591378346d,SINAPI:93654,93654,"DISJUNTOR MONOPOLAR TIPO DIN, CORRENTE NOMINAL DE 16A - FORNECIMENTO E INSTALAÇÃO. AF_10/2020",343,item,True
25629c85-2a9d-52e9-b927-cfd43128a025,SINAPI:93655,93655,"DISJUNTOR MONOPOLAR TIPO DIN, CORRENTE NOMINAL DE 20A - FORNECIMENTO E INSTALAÇÃO. AF_10/2020",344,item,True
24947a1b-909c-5202-94b1-2870d6300086,SINAPI:101894,101894,"DISJUNTOR TRIPOLAR TIPO NEMA, CORRENTE NOMINAL DE 60 ATÉ 100A - FORNECIMENTO E INSTALAÇÃO. AF_10/2020",345,item,True
12fbb0b4-5d26-5f52-859f-652e7d511d99,UFCA:J0177,J0177,DISPOSITIVO DE PROTEÇÃO CONTRA SURTOS DE TENSÃO (DPS) - 40 KA/275V - FORNECIMENTO E INSTALAÇÃO,346,item,True
bdd24259-c96d-5f19-a61f-8d4a8708d7d6,UFCA:J0136,J0136,TERMINAL A COMPRESSÃO PARA CABO DE 10 mm² A 16mm²,347,item,True
a33b5d14-93da-5292-948b-193682c2b80c,UFCA:J0137,J0137,TERMINAL A COMPRESSÃO PARA CABO DE 25 mm² A 35mm²,348,item,True
67afe853-55e7-5f74-82c4-4178eb4d8700,,,QLF2,349,grupo,False
894e4fe2-68b5-5bf9-8732-875de59abd8a,SINAPI:101881,101881,"QUADRO DE DISTRIBUIÇÃO DE ENERGIA EM CHAPA DE AÇO GALVANIZADO, DE EMBUTIR, COM BARRAMENTO TRIFÁSICO, PARA 40 DISJUNTORES DIN 100A - FORNECIMENTO E INSTALAÇÃO. AF_10/2020",350,item,True
2c8bf7e3-d6ae-5399-9627-e85679b34ad1,SINAPI:93654,93654,"DISJUNTOR MONOPOLAR TIPO DIN, CORRENTE NOMINAL DE 16A - FORNECIMENTO E INSTALAÇÃO. AF_10/2020",351,item,True
2afe7141-02ba-57ac-8d66-f7125676b6a8,SINAPI:93655,93655,"DISJUNTOR MONOPOLAR TIPO DIN, CORRENTE NOMINAL DE 20A - FORNECIMENTO E INSTALAÇÃO. AF_10/2020",352,item,True
b501745a-8aaf-5a51-bd9b-ef9b94fb1314,SINAPI:101895,101895,"DISJUNTOR TERMOMAGNÉTICO TRIPOLAR , CORRENTE NOMINAL DE 125A - FORNECIMENTO E INSTALAÇÃO. AF_10/2020",353,item,True
5b545865-11ca-5254-971a-ae5db6594594,SINAPI:101894,101894,"DISJUNTOR TRIPOLAR TIPO NEMA, CORRENTE NOMINAL DE 60 ATÉ 100A - FORNECIMENTO E INSTALAÇÃO. AF_10/2020",354,item,True
5a9fc695-b1ed-535a-81ca-fe23c9d35852,UFCA:J0177,J0177,DISPOSITIVO DE PROTEÇÃO CONTRA SURTOS DE TENSÃO (DPS) - 40 KA/275V - FORNECIMENTO E INSTALAÇÃO,355,item,True
592d7ccb-f2f8-5eda-8bfd-3548a11fd3d2,UFCA:J0137,J0137,TERMINAL A COMPRESSÃO PARA CABO DE 25 mm² A 35mm²,356,item,True
2631bac5-8bda-5444-a8b8-fb3deb36c63f,UFCA:J0138,J0138,TERMINAL A COMPRESSÃO PARA CABO DE 50 mm² A 120mm²,357,item,True
8093449d-60f5-5c12-bf29-3e0d5fd11fe1,,,QLAB1,358,grupo,False
e882d58e-85d8-51ce-a8fd-957c044a0a42,SINAPI:101881,101881,"QUADRO DE DISTRIBUIÇÃO DE ENERGIA EM CHAPA DE AÇO GALVANIZADO, DE EMBUTIR, COM BARRAMENTO TRIFÁSICO, PARA 40 DISJUNTORES DIN 100A - FORNECIMENTO E INSTALAÇÃO. AF_10/2020",359,item,True
5748c3fa-7bc4-51bf-8071-59454394a735,SINAPI:93654,93654,"DISJUNTOR MONOPOLAR TIPO DIN, CORRENTE NOMINAL DE 16A - FORNECIMENTO E INSTALAÇÃO. AF_10/2020",360,item,True
a03bd57c-9ca1-5aa3-8491-5002538a7523,SINAPI:93655,93655,"DISJUNTOR MONOPOLAR TIPO DIN, CORRENTE NOMINAL DE 20A - FORNECIMENTO E INSTALAÇÃO. AF_10/2020",361,item,True
8547a2c0-c290-5bab-a5fd-567f453997a3,SINAPI:101893,101893,"DISJUNTOR TRIPOLAR TIPO NEMA, CORRENTE NOMINAL DE 10 ATÉ 50A - FORNECIMENTO E INSTALAÇÃO. AF_10/2020",362,item,True
2049fb9c-7ff0-5f5c-a47e-135c4f341a02,SINAPI:101894,101894,"DISJUNTOR TRIPOLAR TIPO NEMA, CORRENTE NOMINAL DE 60 ATÉ 100A - FORNECIMENTO E INSTALAÇÃO. AF_10/2020",363,item,True
d9ce6a03-0228-5597-acfb-d9a9c6e92fd6,UFCA:J0177,J0177,DISPOSITIVO DE PROTEÇÃO CONTRA SURTOS DE TENSÃO (DPS) - 40 KA/275V - FORNECIMENTO E INSTALAÇÃO,364,item,True
c88f84f6-2a00-5e7d-a292-6e4aea3ab7b6,UFCA:J0136,J0136,TERMINAL A COMPRESSÃO PARA CABO DE 10 mm² A 16mm²,365,item,True
38bcd653-fa45-5f5c-b5c3-011c944b0dd5,,,QLAB2,366,grupo,False
004b8c61-b0c3-57e1-9356-98f74fd23342,SINAPI:101881,101881,"QUADRO DE DISTRIBUIÇÃO DE ENERGIA EM CHAPA DE AÇO GALVANIZADO, DE EMBUTIR, COM BARRAMENTO TRIFÁSICO, PARA 40 DISJUNTORES DIN 100A - FORNECIMENTO E INSTALAÇÃO. AF_10/2020",367,item,True
f555fa40-7325-5d9e-ba98-cb07989a7375,SINAPI:93654,93654,"DISJUNTOR MONOPOLAR TIPO DIN, CORRENTE NOMINAL DE 16A - FORNECIMENTO E INSTALAÇÃO. AF_10/2020",368,item,True
5054d508-d1fc-549c-914e-045807b43fa6,SINAPI:93655,93655,"DISJUNTOR MONOPOLAR TIPO DIN, CORRENTE NOMINAL DE 20A - FORNECIMENTO E INSTALAÇÃO. AF_10/2020",369,item,True
03bc0ece-acf2-5df6-bb76-19302685dcad,SINAPI:101893,101893,"DISJUNTOR TRIPOLAR TIPO NEMA, CORRENTE NOMINAL DE 10 ATÉ 50A - FORNECIMENTO E INSTALAÇÃO. AF_10/2020",370,item,True
cf423dfa-171d-5830-854d-fc3935579136,SINAPI:101894,101894,"DISJUNTOR TRIPOLAR TIPO NEMA, CORRENTE NOMINAL DE 60 ATÉ 100A - FORNECIMENTO E INSTALAÇÃO. AF_10/2020",371,item,True
9aaf09f4-8fe3-5b14-a616-b2a2bda34303,UFCA:J0177,J0177,DISPOSITIVO DE PROTEÇÃO CONTRA SURTOS DE TENSÃO (DPS) - 40 KA/275V - FORNECIMENTO E INSTALAÇÃO,372,item,True
079e83f2-b6c9-55df-a721-7b5bdfb154bb,UFCA:J0136,J0136,TERMINAL A COMPRESSÃO PARA CABO DE 10 mm² A 16mm²,373,item,True
a403b7c2-48da-506f-b83d-935ad6ca44da,,,QLAB3,374,grupo,False
8c05ad42-a496-5730-bed3-1125525d2411,SINAPI:101881,101881,"QUADRO DE DISTRIBUIÇÃO DE ENERGIA EM CHAPA DE AÇO GALVANIZADO, DE EMBUTIR, COM BARRAMENTO TRIFÁSICO, PARA 40 DISJUNTORES DIN 100A - FORNECIMENTO E INSTALAÇÃO. AF_10/2020",375,item,True
c043a126-c3a9-52b4-b73b-ccfde177db6e,SINAPI:93654,93654,"DISJUNTOR MONOPOLAR TIPO DIN, CORRENTE NOMINAL DE 16A - FORNECIMENTO E INSTALAÇÃO. AF_10/2020",376,item,True
b75e8818-f233-5908-b9f2-510594ce5e8c,SINAPI:93655,93655,"DISJUNTOR MONOPOLAR TIPO DIN, CORRENTE NOMINAL DE 20A - FORNECIMENTO E INSTALAÇÃO. AF_10/2020",377,item,True
504feac1-a6dc-5ba7-b2aa-8ae4a9103978,SINAPI:101893,101893,"DISJUNTOR TRIPOLAR TIPO NEMA, CORRENTE NOMINAL DE 10 ATÉ 50A - FORNECIMENTO E INSTALAÇÃO. AF_10/2020",378,item,True
8e5cfdd0-0dcc-503a-b8f5-31e5a2e0a7b5,SINAPI:101894,101894,"DISJUNTOR TRIPOLAR TIPO NEMA, CORRENTE NOMINAL DE 60 ATÉ 100A - FORNECIMENTO E INSTALAÇÃO. AF_10/2020",379,item,True
a89e51df-07fc-534c-906e-7e45f7b042bd,UFCA:J0177,J0177,DISPOSITIVO DE PROTEÇÃO CONTRA SURTOS DE TENSÃO (DPS) - 40 KA/275V - FORNECIMENTO E INSTALAÇÃO,380,item,True
60122d7b-5c1a-5468-9088-c62cfd618519,UFCA:J0136,J0136,TERMINAL A COMPRESSÃO PARA CABO DE 10 mm² A 16mm²,381,item,True
5bcb22a2-21c0-5548-8a78-eec1d5046b3c,,,QLAB4,382,grupo,False
90ee3986-0655-566f-be28-ed0f3cd40658,SINAPI:101881,101881,"QUADRO DE DISTRIBUIÇÃO DE ENERGIA EM CHAPA DE AÇO GALVANIZADO, DE EMBUTIR, COM BARRAMENTO TRIFÁSICO, PARA 40 DISJUNTORES DIN 100A - FORNECIMENTO E INSTALAÇÃO. AF_10/2020",383,item,True
8eedf097-7bb9-5d6e-bff7-4ad569354579,SINAPI:93654,93654,"DISJUNTOR MONOPOLAR TIPO DIN, CORRENTE NOMINAL DE 16A - FORNECIMENTO E INSTALAÇÃO. AF_10/2020",384,item,True
d415489d-7eff-54ab-be5b-57bd197cefcd,SINAPI:93655,93655,"DISJUNTOR MONOPOLAR TIPO DIN, CORRENTE NOMINAL DE 20A - FORNECIMENTO E INSTALAÇÃO. AF_10/2020",385,item,True
94c28636-aac2-588c-9707-07d2327ea569,SINAPI:101893,101893,"DISJUNTOR TRIPOLAR TIPO NEMA, CORRENTE NOMINAL DE 10 ATÉ 50A - FORNECIMENTO E INSTALAÇÃO. AF_10/2020",386,item,True
374bd76a-db98-5abc-a3af-35919cdd8946,SINAPI:101894,101894,"DISJUNTOR TRIPOLAR TIPO NEMA, CORRENTE NOMINAL DE 60 ATÉ 100A - FORNECIMENTO E INSTALAÇÃO. AF_10/2020",387,item,True
8f215c7f-e1e5-59c3-b128-1fa206947872,UFCA:J0177,J0177,DISPOSITIVO DE PROTEÇÃO CONTRA SURTOS DE TENSÃO (DPS) - 40 KA/275V - FORNECIMENTO E INSTALAÇÃO,388,item,True
dd10f570-6356-54e3-a729-6a38a167b2e9,UFCA:J0136,J0136,TERMINAL A COMPRESSÃO PARA CABO DE 10 mm² A 16mm²,389,item,True
e1b3c310-ce08-5ab5-a755-4ef1519c1da5,,,QDLAB,390,grupo,False
057633d2-b505-5153-b44e-a7b14e57071c,SINAPI:101881,101881,"QUADRO DE DISTRIBUIÇÃO DE ENERGIA EM CHAPA DE AÇO GALVANIZADO, DE EMBUTIR, COM BARRAMENTO TRIFÁSICO, PARA 40 DISJUNTORES DIN 100A - FORNECIMENTO E INSTALAÇÃO. AF_10/2020",391,item,True
875ae6e1-130f-5858-8984-4afd7e022403,SINAPI:101893,101893,"DISJUNTOR TRIPOLAR TIPO NEMA, CORRENTE NOMINAL DE 10 ATÉ 50A - FORNECIMENTO E INSTALAÇÃO. AF_10/2020",392,item,True
d39c2a1e-1826-5e2a-a648-078f210d4838,SINAPI:101894,101894,"DISJUNTOR TRIPOLAR TIPO NEMA, CORRENTE NOMINAL DE 60 ATÉ 100A - FORNECIMENTO E INSTALAÇÃO. AF_10/2020",393,item,True
469d9d50-aa96-5dfd-85ed-15fe5d23508a,SINAPI:101895,101895,"DISJUNTOR TERMOMAGNÉTICO TRIPOLAR , CORRENTE NOMINAL DE 125A - FORNECIMENTO E INSTALAÇÃO. AF_10/2020",394,item,True
3c16a4e3-674f-5b66-bee4-5eda83d84ef0,UFCA:J0177,J0177,DISPOSITIVO DE PROTEÇÃO CONTRA SURTOS DE TENSÃO (DPS) - 40 KA/275V - FORNECIMENTO E INSTALAÇÃO,395,item,True
66fc261d-ad95-511f-95db-cb1b667afd0d,UFCA:J0137,J0137,TERMINAL A COMPRESSÃO PARA CABO DE 25 mm² A 35mm²,396,item,True
fd367a38-b047-536f-9461-3024556cc5a9,UFCA:J0138,J0138,TERMINAL A COMPRESSÃO PARA CABO DE 50 mm² A 120mm²,397,item,True
c1d8425d-749a-57a0-b229-fa99b5b65e8e,,,QB RECALQUE,398,grupo,False
ad7d633e-e46d-593c-8035-3f7a6c3240fc,UFCA:J0108,J0108,"QUADRO DE BOMBA DE RECALQUE, COMPLETO - PARA 1 BOMBA",399,item,True
7d45fa65-5a4c-53ba-8692-5efbe97aa46e,,,QB INCÊNDIO,400,grupo,False
5671e4d4-ede3-545f-a994-95b45fb7931d,UFCA:J0110,J0110,"QUADRO DE BOMBA DE INCÊNDIO, COMPLETO - PARA 1 BOMBA",401,item,True
23f9bc2d-12fb-517d-9c28-820ed8b17030,,,QD-GUA,402,grupo,False
e42cbc6c-ee2f-5865-b4a6-f10310f0fec5,SINAPI:101881,101881,"QUADRO DE DISTRIBUIÇÃO DE ENERGIA EM CHAPA DE AÇO GALVANIZADO, DE EMBUTIR, COM BARRAMENTO TRIFÁSICO, PARA 40 DISJUNTORES DIN 100A - FORNECIMENTO E INSTALAÇÃO. AF_10/2020",403,item,True
c4f8ff1d-baa3-5c1d-94cb-8e589b07508d,SINAPI:93654,93654,"DISJUNTOR MONOPOLAR TIPO DIN, CORRENTE NOMINAL DE 16A - FORNECIMENTO E INSTALAÇÃO. AF_10/2020",404,item,True
c5cc5b5a-cc5e-542b-8ae6-be63d6c93736,SINAPI:93655,93655,"DISJUNTOR MONOPOLAR TIPO DIN, CORRENTE NOMINAL DE 20A - FORNECIMENTO E INSTALAÇÃO. AF_10/2020",405,item,True
cff31eec-adeb-5a69-8911-4952c761171a,SINAPI:101894,101894,"DISJUNTOR TRIPOLAR TIPO NEMA, CORRENTE NOMINAL DE 60 ATÉ 100A - FORNECIMENTO E INSTALAÇÃO. AF_10/2020",406,item,True
cfd04f70-5842-55b9-bb49-0d4cc05acf23,UFCA:J0177,J0177,DISPOSITIVO DE PROTEÇÃO CONTRA SURTOS DE TENSÃO (DPS) - 40 KA/275V - FORNECIMENTO E INSTALAÇÃO,407,item,True
7d4b1d64-498f-5cfd-8bb0-8ed569fed10a,UFCA:J0136,J0136,TERMINAL A COMPRESSÃO PARA CABO DE 10 mm² A 16mm²,408,item,True
1ab907b1-6b2f-5cca-9cec-aeeafac060db,UFCA:J0043,J0043,"DISJUNTOR DIFERENCIAL DR – 16A – 40A, 30mA",409,item,True
2a07acfe-0fc2-5067-b9cb-97de116c4009,UFCA:J0207,J0207,TIMER DIGITAL 220V,410,item,True
e0bb025d-c251-5dea-abc6-f0b41a60d115,SINAPI:101902,101902,CONTATOR TRIPOLAR I NOMINAL 22A - FORNECIMENTO E INSTALAÇÃO. AF_10/2020,411,item,True
2a0c5090-d08a-58cf-9227-7466a31b7758,,,QD-GER,412,grupo,False
3934fa08-abee-5d85-a607-9c2a44076c9b,SINAPI:101883,101883,"QUADRO DE DISTRIBUIÇÃO DE ENERGIA EM CHAPA DE AÇO GALVANIZADO, DE EMBUTIR, COM BARRAMENTO TRIFÁSICO, PARA 18 DISJUNTORES DIN 100A - FORNECIMENTO E INSTALAÇÃO. AF_10/2020",413,item,True
1d594233-a43f-58e5-9bee-4ba4f8a6133c,SINAPI:93654,93654,"DISJUNTOR MONOPOLAR TIPO DIN, CORRENTE NOMINAL DE 16A - FORNECIMENTO E INSTALAÇÃO. AF_10/2020",414,item,True
ad96a20f-8cee-5d3e-853c-6b274fbd8523,SINAPI:93655,93655,"DISJUNTOR MONOPOLAR TIPO DIN, CORRENTE NOMINAL DE 20A - FORNECIMENTO E INSTALAÇÃO. AF_10/2020",415,item,True
26a8bcbf-1dec-53a7-999a-c3fdbe52a450,SINAPI:101894,101894,"DISJUNTOR TRIPOLAR TIPO NEMA, CORRENTE NOMINAL DE 60 ATÉ 100A - FORNECIMENTO E INSTALAÇÃO. AF_10/2020",416,item,True
fb3df3e8-bc43-5cd8-9bd3-22947d1c01e3,UFCA:J0177,J0177,DISPOSITIVO DE PROTEÇÃO CONTRA SURTOS DE TENSÃO (DPS) - 40 KA/275V - FORNECIMENTO E INSTALAÇÃO,417,item,True
d547d342-2e2b-5782-b73b-2106dd614ce5,UFCA:J0136,J0136,TERMINAL A COMPRESSÃO PARA CABO DE 10 mm² A 16mm²,418,item,True
55cb13d7-a4a3-55ad-b7f0-799dcde77adb,SINAPI:101893,101893,"DISJUNTOR TRIPOLAR TIPO NEMA, CORRENTE NOMINAL DE 10 ATÉ 50A - FORNECIMENTO E INSTALAÇÃO. AF_10/2020",419,item,True
e1d1f1d9-6db1-54eb-8309-0d6d3b6a9ffc,,,QD-LANC,420,grupo,False
f1571f7e-d02e-511f-ba0a-be761efebb54,SINAPI:101883,101883,"QUADRO DE DISTRIBUIÇÃO DE ENERGIA EM CHAPA DE AÇO GALVANIZADO, DE EMBUTIR, COM BARRAMENTO TRIFÁSICO, PARA 18 DISJUNTORES DIN 100A - FORNECIMENTO E INSTALAÇÃO. AF_10/2020",421,item,True
ba92e19f-995b-5c2c-b18f-58a3f96ae959,SINAPI:93654,93654,"DISJUNTOR MONOPOLAR TIPO DIN, CORRENTE NOMINAL DE 16A - FORNECIMENTO E INSTALAÇÃO. AF_10/2020",422,item,True
65d4d42a-d6ca-5666-a41e-9e98c859b18a,SINAPI:93655,93655,"DISJUNTOR MONOPOLAR TIPO DIN, CORRENTE NOMINAL DE 20A - FORNECIMENTO E INSTALAÇÃO. AF_10/2020",423,item,True
8518827a-0f44-5fbe-bec3-2cad736f0bbe,SINAPI:101894,101894,"DISJUNTOR TRIPOLAR TIPO NEMA, CORRENTE NOMINAL DE 60 ATÉ 100A - FORNECIMENTO E INSTALAÇÃO. AF_10/2020",424,item,True
4471afb3-b6bc-52ac-a152-af9cf631b292,UFCA:J0177,J0177,DISPOSITIVO DE PROTEÇÃO CONTRA SURTOS DE TENSÃO (DPS) - 40 KA/275V - FORNECIMENTO E INSTALAÇÃO,425,item,True
8c9626be-0196-5edb-8a75-05ca012a4593,UFCA:J0136,J0136,TERMINAL A COMPRESSÃO PARA CABO DE 10 mm² A 16mm²,426,item,True
ac63377b-b8ed-5ae1-bdd0-5a84f907351f,,,ILUMINAÇÃO E TOMADAS,427,grupo,False
fe83fc43-e58c-5ef4-b1ee-2c2f7f167d38,,,"CONDUTOS, CAIXAS, CABOS E ACESSÓRIOS",428,grupo,False
56e88f14-d534-5fda-8ff6-8ce14e30c4ea,SINAPI:92000,92000,"TOMADA BAIXA DE EMBUTIR (1 MÓDULO), 2P+T 10 A, INCLUINDO SUPORTE E PLACA - FORNECIMENTO E INSTALAÇÃO. AF_03/2023",429,item,True
6667336a-cf62-57e1-b623-193f9e52b7c2,SINAPI:91996,91996,"TOMADA MÉDIA DE EMBUTIR (1 MÓDULO), 2P+T 10 A, INCLUINDO SUPORTE E PLACA - FORNECIMENTO E INSTALAÇÃO. AF_03/2023",430,item,True
7653ab16-e487-5deb-9285-6181f554f95b,SINAPI:92008,92008,"TOMADA BAIXA DE EMBUTIR (2 MÓDULOS), 2P+T 10 A, INCLUINDO SUPORTE E PLACA - FORNECIMENTO E INSTALAÇÃO. AF_03/2023",431,item,True
9f1da71d-9317-51ab-8469-9e83ccbbc4ab,SINAPI:91992,91992,"TOMADA ALTA DE EMBUTIR (1 MÓDULO), 2P+T 10 A, INCLUINDO SUPORTE E PLACA - FORNECIMENTO E INSTALAÇÃO. AF_03/2023",432,item,True
4327cbee-4516-5d71-a5b0-0bcee729f98d,SINAPI:91997,91997,"TOMADA MÉDIA DE EMBUTIR (1 MÓDULO), 2P+T 20 A, INCLUINDO SUPORTE E PLACA - FORNECIMENTO E INSTALAÇÃO. AF_03/2023",433,item,True
a08d77da-ef64-5c9e-967d-4c0094ab7d6b,SINAPI:92004,92004,"TOMADA MÉDIA DE EMBUTIR (2 MÓDULOS), 2P+T 10 A, INCLUINDO SUPORTE E PLACA - FORNECIMENTO E INSTALAÇÃO. AF_03/2023",434,item,True
fd02c81a-5d7d-5113-a879-1dfee00d454b,SINAPI:91955,91955,"INTERRUPTOR PARALELO (1 MÓDULO), 10A/250V, INCLUINDO SUPORTE E PLACA - FORNECIMENTO E INSTALAÇÃO. AF_03/2023",435,item,True
8b758fe8-9996-5158-99c4-35ab07c2b01a,SINAPI:91961,91961,"INTERRUPTOR PARALELO (2 MÓDULOS), 10A/250V, INCLUINDO SUPORTE E PLACA - FORNECIMENTO E INSTALAÇÃO. AF_03/2023",436,item,True
7d4e4299-2ffd-54ad-a190-c649da6c1678,SINAPI:91953,91953,"INTERRUPTOR SIMPLES (1 MÓDULO), 10A/250V, INCLUINDO SUPORTE E PLACA - FORNECIMENTO E INSTALAÇÃO. AF_03/2023",437,item,True
13d3d529-de05-5f4c-bb47-28d74c55e0f9,SINAPI:91959,91959,"INTERRUPTOR SIMPLES (2 MÓDULOS), 10A/250V, INCLUINDO SUPORTE E PLACA - FORNECIMENTO E INSTALAÇÃO. AF_03/2023",438,item,True
2a3d35dc-edd1-5c97-a8cd-1b924ea3b657,SINAPI:91967,91967,"INTERRUPTOR SIMPLES (3 MÓDULOS), 10A/250V, INCLUINDO SUPORTE E PLACA - FORNECIMENTO E INSTALAÇÃO. AF_03/2023",439,item,True
29748518-84e2-5bb4-af8b-1f2d45683683,SINAPI:97599,97599,"LUMINÁRIA DE EMERGÊNCIA, COM 30 LÂMPADAS LED DE 2 W, SEM REATOR - FORNECIMENTO E INSTALAÇÃO. AF_09/2024",440,item,True
e239ce90-9a83-56a2-9153-c21e7f10b7ce,SINAPI:91926,91926,"CABO DE COBRE FLEXÍVEL ISOLADO, 2,5 MM², ANTI-CHAMA 450/750 V, PARA CIRCUITOS TERMINAIS - FORNECIMENTO E INSTALAÇÃO. AF_03/2023",441,item,True
f0461d68-88e1-5c41-9dbc-1a2848dba923,SINAPI:91928,91928,"CABO DE COBRE FLEXÍVEL ISOLADO, 4 MM², ANTI-CHAMA 450/750 V, PARA CIRCUITOS TERMINAIS - FORNECIMENTO E INSTALAÇÃO. AF_03/2023",442,item,True
39288af4-d005-5708-9e50-e9966df6631e,SINAPI:91930,91930,"CABO DE COBRE FLEXÍVEL ISOLADO, 6 MM², ANTI-CHAMA 450/750 V, PARA CIRCUITOS TERMINAIS - FORNECIMENTO E INSTALAÇÃO. AF_03/2023",443,item,True
d6a14061-1acb-5a1c-8680-471b8b8cd751,SINAPI:91890,91890,"CURVA 90 GRAUS PARA ELETRODUTO, PVC, ROSCÁVEL, DN 25 MM (3/4""), PARA CIRCUITOS TERMINAIS, INSTALADA EM FORRO - FORNECIMENTO E INSTALAÇÃO. AF_03/2023",444,item,True
78cffa27-f2ea-5643-9dae-38fe2bdd2ce9,SINAPI:91875,91875,"LUVA PARA ELETRODUTO, PVC, ROSCÁVEL, DN 25 MM (3/4""), PARA CIRCUITOS TERMINAIS, INSTALADA EM FORRO - FORNECIMENTO E INSTALAÇÃO. AF_03/2023",445,item,True
43c11e79-9e88-5dc5-acb6-e6a137276335,SINAPI:91893,91893,"CURVA 90 GRAUS PARA ELETRODUTO, PVC, ROSCÁVEL, DN 32 MM (1""), PARA CIRCUITOS TERMINAIS, INSTALADA EM FORRO - FORNECIMENTO E INSTALAÇÃO. AF_03/2023",446,item,True
22fe6bda-5b36-5a67-b79d-cc8cf467e57c,SINAPI:91876,91876,"LUVA PARA ELETRODUTO, PVC, ROSCÁVEL, DN 32 MM (1""), PARA CIRCUITOS TERMINAIS, INSTALADA EM FORRO - FORNECIMENTO E INSTALAÇÃO. AF_03/2023",447,item,True
0c101982-5206-506c-9efb-16e18d83a90e,SINAPI:91896,91896,"CURVA 90 GRAUS PARA ELETRODUTO, PVC, ROSCÁVEL, DN 40 MM (1 1/4""), PARA CIRCUITOS TERMINAIS, INSTALADA EM FORRO - FORNECIMENTO E INSTALAÇÃO. AF_03/2023",448,item,True
8c17290f-592c-560e-a7d3-d3eb74db73d4,SINAPI:91877,91877,"LUVA PARA ELETRODUTO, PVC, ROSCÁVEL, DN 40 MM (1 1/4""), PARA CIRCUITOS TERMINAIS, INSTALADA EM FORRO - FORNECIMENTO E INSTALAÇÃO. AF_03/2023",449,item,True
8d1021e3-5da2-59ab-ae3a-573a662e34bf,SINAPI:91936,91936,"CAIXA OCTOGONAL 4"" X 4"", PVC, INSTALADA EM LAJE - FORNECIMENTO E INSTALAÇÃO. AF_03/2023",450,item,True
ead76228-9860-5440-ae0a-5fa0018cda73,SINAPI:91941,91941,"CAIXA RETANGULAR 4"" X 2"" BAIXA (0,30 M DO PISO), PVC, INSTALADA EM PAREDE - FORNECIMENTO E INSTALAÇÃO. AF_03/2023",451,item,True
fe5c3e4b-d2ac-5bb8-a761-a7692355a1e9,SINAPI:91940,91940,"CAIXA RETANGULAR 4"" X 2"" MÉDIA (1,30 M DO PISO), PVC, INSTALADA EM PAREDE - FORNECIMENTO E INSTALAÇÃO. AF_03/2023",452,item,True
7b85d5c1-3a3e-5c42-b829-426efbdc2ec1,SINAPI:91939,91939,"CAIXA RETANGULAR 4"" X 2"" ALTA (2,00 M DO PISO), PVC, INSTALADA EM PAREDE - FORNECIMENTO E INSTALAÇÃO. AF_03/2023",453,item,True
5c662d51-899b-5a66-ba08-169ee70749c2,SINAPI:91871,91871,"ELETRODUTO RÍGIDO ROSCÁVEL, PVC, DN 25 MM (3/4""), PARA CIRCUITOS TERMINAIS, INSTALADO EM PAREDE - FORNECIMENTO E INSTALAÇÃO. AF_03/2023",454,item,True
8e67fc49-e7ec-5fa9-aa42-77369d91e3a8,SINAPI:104785,104785,"FIXAÇÃO DE ELETRODUTOS, DIÂMETROS MENORES OU IGUAIS A 40 MM, COM ABRAÇADEIRA METÁLICA RÍGIDA TIPO D COM PARAFUSO DE FIXAÇÃO 1 1/4"", FIXADA DIRETAMENTE NA LAJE OU PAREDE. AF_09/2023",455,item,True
19bf8218-4954-59ac-9db8-b8c03f0175d2,SINAPI:91872,91872,"ELETRODUTO RÍGIDO ROSCÁVEL, PVC, DN 32 MM (1""), PARA CIRCUITOS TERMINAIS, INSTALADO EM PAREDE - FORNECIMENTO E INSTALAÇÃO. AF_03/2023",456,item,True
433256b6-14b4-5b7a-8122-cd7e44c8a8e6,SINAPI:91873,91873,"ELETRODUTO RÍGIDO ROSCÁVEL, PVC, DN 40 MM (1 1/4""), PARA CIRCUITOS TERMINAIS, INSTALADO EM PAREDE - FORNECIMENTO E INSTALAÇÃO. AF_03/2023",457,item,True
5a26d410-21e8-5872-8620-976d2da8b2a2,UFCA:J0124,J0124,ELETROCALHA PERFURADA 50x100mm - FORNECIMENTO E INSTALAÇÃO,458,item,True
7dbe11f0-a22b-5dfb-9263-958016cc38a4,UFCA:J0185,J0185,DUTO PERFURADO – PERFILADO CHAPA DE AÇO (38x38)mm,459,item,True
940543f3-4db6-51ea-b783-cb66d74b3156,UFCA:J0186,J0186,GANCHO CURTO PARA PERFILADO 38X38MM,460,item,True
0f010934-27c1-51a7-96a1-f13cf4bda1da,UFCA:J0187,J0187,SUPORTE VERTICAL 100X50MM PARA ELETROCALHA METÁLICA,461,item,True
b0d8a9ef-be26-5b2e-8ecc-55a727bcb6cb,UFCA:J0188,J0188,TÊ HORIZONTAL PARA ELETROCALHA PERFURADA 50x100mm - FORNECIMENTO E INSTALAÇÃO,462,item,True
51e573e8-f328-5a92-834e-cf73e6f38364,UFCA:J0127,J0127,EMENDA INTERNA PARA ELETROCALHA PERFURADA 50x100mm - FORNECIMENTO E INSTALAÇÃO,463,item,True
54367dd4-fbb0-5515-83dc-1a123410b9e9,UFCA:J0189,J0189,"SAÍDA HORIZONTAL PARA ELETRODUTO ATÉ 1""",464,item,True
06cba654-9866-5f16-8335-808d4534988a,UFCA:J0190,J0190,SEPARADOR METÁLICO 50MM PARA ELETROCALHA,465,item,True
b396a462-d51c-55de-a908-4294cc396b27,UFCA:J0191,J0191,"VERGALHÃO TIRANTE COM ROSCA 1/4""",466,item,True
df260d1e-60e5-556a-850b-c04635f90913,UFCA:J0192,J0192,"CABO MULTIPOLAR 3X1,5MM², 0,6/1KV",467,item,True
e872139b-0a86-5c0b-8389-cc19674bb93d,UFCA:J0102,J0102,"LUMINÁRIA TIPO CALHA, DE EMBUTIR, CORPO/REFLETOR E ALETAS FABRICADAS EM CHAPA DE AÇO TRATADA E PINTADA EM EPOXI BRANCO, COM DUAS LÂMPADAS TUBULARES LED DE 18W",468,item,True
d3b2cd52-5a4f-5bb7-be62-1b2354b9bcb8,UFCA:J0103,J0103,"LUMINÁRIA TIPO CALHA, DE SOBREPOR/EMBUTIR, CORPO/REFLETOR E ALETAS FABRICADAS EM CHAPA DE AÇO TRATADA E PINTADA EM EPOXI BRANCO, COM DUAS LÂMPADAS TUBULARES LED DE 9W",469,item,True
99a8e08e-ec94-53bc-b440-368ce1b528f5,SINAPI:97607,97607,"LUMINÁRIA ARANDELA TIPO TARTARUGA, DE SOBREPOR, COM 1 LÂMPADA LED DE 6 W, SEM REATOR - FORNECIMENTO E INSTALAÇÃO. AF_09/2024",470,item,True
9eacbd5e-d7e2-5748-a0bf-7e580f518311,UFCA:J0193,J0193,"LUMINÁRIA TIPO SPOT DE PISO/TETO, BASE E27, PARA 1 LÂMPADA LED, POTÊNCIA MÁXIMA 25W",471,item,True
cada0dd3-3710-52fe-94fc-59231e4bcf18,UFCA:J0194,J0194,"LUMINÁRIA LED TIPO PAFLON COM VIDRO FOSCO, BASE E27, POTÊNCIA MÁXIMA 25W",472,item,True
d99f6ed9-add4-5145-822b-47df5e934775,UFCA:J0206,J0206,"LUMINÁRIA DE EMERGÊNCIA DE SOBREPOR, COM BLOCO AUTÔNOMO, 1200 LUMENS",473,item,True
07622b86-5946-5bd8-b1af-56bc161d804f,,,CIRCUITOS DE CONDICIONADORES DE AR,474,grupo,False
04577907-25cd-5667-bef1-6a6f10733fcf,,,CABOS E TERMINAIS DOS CABOS,475,grupo,False
a3634e4c-be16-5150-80bb-168a9cf10982,SINAPI:91926,91926,"CABO DE COBRE FLEXÍVEL ISOLADO, 2,5 MM², ANTI-CHAMA 450/750 V, PARA CIRCUITOS TERMINAIS - FORNECIMENTO E INSTALAÇÃO. AF_03/2023",476,item,True
7a9a9486-b9cf-509c-8743-a4c4f06b90a4,SINAPI:91930,91930,"CABO DE COBRE FLEXÍVEL ISOLADO, 6 MM², ANTI-CHAMA 450/750 V, PARA CIRCUITOS TERMINAIS - FORNECIMENTO E INSTALAÇÃO. AF_03/2023",477,item,True
b0694d7e-b386-575e-bf8c-a77b6da1f611,,,ELETRODUTOS E ACESSÓRIOS,478,grupo,False
12c05c3f-adff-5b56-9978-20722e870318,UFCA:J0202,J0202,"ELETRODUTO DE AÇO GALVANIZADO, MÉDIO, DN 25 MM (1'') - FORNECIMENTO E INSTALAÇÃO",479,item,True
aaedcf03-39c6-5147-82e1-e35d27d9d89f,UFCA:J0203,J0203,LUVA PARA ELETRODUTO DE AÇO GALVANIZADO DN 25 MM (1'') - FORNECIMENTO E INSTALAÇÃO,480,item,True
e63dd6fe-b16f-5c16-96a7-93ab7b3bcf5f,UFCA:J0204,J0204,CURVA PARA ELETRODUTO DE AÇO GALVANIZADO DN 25 MM (1'') - FORNECIMENTO E INSTALAÇÃO,481,item,True
0d08e0bc-78ba-55e6-8e6d-a259580d925d,UFCA:J0196,J0196,"ELETRODUTO DE AÇO GALVANIZADO, MÉDIO, DN 40 MM (1.1/2'') - FORNECIMENTO E INSTALAÇÃO",482,item,True
3fba743c-2543-52a0-9e92-1d8bb6c56268,UFCA:J0197,J0197,"LUVA PARA ELETRODUTO DE AÇO GALVANIZADO DN 40 MM (1.1/2"") - FORNECIMENTO E INSTALAÇÃO",483,item,True
e12b85a1-850e-5623-a3fd-a5c9dffab227,UFCA:J0198,J0198,CURVA PARA ELETRODUTO DE AÇO GALVANIZADO DN 40 MM (1.1/2'') - FORNECIMENTO E INSTALAÇÃO,484,item,True
c7ada4dd-4689-5d6c-9867-ad0d0ebc3766,UFCA:J0199,J0199,"ELETRODUTO DE AÇO GALVANIZADO, MÉDIO, DN 50 MM (2'') - FORNECIMENTO E INSTALAÇÃO",485,item,True
89a0ac5b-03e4-5021-ba1d-bc97c512a6dc,UFCA:J0200,J0200,"LUVA PARA ELETRODUTO DE AÇO GALVANIZADO DN 50 MM (2"") - FORNECIMENTO E INSTALAÇÃO",486,item,True
942e35ce-094c-5c58-9fbf-7a16e16e89da,UFCA:J0201,J0201,CURVA PARA ELETRODUTO DE AÇO GALVANIZADO DN 50 MM (2'') - FORNECIMENTO E INSTALAÇÃO,487,item,True
e3df39d4-a52d-5ec9-8f2f-28d869cd6698,SINAPI:104785,104785,"FIXAÇÃO DE ELETRODUTOS, DIÂMETROS MENORES OU IGUAIS A 40 MM, COM ABRAÇADEIRA METÁLICA RÍGIDA TIPO D COM PARAFUSO DE FIXAÇÃO 1 1/4"", FIXADA DIRETAMENTE NA LAJE OU PAREDE. AF_09/2023",488,item,True
37dd2c5e-d87c-5d31-9192-7da5ed54a07e,SINAPI:91180,91180,"FIXAÇÃO DE TUBOS HORIZONTAIS DE PVC ÁGUA/PVC ESGOTO/PVC PLUVIAL/CPVC/PPR/COBRE OU AÇO, DIÂMETROS MAIORES QUE 40 MM E MENORES OU IGUAIS A 75 MM, COM ABRAÇADEIRA TIPO D COM PARAFUSO DE FIXAÇÃO 2 1/2"", FIXADA DIRETAMENTE NA LAJE OU PAREDE. AF_09/2023",489,item,True
f6de7047-705e-5a4e-84cb-2d81e8440f3a,SINAPI:100556,100556,"CAIXA DE PASSAGEM PARA TELEFONE 15X15X10CM (SOBREPOR), FORNECIMENTO E INSTALACAO. AF_11/2019",490,item,True
8017d5c2-09c1-54ef-9abe-5f86315b305f,SINAPI:95801,95801,"CONDULETE DE ALUMÍNIO, TIPO X, PARA ELETRODUTO DE AÇO GALVANIZADO DN 20 MM (3/4''), APARENTE - FORNECIMENTO E INSTALAÇÃO. AF_10/2022",491,item,True
964f1756-2974-56ef-b849-167b9968b8b0,SINAPI:91867,91867,"ELETRODUTO RÍGIDO ROSCÁVEL, PVC, DN 25 MM (3/4""), PARA CIRCUITOS TERMINAIS, INSTALADO EM LAJE - FORNECIMENTO E INSTALAÇÃO. AF_03/2023",492,item,True
8fc60d4f-69e1-57a6-8f68-cf864bcbc7ce,SINAPI:91879,91879,"LUVA PARA ELETRODUTO, PVC, ROSCÁVEL, DN 25 MM (3/4""), PARA CIRCUITOS TERMINAIS, INSTALADA EM LAJE - FORNECIMENTO E INSTALAÇÃO. AF_03/2023",493,item,True
1a6e5863-2d6c-58c8-a862-50efc7e15c41,SINAPI:91902,91902,"CURVA 90 GRAUS PARA ELETRODUTO, PVC, ROSCÁVEL, DN 25 MM (3/4""), PARA CIRCUITOS TERMINAIS, INSTALADA EM LAJE - FORNECIMENTO E INSTALAÇÃO. AF_03/2023",494,item,True
7cf59f37-54ea-55e0-997e-e263254c91fd,SINAPI:95817,95817,"CONDULETE DE PVC, TIPO X, PARA ELETRODUTO DE PVC SOLDÁVEL DN 25 MM (3/4""), APARENTE - FORNECIMENTO E INSTALAÇÃO. AF_10/2022",495,item,True
8ff0ecce-9b89-59f2-9d60-d1262a181ce0,SINAPI:104785,104785,"FIXAÇÃO DE ELETRODUTOS, DIÂMETROS MENORES OU IGUAIS A 40 MM, COM ABRAÇADEIRA METÁLICA RÍGIDA TIPO D COM PARAFUSO DE FIXAÇÃO 1 1/4"", FIXADA DIRETAMENTE NA LAJE OU PAREDE. AF_09/2023",496,item,True
796876f0-8aa6-5cb2-be82-b209febf8f24,SINAPI:104758,104758,"FURO MANUAL EM ALVENARIA, PARA INSTALAÇÕES ELÉTRICAS, DIÂMETROS MENORES OU IGUAIS A 40 MM. AF_09/2023",497,item,True
341de03a-e0b0-5b41-85d8-01102ce1d53d,,,QUADROS ELÉTRICOS,498,grupo,False
0de76116-0c4f-56ee-bffd-fd41927adbd4,SINAPI:101880,101880,"QUADRO DE DISTRIBUIÇÃO DE ENERGIA EM CHAPA DE AÇO GALVANIZADO, DE EMBUTIR, COM BARRAMENTO TRIFÁSICO, PARA 30 DISJUNTORES DIN 150A - FORNECIMENTO E INSTALAÇÃO. AF_10/2020",499,item,True
7ad0a7bc-e957-5690-96c2-38b22d0e4c1c,SINAPI:101895,101895,"DISJUNTOR TERMOMAGNÉTICO TRIPOLAR , CORRENTE NOMINAL DE 125A - FORNECIMENTO E INSTALAÇÃO. AF_10/2020",500,item,True
24aca07f-4ad1-596f-a1a2-2aca72c41da4,SINAPI:101894,101894,"DISJUNTOR TRIPOLAR TIPO NEMA, CORRENTE NOMINAL DE 60 ATÉ 100A - FORNECIMENTO E INSTALAÇÃO. AF_10/2020",501,item,True
4cc67066-6411-5909-abf0-da244c9fd5a2,SINAPI:93671,93671,"DISJUNTOR TRIPOLAR TIPO DIN, CORRENTE NOMINAL DE 32A - FORNECIMENTO E INSTALAÇÃO. AF_10/2020",502,item,True
f0e18e9a-11c2-59cf-a4e6-162a2d5509fd,SINAPI:93670,93670,"DISJUNTOR TRIPOLAR TIPO DIN, CORRENTE NOMINAL DE 25A - FORNECIMENTO E INSTALAÇÃO. AF_10/2020",503,item,True
44c9ce93-a423-537f-a086-4c835e25602c,SINAPI:93653,93653,"DISJUNTOR MONOPOLAR TIPO DIN, CORRENTE NOMINAL DE 10A - FORNECIMENTO E INSTALAÇÃO. AF_10/2020",504,item,True
58d1207a-1125-52e0-a9c5-fe952d4bebbc,UFCA:J0177,J0177,DISPOSITIVO DE PROTEÇÃO CONTRA SURTOS DE TENSÃO (DPS) - 40 KA/275V - FORNECIMENTO E INSTALAÇÃO,505,item,True
a1e52ae1-efd2-59b0-9b28-88c5f62c6eb7,SINAPI:93659,93659,"DISJUNTOR MONOPOLAR TIPO DIN, CORRENTE NOMINAL DE 50A - FORNECIMENTO E INSTALAÇÃO. AF_10/2020",506,item,True
d505062c-41a3-5319-b428-2d347999e1aa,UFCA:J0135,J0135,"TERMINAL OLHAL PARA CABO DE 4,00MM2 À 6,00MM2",507,item,True
d8bee45f-53c9-55a4-9082-84eebded2281,UFCA:J0195,J0195,"TERMINAL OLHAL PARA CABO DE 1,50MM2 À 2,50MM2",508,item,True
c1a8512a-37e1-5593-8e60-25c63dc59de1,,,INSTALAÇÕES LÓGICA/TELEFÔNICA,509,grupo,False
76f331ae-b2a5-5324-96cf-6ece1a5e000c,,,INSTALAÇÃO TERMINAL,510,grupo,False
117c5b6b-5ec3-5264-8a2b-dc4fc55ac87f,,,RACK DE INTERNET,511,grupo,False
ce22dd9a-703d-553c-9b33-b21377747656,SINAPI:98305,98305,RACK FECHADO PARA SERVIDOR - FORNECIMENTO E INSTALAÇÃO. AF_11/2019,512,item,True
0a3facf0-ed66-5219-b8f5-f28511d87f6e,SINAPI:98302,98302,"PATCH PANEL 24 PORTAS, CATEGORIA 6 - FORNECIMENTO E INSTALAÇÃO. AF_11/2019",513,item,True
f9e579cb-1936-5080-88fb-2f04f7bb4c67,UFCA:K0001,K0001,"REMOÇÃO SEM REAPROVEITAMENTO DE CABO UTO CATEGORIA 6, 24X4 AWG",514,item,True
943ea5c8-47dc-5f02-b033-75811048ed93,UFCA:K0006,K0006,"MINI DIO – DISTRIBUIDOR INTERNO ÓPTICO COM ACESSÓRIOS, COM 06 ACOPLADORES OPTICO DUPLEX SM LC 12 PIG TAIL SIMPLEX SM LC, INCLUSO FORNECIMENTO E INSTALAÇÃO",515,item,True
ea50ad41-96ef-5b90-8a41-0c01e4f1e10c,,,CABOS DOS CIRCUITOS TERMINAIS DE DADOS,516,grupo,False
1767c1af-81b5-5299-8385-cfb99bbe294c,SINAPI:98297,98297,"CABO ELETRÔNICO CATEGORIA 6, INSTALADO EM EDIFICAÇÃO INSTITUCIONAL - FORNECIMENTO E INSTALAÇÃO. AF_11/2019",517,item,True
0fe8fc6f-87b0-5b83-bdad-a56c09e1e21c,UFCA:K0014,K0014,"MÓDULO DE TOMADA RJ45, 8 FIOS, CATEGORIA 6 - FORNECIMENTO E INSTALAÇÃO",518,item,True
7fae7330-615f-52a8-9818-f6de1f7876a2,UFCA:K0017,K0017,"PATCH CORD, CATEGORIA 6, EXTENSÃO DE 1,50 M",519,item,True
4c29d012-2439-5590-b310-0c69156f3743,SINAPI:98307,98307,TOMADA DE REDE RJ45 - FORNECIMENTO E INSTALAÇÃO. AF_11/2019,520,item,True
bf6c4c1a-835c-5ef2-b96b-69ec60ab9735,,,PONTOS DE LÓGICA,521,grupo,False
40fa10ed-694b-570f-b605-1f52e9d34ca2,SINAPI:91941,91941,"CAIXA RETANGULAR 4"" X 2"" BAIXA (0,30 M DO PISO), PVC, INSTALADA EM PAREDE - FORNECIMENTO E INSTALAÇÃO. AF_03/2023",522,item,True
7033d029-068e-536a-ab0e-d1db2c8c8a6d,SINAPI:91940,91940,"CAIXA RETANGULAR 4"" X 2"" MÉDIA (1,30 M DO PISO), PVC, INSTALADA EM PAREDE - FORNECIMENTO E INSTALAÇÃO. AF_03/2023",523,item,True
2ebabbd3-bba3-5d1c-a582-8b870978989e,SINAPI:91939,91939,"CAIXA RETANGULAR 4"" X 2"" ALTA (2,00 M DO PISO), PVC, INSTALADA EM PAREDE - FORNECIMENTO E INSTALAÇÃO. AF_03/2023",524,item,True
76eb8df7-0e82-5a04-96a7-b0ce269af27c,SINAPI:90456,90456,QUEBRA EM ALVENARIA PARA INSTALAÇÃO DE CAIXA DE TOMADA (4X4 OU 4X2). AF_09/2023,525,item,True
b88f792e-c913-5d38-8a3a-ceddcc5355cb,,,ELETROCALHA E ACESSÓRIOS,526,grupo,False
63baf27e-18e2-53bb-8106-44f4420242d5,UFCA:J0124,J0124,ELETROCALHA PERFURADA 50x100mm - FORNECIMENTO E INSTALAÇÃO,527,item,True
528cf2ba-9e87-55c1-8770-c4de0182927a,UFCA:J0125,J0125,ELETROCALHA PERFURADA 50x200mm - FORNECIMENTO E INSTALAÇÃO,528,item,True
1026f2e8-b8a5-580b-8f6a-058c1a670db6,UFCA:J0126,J0126,MÃO FRANCESA 300MM PARA ELETROCALHA - FORNECIMENTO E INSTALAÇÃO,529,item,True
12995046-1f13-5dc0-b931-a0c8f541139b,UFCA:J0127,J0127,EMENDA INTERNA PARA ELETROCALHA PERFURADA 50x100mm - FORNECIMENTO E INSTALAÇÃO,530,item,True
15e0ff50-d428-51b0-b05e-e8a054606e7a,UFCA:J0128,J0128,EMENDA INTERNA PARA ELETROCALHA PERFURADA 50x200mm - FORNECIMENTO E INSTALAÇÃO,531,item,True
3faa5496-411e-53f1-bc50-bac29068dfc0,UFCA:J0129,J0129,TÊ HORIZONTAL PARA ELETROCALHA PERFURADA 50x200mm - FORNECIMENTO E INSTALAÇÃO,532,item,True
440eecd6-9656-5c5c-b9f6-5c5efd6a9cdf,UFCA:J0130,J0130,REDUÇÃO CONCÊNTRICA DA ELETROCALHA PERFURADA 50x200mm / 50x100mm - FORNECIMENTO E INSTALAÇÃO,533,item,True
e83576fb-64aa-526e-b2ab-9e7693ee4ccc,UFCA:J0131,J0131,CURVA DE INVERSÃO PARA ELETROCALHA PERFURADA 50x200mm - FORNECIMENTO E INSTALAÇÃO,534,item,True
e5f55ea9-ffe1-5732-bb10-84da119ed1fc,UFCA:J0132,J0132,CURVA HORIZONTAL 90° PARA ELETROCALHA 50x200mm - FORNECIMENTO E INSTALAÇÃO,535,item,True
bc470460-7be6-5f2a-adf2-44407dec1a96,SINAPI:104772,104772,"FURO MECANIZADO EM ALVENARIA, PARA INSTALAÇÕES ELÉTRICAS, DIÂMETROS MAIORES QUE 75 MM E MENORES OU IGUAIS A 100 MM. AF_09/2023",536,item,True
80a50e49-8efa-521c-9288-14bcec7ae07a,,,ELETRODUTOS E ACESSÓRIOS,537,grupo,False
2e94ac52-a64a-54d8-a919-639097f6ebaf,SINAPI:91867,91867,"ELETRODUTO RÍGIDO ROSCÁVEL, PVC, DN 25 MM (3/4""), PARA CIRCUITOS TERMINAIS, INSTALADO EM LAJE - FORNECIMENTO E INSTALAÇÃO. AF_03/2023",538,item,True
add45d35-ebc0-5d1c-b79f-ca93708113e2,SINAPI:91871,91871,"ELETRODUTO RÍGIDO ROSCÁVEL, PVC, DN 25 MM (3/4""), PARA CIRCUITOS TERMINAIS, INSTALADO EM PAREDE - FORNECIMENTO E INSTALAÇÃO. AF_03/2023",539,item,True
19ff6cbb-ecb9-52e8-82df-6334656dbbc0,SINAPI:91902,91902,"CURVA 90 GRAUS PARA ELETRODUTO, PVC, ROSCÁVEL, DN 25 MM (3/4""), PARA CIRCUITOS TERMINAIS, INSTALADA EM LAJE - FORNECIMENTO E INSTALAÇÃO. AF_03/2023",540,item,True
1c0afa25-30d8-5284-99e8-f9f1368e6a3c,SINAPI:91914,91914,"CURVA 90 GRAUS PARA ELETRODUTO, PVC, ROSCÁVEL, DN 25 MM (3/4""), PARA CIRCUITOS TERMINAIS, INSTALADA EM PAREDE - FORNECIMENTO E INSTALAÇÃO. AF_03/2023",541,item,True
e579cf56-fb95-5832-82a0-ad2702c484c6,SINAPI:91879,91879,"LUVA PARA ELETRODUTO, PVC, ROSCÁVEL, DN 25 MM (3/4""), PARA CIRCUITOS TERMINAIS, INSTALADA EM LAJE - FORNECIMENTO E INSTALAÇÃO. AF_03/2023",542,item,True
72eb5f7e-511a-5e12-96a6-497fc68eed25,SINAPI:91884,91884,"LUVA PARA ELETRODUTO, PVC, ROSCÁVEL, DN 25 MM (3/4""), PARA CIRCUITOS TERMINAIS, INSTALADA EM PAREDE - FORNECIMENTO E INSTALAÇÃO. AF_03/2023",543,item,True
e3b4c430-fb3f-5c38-b816-bfe7c89f9bc3,SINAPI:91868,91868,"ELETRODUTO RÍGIDO ROSCÁVEL, PVC, DN 32 MM (1""), PARA CIRCUITOS TERMINAIS, INSTALADO EM LAJE - FORNECIMENTO E INSTALAÇÃO. AF_03/2023",544,item,True
9000a22c-9387-5cd7-813f-2221a9ebf5ff,SINAPI:91872,91872,"ELETRODUTO RÍGIDO ROSCÁVEL, PVC, DN 32 MM (1""), PARA CIRCUITOS TERMINAIS, INSTALADO EM PAREDE - FORNECIMENTO E INSTALAÇÃO. AF_03/2023",545,item,True
da0fc1f7-af29-5d65-995b-ca2c694da13c,SINAPI:91905,91905,"CURVA 90 GRAUS PARA ELETRODUTO, PVC, ROSCÁVEL, DN 32 MM (1""), PARA CIRCUITOS TERMINAIS, INSTALADA EM LAJE - FORNECIMENTO E INSTALAÇÃO. AF_03/2023",546,item,True
1bb5a211-40b9-5c9d-9ec1-8f6e7f9936b4,SINAPI:91917,91917,"CURVA 90 GRAUS PARA ELETRODUTO, PVC, ROSCÁVEL, DN 32 MM (1""), PARA CIRCUITOS TERMINAIS, INSTALADA EM PAREDE - FORNECIMENTO E INSTALAÇÃO. AF_03/2023",547,item,True
2cfddaba-d7cc-565f-92f3-e113d5610fd9,SINAPI:91880,91880,"LUVA PARA ELETRODUTO, PVC, ROSCÁVEL, DN 32 MM (1""), PARA CIRCUITOS TERMINAIS, INSTALADA EM LAJE - FORNECIMENTO E INSTALAÇÃO. AF_03/2023",548,item,True
c3f33d41-342d-528a-857f-f09fd02c3108,SINAPI:91885,91885,"LUVA PARA ELETRODUTO, PVC, ROSCÁVEL, DN 32 MM (1""), PARA CIRCUITOS TERMINAIS, INSTALADA EM PAREDE - FORNECIMENTO E INSTALAÇÃO. AF_03/2023",549,item,True
c76a3073-a30c-56fc-8bca-bb4a92546a10,SINAPI:91869,91869,"ELETRODUTO RÍGIDO ROSCÁVEL, PVC, DN 40 MM (1 1/4""), PARA CIRCUITOS TERMINAIS, INSTALADO EM LAJE - FORNECIMENTO E INSTALAÇÃO. AF_03/2023",550,item,True
8fc2156c-db5d-53d6-8d22-2403a554d863,SINAPI:91908,91908,"CURVA 90 GRAUS PARA ELETRODUTO, PVC, ROSCÁVEL, DN 40 MM (1 1/4""), PARA CIRCUITOS TERMINAIS, INSTALADA EM LAJE - FORNECIMENTO E INSTALAÇÃO. AF_03/2023",551,item,True
c402be8d-f71f-5ad9-9663-9dbdad1f0f44,SINAPI:91881,91881,"LUVA PARA ELETRODUTO, PVC, ROSCÁVEL, DN 40 MM (1 1/4""), PARA CIRCUITOS TERMINAIS, INSTALADA EM LAJE - FORNECIMENTO E INSTALAÇÃO. AF_03/2023",552,item,True
52e1758f-8b69-592a-b1ac-6da8bcccef34,SINAPI:91936,91936,"CAIXA OCTOGONAL 4"" X 4"", PVC, INSTALADA EM LAJE - FORNECIMENTO E INSTALAÇÃO. AF_03/2023",553,item,True
7e396a8d-dbe4-57af-bdea-e63bdf897550,SINAPI:104768,104768,"FURO MECANIZADO EM ALVENARIA, PARA INSTALAÇÕES ELÉTRICAS, DIÂMETROS MENORES OU IGUAIS A 40 MM. AF_09/2023",554,item,True
50cbe348-bdf5-5ba4-81ae-233c8472ac18,SINAPI:90447,90447,"RASGO LINEAR MANUAL EM ALVENARIA, PARA ELETRODUTOS, DIÂMETROS MENORES OU IGUAIS A 40 MM. AF_09/2023",555,item,True
e6d8d80f-800e-53f4-b9c3-5a2ff08f7909,SINAPI:104785,104785,"FIXAÇÃO DE ELETRODUTOS, DIÂMETROS MENORES OU IGUAIS A 40 MM, COM ABRAÇADEIRA METÁLICA RÍGIDA TIPO D COM PARAFUSO DE FIXAÇÃO 1 1/4"", FIXADA DIRETAMENTE NA LAJE OU PAREDE. AF_09/2023",556,item,True
6aa76547-b8be-59b5-a9b4-e1dc5fa4f81b,,,INSTALAÇÃO DE ÓPTICA,557,grupo,False
08afe057-3b75-5fc7-b681-742fa6a933fc,,,CABO DE FIBRA ÓPTICA,558,grupo,False
0ba75e4d-cf9e-5a3e-8945-273be09c67fe,UFCA:K0015,K0015,"CABO DE FIBRA ÓPTICA, 06 FIBRAS",559,item,True
cd910ca4-ba69-5310-b98a-2c63344552b7,,,ELETRODUTO E ACESSÓRIOS,560,grupo,False
13f7f1de-52e6-5ad8-a534-abcc3006c1b2,SINAPI:91868,91868,"ELETRODUTO RÍGIDO ROSCÁVEL, PVC, DN 32 MM (1""), PARA CIRCUITOS TERMINAIS, INSTALADO EM LAJE - FORNECIMENTO E INSTALAÇÃO. AF_03/2023",561,item,True
4ba7f65c-3a6f-5930-947a-da8e3e00a1c3,SINAPI:91872,91872,"ELETRODUTO RÍGIDO ROSCÁVEL, PVC, DN 32 MM (1""), PARA CIRCUITOS TERMINAIS, INSTALADO EM PAREDE - FORNECIMENTO E INSTALAÇÃO. AF_03/2023",562,item,True
bf251d9c-a016-5da3-a163-728b9aa5f05e,SINAPI:91905,91905,"CURVA 90 GRAUS PARA ELETRODUTO, PVC, ROSCÁVEL, DN 32 MM (1""), PARA CIRCUITOS TERMINAIS, INSTALADA EM LAJE - FORNECIMENTO E INSTALAÇÃO. AF_03/2023",563,item,True
9c82dba8-c81a-5a0c-a6ea-9c7dc4d249e3,SINAPI:91917,91917,"CURVA 90 GRAUS PARA ELETRODUTO, PVC, ROSCÁVEL, DN 32 MM (1""), PARA CIRCUITOS TERMINAIS, INSTALADA EM PAREDE - FORNECIMENTO E INSTALAÇÃO. AF_03/2023",564,item,True
387a0698-b968-5219-a202-4353b956f8b2,SINAPI:91880,91880,"LUVA PARA ELETRODUTO, PVC, ROSCÁVEL, DN 32 MM (1""), PARA CIRCUITOS TERMINAIS, INSTALADA EM LAJE - FORNECIMENTO E INSTALAÇÃO. AF_03/2023",565,item,True
50e8e7c9-f7e9-5be9-a638-2d233f7acf2b,SINAPI:91885,91885,"LUVA PARA ELETRODUTO, PVC, ROSCÁVEL, DN 32 MM (1""), PARA CIRCUITOS TERMINAIS, INSTALADA EM PAREDE - FORNECIMENTO E INSTALAÇÃO. AF_03/2023",566,item,True
ecbbb97a-bccc-54c0-aca3-4eb0b372f7d3,SINAPI:104785,104785,"FIXAÇÃO DE ELETRODUTOS, DIÂMETROS MENORES OU IGUAIS A 40 MM, COM ABRAÇADEIRA METÁLICA RÍGIDA TIPO D COM PARAFUSO DE FIXAÇÃO 1 1/4"", FIXADA DIRETAMENTE NA LAJE OU PAREDE. AF_09/2023",567,item,True
bc7ab6ec-759b-5d20-a842-fa9addee4098,SINAPI:104768,104768,"FURO MECANIZADO EM ALVENARIA, PARA INSTALAÇÕES ELÉTRICAS, DIÂMETROS MENORES OU IGUAIS A 40 MM. AF_09/2023",568,item,True
9318e2d5-2186-56bd-8152-10a341572b18,SINAPI:95809,95809,"CONDULETE DE PVC, TIPO LL, PARA ELETRODUTO DE PVC SOLDÁVEL DN 32 MM (1''), APARENTE - FORNECIMENTO E INSTALAÇÃO. AF_10/2022",569,item,True
21646c53-ba6b-51d4-9bbe-bc2a017dcc11,SINAPI:104403,104403,"CONDULETE DE PVC, TIPO C, PARA ELETRODUTO DE PVC SOLDÁVEL DN 32 MM (1''), APARENTE - FORNECIMENTO E INSTALAÇÃO. AF_10/2022",570,item,True
94c5fe57-af23-5f7f-b400-bd1c7d609c2e,SINAPI:100556,100556,"CAIXA DE PASSAGEM PARA TELEFONE 15X15X10CM (SOBREPOR), FORNECIMENTO E INSTALACAO. AF_11/2019",571,item,True
b5e57f1f-7a82-503a-b4e1-812a5e112bcf,SINAPI:97667,97667,"ELETRODUTO FLEXÍVEL CORRUGADO, PEAD, DN 50 (1 1/2""), PARA REDE ENTERRADA DE DISTRIBUIÇÃO DE ENERGIA ELÉTRICA - FORNECIMENTO E INSTALAÇÃO. AF_12/2021",572,item,True
43e83ec8-0510-576a-b312-9af7f10473b3,SINAPI:93008,93008,"ELETRODUTO RÍGIDO ROSCÁVEL, PVC, DN 50 MM (1 1/2""), PARA REDE ENTERRADA DE DISTRIBUIÇÃO DE ENERGIA ELÉTRICA - FORNECIMENTO E INSTALAÇÃO. AF_12/2021",573,item,True
f8d93c36-80e8-554e-8dff-7b04006ea266,SINAPI:93018,93018,"CURVA 90 GRAUS PARA ELETRODUTO, PVC, ROSCÁVEL, DN 50 MM (1 1/2""), PARA REDE ENTERRADA DE DISTRIBUIÇÃO DE ENERGIA ELÉTRICA - FORNECIMENTO E INSTALAÇÃO. AF_12/2021",574,item,True
8b2ce68d-c9aa-5985-a9e9-dfa048bb6410,SINAPI:93013,93013,"LUVA PARA ELETRODUTO, PVC, ROSCÁVEL, DN 50 MM (1 1/2""), PARA REDE ENTERRADA DE DISTRIBUIÇÃO DE ENERGIA ELÉTRICA - FORNECIMENTO E INSTALAÇÃO. AF_12/2021",575,item,True
381be8c1-9229-5cb4-85b5-cad6964a3be9,SINAPI:93358,93358,ESCAVAÇÃO MANUAL DE VALA. AF_09/2024,576,item,True
b4457cb8-8378-53d7-8ef0-38c8cf6d94cc,SINAPI:104787,104787,"RASGO LINEAR MECANIZADO EM CONCRETO, PARA RAMAIS/ DISTRIBUIÇÃO DE INSTALAÇÕES HIDRÁULICAS, DIÂMETROS MAIORES QUE 40 MM E MENORES OU IGUAIS A 75 MM. AF_09/2023",577,item,True
cb0dd8a2-9ad6-5462-833f-190813d6687c,SINAPI:94992,94992,"EXECUÇÃO DE PASSEIO (CALÇADA) OU PISO DE CONCRETO COM CONCRETO MOLDADO IN LOCO, FEITO EM OBRA, ACABAMENTO CONVENCIONAL, ESPESSURA 6 CM, ARMADO. AF_08/2022",578,item,True
fdc716df-f23a-54c4-bc85-34b97c10bcbd,SINAPI:104737,104737,"REATERRO MANUAL DE VALAS, COM PLACA VIBRATÓRIA. AF_08/2023",579,item,True
c0cca0b8-7351-5754-b7aa-1c4984eb4ea5,,,CAIXAS DE PASSAGEM E MANILHAS,580,grupo,False
1a812cce-85eb-5903-b1ca-a589ede064e8,SINAPI:97888,97888,"CAIXA ENTERRADA ELÉTRICA RETANGULAR, EM ALVENARIA COM TIJOLOS CERÂMICOS MACIÇOS, FUNDO COM BRITA, DIMENSÕES INTERNAS: 0,6X0,6X0,6 M. AF_12/2020",581,item,True
0ec9c8b1-70ec-5a02-ba2f-08e985ff8120,SINAPI:95565,95565,"TUBO DE CONCRETO PARA REDES COLETORAS DE ÁGUAS PLUVIAIS, DIÂMETRO DE 300MM, JUNTA RÍGIDA, INSTALADO EM LOCAL COM BAIXO NÍVEL DE INTERFERÊNCIAS - FORNECIMENTO E ASSENTAMENTO. AF_03/2024",582,item,True
f848dd76-2834-5d28-8140-9456f9d95fc4,SINAPI:93358,93358,ESCAVAÇÃO MANUAL DE VALA. AF_09/2024,583,item,True
07f60ecc-065a-574d-95cc-e1da17dd5f08,SINAPI:104737,104737,"REATERRO MANUAL DE VALAS, COM PLACA VIBRATÓRIA. AF_08/2023",584,item,True
1b392861-c045-5541-ba04-ffcd176bb122,,,INSTALAÇÕES HIDRÁULICAS E SANITÁRIAS,585,grupo,False
cef841d3-754f-5fd9-b6cb-7cda3d5a3e2c,,,INSTALAÇÕES HIDRÁULICAS,586,grupo,False
10d6394a-08ed-5353-8310-88cb9c729e6f,,,TUBOS,587,grupo,False
6f6bb69d-6754-509c-be5c-e2a880c0f26e,SINAPI:89356,89356,"TUBO, PVC, SOLDÁVEL, DE 25MM, INSTALADO EM RAMAL OU SUB-RAMAL DE ÁGUA - FORNECIMENTO E INSTALAÇÃO. AF_06/2022",588,item,True
210cd82f-d18c-58e3-9be7-18e009b2db61,SINAPI:89403,89403,"TUBO, PVC, SOLDÁVEL, DE 32MM, INSTALADO EM RAMAL DE DISTRIBUIÇÃO DE ÁGUA - FORNECIMENTO E INSTALAÇÃO. AF_06/2022",589,item,True
6bc17c23-9df2-58b2-8445-29dac659cbc9,SINAPI:89357,89357,"TUBO, PVC, SOLDÁVEL, DE 32MM, INSTALADO EM RAMAL OU SUB-RAMAL DE ÁGUA - FORNECIMENTO E INSTALAÇÃO. AF_06/2022",590,item,True
08ea552a-bb0b-5f35-9ada-b1d2327c1bea,SINAPI:89448,89448,"TUBO, PVC, SOLDÁVEL, DE 40MM, INSTALADO EM PRUMADA DE ÁGUA - FORNECIMENTO E INSTALAÇÃO. AF_06/2022",591,item,True
30173122-ee1a-5c05-a87b-e22900712bc3,SINAPI:89449,89449,"TUBO, PVC, SOLDÁVEL, DE 50MM, INSTALADO EM PRUMADA DE ÁGUA - FORNECIMENTO E INSTALAÇÃO. AF_06/2022",592,item,True
5cb29b91-43e6-51d9-be36-a54e9f11bf73,,,CONEXÕES,593,grupo,False
81f6af0d-9cbd-54fe-b270-a91e69428cd0,SINAPI:93068,93068,"BUCHA DE REDUÇÃO EM COBRE, DN 54 MM X 42 MM, SEM ANEL DE SOLDA, PONTA X BOLSA, INSTALADO EM PRUMADA DE HIDRÁULICA PREDIAL - FORNECIMENTO E INSTALAÇÃO. AF_04/2022",594,item,True
0885612c-9577-51c0-a60a-6b1cc1d915c9,SINAPI:103957,103957,"BUCHA DE REDUÇÃO, CURTA, PVC, SOLDÁVEL, DN 32 X 25 MM, INSTALADO EM PRUMADA DE ÁGUA - FORNECIMENTO E INSTALAÇÃO. AF_06/2022",595,item,True
4b151380-f4e7-5bd8-adf7-5088870df556,SINAPI:103993,103993,"BUCHA DE REDUÇÃO, PVC, SOLDÁVEL, DN 40MM X 32MM, INSTALADO EM RAMAL DE DISTRIBUIÇÃO DE ÁGUA - FORNECIMENTO E INSTALAÇÃO. AF_06/2022",596,item,True
ac8f0bfa-2c42-520c-9324-e2106ad4d5b9,SINAPI:89499,89499,"CURVA 90 GRAUS, PVC, SOLDÁVEL, DN 40MM, INSTALADO EM PRUMADA DE ÁGUA - FORNECIMENTO E INSTALAÇÃO. AF_06/2022",597,item,True
ca1781b0-3043-593d-ac3b-9af733bce83a,SINAPI:89503,89503,"CURVA 90 GRAUS, PVC, SOLDÁVEL, DN 50MM, INSTALADO EM PRUMADA DE ÁGUA - FORNECIMENTO E INSTALAÇÃO. AF_06/2022",598,item,True
868c1a16-45e2-568d-994a-a855ab560372,SINAPI:89492,89492,"JOELHO 90 GRAUS, PVC, SOLDÁVEL, DN 32MM, INSTALADO EM PRUMADA DE ÁGUA - FORNECIMENTO E INSTALAÇÃO. AF_06/2022",599,item,True
d5f72f20-0790-5679-bc19-33449209e05e,SINAPI:89497,89497,"JOELHO 90 GRAUS, PVC, SOLDÁVEL, DN 40MM, INSTALADO EM PRUMADA DE ÁGUA - FORNECIMENTO E INSTALAÇÃO. AF_06/2022",600,item,True
1f476cb3-a429-5064-b294-0ef999c2437a,SINAPI:103951,103951,"JOELHO DE REDUÇÃO, 90 GRAUS, PVC, SOLDÁVEL, DN 32 MM X 25 MM, INSTALADO EM RAMAL OU SUB-RAMAL DE ÁGUA - FORNECIMENTO E INSTALAÇÃO. AF_06/2022",601,item,True
9c860a1a-1b16-5a6b-a8ac-640ac4205bc0,SINAPI:89398,89398,"TE, PVC, SOLDÁVEL, DN 32MM, INSTALADO EM RAMAL OU SUB-RAMAL DE ÁGUA - FORNECIMENTO E INSTALAÇÃO. AF_06/2022",602,item,True
9f32ba03-4219-5477-912e-cbfd25e9cd92,SINAPI:89400,89400,"TÊ DE REDUÇÃO, PVC, SOLDÁVEL, DN 32MM X 25MM, INSTALADO EM RAMAL OU SUB-RAMAL DE ÁGUA - FORNECIMENTO E INSTALAÇÃO. AF_06/2022",603,item,True
660a87d9-840e-53fa-bd06-b167b5201552,SINAPI:89624,89624,"TÊ DE REDUÇÃO, PVC, SOLDÁVEL, DN 40MM X 32MM, INSTALADO EM PRUMADA DE ÁGUA - FORNECIMENTO E INSTALAÇÃO. AF_06/2022",604,item,True
b9b258ad-47e7-56b9-972d-9dfe74bd81c3,SINAPI:103990,103990,"UNIÃO, PVC, SOLDÁVEL, DN 40MM, INSTALADO EM RAMAL DE DISTRIBUIÇÃO DE ÁGUA - FORNECIMENTO E INSTALAÇÃO. AF_06/2022",605,item,True
8a513966-e74d-5a48-ae7c-4327d3af510a,SINAPI:103964,103964,"BUCHA DE REDUÇÃO, LONGA, PVC, SOLDÁVEL, DN 40 X 25 MM, INSTALADO EM PRUMADA DE ÁGUA - FORNECIMENTO E INSTALAÇÃO. AF_06/2022",606,item,True
ddf04a00-e301-5d02-9099-311fca9081c8,SINAPI:104008,104008,"TE DE REDUÇÃO, 90 GRAUS, PVC, SOLDÁVEL, DN 50 MM X 32 MM, INSTALADO EM RAMAL DE DISTRIBUIÇÃO DE ÁGUA - FORNECIMENTO E INSTALAÇÃO. AF_06/2022",607,item,True
1d23f656-59e9-5a84-97ee-e7f28b770e67,SINAPI:89362,89362,"JOELHO 90 GRAUS, PVC, SOLDÁVEL, DN 25MM, INSTALADO EM RAMAL OU SUB-RAMAL DE ÁGUA - FORNECIMENTO E INSTALAÇÃO. AF_06/2022",608,item,True
8afcb23a-515f-5737-9cef-83dd054c27a9,SINAPI:89440,89440,"TE, PVC, SOLDÁVEL, DN 25MM, INSTALADO EM RAMAL DE DISTRIBUIÇÃO DE ÁGUA - FORNECIMENTO E INSTALAÇÃO. AF_06/2022",609,item,True
71c79251-faa6-5911-bb48-ae05cacc73c0,SINAPI:89395,89395,"TE, PVC, SOLDÁVEL, DN 25MM, INSTALADO EM RAMAL OU SUB-RAMAL DE ÁGUA - FORNECIMENTO E INSTALAÇÃO. AF_06/2022",610,item,True
2cb2a001-c87c-50ee-8473-133d6c52949c,SINAPI:89366,89366,"JOELHO 90 GRAUS COM BUCHA DE LATÃO, PVC, SOLDÁVEL, DN 25MM, X 3/4 INSTALADO EM RAMAL OU SUB-RAMAL DE ÁGUA - FORNECIMENTO E INSTALAÇÃO. AF_06/2022",611,item,True
349dafb4-7f07-5214-b2f5-02e6cd6d3219,SINAPI:90373,90373,"JOELHO 90 GRAUS COM BUCHA DE LATÃO, PVC, SOLDÁVEL, DN 25MM, X 1/2 INSTALADO EM RAMAL OU SUB-RAMAL DE ÁGUA - FORNECIMENTO E INSTALAÇÃO. AF_06/2022",612,item,True
bf7bd104-7cd9-5d25-8484-7ea50df4eacb,SINAPI:89383,89383,"ADAPTADOR CURTO COM BOLSA E ROSCA PARA REGISTRO, PVC, SOLDÁVEL, DN 25MM X 3/4 , INSTALADO EM RAMAL OU SUB-RAMAL DE ÁGUA - FORNECIMENTO E INSTALAÇÃO. AF_06/2022",613,item,True
0bd69e33-1ceb-5b5f-8b42-45013cb9cdad,SINAPI:89385,89385,"LUVA SOLDÁVEL E COM ROSCA, PVC, SOLDÁVEL, DN 25MM X 3/4 , INSTALADO EM RAMAL OU SUB-RAMAL DE ÁGUA - FORNECIMENTO E INSTALAÇÃO. AF_06/2022",614,item,True
290d1b11-d2f2-50d9-adda-36864feaa3c1,SINAPI:89367,89367,"JOELHO 90 GRAUS, PVC, SOLDÁVEL, DN 32MM, INSTALADO EM RAMAL OU SUB-RAMAL DE ÁGUA - FORNECIMENTO E INSTALAÇÃO. AF_06/2022",615,item,True
011f1f44-5015-5980-88bd-13223c235971,SINAPI:89553,89553,"ADAPTADOR CURTO COM BOLSA E ROSCA PARA REGISTRO, PVC, SOLDÁVEL, DN 32MM X 1 , INSTALADO EM PRUMADA DE ÁGUA - FORNECIMENTO E INSTALAÇÃO. AF_06/2022",616,item,True
c9768c34-3dd3-54c8-b3ad-c0b51f63e331,SINAPI:89501,89501,"JOELHO 90 GRAUS, PVC, SOLDÁVEL, DN 50MM, INSTALADO EM PRUMADA DE ÁGUA - FORNECIMENTO E INSTALAÇÃO. AF_06/2022",617,item,True
59f1ff8a-f232-582e-aae9-126a6dd8f034,SINAPI:89623,89623,"TE, PVC, SOLDÁVEL, DN 40MM, INSTALADO EM PRUMADA DE ÁGUA - FORNECIMENTO E INSTALAÇÃO. AF_06/2022",618,item,True
f068344b-da50-5c16-a9a4-2ab865d687a0,SINAPI:89572,89572,"ADAPTADOR CURTO COM BOLSA E ROSCA PARA REGISTRO, PVC, SOLDÁVEL, DN 40MM X 1.1/4 , INSTALADO EM PRUMADA DE ÁGUA - FORNECIMENTO E INSTALAÇÃO. AF_06/2022",619,item,True
9bd59867-34c9-51ca-8866-98a65fa93552,SINAPI:89625,89625,"TE, PVC, SOLDÁVEL, DN 50MM, INSTALADO EM PRUMADA DE ÁGUA - FORNECIMENTO E INSTALAÇÃO. AF_06/2022",620,item,True
d4ec120e-e01c-5aa9-9bd1-bfeb3ae8230d,SINAPI:89610,89610,"ADAPTADOR CURTO COM BOLSA E ROSCA PARA REGISTRO, PVC, SOLDÁVEL, DN 60MM X 2 , INSTALADO EM PRUMADA DE ÁGUA - FORNECIMENTO E INSTALAÇÃO. AF_06/2022",621,item,True
a7a6b3b5-cf60-54bc-b575-deb833643ab3,SINAPI:89365,89365,"CURVA 45 GRAUS, PVC, SOLDÁVEL, DN 25MM, INSTALADO EM RAMAL OU SUB-RAMAL DE ÁGUA - FORNECIMENTO E INSTALAÇÃO. AF_06/2022",622,item,True
544e1c8e-edd7-55ea-8cd1-7ca844bcaea7,SINAPI:89370,89370,"CURVA 45 GRAUS, PVC, SOLDÁVEL, DN 32MM, INSTALADO EM RAMAL OU SUB-RAMAL DE ÁGUA - FORNECIMENTO E INSTALAÇÃO. AF_06/2022",623,item,True
efa5b0a7-9e73-5210-8ae1-74d420dda6d6,SINAPI:89410,89410,"CURVA 90 GRAUS, PVC, SOLDÁVEL, DN 25MM, INSTALADO EM RAMAL DE DISTRIBUIÇÃO DE ÁGUA - FORNECIMENTO E INSTALAÇÃO. AF_06/2022",624,item,True
046c16e5-adf1-5981-842f-3a86447127c5,SINAPI:89415,89415,"CURVA 90 GRAUS, PVC, SOLDÁVEL, DN 32MM, INSTALADO EM RAMAL DE DISTRIBUIÇÃO DE ÁGUA - FORNECIMENTO E INSTALAÇÃO. AF_06/2022",625,item,True
78fae4ec-a252-5f7a-9b28-a3e7c466ab7c,SINAPI:89414,89414,"JOELHO 45 GRAUS, PVC, SOLDÁVEL, DN 32MM, INSTALADO EM RAMAL DE DISTRIBUIÇÃO DE ÁGUA - FORNECIMENTO E INSTALAÇÃO. AF_06/2022",626,item,True
258dbc0d-ad7e-512b-8440-c4289a5b8111,SINAPI:103988,103988,"LUVA, PVC, SOLDÁVEL, DN 40MM, INSTALADO EM RAMAL DE DISTRIBUIÇÃO DE ÁGUA - FORNECIMENTO E INSTALAÇÃO. AF_06/2022",627,item,True
2334d521-8866-5fcd-92d8-f44a5e81b10d,SINAPI:89596,89596,"ADAPTADOR CURTO COM BOLSA E ROSCA PARA REGISTRO, PVC, SOLDÁVEL, DN 50MM X 1.1/2 , INSTALADO EM PRUMADA DE ÁGUA - FORNECIMENTO E INSTALAÇÃO. AF_06/2022",628,item,True
517b538b-8fd7-5361-8ad1-5525b230c734,SINAPI:89499,89499,"CURVA 90 GRAUS, PVC, SOLDÁVEL, DN 40MM, INSTALADO EM PRUMADA DE ÁGUA - FORNECIMENTO E INSTALAÇÃO. AF_06/2022",629,item,True
4f269c56-f918-59f8-ba62-793a8e265e72,,,CAIXAS,630,grupo,False
44ac0d5c-3229-5793-8e54-7a6b84faf743,SINAPI:97902,97902,"CAIXA ENTERRADA HIDRÁULICA RETANGULAR EM ALVENARIA COM TIJOLOS CERÂMICOS MACIÇOS, DIMENSÕES INTERNAS: 0,6X0,6X0,6 M PARA REDE DE ESGOTO. AF_12/2020",631,item,True
bb162cf7-795a-507a-9e88-029903ce8944,,,REGISTROS E VÁLVULAS,632,grupo,False
3f3fcc60-747c-547d-a213-1b043115a502,SINAPI:94491,94491,"REGISTRO DE ESFERA, PVC, SOLDÁVEL, COM VOLANTE, DN 40 MM - FORNECIMENTO E INSTALAÇÃO. AF_08/2021",633,item,True
d73783c4-0432-5248-b7f6-9eb50548e2dd,SINAPI:94492,94492,"REGISTRO DE ESFERA, PVC, SOLDÁVEL, COM VOLANTE, DN 50 MM - FORNECIMENTO E INSTALAÇÃO. AF_08/2021",634,item,True
17b6db4f-fd59-588c-ac76-bd1418a9f30a,SINAPI:89987,89987,"REGISTRO DE GAVETA BRUTO, LATÃO, ROSCÁVEL, 3/4"", COM ACABAMENTO E CANOPLA CROMADOS - FORNECIMENTO E INSTALAÇÃO. AF_08/2021",635,item,True
829de009-5d99-57e5-93fa-4869d1be9613,SINAPI:94792,94792,"REGISTRO DE GAVETA BRUTO, LATÃO, ROSCÁVEL, 1"", COM ACABAMENTO E CANOPLA CROMADOS - FORNECIMENTO E INSTALAÇÃO. AF_08/2021",636,item,True
3dfe0008-73ee-5ad8-9a4a-f7f2d3ead9ab,SINAPI:94793,94793,"REGISTRO DE GAVETA BRUTO, LATÃO, ROSCÁVEL, 1 1/4"", COM ACABAMENTO E CANOPLA CROMADOS - FORNECIMENTO E INSTALAÇÃO. AF_08/2021",637,item,True
7f480e9a-9e97-5578-8f39-831111612f4e,SINAPI:94794,94794,"REGISTRO DE GAVETA BRUTO, LATÃO, ROSCÁVEL, 1 1/2"", COM ACABAMENTO E CANOPLA CROMADOS - FORNECIMENTO E INSTALAÇÃO. AF_08/2021",638,item,True
5976408f-cce6-5187-a29d-82ec1d175d76,SINAPI:89985,89985,"REGISTRO DE PRESSÃO BRUTO, LATÃO, ROSCÁVEL, 3/4"", COM ACABAMENTO E CANOPLA CROMADOS - FORNECIMENTO E INSTALAÇÃO. AF_08/2021",639,item,True
d788574f-8429-5c12-bdd6-221883aa639d,,,SERVIÇOS DIVERSOS,640,grupo,False
f80a4a08-c805-5528-9f3d-d24b540bc545,SINAPI:90436,90436,"FURO MANUAL EM ALVENARIA, PARA INSTALAÇÕES HIDRÁULICAS, DIÂMETROS MENORES OU IGUAIS A 40 MM. AF_09/2023",641,item,True
2a03fe38-1714-518b-84d3-539519b9c5db,SINAPI:90443,90443,"RASGO LINEAR MANUAL EM ALVENARIA, PARA RAMAIS/ DISTRIBUIÇÃO DE INSTALAÇÕES HIDRÁULICAS, DIÂMETROS MENORES OU IGUAIS A 40 MM. AF_09/2023",642,item,True
f7fc31c4-f5f0-537e-a70b-ae9fca13d574,SINAPI:90466,90466,CHUMBAMENTO LINEAR EM ALVENARIA PARA RAMAIS/DISTRIBUIÇÃO DE INSTALAÇÕES HIDRÁULICAS COM DIÂMETROS MENORES OU IGUAIS A 40 MM. AF_09/2023,643,item,True
836bd781-9229-5912-86c7-af466d371ac6,SINAPI:91222,91222,"RASGO LINEAR MANUAL EM ALVENARIA, PARA RAMAIS/ DISTRIBUIÇÃO DE INSTALAÇÕES HIDRÁULICAS, DIÂMETROS MAIORES QUE 40 MM E MENORES OU IGUAIS A 75 MM. AF_09/2023",644,item,True
4a483f29-5a63-55d8-8bc1-a6abb9f93c88,SINAPI:104773,104773,"FURO MECANIZADO EM CONCRETO, COM PERFURATRIZ, PARA INSTALAÇÕES HIDRÁULICAS, DIÂMETROS MENORES OU IGUAIS A 40 MM. AF_09/2023",645,item,True
045e4ea3-e00b-58ec-8000-59c61901aa04,SINAPI:102137,102137,CHAVE DE BOIA AUTOMÁTICA SUPERIOR/INFERIOR 15A/250V - FORNECIMENTO E INSTALAÇÃO. AF_12/2020,646,item,True
b5aeb431-e774-5b7e-8f70-690f64ed54fc,SINAPI:102118,102118,"BOMBA CENTRÍFUGA, TRIFÁSICA, 3 CV OU 2,96 HP, HM 34 A 40 M, Q 8,6 A 14,8 M3/H - FORNECIMENTO E INSTALAÇÃO. AF_12/2020",647,item,True
69d2c330-c59f-577e-8fa9-a0f62518d68d,SINAPI:102621,102621,"CAIXA D´ÁGUA EM POLIÉSTER REFORÇADO COM FIBRA DE VIDRO, 20000 LITROS - FORNECIMENTO E INSTALAÇÃO. AF_06/2021",648,item,True
8995353d-b926-53be-956b-13c203e7d1e1,SINAPI:102617,102617,"CAIXA D´ÁGUA EM POLIÉSTER REFORÇADO COM FIBRA DE VIDRO, 5000 LITROS - FORNECIMENTO E INSTALAÇÃO. AF_06/2021",649,item,True
8d8548c1-05cb-5225-a4f7-61a5c609f506,,,INSTALAÇÕES SANITÁRIAS,650,grupo,False
1dfe27f9-9b3e-5439-9158-707253bb0b39,,,TUBOS,651,grupo,False
97f48650-4fad-528e-9f56-d907064dceb0,SINAPI:89711,89711,"TUBO PVC, SERIE NORMAL, ESGOTO PREDIAL, DN 40 MM, FORNECIDO E INSTALADO EM RAMAL DE DESCARGA OU RAMAL DE ESGOTO SANITÁRIO. AF_08/2022",652,item,True
5dc4eaf8-b41e-5470-869b-f4f3cd052619,SINAPI:89712,89712,"TUBO PVC, SERIE NORMAL, ESGOTO PREDIAL, DN 50 MM, FORNECIDO E INSTALADO EM RAMAL DE DESCARGA OU RAMAL DE ESGOTO SANITÁRIO. AF_08/2022",653,item,True
de06040d-6995-5820-b146-023a51b646d3,SINAPI:89713,89713,"TUBO PVC, SERIE NORMAL, ESGOTO PREDIAL, DN 75 MM, FORNECIDO E INSTALADO EM RAMAL DE DESCARGA OU RAMAL DE ESGOTO SANITÁRIO. AF_08/2022",654,item,True
b3a5c087-8273-5a41-926d-6f0d172fafef,SINAPI:89714,89714,"TUBO PVC, SERIE NORMAL, ESGOTO PREDIAL, DN 100 MM, FORNECIDO E INSTALADO EM RAMAL DE DESCARGA OU RAMAL DE ESGOTO SANITÁRIO. AF_08/2022",655,item,True
eff56901-ecca-5f00-85f2-874b6018688d,SINAPI:89849,89849,"TUBO PVC, SERIE NORMAL, ESGOTO PREDIAL, DN 150 MM, FORNECIDO E INSTALADO EM SUBCOLETOR AÉREO DE ESGOTO SANITÁRIO. AF_08/2022",656,item,True
ad907733-2b90-517d-be32-a830082a0760,,,CONEXÕES,657,grupo,False
6d6bcf58-06e7-5e29-bc7a-a3066632d83f,SINAPI:89724,89724,"JOELHO 90 GRAUS, PVC, SERIE NORMAL, ESGOTO PREDIAL, DN 40 MM, JUNTA SOLDÁVEL, FORNECIDO E INSTALADO EM RAMAL DE DESCARGA OU RAMAL DE ESGOTO SANITÁRIO. AF_08/2022",658,item,True
a3f8f22b-0271-54f4-ac83-13becb639065,SINAPI:89726,89726,"JOELHO 45 GRAUS, PVC, SERIE NORMAL, ESGOTO PREDIAL, DN 40 MM, JUNTA SOLDÁVEL, FORNECIDO E INSTALADO EM RAMAL DE DESCARGA OU RAMAL DE ESGOTO SANITÁRIO. AF_08/2022",659,item,True
8fba1cd9-579c-5fee-b9c1-f65270654bec,SINAPI:89731,89731,"JOELHO 90 GRAUS, PVC, SERIE NORMAL, ESGOTO PREDIAL, DN 50 MM, JUNTA ELÁSTICA, FORNECIDO E INSTALADO EM RAMAL DE DESCARGA OU RAMAL DE ESGOTO SANITÁRIO. AF_08/2022",660,item,True
772c4e82-74f3-59ea-9877-4f87368f37c0,SINAPI:89732,89732,"JOELHO 45 GRAUS, PVC, SERIE NORMAL, ESGOTO PREDIAL, DN 50 MM, JUNTA ELÁSTICA, FORNECIDO E INSTALADO EM RAMAL DE DESCARGA OU RAMAL DE ESGOTO SANITÁRIO. AF_08/2022",661,item,True
c4a2e840-c3bb-5e93-9e33-2e92dc2b2923,SINAPI:89737,89737,"JOELHO 90 GRAUS, PVC, SERIE NORMAL, ESGOTO PREDIAL, DN 75 MM, JUNTA ELÁSTICA, FORNECIDO E INSTALADO EM RAMAL DE DESCARGA OU RAMAL DE ESGOTO SANITÁRIO. AF_08/2022",662,item,True
931ce8cf-2eb2-5718-a743-0952ae31cef9,SINAPI:89739,89739,"JOELHO 45 GRAUS, PVC, SERIE NORMAL, ESGOTO PREDIAL, DN 75 MM, JUNTA ELÁSTICA, FORNECIDO E INSTALADO EM RAMAL DE DESCARGA OU RAMAL DE ESGOTO SANITÁRIO. AF_08/2022",663,item,True
351efcf8-a0f1-5238-8ed6-4b6b8932218e,SINAPI:89744,89744,"JOELHO 90 GRAUS, PVC, SERIE NORMAL, ESGOTO PREDIAL, DN 100 MM, JUNTA ELÁSTICA, FORNECIDO E INSTALADO EM RAMAL DE DESCARGA OU RAMAL DE ESGOTO SANITÁRIO. AF_08/2022",664,item,True
716694c6-9fef-5bd8-8893-548ef5022643,SINAPI:89746,89746,"JOELHO 45 GRAUS, PVC, SERIE NORMAL, ESGOTO PREDIAL, DN 100 MM, JUNTA ELÁSTICA, FORNECIDO E INSTALADO EM RAMAL DE DESCARGA OU RAMAL DE ESGOTO SANITÁRIO. AF_08/2022",665,item,True
b2e125ec-e91f-56fe-94d4-7418ee24f900,SINAPI:104343,104343,"JUNÇÃO DE REDUÇÃO INVERTIDA, PVC, SÉRIE NORMAL, ESGOTO PREDIAL, DN 75 X 50 MM, JUNTA ELÁSTICA, FORNECIDO E INSTALADO EM RAMAL DE DESCARGA OU RAMAL DE ESGOTO SANITÁRIO. AF_08/2022",666,item,True
972e5cba-cab3-5972-a02c-490b8249dc73,SINAPI:104345,104345,"JUNÇÃO DE REDUÇÃO INVERTIDA, PVC, SÉRIE NORMAL, ESGOTO PREDIAL, DN 100 X 50 MM, JUNTA ELÁSTICA, FORNECIDO E INSTALADO EM RAMAL DE DESCARGA OU RAMAL DE ESGOTO SANITÁRIO. AF_08/2022",667,item,True
c4b378fb-7b7f-5deb-ab18-77e3aa7c48b6,SINAPI:89785,89785,"JUNÇÃO SIMPLES, PVC, SERIE NORMAL, ESGOTO PREDIAL, DN 50 X 50 MM, JUNTA ELÁSTICA, FORNECIDO E INSTALADO EM RAMAL DE DESCARGA OU RAMAL DE ESGOTO SANITÁRIO. AF_08/2022",668,item,True
e3aa3614-6783-556b-9684-d49ed5bc1e0f,SINAPI:104347,104347,"JUNÇÃO DE REDUCAO INVERTIDA, PVC, SÉRIE NORMAL, ESGOTO PREDIAL, DN 100 X 75 MM, JUNTA ELÁSTICA, FORNECIDO E INSTALADO EM RAMAL DE DESCARGA OU RAMAL DE ESGOTO SANITÁRIO. AF_08/2022",669,item,True
17a7c74e-15ea-5a1b-8085-19bcab640152,SINAPI:89797,89797,"JUNÇÃO SIMPLES, PVC, SERIE NORMAL, ESGOTO PREDIAL, DN 100 X 100 MM, JUNTA ELÁSTICA, FORNECIDO E INSTALADO EM RAMAL DE DESCARGA OU RAMAL DE ESGOTO SANITÁRIO. AF_08/2022",670,item,True
3494f157-e15c-535a-a850-40e96e56da7c,SINAPI:89795,89795,"JUNÇÃO SIMPLES, PVC, SERIE NORMAL, ESGOTO PREDIAL, DN 75 X 75 MM, JUNTA ELÁSTICA, FORNECIDO E INSTALADO EM RAMAL DE DESCARGA OU RAMAL DE ESGOTO SANITÁRIO. AF_08/2022",671,item,True
bbdaac3a-3e1d-52c9-9626-63b9f6c002b5,SINAPI:89783,89783,"JUNÇÃO SIMPLES, PVC, SERIE NORMAL, ESGOTO PREDIAL, DN 40 MM, JUNTA SOLDÁVEL, FORNECIDO E INSTALADO EM RAMAL DE DESCARGA OU RAMAL DE ESGOTO SANITÁRIO. AF_08/2022",672,item,True
ee27caf8-2fdb-5e22-8ef9-0b604d1bb292,SINAPI:89825,89825,"TE, PVC, SERIE NORMAL, ESGOTO PREDIAL, DN 50 X 50 MM, JUNTA ELÁSTICA, FORNECIDO E INSTALADO EM PRUMADA DE ESGOTO SANITÁRIO OU VENTILAÇÃO. AF_08/2022",673,item,True
de6375cb-533e-5299-b357-ce5a39801911,SINAPI:89829,89829,"TE, PVC, SERIE NORMAL, ESGOTO PREDIAL, DN 75 X 75 MM, JUNTA ELÁSTICA, FORNECIDO E INSTALADO EM PRUMADA DE ESGOTO SANITÁRIO OU VENTILAÇÃO. AF_08/2022",674,item,True
abb3ecf3-1dff-565e-8f5e-682fac9b44ac,SINAPI:104348,104348,"TERMINAL DE VENTILAÇÃO, PVC, SÉRIE NORMAL, ESGOTO PREDIAL, DN 50 MM, JUNTA SOLDÁVEL, FORNECIDO E INSTALADO EM PRUMADA DE ESGOTO SANITÁRIO OU VENTILAÇÃO. AF_08/2022",675,item,True
13ad80ca-0e4f-5507-8ceb-ed4edcb9a392,SINAPI:104351,104351,"TERMINAL DE VENTILAÇÃO, PVC, SÉRIE NORMAL, ESGOTO PREDIAL, DN 75 MM, JUNTA SOLDÁVEL, FORNECIDO E INSTALADO EM PRUMADA DE ESGOTO SANITÁRIO OU VENTILAÇÃO. AF_08/2022",676,item,True
67fe1529-25e0-53aa-8192-f1920a6441ed,,,CAIXAS,677,grupo,False
85a93938-86da-595c-94e8-501752b40d54,SINAPI:97902,97902,"CAIXA ENTERRADA HIDRÁULICA RETANGULAR EM ALVENARIA COM TIJOLOS CERÂMICOS MACIÇOS, DIMENSÕES INTERNAS: 0,6X0,6X0,6 M PARA REDE DE ESGOTO. AF_12/2020",678,item,True
e0f9db4a-fab9-51d1-a898-812a1f09859f,SINAPI:97975,97975,"POÇO DE INSPEÇÃO CIRCULAR PARA ESGOTO, EM CONCRETO PRÉ-MOLDADO, DIÂMETRO INTERNO = 0,60 M, PROFUNDIDADE = 1,40 M, EXCLUINDO TAMPÃO. AF_12/2020_PA",679,item,True
6ef3fe0a-a08e-518e-8ba0-ea6319101a33,,,RALOS/CAIXA SIFONADA,680,grupo,False
356fa9b3-927a-58c8-b968-baffb9ab63ce,SINAPI:89707,89707,"CAIXA SIFONADA, PVC, DN 100 X 100 X 50 MM, JUNTA ELÁSTICA, FORNECIDA E INSTALADA EM RAMAL DE DESCARGA OU EM RAMAL DE ESGOTO SANITÁRIO. AF_08/2022",681,item,True
5cbb7e38-30a3-5c9a-a42a-76282dcf6a22,SINAPI:89708,89708,"CAIXA SIFONADA, PVC, DN 150 X 185 X 75 MM, JUNTA ELÁSTICA, FORNECIDA E INSTALADA EM RAMAL DE DESCARGA OU EM RAMAL DE ESGOTO SANITÁRIO. AF_08/2022",682,item,True
3a28e76c-95c4-5fae-a3d8-a2d6c4c13fbc,SINAPI:89710,89710,"RALO SECO, PVC, DN 100 X 40 MM, JUNTA SOLDÁVEL, FORNECIDO E INSTALADO EM RAMAL DE DESCARGA OU EM RAMAL DE ESGOTO SANITÁRIO. AF_08/2022",683,item,True
548dc0cb-b02c-55e2-b3c5-6a91aaadbd0c,,,SERVIÇOS DIVERSOS,684,grupo,False
c51aaf36-0bbd-5ca0-96c0-3928e5b3feb5,SINAPI:104775,104775,"FURO MECANIZADO EM CONCRETO, COM PERFURATRIZ, PARA INSTALAÇÕES HIDRÁULICAS, DIÂMETROS MAIORES QUE 40 MM E MENORES OU IGUAIS A 75 MM. AF_09/2023",685,item,True
d4cc3c02-030d-5e6b-a915-e90a90c846fa,SINAPI:104777,104777,"FURO MECANIZADO EM CONCRETO, COM PERFURATRIZ, PARA INSTALAÇÕES HIDRÁULICAS, DIÂMETROS MAIORES QUE 75 MM E MENORES OU IGUAIS A 150 MM. AF_09/2023",686,item,True
42586419-2d28-5840-a246-e2c9cd379036,SINAPI:90443,90443,"RASGO LINEAR MANUAL EM ALVENARIA, PARA RAMAIS/ DISTRIBUIÇÃO DE INSTALAÇÕES HIDRÁULICAS, DIÂMETROS MENORES OU IGUAIS A 40 MM. AF_09/2023",687,item,True
84d50120-a87c-5a1c-8b84-8d35004973f8,SINAPI:91222,91222,"RASGO LINEAR MANUAL EM ALVENARIA, PARA RAMAIS/ DISTRIBUIÇÃO DE INSTALAÇÕES HIDRÁULICAS, DIÂMETROS MAIORES QUE 40 MM E MENORES OU IGUAIS A 75 MM. AF_09/2023",688,item,True
55f79704-9cc4-52ed-93c1-c928a733a04e,SINAPI:90091,90091,"ESCAVAÇÃO MECANIZADA DE VALA COM PROF. ATÉ 1,5 M (MÉDIA MONTANTE E JUSANTE/UMA COMPOSIÇÃO POR TRECHO), ESCAVADEIRA (0,8 M3), LARG. DE 1,5 M A 2,5 M, EM SOLO DE 1A CATEGORIA, LOCAIS COM BAIXO NÍVEL DE INTERFERÊNCIA. AF_09/2024",689,item,True
47bc9e37-ad27-520d-a970-a3a9fa673094,SINAPI:90092,90092,"ESCAVAÇÃO MECANIZADA DE VALA COM PROF. MAIOR QUE 1,5 M E ATÉ 3,0 M(MÉDIA MONTANTE E JUSANTE/UMA COMPOSIÇÃO POR TRECHO), ESCAVADEIRA (0,8 M3), LARG. MENOR QUE 1,5 M, EM SOLO DE 1A CATEGORIA, LOCAIS COM BAIXO NÍVEL DE INTERFERÊNCIA. AF_09/2024",690,item,True
f041a000-d69a-5dbf-8ee6-5c376be55b6a,SINAPI:93358,93358,ESCAVAÇÃO MANUAL DE VALA. AF_09/2024,691,item,True
079966ae-c293-5ec5-b672-ca0489dfecc1,SINAPI:93367,93367,"REATERRO MECANIZADO DE VALA COM ESCAVADEIRA HIDRÁULICA (CAPACIDADE DA CAÇAMBA: 0,8 M³/POTÊNCIA: 111 HP), LARGURA DE 1,5 A 2,5 M, PROFUNDIDADE ATÉ 1,5 M, COM SOLO (SEM SUBSTITUIÇÃO) DE 1ª CATEGORIA, COM COMPACTADOR DE SOLOS DE PERCUSSÃO. AF_08/2023",692,item,True
15961bea-051b-52f7-a95c-e6ab253a6032,SINAPI:93368,93368,"REATERRO MECANIZADO DE VALA COM ESCAVADEIRA HIDRÁULICA (CAPACIDADE DA CAÇAMBA: 0,8 M³/POTÊNCIA: 111 HP), LARGURA ATÉ 1,5 M, PROFUNDIDADE DE 1,5 A 3,0 M, COM SOLO (SEM SUBSTITUIÇÃO) DE 1ª CATEGORIA, COM COMPACTADOR DE SOLOS DE PERCUSSÃO. AF_08/2023",693,item,True
5cfb31fc-cbc5-5a85-b7ee-145a926ca055,SINAPI:93382,93382,"REATERRO MANUAL DE VALAS, COM COMPACTADOR DE SOLOS DE PERCUSSÃO. AF_08/2023",694,item,True
66d50cb5-5470-572c-9d40-b5f5596166f0,,,LIGAÇÃO PREDIAL - ETE,695,grupo,False
c0ba1d90-c852-5142-a1ca-be4502f90a6e,SINAPI:97102,97102,"EXECUÇÃO DE RADIER, ESPESSURA DE 15 CM, FCK = 30 MPA, COM USO DE FORMAS EM MADEIRA SERRADA. AF_09/2021",696,item,True
4031a8e1-fe79-5941-a87c-eddcb8016fb0,SINAPI:97902,97902,"CAIXA ENTERRADA HIDRÁULICA RETANGULAR EM ALVENARIA COM TIJOLOS CERÂMICOS MACIÇOS, DIMENSÕES INTERNAS: 0,6X0,6X0,6 M PARA REDE DE ESGOTO. AF_12/2020",697,item,True
ee8c999b-919d-5882-acc6-07cd14743015,SINAPI:102118,102118,"BOMBA CENTRÍFUGA, TRIFÁSICA, 3 CV OU 2,96 HP, HM 34 A 40 M, Q 8,6 A 14,8 M3/H - FORNECIMENTO E INSTALAÇÃO. AF_12/2020",698,item,True
15b35bc4-856d-5ddf-8434-ac2de9d2b9fa,SINAPI:89712,89712,"TUBO PVC, SERIE NORMAL, ESGOTO PREDIAL, DN 50 MM, FORNECIDO E INSTALADO EM RAMAL DE DESCARGA OU RAMAL DE ESGOTO SANITÁRIO. AF_08/2022",699,item,True
ca734f11-daa9-5dfc-a149-baf18a766084,,,LOUÇAS/METAIS E ACESSÓRIOS,700,grupo,False
eeb29a55-b74f-5cd1-b9c4-1120b02d7b89,SINAPI:86888,86888,VASO SANITÁRIO SIFONADO COM CAIXA ACOPLADA LOUÇA BRANCA - FORNECIMENTO E INSTALAÇÃO. AF_01/2020,701,item,True
4679750d-412f-5aeb-b074-8d14be9efe26,SINAPI:86885,86885,"ENGATE FLEXÍVEL EM PLÁSTICO BRANCO, 1/2"" X 40CM - FORNECIMENTO E INSTALAÇÃO. AF_01/2020",702,item,True
b954adff-84ef-58e4-b543-4784891a8a7e,SINAPI:100858,100858,MICTÓRIO SIFONADO LOUÇA BRANCA - PADRÃO MÉDIO - FORNECIMENTO E INSTALAÇÃO. AF_01/2020,703,item,True
682c87b7-1c6e-5c5b-89de-7013af73dfbd,UFCA:L0006,L0006,DUCHA P/ WC CROMADO (INSTALADO),704,item,True
b31cd89e-4685-5fa7-9532-77267e2cfee4,UFCA:L0007,L0007,BASE EM PRÉ-MOLDADO DE CONCRETO COM ADITIVO IMPERMEABILIZANTE P/ INSTALAÇÃO DE BACIA SANITÁRIA,705,item,True
c69f1a6e-cc14-5cec-b7e2-d35e9a9deed0,SINAPI:93441,93441,"BANCADA GRANITO CINZA 150 X 60 CM, COM CUBA DE EMBUTIR DE AÇO, VÁLVULA AMERICANA EM METAL, SIFÃO FLEXÍVEL EM PVC, ENGATE FLEXÍVEL 30 CM, TORNEIRA CROMADA LONGA, DE PAREDE, 1/2"" OU 3/4"", P/ COZINHA, PADRÃO POPULAR - FORNEC. E INSTALAÇÃO. AF_01/2020",706,item,True
41ca6c83-e306-556b-90fa-f122ac36c220,UFCA:L0009,L0009,"BANCADA GRANITO CINZA, 50 X 60 CM, INCLUSIVE CUBA DE EMBUTIR OVAL LOUÇA BRANCA 35 X 50 CM, VÁLVULA METAL CROMADO, SIFÃO FLEXÍVEL PVC, ENGATE 30 CM FLEXÍVEL PLÁSTICO E TORNEIRA CROMADA DE MESA PARA LAVATÓRIO TEMPORIZADA PRESSÃO BICA BAIXA - FORNECIMENTO E INSTALAÇÃO",707,item,True
db03cab1-1e71-5d41-82c2-0937f2fb7caa,UFCA:L0010,L0010,"BANCADA GRANITO CINZA 100 X 60 CM, COM CUBA DE EMBUTIR DE AÇO, VÁLVULA AMERICANA EM METAL, SIFÃO FLEXÍVEL EM PVC, ENGATE FLEXÍVEL 30 CM, TORNEIRA CROMADA LONGA, DE PAREDE, 1/2 OU 3/4, P/ COZINHA, PADRÃO POPULAR - FORNEC. E INSTALAÇÃO. AF_01/2020",708,item,True
4095c132-a020-59ac-a86f-8bbc060d2f41,UFCA:L0011,L0011,"TANQUE DE LOUÇA BRANCA SUSPENSO, INCLUSIVE TORNEIRA.",709,item,True
622e6755-3fa9-53fa-b993-58a0bffcd47c,UFCA:L0012,L0012,"LAVATÓRIO SUSPENSO SEM COLUNA, 465 MM X 340 MM, INCLUSO, VÁLVULA METAL CROMADO, SIFÃO FLEXÍVEL PVC, ENGATE 30 CM FLEXÍVEL PLÁSTICO E TORNEIRA CLINICA ALAVANCA MESA BICA ALTA MÓVEL COM AREJADOR - FORNECIMENTO E INSTALAÇÃO",710,item,True
1f9cfd13-ee2d-5be4-ab9a-e85fe298d0b0,UFCA:L0013,L0013,"BANCADA DE GRANITO 150X60 CM COM 1 CUBA PROFUNDA 60X50X33 CM. INCLUSO TORNEIRA, VÁLVULA, ENGATE, SIFÃO",711,item,True
d24a38f6-b988-5df5-8ee1-7e6cb43aefde,UFCA:L0014,L0014,"BANCADA DE GRANITO 150X60 CM COM 2 CUBAS PROFUNDAS 60X50X33 CM. INCLUSO TORNEIRA, VÁLVULA, ENGATE, SIFÃO",712,item,True
3024686b-8907-5470-8596-23e5520775bd,UFCA:L0015,L0015,"BANCADA DE EXPURGO HOSPITALAR INOX AISI 304, ESPESSURA 1 MM, MEDINDO 50X50X44 CM. INCLUSO SIFÃO PARA EXPURGO EM INOX. REFERÊNCIA: PALMETAL OU SIMILAR",713,item,True
b492ee3d-b869-53c2-b15e-e9fa31026e2f,UFCA:L0016,L0016,"LAVATÓRIO CIRÚRGICO EM INOX AISI 304, COM PEDAL",714,item,True
97a23796-0a5c-5c71-910d-074e5cee1d36,UFCA:L0017,L0017,"BANCADA DE INOX AISI 304 1000x500 MM COM 1 CUBA PROFUNDA 60X50X33 CM. INCLUSO TORNEIRA, VÁLVULA, ENGATE, SIFÃO",715,item,True
c9755912-f158-58fd-a8cb-6b60dd605a0c,SINAPI:95547,95547,"SABONETEIRA PLASTICA TIPO DISPENSER PARA SABONETE LIQUIDO COM RESERVATORIO 800 A 1500 ML, INCLUSO FIXAÇÃO. AF_01/2020",716,item,True
4c490941-258d-5cc6-bd16-3edb3c94af11,UFCA:L0001,L0001,"PAPELEIRA PLASTICA TIPO DISPENSER PARA PAPEL HIGIENICO ROLAO, INCLUSO FIXAÇÃO",717,item,True
0cb874fc-e461-5b22-994b-b99d9dc38533,UFCA:L0002,L0002,"TOALHEIRO PLASTICO TIPO DISPENSER PARA PAPEL TOALHA INTERFOLHADO, INCLUSO FIXAÇÃO",718,item,True
30ceb346-9fb4-58a5-8e2f-f5c4842e5918,UFCA:L0004,L0004,CABIDE/GANCHO DE BANHEIRO SIMPLES EM METAL CROMADO - FORNECIMENTO E INSTALAÇÃO.,719,item,True
a4944aef-ebcd-57c3-804a-b9807b8669d7,UFCA:L0005,L0005,CHUVEIRO COM DESVIADOR E DUCHA MANUAL (INSTALADO),720,item,True
5c8bd342-791f-53bf-be52-ff80fccac002,SINAPI:100875,100875,"BANCO ARTICULADO, EM ACO INOX, PARA PCD, FIXADO NA PAREDE - FORNECIMENTO E INSTALAÇÃO. AF_01/2020",721,item,True
df593bf2-44fd-5e01-a5b6-41c496a0022f,SINAPI:100865,100865,"BARRA DE APOIO LATERAL ARTICULADA, COM TRAVA, EM ACO INOX POLIDO, FIXADA NA PAREDE - FORNECIMENTO E INSTALAÇÃO. AF_01/2020",722,item,True
91f1a74a-4605-5f73-b3f4-a71b73bb153f,UFCA:H0053,H0053,"BARRA DE APOIO, RETA, FIXA, EM AÇO INOX, L=40CM, D=1 1/4”, JACKWAL OU SIMILAR",723,item,True
bd87b736-46cd-553f-b16a-f7ce81a96ea6,SINAPI:100866,100866,"BARRA DE APOIO RETA, EM ACO INOX POLIDO, COMPRIMENTO 60CM, FIXADA NA PAREDE - FORNECIMENTO E INSTALAÇÃO. AF_01/2020",724,item,True
6d3e3c6a-7ab9-5612-af51-03345e55fa55,SINAPI:100867,100867,"BARRA DE APOIO RETA, EM ACO INOX POLIDO, COMPRIMENTO 70 CM, FIXADA NA PAREDE - FORNECIMENTO E INSTALAÇÃO. AF_01/2020",725,item,True
4c73b75e-eea1-5d44-ae70-c7ca41b1281e,SINAPI:100868,100868,"BARRA DE APOIO RETA, EM ACO INOX POLIDO, COMPRIMENTO 80 CM, FIXADA NA PAREDE - FORNECIMENTO E INSTALAÇÃO. AF_01/2020",726,item,True
184d8543-f4c6-5abf-a7ae-1c4e8de59283,SINAPI:86914,86914,"TORNEIRA CROMADA 1/2"" OU 3/4"" PARA TANQUE, PADRÃO MÉDIO - FORNECIMENTO E INSTALAÇÃO. AF_01/2020",727,item,True
f12f453a-c3ea-5fbb-8c53-f829a346ef05,UFCA:L0018,L0018,LAVA OLHOS DE EMERGÊNCIA C/ CUBA FLEXÍVEL E CHUVEIRO P/ LABORATÓRIO,728,item,True
7b29cba3-1fea-5a0c-87cc-935d208255b9,,,"IMPERMEABILIZAÇÃO, ISOLAÇÃO TÉRMICA E ACÚSTICA",729,grupo,False
9b1460a8-aabf-5638-b520-17f3dda9163f,SINAPI:98557,98557,"IMPERMEABILIZAÇÃO DE SUPERFÍCIE COM EMULSÃO ASFÁLTICA, 2 DEMÃOS. AF_09/2023",730,item,True
dc6a937e-8193-5bb4-8949-f4679e2056b9,SINAPI:98556,98556,"IMPERMEABILIZAÇÃO DE SUPERFÍCIE COM ARGAMASSA POLIMÉRICA / MEMBRANA ACRÍLICA, 4 DEMÃOS, REFORÇADA COM VÉU DE POLIÉSTER (MAV). AF_09/2023",731,item,True
685a251a-aa9f-5e21-81ee-0c642657c3e1,SINAPI:98563,98563,"PROTEÇÃO MECÂNICA DE SUPERFÍCIE HORIZONTAL COM ARGAMASSA DE CIMENTO E AREIA, TRAÇO 1:3, E=2CM. AF_09/2023",732,item,True
aae4a707-070d-5fb7-a1b6-d95db16ba619,SINAPI:98564,98564,"PROTEÇÃO MECÂNICA DE SUPERFÍCIE VERTICAL COM ARGAMASSA DE CIMENTO E AREIA, TRAÇO 1:3, E=2CM. AF_09/2023",733,item,True
a868478f-9860-59b1-aa70-3432f8214ba2,SINAPI:98555,98555,"IMPERMEABILIZAÇÃO DE SUPERFÍCIE COM ARGAMASSA POLIMÉRICA / MEMBRANA ACRÍLICA, 3 DEMÃOS. AF_09/2023",734,item,True
1f2b67d3-b553-5fb9-9bf0-d05c786adaa1,UFCA:M0001,M0001,"IMPERMEABILIZAÇÃO DE SUPERFÍCIE COM MANTA ASFALTICA ELASTOMERICA EM POLIESTER ALUMINIZADA 4 MM, TIPO III, CLASSE B (NBR 9952)",735,item,True
1aa6c939-3ac8-5e3d-bb3f-5513286ba7a7,,,INSTALAÇÕES DE COMBATE A INCÊNDIO,736,grupo,False
a9506e6d-4cda-59c5-b76a-f852c7c25023,,,SISTEMA DE COMBATE A INCÊNDIO,737,grupo,False
8f1a4efb-61d8-50cb-814b-df5c461185cf,,,SISTEMA DE EXTINTORES,738,grupo,False
d3d7ed37-4061-5eb4-9b40-66c802478f67,SINAPI:101909,101909,"EXTINTOR DE INCÊNDIO PORTÁTIL COM CARGA DE PQS DE 6 KG, CLASSE BC - FORNECIMENTO E INSTALAÇÃO. AF_10/2020_PE",739,item,True
0e4a1768-403a-52b6-8f53-f08d9cf5f035,,,SISTEMA DE HIDRANTES - CAIXAS,740,grupo,False
c1405a32-51b3-5b91-a802-cb70683af068,UFCA:N0101,N0101,"ABRIGO PARA HIDRANTE, 90X60X30CM, COM REGISTRO GLOBO ANGULAR 45 GRAUS 2 1/2"" E ADAPTADOR ENGATE RÁPIDO EM LATÃO 2 1/2"" X 1 1/2"" - FORNECIMENTO E INSTALAÇÃO",741,item,True
6cc49a13-408c-5808-96e9-e343bcc63492,UFCA:N0102,N0102,"2 MANGUEIRAS DE INCÊNDIO TIPO 2 15M 1 1/2"" E ESGUICHO REGULÁVEL EM LATÃO 1 1/2"" - FORNECIMENTO E INSTALAÇÃO",742,item,True
e9cc1f8c-8b94-555a-9fe2-ff74dffa8a22,UFCA:N0103,N0103,"HIDRANTE DE RECALQUE COM TAMPA EM FERRO FUNDIDO 40X60CM, REGISTRO GLOBO 2 1/2"", ADAPTADOR ENGATE RÁPIDO EM LATÃO 2 1/2"" E TAMPÃO ENGATE RÁPIDO EM LATÃO 2 1/2"" - FORNECIMENTO E INSTALAÇÃO",743,item,True
bfa7942d-43cc-5d29-9f05-05952df5d49e,,,SISTEMA DE HIDRANTES - TUBOS E CONEXÕES,744,grupo,False
f6e3e2e5-80a5-591a-80c3-3dfa0f5601d1,SINAPI:94463,94463,"TUBO DE AÇO GALVANIZADO COM COSTURA, CLASSE MÉDIA, DN 65 MM (2 1/2""), CONEXÃO ROSQUEADA, INSTALADO EM RESERVAÇÃO PREDIAL DE ÁGUA - FORNECIMENTO E INSTALAÇÃO. AF_04/2024",745,item,True
9fdbaca5-957e-5c92-b8b3-4cb4c239b5bd,SINAPI:94468,94468,"NIPLE, EM FERRO GALVANIZADO, CONEXÃO ROSQUEADA, DN 65 MM (2 1/2""), INSTALADO EM RESERVAÇÃO PREDIAL DE ÁGUA - FORNECIMENTO E INSTALAÇÃO. AF_04/2024",746,item,True
f8b88458-2ef0-51bc-aa0a-8defed35269d,UFCA:N0104,N0104,"NIPLE DE REDUÇÃO, EM FERRO GALVANIZADO, 2 1/2"" X 2"", CONEXÃO ROSQUEADA, INSTALADO EM RESERVAÇÃO PREDIAL DE ÁGUA - FORNECIMENTO E INSTALAÇÃO",747,item,True
97d4fd93-412c-560e-a171-0113adaf0558,UFCA:N0105,N0105,"BUCHA DE REDUÇÃO, EM FERRO GALVANIZADO, 1/2"" X 1/4"", CONEXÃO ROSQUEADA, INSTALADO EM RESERVAÇÃO PREDIAL DE ÁGUA - FORNECIMENTO E INSTALAÇÃO",748,item,True
42e12a98-9dee-58e1-8f29-91f596a81822,UFCA:N0106,N0106,"BUCHA DE REDUÇÃO, EM FERRO GALVANIZADO, 1"" X 1/2"", CONEXÃO ROSQUEADA, INSTALADO EM RESERVAÇÃO PREDIAL DE ÁGUA - FORNECIMENTO E INSTALAÇÃO",749,item,True
4320b169-ec0f-5063-bb87-fcb608eb4a97,UFCA:N0107,N0107,"UNIÃO, EM FERRO GALVANIZADO, CONEXÃO ROSQUEADA, DN 65 MM (2 1/2""), INSTALADO EM RESERVAÇÃO PREDIAL DE ÁGUA - FORNECIMENTO E INSTALAÇÃO",750,item,True
5fb49a0d-3247-5f4c-a0d5-10a1cd7de910,SINAPI:94473,94473,"COTOVELO 90 GRAUS, EM FERRO GALVANIZADO, CONEXÃO ROSQUEADA, DN 65 MM (2 1/2""), INSTALADO EM RESERVAÇÃO PREDIAL DE ÁGUA - FORNECIMENTO E INSTALAÇÃO. AF_04/2024",751,item,True
3e196664-f8a0-5377-9180-3ae5df812f3f,SINAPI:94478,94478,"TÊ, EM FERRO GALVANIZADO, CONEXÃO ROSQUEADA, DN 65 MM (2 1/2""), INSTALADO EM RESERVAÇÃO PREDIAL DE ÁGUA - FORNECIMENTO E INSTALAÇÃO. AF_04/2024",752,item,True
dcfcfe90-6730-57ca-9c8c-d0f753ec88ee,UFCA:N0108,N0108,"TÊ DE REDUÇÃO, EM FERRO GALVANIZADO, 2 1/2"" X 1"", CONEXÃO ROSQUEADA, INSTALADO EM RESERVAÇÃO PREDIAL DE ÁGUA - FORNECIMENTO E INSTALAÇÃO",753,item,True
3b0f7356-b23c-503e-babc-9891f6834390,SINAPI:92342,92342,"TUBO DE AÇO GALVANIZADO COM COSTURA, CLASSE MÉDIA, DN 65 (2 1/2""), CONEXÃO ROSQUEADA, INSTALADO EM PRUMADAS - FORNECIMENTO E INSTALAÇÃO. AF_10/2020",754,item,True
1d508228-fe1c-5073-a2c6-2c4dbf4b060a,SINAPI:92347,92347,"LUVA, EM FERRO GALVANIZADO, DN 65 (2 1/2""), CONEXÃO ROSQUEADA, INSTALADO EM PRUMADAS - FORNECIMENTO E INSTALAÇÃO. AF_10/2020",755,item,True
f3a4ac84-bc85-508c-bd19-042204dcbe95,SINAPI:92353,92353,"JOELHO 90 GRAUS, EM FERRO GALVANIZADO, DN 65 (2 1/2""), CONEXÃO ROSQUEADA, INSTALADO EM PRUMADAS - FORNECIMENTO E INSTALAÇÃO. AF_10/2020",756,item,True
2c4d6f63-6beb-5263-b153-d7cab044e318,SINAPI:92367,92367,"TUBO DE AÇO GALVANIZADO COM COSTURA, CLASSE MÉDIA, DN 65 (2 1/2""), CONEXÃO ROSQUEADA, INSTALADO EM REDE DE ALIMENTAÇÃO PARA HIDRANTE - FORNECIMENTO E INSTALAÇÃO. AF_10/2020",757,item,True
bb26a3d4-e226-56fb-adbd-aa2e45561c67,SINAPI:92377,92377,"NIPLE, EM FERRO GALVANIZADO, DN 65 (2 1/2""), CONEXÃO ROSQUEADA, INSTALADO EM REDE DE ALIMENTAÇÃO PARA HIDRANTE - FORNECIMENTO E INSTALAÇÃO. AF_10/2020",758,item,True
44459b8e-e000-521d-b565-eb3e86a707b9,SINAPI:92378,92378,"LUVA, EM FERRO GALVANIZADO, DN 65 (2 1/2""), CONEXÃO ROSQUEADA, INSTALADO EM REDE DE ALIMENTAÇÃO PARA HIDRANTE - FORNECIMENTO E INSTALAÇÃO. AF_10/2020",759,item,True
cd7f2832-5c9c-5cb9-837e-77583af3d6de,SINAPI:92389,92389,"JOELHO 45 GRAUS, EM FERRO GALVANIZADO, DN 65 (2 1/2""), CONEXÃO ROSQUEADA, INSTALADO EM REDE DE ALIMENTAÇÃO PARA HIDRANTE - FORNECIMENTO E INSTALAÇÃO. AF_10/2020",760,item,True
b42c1a7a-77b7-5bbe-9ba2-d6e2ffdec285,SINAPI:92390,92390,"JOELHO 90 GRAUS, EM FERRO GALVANIZADO, DN 65 (2 1/2""), CONEXÃO ROSQUEADA, INSTALADO EM REDE DE ALIMENTAÇÃO PARA HIDRANTE - FORNECIMENTO E INSTALAÇÃO. AF_10/2020",761,item,True
7a0f0899-5b23-542a-a231-fe83fe269f3b,SINAPI:92642,92642,"TÊ, EM FERRO GALVANIZADO, CONEXÃO ROSQUEADA, DN 65 (2 1/2""), INSTALADO EM REDE DE ALIMENTAÇÃO PARA HIDRANTE - FORNECIMENTO E INSTALAÇÃO. AF_10/2020",762,item,True
28792d6a-01ab-573b-acac-5c78dd9b517b,,,SISTEMA DE HIDRANTES - VÁLVULAS E REGISTROS,763,grupo,False
dcfdf6eb-cd7c-5c34-8224-173073f014be,SINAPI:94499,94499,"REGISTRO DE GAVETA BRUTO, LATÃO, ROSCÁVEL, 2 1/2"" - FORNECIMENTO E INSTALAÇÃO. AF_08/2021",764,item,True
0a77b00d-16af-5827-89e9-d75543365250,SINAPI:99624,99624,"VÁLVULA DE RETENÇÃO HORIZONTAL, DE BRONZE, ROSCÁVEL, 2 1/2"" - FORNECIMENTO E INSTALAÇÃO. AF_08/2021",765,item,True
cc195b83-ce61-566f-9a5c-519754d0367a,SINAPI:103009,103009,"VÁLVULA DE RETENÇÃO VERTICAL, DE BRONZE, ROSCÁVEL, 2 1/2"" - FORNECIMENTO E INSTALAÇÃO. AF_08/2021",766,item,True
7cc96c24-bf16-56d3-822e-55394d70bea2,SINAPI:101917,101917,"MANÔMETRO 0 A 200 PSI (0 A 14 KGF/CM2), D = 50MM - FORNECIMENTO E INSTALAÇÃO. AF_10/2020",767,item,True
1de3bafd-2400-56aa-bfc8-b7bb27a81fd8,,,SISTEMA DE HIDRANTES - BOMBAS,768,grupo,False
8d71d7ae-99bf-5a28-bda1-9ff89ff9b46d,UFCA:N0109,N0109,"BOMBA CENTRÍFUGA, TRIFÁSICA, 5 A 7,5 CV - FORNECIMENTO E INSTALAÇÃO",769,item,True
64dcd567-92b2-5085-8ee8-d38162dffeae,UFCA:N0110,N0110,CHAVE DE FLUXO TIPO PALHETA - FORNECIMENTO E INSTALAÇÃO,770,item,True
6bc88fc2-850b-5919-ae9f-4692ff076e7b,UFCA:N0111,N0111,BASE PARA BOMBA EM CONCRETO 40X30X15CM COM BARRAS ROSCADAS PARA FIXAÇÃO DA BOMBA,771,item,True
3c780645-3ae6-5235-a5a9-4188ea475b31,,,SISTEMA DE HIDRANTES - FIXAÇÕES,772,grupo,False
e9ac8068-fbfd-5fd3-86b5-877f4e573479,SINAPI:90455,90455,"PASSANTE TIPO TUBO COM DIÂMETRO DE 100 MM, FIXADO EM LAJE, PARA PASSAGEM DE TUBULAÇÕES COM NO MÁXIMO 75 MM DE DIÂMETRO. AF_09/2023",773,item,True
b37e6436-fe15-573f-8002-41e69459339b,UFCA:N0112,N0112,"FIXAÇÃO DE TUBO DE AÇO, DIÂMETRO 2 1/2"", EM LAJE, COM ABRAÇADEIRA TIPO GOTA E BARRA ROSCADA 3/8""",774,item,True
62b88879-cf5f-5d9c-8731-b164dae78353,UFCA:N0113,N0113,"FIXAÇÃO DE TUBO DE AÇO, DIÂMETRO 2 1/2"", EM LAJE, COM ABRAÇADEIRA TIPO ""U"" REFORÇADA",775,item,True
53782c73-1e6b-565e-a4ab-ff54a993cb82,SINAPI:90459,90459,QUEBRA EM ALVENARIA PARA INSTALAÇÃO DE ABRIGO PARA MANGUEIRAS (90X60 CM). AF_09/2023,776,item,True
a9bdf4c7-8c35-50e0-acfe-69cb7c98d475,,,SISTEMA DE HIDRANTES - ESCAVAÇÃO E REATERRO DE VALAS,777,grupo,False
4d92054c-0cbc-515d-b256-ba5fbf09f5d8,SINAPI:99063,99063,LOCAÇÃO DE REDE DE ÁGUA OU ESGOTO. AF_03/2024,778,item,True
8ec51341-4763-54d4-84f3-9e6c40d5e520,SINAPI:90105,90105,"ESCAVAÇÃO MECANIZADA DE VALA COM PROFUNDIDADE ATÉ 1,5 M (MÉDIA MONTANTE E JUSANTE/UMA COMPOSIÇÃO POR TRECHO), RETROESCAV. (0,26 M3), LARGURA MENOR QUE 0,8 M, EM SOLO DE 1A CATEGORIA, LOCAIS COM BAIXO NÍVEL DE INTERFERÊNCIA. AF_09/2024",779,item,True
5f5dc3c5-bda9-54a5-bd6d-026ced7f90c7,SINAPI:93358,93358,ESCAVAÇÃO MANUAL DE VALA. AF_09/2024,780,item,True
3168b8a6-8e19-5e83-b326-4a96c09cacbd,SINAPI:101616,101616,"PREPARO DE FUNDO DE VALA COM LARGURA MENOR QUE 1,5 M (ACERTO DO SOLO NATURAL). AF_08/2020",781,item,True
563b4454-16d8-58c2-a6e0-7aa7ca7293e0,SINAPI:93378,93378,"REATERRO MECANIZADO DE VALA COM RETROESCAVADEIRA (CAPACIDADE DA CAÇAMBA DA RETRO: 0,26 M³/POTÊNCIA: 88 HP), LARGURA ATÉ 0,8 M, PROFUNDIDADE ATÉ 1,5 M, COM SOLO (SEM SUBSTITUIÇÃO) DE 1ª CATEGORIA, COM COMPACTADOR DE SOLOS DE PERCUSSÃO. AF_08/2023",782,item,True
af7157ca-fb9c-5968-9705-9750f2a9346b,SINAPI:93382,93382,"REATERRO MANUAL DE VALAS, COM COMPACTADOR DE SOLOS DE PERCUSSÃO. AF_08/2023",783,item,True
40e53a75-d752-54ff-8c9e-61dc8d673c6b,,,SISTEMA DE HIDRANTES - PINTURA,784,grupo,False
4f682473-949d-55e8-b98e-7644927d786f,SINAPI:100717,100717,LIXAMENTO MANUAL EM SUPERFÍCIES METÁLICAS EM OBRA. AF_01/2020,785,item,True
8a3a8fa2-b1bf-5e94-b6bc-7c579c0a9a76,SINAPI:100718,100718,COLOCAÇÃO DE FITA PROTETORA PARA PINTURA. AF_01/2020,786,item,True
984af3cf-50c1-59bd-88dd-d324f809873e,SINAPI:100722,100722,PINTURA COM TINTA ALQUÍDICA DE FUNDO (TIPO ZARCÃO) APLICADA A ROLO OU PINCEL SOBRE SUPERFÍCIES METÁLICAS (EXCETO PERFIL) EXECUTADO EM OBRA (POR DEMÃO). AF_01/2020,787,item,True
80b8c151-e4b0-506e-ac24-a7998cd97c26,SINAPI:100760,100760,PINTURA COM TINTA ALQUÍDICA DE ACABAMENTO (ESMALTE SINTÉTICO BRILHANTE) APLICADA A ROLO OU PINCEL SOBRE SUPERFÍCIES METÁLICAS (EXCETO PERFIL) EXECUTADO EM OBRA (02 DEMÃOS). AF_01/2020,788,item,True
cc1b8f21-db0d-5733-873f-e00cf4fc56b7,UFCA:N0114,N0114,PINTURA COM TINTA BETUMINOSA APLICADA A ROLO OU PINCEL SOBRE TUBULAÇÕES METÁLICAS (02 DEMÃOS),789,item,True
15c533da-ad4f-507b-b9cd-2d8f1aa21706,,,SISTEMA DE SINALIZAÇÃO,790,grupo,False
7e488cf3-b83d-5f1d-95af-ec12edcc0e0e,UFCA:N0115,N0115,"PLACA DE SINALIZAÇÃO DE EMERGÊNCIA, FOTOLUMINESCENTE, 12 X 24 CM, EM PVC 2 MM ANTI-CHAMAS - FORNECIMENTO E INSTALAÇÃO",791,item,True
b754a143-0190-57b5-9aa9-ea63354c39f3,UFCA:N0116,N0116,"PLACA DE SINALIZAÇÃO DE EMERGÊNCIA, FOTOLUMINESCENTE, 12 X 40 CM, EM PVC 2 MM ANTI-CHAMAS - FORNECIMENTO E INSTALAÇÃO",792,item,True
0b76f691-9a3c-50a8-b41a-978bc251fbde,UFCA:N0117,N0117,"PLACA DE SINALIZAÇÃO DE EMERGÊNCIA, FOTOLUMINESCENTE, 15 X 15 CM, EM PVC 2 MM ANTI-CHAMAS - FORNECIMENTO E INSTALAÇÃO",793,item,True
434e0720-19ef-55ca-ae06-24c059d9d679,,,SISTEMA DE ALARME DE INCÊNDIO,794,grupo,False
851e3561-17f7-5f45-92f9-37168f054366,,,EQUIPAMENTOS,795,grupo,False
94407896-4726-5e0f-9e2e-ed48809c8e92,UFCA:N0011,N0011,"CENTRAL DE ALARME ENDEREÇÁVEL DE INCÊNDIO COM SISTEMA P/ ATÉ 250 DISPOSITIVOS, MARCAL VERIN OU SIMILAR, MODELO VRE-250 C/ BATERIA DE 12V E 7AMPERES",796,item,True
34509231-b2a0-52f8-b3cb-995836a4d6a5,UFCA:N0049,N0049,"ACIONADOR MANUAL, TIPO ""QUEBRA VIDRO"" - FORNECIMENTO E INSTALAÇÃO",797,item,True
1a4d3a7a-a1f4-5fb6-a59a-0fe93971feca,UFCA:N0050,N0050,SIRENE AUDIOVISUAL 120 DB - FORNECIMENTO E INSTALAÇÃO,798,item,True
b09489b2-4fb3-5621-bf36-65b8bbc9526f,,,CABOS E CONDULETES,799,grupo,False
804d8c39-d857-56d3-a678-abfca4e5f926,UFCA:N0051,N0051,"CABO BLINDADO PARA ALARME E DETECÇÃO DE INCÊNDIO 2 X 1,5MM² - FORNECIMENTO E INSTALAÇÃO",800,item,True
c26e1d1e-002e-504a-b614-c44a8c5b79f4,SINAPI:95781,95781,"CONDULETE DE ALUMÍNIO, TIPO C, PARA ELETRODUTO DE AÇO GALVANIZADO DN 25 MM (1''), APARENTE - FORNECIMENTO E INSTALAÇÃO. AF_10/2022",801,item,True
8ecd6063-4b94-5656-a65b-daba705c05ee,SINAPI:95782,95782,"CONDULETE DE ALUMÍNIO, TIPO E, ELETRODUTO DE AÇO GALVANIZADO DN 25 MM (1''), APARENTE - FORNECIMENTO E INSTALAÇÃO. AF_10/2022",802,item,True
d84ebc03-aea7-5c51-834d-57466d9ddfc3,SINAPI:95789,95789,"CONDULETE DE ALUMÍNIO, TIPO LR, PARA ELETRODUTO DE AÇO GALVANIZADO DN 25 MM (1''), APARENTE - FORNECIMENTO E INSTALAÇÃO. AF_10/2022",803,item,True
6f3fde23-9246-5481-b6e1-dc64c7c44159,SINAPI:95796,95796,"CONDULETE DE ALUMÍNIO, TIPO T, PARA ELETRODUTO DE AÇO GALVANIZADO DN 25 MM (1''), APARENTE - FORNECIMENTO E INSTALAÇÃO. AF_10/2022",804,item,True
b21da9cf-ea58-5f7f-97a5-818a83bfcde8,,,ELETRODUTOS E ACESSÓRIOS,805,grupo,False
60cdfb7f-521d-5f87-af6b-fb19543135ae,UFCA:J0202,J0202,"ELETRODUTO DE AÇO GALVANIZADO, MÉDIO, DN 25 MM (1'') - FORNECIMENTO E INSTALAÇÃO",806,item,True
28da619b-aeac-5443-ba51-d6d7911c826c,UFCA:J0203,J0203,LUVA PARA ELETRODUTO DE AÇO GALVANIZADO DN 25 MM (1'') - FORNECIMENTO E INSTALAÇÃO,807,item,True
4fa13ee8-89d8-5246-b51a-1f6adfef49c4,UFCA:J0204,J0204,CURVA PARA ELETRODUTO DE AÇO GALVANIZADO DN 25 MM (1'') - FORNECIMENTO E INSTALAÇÃO,808,item,True
517218d1-46d3-54d0-a339-88dc1fd69f86,SINAPI:104785,104785,"FIXAÇÃO DE ELETRODUTOS, DIÂMETROS MENORES OU IGUAIS A 40 MM, COM ABRAÇADEIRA METÁLICA RÍGIDA TIPO D COM PARAFUSO DE FIXAÇÃO 1 1/4"", FIXADA DIRETAMENTE NA LAJE OU PAREDE. AF_09/2023",809,item,True
33632b8e-56dd-5f4f-8a61-35038ca0f1a6,SINAPI:104761,104761,"FURO MECANIZADO EM CONCRETO, COM MARTELO DEMOLIDOR, PARA INSTALAÇÕES ELÉTRICAS, DIÂMETROS MENORES OU IGUAIS A 40 MM. AF_09/2023",810,item,True
18188f1a-64a8-5805-ae85-082e6d24818f,SINAPI:97887,97887,"CAIXA ENTERRADA ELÉTRICA RETANGULAR, EM ALVENARIA COM TIJOLOS CERÂMICOS MACIÇOS, FUNDO COM BRITA, DIMENSÕES INTERNAS: 0,4X0,4X0,4 M. AF_12/2020",811,item,True
cd5d442f-a7df-5155-8537-0be52add82e2,SINAPI:93358,93358,ESCAVAÇÃO MANUAL DE VALA. AF_09/2024,812,item,True
a9074c36-5b62-55c0-831b-495b12fa2ef1,,,REVESTIMENTOS,813,grupo,False
73b723c3-5200-5554-b45a-2851c9a1d781,SINAPI:87879,87879,"CHAPISCO APLICADO EM ALVENARIAS E ESTRUTURAS DE CONCRETO INTERNAS, COM COLHER DE PEDREIRO. ARGAMASSA TRAÇO 1:3 COM PREPARO EM BETONEIRA 400L. AF_10/2022",814,item,True
b285a637-3e12-502d-9835-7fa7eac995ff,SINAPI:87882,87882,"CHAPISCO APLICADO NO TETO OU EM ALVENARIA E ESTRUTURA, COM ROLO PARA TEXTURA ACRÍLICA. ARGAMASSA TRAÇO 1:4 E EMULSÃO POLIMÉRICA (ADESIVO) COM PREPARO EM BETONEIRA 400L. AF_10/2022",815,item,True
c065ac5d-c420-56a3-ba76-a4bf5774a4b1,SINAPI:87894,87894,"CHAPISCO APLICADO EM ALVENARIA (SEM PRESENÇA DE VÃOS) E ESTRUTURAS DE CONCRETO DE FACHADA, COM COLHER DE PEDREIRO. ARGAMASSA TRAÇO 1:3 COM PREPARO EM BETONEIRA 400L. AF_10/2022",816,item,True
30d79780-7082-5a2c-9d18-339cb1bcca07,SINAPI:87905,87905,"CHAPISCO APLICADO EM ALVENARIA (COM PRESENÇA DE VÃOS) E ESTRUTURAS DE CONCRETO DE FACHADA, COM COLHER DE PEDREIRO. ARGAMASSA TRAÇO 1:3 COM PREPARO EM BETONEIRA 400L. AF_10/2022",817,item,True
56fec861-fe8c-500f-8ba5-1e7f2bdcd131,SINAPI:90406,90406,"MASSA ÚNICA, EM ARGAMASSA TRAÇO 1:2:8, PREPARO MECÂNICO, APLICADA MANUALMENTE EM TETO, E = 17,5MM, COM TALISCAS. AF_03/2024",818,item,True
7c92d60f-eda4-5fad-9764-7af552de2b69,SINAPI:87529,87529,"MASSA ÚNICA, EM ARGAMASSA TRAÇO 1:2:8, PREPARO MECÂNICO, APLICADA MANUALMENTE EM PAREDES INTERNAS DE AMBIENTES COM ÁREA ENTRE 5M² E 10M², E = 17,5MM, COM TALISCAS. AF_03/2024",819,item,True
4ff907d4-cd23-5537-9d45-a1029196d4d6,SINAPI:104951,104951,"MASSA ÚNICA, EM ARGAMASSA TRAÇO 1:2:8, PREPARO MECÂNICO, APLICADA MANUALMENTE EM PAREDES INTERNAS DE AMBIENTES COM ÁREA MAIOR QUE 10M², E = 17,5MM, COM TALISCAS. AF_03/2024",820,item,True
841f0410-ce0f-5b64-bf6b-993ed123ae04,SINAPI:104963,104963,"MASSA ÚNICA, EM ARGAMASSA TRAÇO 1:2:8, PREPARO MECÂNICO, APLICADA MANUALMENTE EM PAREDES INTERNAS DE AMBIENTES COM PÉ-DIREITO DUPLO E ÁREA ENTRE 5M² E 10M², E = 17,5MM, COM TALISCAS. AF_03/2024",821,item,True
ab1e020a-9201-55a7-ab8d-74f7095effbb,SINAPI:104955,104955,"MASSA ÚNICA, EM ARGAMASSA TRAÇO 1:2:8, PREPARO MECÂNICO, APLICADA MANUALMENTE EM PAREDES INTERNAS DE AMBIENTES COM PÉ-DIREITO DUPLO E ÁREA MAIOR QUE 10M², E = 17,5MM, COM TALISCAS. AF_03/2024",822,item,True
4acc0deb-53a5-52d9-ad65-3918f82162d8,SINAPI:87545,87545,"EMBOÇO, EM ARGAMASSA TRAÇO 1:2:8, PREPARO MECÂNICO, APLICADO MANUALMENTE EM PAREDES INTERNAS, PARA AMBIENTES COM ÁREA MENOR QUE 5M², E = 10MM, COM TALISCAS. AF_03/2024",823,item,True
21a52325-1981-51ff-a822-b78ce8c4ee1e,SINAPI:87549,87549,"EMBOÇO, EM ARGAMASSA TRAÇO 1:2:8, PREPARO MECÂNICO, APLICADO MANUALMENTE EM PAREDES INTERNAS DE AMBIENTES COM ÁREA ENTRE 5M² E 10M², E = 10MM, COM TALISCAS. AF_03/2024",824,item,True
775904d9-8fe5-505e-b2a8-12ef58641229,SINAPI:87553,87553,"EMBOÇO, EM ARGAMASSA TRAÇO 1:2:8, PREPARO MECÂNICO, APLICADO MANUALMENTE EM PAREDES INTERNAS DE AMBIENTES COM ÁREA MAIOR QUE 10M², E = 10MM, COM TALISCAS. AF_03/2024",825,item,True
aa1740a3-c226-5d73-87df-2a484a457828,SINAPI:87775,87775,"EMBOÇO OU MASSA ÚNICA EM ARGAMASSA TRAÇO 1:2:8, PREPARO MECÂNICO COM BETONEIRA 400 L, APLICADA MANUALMENTE EM PANOS DE FACHADA COM PRESENÇA DE VÃOS, ESPESSURA DE 25 MM. AF_08/2022",826,item,True
2e59ecbe-15a6-5b69-8652-a2d78418284a,SINAPI:87792,87792,"EMBOÇO OU MASSA ÚNICA EM ARGAMASSA TRAÇO 1:2:8, PREPARO MECÂNICO COM BETONEIRA 400 L, APLICADA MANUALMENTE EM PANOS CEGOS DE FACHADA (SEM PRESENÇA DE VÃOS), ESPESSURA DE 25 MM. AF_08/2022",827,item,True
f47978f6-0fdf-5258-bf2f-c376f6e5910c,UFCA:O0001,O0001,"PLACA DE ESPUMA DE POLIURETANO POLIESTER PARA ABSORÇÃO ACÚSTICA, FORNECIMENTO E INSTALAÇÃO",828,item,True
d5176fb1-364f-59a5-b1e0-68cd826f22b5,SINAPI:87273,87273,REVESTIMENTO CERÂMICO PARA PAREDES INTERNAS COM PLACAS TIPO ESMALTADA DE DIMENSÕES 33X45 CM APLICADAS NA ALTURA INTEIRA DAS PAREDES. AF_02/2023_PE,829,item,True
8227ca1c-c1cb-5aa6-b243-e233b85387d6,UFCA:O0002,O0002,"PAREDE EM LADRILHO HIDRÁULICO, INCLUSO APLICAÇÃO DE RESINA",830,item,True
0dcb4413-3d9b-53f5-84e9-6a08fee302cf,SINAPI:87275,87275,REVESTIMENTO CERÂMICO PARA PAREDES INTERNAS COM PLACAS TIPO ESMALTADA DE DIMENSÕES 33X45 CM APLICADAS A MEIA ALTURA DAS PAREDES. AF_02/2023_PE,831,item,True
72e4a9c8-d0a6-5578-93c3-24dc7b6e8c09,UFCA:L0003,L0003,CANTONEIRA DE ALUMÍNIO P/ AZULEJOS (INSTALADA),832,item,True
0d86482c-2c03-5781-8f63-55274e987371,SINAPI:101979,101979,"CHAPIM (RUFO CAPA) EM AÇO GALVANIZADO, CORTE 33. AF_11/2020",833,item,True
e1577e65-d30c-55fe-82a3-a34fd356f169,UFCA:X0012,X0012,REVESTIMENTO CERÂMICO PARA PAREDES INTERNAS COM PLACAS TIPO PORCELANATO DE DIMENSÕES 45X45 CM APLICADAS NA ALTURA INTEIRA DAS PAREDES.,834,item,True
b6d3c0bd-4231-5cc1-940c-29b81c737a3a,UFCA:G0003,G0003,"REVESTIMENTO COM ARGAMASSA BARITADA, DENSIDADE DE 3,2 G/CM³, ESPESSURA 2,5 CM",835,item,True
9df82449-dfff-5ce4-b03a-838fbec8db05,,,VIDROS,836,grupo,False
1da334a3-32d5-5701-9111-fe2a95cf250d,UFCA:P0001,P0001,"ESPELHO CRISTAL ESPESSURA 4MM, COM MOLDURA EM ALUMINIO E COMPENSADO 6MM PLASTIFICADO COLADO COM ADESIVO PARA ESPELHO, A BASE DE POLIURETANO",837,item,True
4961dc7a-a0b0-57e4-96a2-aa844b08abc1,,,PINTURA,838,grupo,False
86a80b06-67c4-5c8b-9d5c-f8e5272646b3,SINAPI:88485,88485,"FUNDO SELADOR ACRÍLICO, APLICAÇÃO MANUAL EM PAREDE, UMA DEMÃO. AF_04/2023",839,item,True
7f36465e-a41a-546a-898d-631083830322,SINAPI:88415,88415,APLICAÇÃO MANUAL DE FUNDO SELADOR ACRÍLICO EM PAREDES EXTERNAS DE CASAS. AF_03/2024,840,item,True
ae3d64b2-ce68-540e-997d-b35da9a4e80d,SINAPI:96135,96135,"APLICAÇÃO MANUAL DE MASSA ACRÍLICA EM PAREDES EXTERNAS DE CASAS, DUAS DEMÃOS. AF_03/2024",841,item,True
e107cdfa-6987-5fd6-b3f8-b266a5d48736,SINAPI:88497,88497,"EMASSAMENTO COM MASSA LÁTEX, APLICAÇÃO EM PAREDE, DUAS DEMÃOS, LIXAMENTO MANUAL. AF_04/2023",842,item,True
4d43398e-b805-5a85-a552-3a6a3955f88d,SINAPI:88489,88489,"PINTURA LÁTEX ACRÍLICA PREMIUM, APLICAÇÃO MANUAL EM PAREDES, DUAS DEMÃOS. AF_04/2023",843,item,True
669f939b-f2e5-5056-9764-a88a2101664b,SINAPI:104641,104641,"PINTURA LÁTEX ACRÍLICA ECONÔMICA, APLICAÇÃO MANUAL EM PAREDES, DUAS DEMÃOS. AF_04/2023",844,item,True
88b48155-2be5-5eb4-9812-9ea32fe5abb2,SINAPI:95626,95626,"APLICAÇÃO MANUAL DE TINTA LÁTEX ACRÍLICA EM PAREDE EXTERNAS DE CASAS, DUAS DEMÃOS. AF_03/2024",845,item,True
ff06b94a-f8ea-50f8-a4d7-4a3c6312103f,SINAPI:102489,102489,"PINTURA HIDROFUGANTE COM SILICONE, APLICAÇÃO MANUAL, 2 DEMÃOS. AF_05/2021",846,item,True
177241cb-1032-5f87-b638-4e24a8e70dee,SINAPI:102491,102491,"PINTURA DE PISO COM TINTA ACRÍLICA, APLICAÇÃO MANUAL, 2 DEMÃOS, INCLUSO FUNDO PREPARADOR. AF_05/2021",847,item,True
ef7e50ac-79a5-5749-ac1f-485192c24059,SINAPI:88484,88484,"FUNDO SELADOR ACRÍLICO, APLICAÇÃO MANUAL EM TETO, UMA DEMÃO. AF_04/2023",848,item,True
9abac187-28f8-5715-84ce-0b41096a3cf9,SINAPI:88496,88496,"EMASSAMENTO COM MASSA LÁTEX, APLICAÇÃO EM TETO, DUAS DEMÃOS, LIXAMENTO MANUAL. AF_04/2023",849,item,True
261c2b65-2b28-5d66-89d0-5a8c165e2945,SINAPI:104640,104640,"PINTURA LÁTEX ACRÍLICA STANDARD, APLICAÇÃO MANUAL EM TETO, DUAS DEMÃOS. AF_04/2023",850,item,True
911cbbfc-3c53-57e1-b0f3-36f888e0978c,SINAPI:88431,88431,"APLICAÇÃO MANUAL DE PINTURA COM TINTA TEXTURIZADA ACRÍLICA EM PAREDES EXTERNAS DE CASAS, DUAS CORES. AF_03/2024",851,item,True
ab6d021c-91cd-548c-af2f-148c97ba35ed,UFCA:Q0001,Q0001,CAIAÇÃO EM DUAS DEMÃOS,852,item,True
23adb00b-e3c7-5b4d-aabc-8e04e19e5c8d,SINAPI:102513,102513,"PINTURA DE SÍMBOLOS E TEXTOS COM TINTA ACRÍLICA, DEMARCAÇÃO COM FITA ADESIVA E APLICAÇÃO COM ROLO. AF_05/2021",853,item,True
cb3d601a-3925-5b73-b864-5060f1565a1f,SINAPI:100718,100718,COLOCAÇÃO DE FITA PROTETORA PARA PINTURA. AF_01/2020,854,item,True
b20c6f7d-7f79-580f-b6df-12eabf1a6f7c,SINAPI:100760,100760,PINTURA COM TINTA ALQUÍDICA DE ACABAMENTO (ESMALTE SINTÉTICO BRILHANTE) APLICADA A ROLO OU PINCEL SOBRE SUPERFÍCIES METÁLICAS (EXCETO PERFIL) EXECUTADO EM OBRA (02 DEMÃOS). AF_01/2020,855,item,True
b4a5a50c-5bb6-500a-8d1a-6a8b24bf143b,SINAPI:100722,100722,PINTURA COM TINTA ALQUÍDICA DE FUNDO (TIPO ZARCÃO) APLICADA A ROLO OU PINCEL SOBRE SUPERFÍCIES METÁLICAS (EXCETO PERFIL) EXECUTADO EM OBRA (POR DEMÃO). AF_01/2020,856,item,True
82140b12-952e-5577-9c0c-5d5760342a07,SINAPI:100717,100717,LIXAMENTO MANUAL EM SUPERFÍCIES METÁLICAS EM OBRA. AF_01/2020,857,item,True
054f0bb7-addd-5291-a0c3-d61efd361387,,,SERVIÇOS COMPLEMENTARES,858,grupo,False
400e5407-b961-599e-b356-b8adc68d9651,,,DRENAGEM E ÁGUAS PLUVIAIS,859,grupo,False
3121dbd6-cb22-5273-929f-5ca08c5d3a2d,SINAPI:99259,99259,"BASE PARA POÇO DE VISITA RETANGULAR PARA DRENAGEM, EM ALVENARIA COM BLOCOS DE CONCRETO, DIMENSÕES INTERNAS = 1X1,5 M, PROFUNDIDADE = 1,40 M, EXCLUINDO TAMPÃO. AF_12/2020_PA",860,item,True
a92e941a-d7aa-5ed6-821e-1b35b78a22a9,SINAPI:99244,99244,"BASE PARA POÇO DE VISITA RETANGULAR PARA DRENAGEM, EM ALVENARIA COM BLOCOS DE CONCRETO, DIMENSÕES INTERNAS = 1,5X2 M, PROFUNDIDADE = 1,40 M, EXCLUINDO TAMPÃO. AF_12/2020_PA",861,item,True
e7f4e3f7-f79c-5afa-92f8-ca134a909732,SINAPI:99247,99247,"ACRÉSCIMO PARA POÇO DE VISITA RETANGULAR PARA DRENAGEM, EM ALVENARIA COM BLOCOS DE CONCRETO, DIMENSÕES INTERNAS = 1,5X2 M. AF_12/2020",862,item,True
3fbfa644-9e6d-5870-bf6f-c1d68149331b,SINAPI:97935,97935,"CAIXA PARA BOCA DE LOBO SIMPLES RETANGULAR, EM CONCRETO PRÉ-MOLDADO, DIMENSÕES INTERNAS: 0,6X1,0X1,2 M. AF_12/2020",863,item,True
29a06a97-3e03-5330-b880-160b5686ece2,SINAPI:102739,102739,"BOCA PARA BUEIRO SIMPLES TUBULAR D = 80 CM EM CONCRETO, ALAS COM ESCONSIDADE DE 0°, INCLUINDO FÔRMAS E MATERIAIS. AF_07/2021",864,item,True
ef794af8-9664-53ee-b30d-687495ceaa87,SINAPI:95565,95565,"TUBO DE CONCRETO PARA REDES COLETORAS DE ÁGUAS PLUVIAIS, DIÂMETRO DE 300MM, JUNTA RÍGIDA, INSTALADO EM LOCAL COM BAIXO NÍVEL DE INTERFERÊNCIAS - FORNECIMENTO E ASSENTAMENTO. AF_03/2024",865,item,True
d1280af8-de25-51ef-bb28-1ae5e01500a1,SINAPI:92211,92211,"TUBO DE CONCRETO PARA REDES COLETORAS DE ÁGUAS PLUVIAIS, DIÂMETRO DE 500 MM, JUNTA RÍGIDA, INSTALADO EM LOCAL COM BAIXO NÍVEL DE INTERFERÊNCIAS - FORNECIMENTO E ASSENTAMENTO. AF_03/2024",866,item,True
81911bd7-f455-5c82-b44a-4cb7840f7499,SINAPI:92212,92212,"TUBO DE CONCRETO PARA REDES COLETORAS DE ÁGUAS PLUVIAIS, DIÂMETRO DE 600 MM, JUNTA RÍGIDA, INSTALADO EM LOCAL COM BAIXO NÍVEL DE INTERFERÊNCIAS - FORNECIMENTO E ASSENTAMENTO. AF_03/2024",867,item,True
b48f1b1f-bbf4-5088-b516-1d8877c45c11,UFCA:R0022,R0022,"CALHA DE CONCRETO, 50X20 CM ESPESSURA DE 8 CM, PREPARADO EM BETONEIRA E CIMENTADO LISO EXECUTADO COM ARGAMASSA TRAÇO 1:4 (CIMENTO E AREIA MEDIA NÃO PENEIRADA), PREPARO MANUAL",868,item,True
8e8c3510-8825-5f4d-9af8-011427704d1e,SINAPI:94963,94963,"CONCRETO FCK = 15MPA, TRAÇO 1:3,4:3,5 (EM MASSA SECA DE CIMENTO/ AREIA MÉDIA/ BRITA 1) - PREPARO MECÂNICO COM BETONEIRA 400 L. AF_05/2021",869,item,True
1a93cd9f-7ef7-5063-a0aa-1f17c65a2ca6,SINAPI:101983,101983,"MONTAGEM E DESMONTAGEM DE FÔRMA PARA ESCADAS, COM 2 LANCES EM ""U"" E LAJE PLANA, EM CHAPA DE MADEIRA COMPENSADA PLASTIFICADA, 10 UTILIZAÇÕES. AF_11/2020",870,item,True
f671c9ec-cfe2-5fcb-a4e1-a05232b27ab9,SINAPI:102719,102719,"ENCHIMENTO DE BRITA PARA DRENO, LANÇAMENTO MANUAL. AF_07/2021",871,item,True
7aedc9a9-4ab1-5841-839c-300bb56485ee,SINAPI:89512,89512,"TUBO PVC, SÉRIE R, ÁGUA PLUVIAL, DN 100 MM, FORNECIDO E INSTALADO EM RAMAL DE ENCAMINHAMENTO. AF_06/2022",872,item,True
fef0e371-7bd3-5790-8a16-ce55d768ca26,SINAPI:89578,89578,"TUBO PVC, SÉRIE R, ÁGUA PLUVIAL, DN 100 MM, FORNECIDO E INSTALADO EM CONDUTORES VERTICAIS DE ÁGUAS PLUVIAIS. AF_06/2022",873,item,True
b2bf739b-1d3b-5f24-99f1-3c7a62539a7f,SINAPI:89529,89529,"JOELHO 90 GRAUS, PVC, SERIE R, ÁGUA PLUVIAL, DN 100 MM, JUNTA ELÁSTICA, FORNECIDO E INSTALADO EM RAMAL DE ENCAMINHAMENTO. AF_06/2022",874,item,True
928850d4-9929-533a-9132-13f10bfcc7c1,SINAPI:104166,104166,"TUBO PVC, SÉRIE R, ÁGUA PLUVIAL, DN 150 MM, FORNECIDO E INSTALADO EM RAMAL DE ENCAMINHAMENTO. AF_06/2022",875,item,True
dbb7da5b-590f-59ef-9aaa-244bd1a49e32,SINAPI:89580,89580,"TUBO PVC, SÉRIE R, ÁGUA PLUVIAL, DN 150 MM, FORNECIDO E INSTALADO EM CONDUTORES VERTICAIS DE ÁGUAS PLUVIAIS. AF_06/2022",876,item,True
f9232546-3cf7-5d3a-9553-b2f258ac7270,SINAPI:104167,104167,"JOELHO 90 GRAUS, PVC, SERIE R, ÁGUA PLUVIAL, DN 150 MM, JUNTA ELÁSTICA, FORNECIDO E INSTALADO EM RAMAL DE ENCAMINHAMENTO. AF_06/2022",877,item,True
0b1454ea-56ec-58f2-9258-64d6f728d0a9,UFCA:R0034,R0034,"INSTALAÇÃO DE RALO SEMIESFÉRICO EM FERRO FUNDIDO, 150MM, EM CALHA DE ÁGUA PLUVIAL",878,item,True
e8660832-f0a1-5f99-9d63-2dd9712b5317,SINAPI:89681,89681,"REDUÇÃO EXCÊNTRICA, PVC, SERIE R, ÁGUA PLUVIAL, DN 150 X 100 MM, JUNTA ELÁSTICA, FORNECIDO E INSTALADO EM CONDUTORES VERTICAIS DE ÁGUAS PLUVIAIS. AF_06/2022",879,item,True
d16ead83-3653-53ef-a53c-92d6a3daf4fe,SINAPI:99268,99268,"POÇO DE INSPEÇÃO CIRCULAR PARA DRENAGEM, EM CONCRETO PRÉ-MOLDADO, DIÂMETRO INTERNO = 0,60 M, PROFUNDIDADE = 0,90 M, EXCLUINDO TAMPÃO. AF_12/2020_PA",880,item,True
43b25fb5-6b6a-5efe-865f-335fcc3ffdcf,SINAPI:99270,99270,"POÇO DE INSPEÇÃO CIRCULAR PARA DRENAGEM, EM CONCRETO PRÉ-MOLDADO, DIÂMETRO INTERNO = 0,60 M, PROFUNDIDADE = 1,40 M, EXCLUINDO TAMPÃO. AF_12/2020_PA",881,item,True
cc3c3c33-4514-5f49-9022-d261bf30fe00,SINAPI:99257,99257,"CAIXA ENTERRADA HIDRÁULICA RETANGULAR EM ALVENARIA COM TIJOLOS CERÂMICOS MACIÇOS, DIMENSÕES INTERNAS: 1X1X0,6 M PARA REDE DE DRENAGEM. AF_12/2020",882,item,True
46518e78-6c9e-5cb4-8f66-0323aa6192eb,UFCA:R0033,R0033,"CISTERNA EM ANÉIS DE CONCRETO D=1,20M EXECUTADO COM ARGAMASSA TRACO 1:4 (CIMENTO E AREIA MEDIA NAO PENEIRADA), PREPARO MANUAL",883,item,True
5987bd49-2aa0-529e-ac4d-cfc47f47306d,SINAPI:102111,102111,"BOMBA CENTRÍFUGA, MONOFÁSICA, 0,5 CV OU 0,49 HP, HM 6 A 20 M, Q 1,2 A 8,3 M3/H - FORNECIMENTO E INSTALAÇÃO. AF_12/2020",884,item,True
3b543817-6e52-5bd5-ab0c-4b13b9f6cb76,SINAPI:102991,102991,CANALETA MEIA CANA PRÉ-MOLDADA DE CONCRETO (D = 40 CM) - FORNECIMENTO E INSTALAÇÃO. AF_08/2021,885,item,True
e5dadacb-20b6-54e9-8686-2f05841a11a1,SINAPI:103000,103000,"EXECUÇÃO DE CANALETA DE CONCRETO MOLDADO IN LOCO, ESPESSURA DE 0,08 M, GEOMETRIA TRAPEZOIDAL (DIMENSÕES INTERNAS: B=1,474 M; B=0,934 M; H=0,27 M). AF_08/2021",886,item,True
84f9313c-f957-5960-92c5-555dd1266534,,,GRANITO/ MAPAS,887,grupo,False
05a10083-079a-5141-8bc8-4c113ccff7e4,UFCA:R0001,R0001,"PRATELEIRA/TAMPO EM GRANITO CINZA OCRE, ESP= 2CM",888,item,True
fcb180d5-f988-5488-b612-bfbc6061c10b,UFCA:G0004,G0004,DIVISÓRIA DE GRANITO CINZA E=2cm,889,item,True
fce253bd-0542-5b65-8b6b-c432b20979b4,UFCA:R0051,R0051,"MAPA TÁTIL EM ACRÍLICO MEDINDO 70 X 50CM, COM SUPORTE EM CHAPA EM FERRO E TUBO DE FERRO GALVANIZADO 40 MM",890,item,True
3626b73b-e501-5376-bb09-47bd37ed75bc,SINAPI:98685,98685,"RODAPÉ EM GRANITO, ALTURA 10 CM. AF_09/2020",891,item,True
b404e998-a52e-584c-957e-2b3195ddc5c4,UFCA:R0006,R0006,FILETE DE 4 CM EM GRANITO CINZA OCRE,892,item,True
c5e23f78-ee28-5e81-ac3e-670e67044c0e,UFCA:R0003,R0003,"CANTONEIRA DE AÇO DE ABAS IGUAIS DE 1.1/2"" E ESPESSURA DE 1/8"" PARA FIXAÇÃO EM PAREDE",893,item,True
4efc3d92-9549-5296-8b2d-fbbc8280ccf4,UFCA:R0009,R0009,FURO DE 60 MM EM BANCADA DE GRANITO E FECHAMENTO COM TAMPA PASSA FIO DE PLÁSTICO,894,item,True
bec90d92-d57c-5dbf-88d7-668cbaf1e95b,,,ANDAIME,895,grupo,False
c0f6837c-49d8-5521-8d49-c4aab98c71fb,UFCA:Q0002,Q0002,ANDAIME METÁLICO FACHADEIRO COM PISO METÁLICO DE ENCAIXE P/ FACHADAS – LOCAÇÃO MENSAL,896,item,True
022ae947-206a-540b-b254-c12ab11f3b64,UFCA:Q0003,Q0003,"MONTAGEM E DESMONTAGEM DE ANDAIME MODULAR FACHADEIRO, COM PISO METÁLICO, PARA EDIFÍCIOS COM MULTIPLOS PAVIMENTOS.",897,item,True
8d5726cf-e9e1-583c-852b-14667f6d14b0,UFCA:R0122,R0122,LOCAÇÃO MENSAL PARA ESCORAMENTO E CIMBRAMENTO METÁLICO DE ENCAIXE P/ FACHADAS,898,item,True
35338fe0-08b2-59e3-b2bb-81037ac99e50,,,LIMPEZA,899,grupo,False
746cfaae-9aae-59d9-99c0-734bfb12ca9c,SINAPI:99806,99806,LIMPEZA DE REVESTIMENTO CERÂMICO EM PAREDE COM PANO ÚMIDO AF_04/2019,900,item,True
d19af1be-1a0e-5f0a-9a2b-b4b76b4e576c,SINAPI:99803,99803,LIMPEZA DE PISO CERÂMICO OU PORCELANATO COM PANO ÚMIDO. AF_04/2019,901,item,True
4a5e7b75-4d5d-556b-9974-1052b94f5ae4,SINAPI:99809,99809,LIMPEZA DE PISO DE LADRILHO HIDRÁULICO COM PANO ÚMIDO. AF_04/2019,902,item,True
2343ec62-5eda-5303-8c38-babae1d1d6e8,,,PAISAGISMO/URBANIZAÇÃO,903,grupo,False
3ee3e54f-3e02-5dff-9389-ab0cf038f635,,,PASSEIO/ BLOQUETES/ MEIO-FIO,904,grupo,False
36bb9482-f125-52e9-af8f-e32caeccec64,SINAPI:94993,94993,"EXECUÇÃO DE PASSEIO (CALÇADA) OU PISO DE CONCRETO COM CONCRETO MOLDADO IN LOCO, USINADO, ACABAMENTO CONVENCIONAL, ESPESSURA 6 CM, ARMADO. AF_08/2022",905,item,True
19093083-40be-5e16-b652-f3cd7dffd3b5,UFCA:X0015,X0015,"EXECUÇÃO DE PASSEIO (CALCADA) PARA CICLOVIA COM PÓ XADREZ VERMELHO, DE CONCRETO COM CONCRETO MOLDADO IN LOCO, USINADO, ACABAMENTO CONVENCIONAL, ESPESSURA 6 CM, ARMADO",906,item,True
c1ebaca6-4cb0-56b6-95ce-20835ee96001,SINAPI:94265,94265,"GUIA (MEIO-FIO) CONCRETO, MOLDADA IN LOCO EM TRECHO RETO COM EXTRUSORA, 15 CM BASE X 30 CM ALTURA. AF_01/2024",907,item,True
921fc845-6a76-5abb-8f29-78174e327088,SINAPI:94266,94266,"GUIA (MEIO-FIO) CONCRETO, MOLDADA IN LOCO EM TRECHO CURVO COM EXTRUSORA, 15 CM BASE X 30 CM ALTURA. AF_01/2024",908,item,True
8d072bcf-9e82-509a-a704-75f372b64a83,SINAPI:94267,94267,"GUIA (MEIO-FIO) E SARJETA CONJUGADOS DE CONCRETO, MOLDADA IN LOCO EM TRECHO RETO COM EXTRUSORA, 45 CM BASE (15 CM BASE DA GUIA + 30 CM BASE DA SARJETA) X 22 CM ALTURA. AF_01/2024",909,item,True
14cdc55d-bcbc-5c01-8b10-309ac7ade26b,SINAPI:94268,94268,"GUIA (MEIO-FIO) E SARJETA CONJUGADOS DE CONCRETO, MOLDADA IN LOCO EM TRECHO CURVO COM EXTRUSORA, 45 CM BASE (15 CM BASE DA GUIA + 30 CM BASE DA SARJETA) X 22 CM ALTURA. AF_01/2024",910,item,True
6b5a288b-4b85-5896-a732-95c68a886bf3,SINAPI:94273,94273,"ASSENTAMENTO DE GUIA (MEIO-FIO) EM TRECHO RETO, CONFECCIONADA EM CONCRETO PRÉ-FABRICADO, DIMENSÕES 100X15X13X30 CM (COMPRIMENTO X BASE INFERIOR X BASE SUPERIOR X ALTURA). AF_01/2024",911,item,True
e2d1e9d6-c21c-51f9-b0b7-a6dd45f22650,SINAPI:94274,94274,"ASSENTAMENTO DE GUIA (MEIO-FIO) EM TRECHO CURVO, CONFECCIONADA EM CONCRETO PRÉ-FABRICADO, DIMENSÕES 100X15X13X30 CM (COMPRIMENTO X BASE INFERIOR X BASE SUPERIOR X ALTURA). AF_01/2024",912,item,True
f9c2870f-2261-5f34-91c3-9f44c25f8e4b,SINAPI:92404,92404,"EXECUÇÃO DE PAVIMENTO EM PISO INTERTRAVADO, COM BLOCO 16 FACES DE 22 X 11 CM, ESPESSURA 8 CM. AF_10/2022",913,item,True
d5df3825-65b0-5e82-97be-d74090fe54c3,UFCA:X0014,X0014,"PISO PODOTÁTIL EXTERNO EM PMC ESP. 3CM, ASSENTADO COM ARGAMASSA (FORNECIMENTO E ASSENTAMENTO)",914,item,True
4e23d2e8-d6f1-5d48-8f79-319bab92763d,,,PAISAGISMO,915,grupo,False
402ea6c5-b560-5c40-a184-edec48720076,SINAPI:98509,98509,PLANTIO DE ARBUSTO OU CERCA VIVA. AF_07/2024,916,item,True
6374c420-5af4-5fb3-8ce1-eedb566cac01,SINAPI:98505,98505,PLANTIO DE FORRAÇÃO. AF_07/2024,917,item,True
3011bb6d-e5e9-57fb-8275-b3fae849080e,SINAPI:103946,103946,"PLANTIO DE GRAMA ESMERALDA OU SÃO CARLOS OU CURITIBANA, EM PLACAS. AF_07/2024",918,item,True
4bc2742e-0296-58d7-bc01-fe99b51afdf0,SINAPI:98510,98510,"PLANTIO DE ÁRVORE ORNAMENTAL COM ALTURA DE MUDA MENOR OU IGUAL A 2,00 M . AF_07/2024",919,item,True
5b08ded4-7802-5f22-b8cc-9f69da2b749c,SINAPI:98519,98519,REVOLVIMENTO E LIMPEZA MANUAL DE SOLO. AF_07/2024,920,item,True
392ffada-568a-5340-8238-e18f0c9812fb,SINAPI:98520,98520,APLICAÇÃO DE ADUBO EM SOLO. AF_07/2024,921,item,True
5c5507fe-59b3-5803-b484-dd6ff87ce9cd,SINAPI:98521,98521,APLICAÇÃO DE CALCÁRIO PARA CORREÇÃO DO PH DO SOLO. AF_07/2024,922,item,True
bd9db554-b1f7-5c51-a425-00911062fecd,SINAPI:105521,105521,ESPALHAMENTO DE TERRA VEGETAL PARA O PLANTIO. AF_07/2024,923,item,True
b0e584f7-d4d0-5250-9ad8-eadfb5f63360,UFCA:S0016,S0016,"FORNECIMENTO DE MANGUEIRA MICROPERFURADA PARA JARDIM EM POLIETILENO LINEAR DE BAIXA DENSIDADE, PERFURADA A RAIO LASER, PARA IRRIGAÇÃO, COM d=28 MM",924,item,True
37de41c7-7250-5f73-8f93-278b214ec11f,,,PINTURA- URBANIZAÇÃO,925,grupo,False
f9c193ab-7a75-5e87-82c4-325d358d02d3,UFCA:Q0026,Q0026,"PINTURA DE FAIXA DE PEDESTRE OU ZEBRADA COM TINTA RETRORREFLETIVA A BASE DE RESINA ACRÍLICA COM MICROESFERAS DE VIDRO, E = 30 CM, APLICAÇÃO MECÂNICA COM DEMARCADORA A TRAÇÃO MANUAL. AF_05/2021",926,item,True
9f5dcdbf-35e0-59f1-a82f-98fe7c0f7bae,UFCA:Q0027,Q0027,"PINTURA DE DEMARCAÇÃO DE VAGA COM TINTA ACRÍLICA, E = 10 CM, APLICAÇÃO MECÂNICA COM DEMARCADORA A TRAÇÃO MANUAL. AF_05/2021",927,item,True
8ec29761-d058-5e25-bac0-dbdd8e7fd219,UFCA:Q0028,Q0028,"PINTURA DE SÍMBOLO ""DEFICIENTE FÍSICO"" COM TINTA ACRÍLICA, UTILIZAÇÃO DE MOLDE PLÁSTICO E APLICAÇÃO MECÂNICA, 120X120 CM. AF_05/2021",928,item,True
87b57ff2-579b-5d52-850b-3ba0e24793b2,SINAPI:102513,102513,"PINTURA DE SÍMBOLOS E TEXTOS COM TINTA ACRÍLICA, DEMARCAÇÃO COM FITA ADESIVA E APLICAÇÃO COM ROLO. AF_05/2021",929,item,True
cc96cab5-9eee-5c0e-9586-5bd4ac74978f,UFCA:Q0029,Q0029,"PINTURA DE EIXO VIÁRIO COM TINTA RETRORREFLETIVA A BASE DE RESINA ACRÍLICA COM MICROESFERAS DE VIDRO, APLICAÇÃO MECÂNICA COM DEMARCADORA A TRAÇÃO MANUAL. AF_05/2021",930,item,True
5e298280-dc07-566e-89e2-8d35d9ef10a1,,,PLACAS E SINALIZAÇÃO,931,grupo,False
0e12fac0-11e2-5781-999b-35e2b33231a6,UFCA:R0007,R0007,PLACA DE REGULAMENTAÇÃO/ADVERTÊNCIA REFLETIVA EM ACO GALVANIZADO - FORNECIMENTO E FIXAÇÃO EM POSTES,932,item,True
5618ead4-5cfa-524e-876e-ad4d5f62ec2b,UFCA:R0008,R0008,"POSTE EM TUBO DE AÇO GALVANIZADO DN 65 MM (2 1/2""), E=3,35 MM, ALTURA ÚTIL=2,50 M, ALTURA TOTAL=3,20 M COM ALETAS ANTIGIRO E= 4,75 MM",933,item,True
ebeaae6d-f666-55b2-a254-985571b8a219,UFCA:R0013,R0013,"PLACA INDICATIVA EM ACRÍLICO E=3MM, COM ADESIVO SOBREPOSTO, DIM.: 0.30 X 0.12 M, FORNECIMENTO E INSTALAÇÃO",934,item,True
e7fd48e0-5443-5147-bcc0-d44b83afdb5b,UFCA:R0012,R0012,LETRA EM AÇO INOX ESCOVADO/POLIDO 20 X 20CM - INSTALADO,935,item,True
0a0bffd8-f8dc-565d-b638-15e71ced57cd,UFCA:S0010,S0010,TÓTEM DE METALON. SEM PINTURA E INCLUSO INSTALAÇÃO,936,item,True
88bf4de6-3af9-526c-8e32-d657987d4f42,,,FORROS,937,grupo,False
8d6414ad-3b7e-58af-bbbf-695631bac890,SINAPI:96485,96485,"FORRO EM RÉGUAS DE PVC, LISO, PARA AMBIENTES RESIDENCIAIS, INCLUSIVE ESTRUTURA UNIDIRECIONAL DE FIXAÇÃO. AF_08/2023_PS",938,item,True
5625d2bd-3f3b-5d4b-b5d7-99bfd0f98d80,SINAPI:96121,96121,ACABAMENTOS PARA FORRO (RODA-FORRO EM PERFIL METÁLICO E PLÁSTICO). AF_08/2023,939,item,True
b8557d99-2b90-5506-a17c-c94f2178f453,SINAPI:96114,96114,"FORRO EM DRYWALL, PARA AMBIENTES COMERCIAIS, INCLUSIVE ESTRUTURA BIRECIONAL DE FIXAÇÃO. AF_08/2023_PS",940,item,True
55e63a2f-8f1e-5d3a-b418-7a09d055740a,SINAPI:96123,96123,"ACABAMENTOS PARA FORRO (MOLDURA EM DRYWALL, COM LARGURA DE 15 CM). AF_08/2023_PS",941,item,True
75a86cd6-208d-520e-b23e-6dbb4fdffc7e,UFCA:V0001,V0001,"FORRO DE FIBRA MINERAL EM PLACAS DE 1250 X 625 MM, E = 15 MM, BORDA RETA, COM PINTURA ANTIMOFO, APOIADO EM PERFIL DE ACO GALVANIZADO COM 24 MM DE BASE - INSTALADO",942,item,True
80a64b93-1280-5e15-abb2-b44a62e85932,,,EQUIPAMENTOS,943,grupo,False
540e3390-d075-5f3a-a69b-392521a7d8c4,UFCA:T0001,T0001,"IMPLANTAÇÃO DE ESTAÇÃO DE TRATAMENTO DE ESGOTO. FORNECIMENTO, MONTAGEM E INSTALAÇÃO DE 01 (UMA) ESTAÇÃO DE TRATAMENTO DE ESGOTO, NÍVEL TERCIÁRIO, EM PRFV, COM VAZÃO MÉDIA DE 18,46 M³/DIA, PARA ATENDIMENTO AO HOSPITAL VETERINÁRIO UNIVERSITÁRIO DO CARIRI, CRATO, CEARÁ, CONFORME DOCUMENTOS ANEXOS AO EDITAL.",944,item,True
9aece4b1-6797-5767-a0a4-c9f839e6b130,,,PISOS,945,grupo,False
f15ce785-6345-5653-b5ff-c0eb3b0f1765,UFCA:X0010,X0010,"CONTRAPISO EM CONCRETO LEVE COM PÉROLAS DE EPS, 700 KG/M3",946,item,True
17daf901-fa3b-5fc9-9396-599ae71f7288,UFCA:X0004,X0004,"LASTRO DE CONCRETO MAGRO, APLICADO EM PISOS OU RADIERS, ESPESSURA DE 5CM COM MALHA 15 X 15 CM DE FERRO 5MM",947,item,True
2222c250-4a65-53db-9dc7-ca9884bb3d41,SINAPI:96620,96620,"LASTRO DE CONCRETO MAGRO, APLICADO EM PISOS, LAJES SOBRE SOLO OU RADIERS. AF_01/2024",948,item,True
f6273e63-8c0f-5b9b-bbe0-24004c2cceb1,SINAPI:87735,87735,"CONTRAPISO EM ARGAMASSA TRAÇO 1:4 (CIMENTO E AREIA), PREPARO MECÂNICO COM BETONEIRA 400 L, APLICADO EM ÁREAS MOLHADAS SOBRE LAJE, ADERIDO, ACABAMENTO NÃO REFORÇADO, ESPESSURA 2CM. AF_07/2021",949,item,True
41ac238c-abf1-56c4-8ea0-e18723366d7a,SINAPI:87765,87765,"CONTRAPISO EM ARGAMASSA TRAÇO 1:4 (CIMENTO E AREIA), PREPARO MECÂNICO COM BETONEIRA 400 L, APLICADO EM ÁREAS MOLHADAS SOBRE IMPERMEABILIZAÇÃO, ACABAMENTO NÃO REFORÇADO, ESPESSURA 4CM. AF_07/2021",950,item,True
a2ec162c-9afd-5396-8663-049e99395236,SINAPI:87630,87630,"CONTRAPISO EM ARGAMASSA TRAÇO 1:4 (CIMENTO E AREIA), PREPARO MECÂNICO COM BETONEIRA 400 L, APLICADO EM ÁREAS SECAS SOBRE LAJE, ADERIDO, ACABAMENTO NÃO REFORÇADO, ESPESSURA 3CM. AF_07/2021",951,item,True
0a9086a3-2cf0-5b1c-b067-4140c2a6d5ea,UFCA:X0008,X0008,"REGULARIZAÇÃO DE PISO COM ARGAMASSA AUTONIVELANTE, APLICADO SOBRE CONTRAPISO, ADERIDO, ESPESSURA 3MM.",952,item,True
8aa6dcfb-8221-5f79-b6fc-c937ea1ec80e,UFCA:X0009,X0009,PREPARAÇÃO DE PISO COM PRIMER ACRÍLICO (REF. TARKOPRIMER OU SIMILAR),953,item,True
5bdab51a-0d6f-536f-84e4-4904a5fe97c0,UFCA:X0005,X0005,"PISO VINÍLICO EM MANTA, CONDUTIVO, DIM. 2,0 X 25,00M, E = 2MM, REF. IQ OPTIMA, DA TARKETT OU SIMILAR - FORNECIMENTO E INSTALAÇÃO, EXCLUSIVE REGULARIZAÇÃO DO PISO",954,item,True
05e358c4-e5a5-5dff-9097-5fbea04baf16,SINAPI:101748,101748,PREPARO DE CONTRAPISO COM POLITRIZ. AF_09/2020,955,item,True
e5ae9b63-2eda-5523-8298-cec68a3d255e,SINAPI:99811,99811,LIMPEZA DE CONTRAPISO COM VASSOURA A SECO. AF_04/2019,956,item,True
95ecb29e-bf2c-5947-8632-52f9cae42b5a,SINAPI:102488,102488,PREPARO DO PISO CIMENTADO PARA PINTURA - LIXAMENTO E LIMPEZA. AF_05/2021,957,item,True
1199dbe0-a7b0-5c0c-8cec-652ae5b2958f,UFCA:X0006,X0006,"RODAPÉ VINÍLICO FLEXÍVEL EM MANTA, ALTURA 10 CM. AF_09/2020",958,item,True
597c2d23-a835-5723-9f35-f6a4abd5db6c,UFCA:X0013,X0013,"PISO PODOTÁTIL INTERNO EM BORRACHA 25x25cm, ESPESSURA 5MM, FIXADO COM ADESIVO ACRÍLICO",959,item,True
9837ae39-345e-574d-9d2d-2f3e42d94066,SINAPI:87249,87249,REVESTIMENTO CERÂMICO PARA PISO COM PLACAS TIPO ESMALTADA DE DIMENSÕES 45X45 CM APLICADA EM AMBIENTES DE ÁREA MENOR QUE 5 M2. AF_02/2023_PE,960,item,True
0fed9771-83d4-567b-b024-23d00011f094,SINAPI:87250,87250,REVESTIMENTO CERÂMICO PARA PISO COM PLACAS TIPO ESMALTADA DE DIMENSÕES 45X45 CM APLICADA EM AMBIENTES DE ÁREA ENTRE 5 M2 E 10 M2. AF_02/2023_PE,961,item,True
10b245a2-568d-59d4-891b-415addd596bf,SINAPI:87251,87251,REVESTIMENTO CERÂMICO PARA PISO COM PLACAS TIPO ESMALTADA DE DIMENSÕES 45X45 CM APLICADA EM AMBIENTES DE ÁREA MAIOR QUE 10 M2. AF_02/2023_PE,962,item,True
244ddd6b-5a8a-591e-8757-5a2156fd1391,SINAPI:87261,87261,REVESTIMENTO CERÂMICO PARA PISO COM PLACAS TIPO PORCELANATO DE DIMENSÕES 60X60 CM APLICADA EM AMBIENTES DE ÁREA MENOR QUE 5 M². AF_02/2023_PE,963,item,True
686a39d8-6cfe-57fb-9718-6745a7c78f47,SINAPI:87262,87262,REVESTIMENTO CERÂMICO PARA PISO COM PLACAS TIPO PORCELANATO DE DIMENSÕES 60X60 CM APLICADA EM AMBIENTES DE ÁREA ENTRE 5 M² E 10 M². AF_02/2023_PE,964,item,True
910a2c03-6738-5061-827b-85704be11315,SINAPI:87263,87263,REVESTIMENTO CERÂMICO PARA PISO COM PLACAS TIPO PORCELANATO DE DIMENSÕES 60X60 CM APLICADA EM AMBIENTES DE ÁREA MAIOR QUE 10 M². AF_02/2023_PE,965,item,True
0b7b7fe4-8378-5b06-9138-d0de99fd9f13,UFCA:X0011,X0011,RODAPÉ CERÂMICO DE 7CM DE ALTURA COM PLACAS TIPO PORCELANATO,966,item,True
f504e995-d948-5c4b-84b8-3e7f739b62a2,UFCA:X0016,X0016,ESPAÇADOR 3MM TIPO CRUZETA PARA APLICAÇÃO DE REVESTIMENTO CERÂMICO EM PISO E EM PAREDE,967,item,True
97256640-a136-5666-9069-a701a737ee69,UFCA:X0017,X0017,ESPAÇADOR NIVELADOR 1 MM COM CUNHA PARA APLICAÇÃO DE REVESTIMENTO DE PORCELANATO EM PISO E EM PAREDE,968,item,True
ed766caf-e258-58b6-bf2d-e8aa1539c7eb,SINAPI:98680,98680,"PISO CIMENTADO, TRAÇO 1:3 (CIMENTO E AREIA), ACABAMENTO LISO, ESPESSURA 3,0 CM, PREPARO MECÂNICO DA ARGAMASSA. AF_09/2020",969,item,True
44e66ae6-9757-5b9b-88b6-068c3a7dfc91,,,AR CONDICIONADO,970,grupo,False
f56a338e-1075-59f0-b7ea-753b22f043c6,SINAPI:89357,89357,"TUBO, PVC, SOLDÁVEL, DE 32MM, INSTALADO EM RAMAL OU SUB-RAMAL DE ÁGUA - FORNECIMENTO E INSTALAÇÃO. AF_06/2022",971,item,True
cf82c04b-6bcf-5768-bf06-139178187ffc,SINAPI:89398,89398,"TE, PVC, SOLDÁVEL, DN 32MM, INSTALADO EM RAMAL OU SUB-RAMAL DE ÁGUA - FORNECIMENTO E INSTALAÇÃO. AF_06/2022",972,item,True
15140902-7633-5e26-9f0a-6624e265b2fa,SINAPI:89415,89415,"CURVA 90 GRAUS, PVC, SOLDÁVEL, DN 32MM, INSTALADO EM RAMAL DE DISTRIBUIÇÃO DE ÁGUA - FORNECIMENTO E INSTALAÇÃO. AF_06/2022",973,item,True
3c208724-28d1-566a-aed2-fbb2eff89efc,SINAPI:91185,91185,"FIXAÇÃO DE TUBOS HORIZONTAIS DE PVC ÁGUA, PVC ESGOTO, PVC ÁGUA PLUVIAL, CPVC, PPR, COBRE OU AÇO, DIÂMETROS MENORES OU IGUAIS A 40 MM, COM ABRAÇADEIRA METÁLICA FLEXÍVEL 18 MM, FIXADA DIRETAMENTE NA LAJE. AF_09/2023",974,item,True
1a56a0fd-0321-5bfd-b375-dd770974ce05,UFCA:W0001,W0001,"FORNECIMENTO E INSTALAÇÃO DE TUBO DE BORRACHA ELASTOMÉRICA ARMAFLEX M-42 Ø 1 1/4""",975,item,True
